[2026-05-31T14:07:19.274+0000] {processor.py:161} INFO - Started process (PID=164) to work on /opt/airflow/dags/retailco_dag.py
[2026-05-31T14:07:19.276+0000] {processor.py:830} INFO - Processing file /opt/airflow/dags/retailco_dag.py for tasks to queue
[2026-05-31T14:07:19.278+0000] {logging_mixin.py:188} INFO - [2026-05-31T14:07:19.278+0000] {dagbag.py:545} INFO - Filling up the DagBag from /opt/airflow/dags/retailco_dag.py
[2026-05-31T14:07:19.439+0000] {processor.py:840} INFO - DAG(s) 'retailco_master_pipeline' retrieved from /opt/airflow/dags/retailco_dag.py
[2026-05-31T14:07:20.246+0000] {logging_mixin.py:188} INFO - [2026-05-31T14:07:20.245+0000] {override.py:1829} INFO - Created Permission View: can read on DAG:retailco_master_pipeline
[2026-05-31T14:07:20.268+0000] {logging_mixin.py:188} INFO - [2026-05-31T14:07:20.266+0000] {override.py:1829} INFO - Created Permission View: can edit on DAG:retailco_master_pipeline
[2026-05-31T14:07:20.294+0000] {logging_mixin.py:188} INFO - [2026-05-31T14:07:20.293+0000] {override.py:1829} INFO - Created Permission View: can delete on DAG:retailco_master_pipeline
[2026-05-31T14:07:20.296+0000] {logging_mixin.py:188} INFO - [2026-05-31T14:07:20.296+0000] {dag.py:3096} INFO - Sync 1 DAGs
[2026-05-31T14:07:20.346+0000] {logging_mixin.py:188} INFO - [2026-05-31T14:07:20.345+0000] {dag.py:3118} INFO - Creating ORM DAG for retailco_master_pipeline
[2026-05-31T14:07:20.373+0000] {logging_mixin.py:188} INFO - [2026-05-31T14:07:20.372+0000] {dag.py:3954} INFO - Setting next_dagrun for retailco_master_pipeline to 2026-05-30 00:00:00+00:00, run_after=2026-05-31 00:00:00+00:00
[2026-05-31T14:07:20.426+0000] {processor.py:183} INFO - Processing /opt/airflow/dags/retailco_dag.py took 1.161 seconds
[2026-05-31T14:07:50.649+0000] {processor.py:161} INFO - Started process (PID=169) to work on /opt/airflow/dags/retailco_dag.py
[2026-05-31T14:07:50.651+0000] {processor.py:830} INFO - Processing file /opt/airflow/dags/retailco_dag.py for tasks to queue
[2026-05-31T14:07:50.656+0000] {logging_mixin.py:188} INFO - [2026-05-31T14:07:50.655+0000] {dagbag.py:545} INFO - Filling up the DagBag from /opt/airflow/dags/retailco_dag.py
[2026-05-31T14:07:50.697+0000] {processor.py:840} INFO - DAG(s) 'retailco_master_pipeline' retrieved from /opt/airflow/dags/retailco_dag.py
[2026-05-31T14:07:50.748+0000] {logging_mixin.py:188} INFO - [2026-05-31T14:07:50.747+0000] {dag.py:3096} INFO - Sync 1 DAGs
[2026-05-31T14:07:50.779+0000] {logging_mixin.py:188} INFO - [2026-05-31T14:07:50.778+0000] {dag.py:3954} INFO - Setting next_dagrun for retailco_master_pipeline to 2026-05-30 00:00:00+00:00, run_after=2026-05-31 00:00:00+00:00
[2026-05-31T14:07:50.817+0000] {processor.py:183} INFO - Processing /opt/airflow/dags/retailco_dag.py took 0.179 seconds
[2026-05-31T14:08:21.147+0000] {processor.py:161} INFO - Started process (PID=174) to work on /opt/airflow/dags/retailco_dag.py
[2026-05-31T14:08:21.149+0000] {processor.py:830} INFO - Processing file /opt/airflow/dags/retailco_dag.py for tasks to queue
[2026-05-31T14:08:21.152+0000] {logging_mixin.py:188} INFO - [2026-05-31T14:08:21.151+0000] {dagbag.py:545} INFO - Filling up the DagBag from /opt/airflow/dags/retailco_dag.py
[2026-05-31T14:08:21.182+0000] {processor.py:840} INFO - DAG(s) 'retailco_master_pipeline' retrieved from /opt/airflow/dags/retailco_dag.py
[2026-05-31T14:08:21.218+0000] {logging_mixin.py:188} INFO - [2026-05-31T14:08:21.217+0000] {dag.py:3096} INFO - Sync 1 DAGs
[2026-05-31T14:08:21.245+0000] {logging_mixin.py:188} INFO - [2026-05-31T14:08:21.245+0000] {dag.py:3954} INFO - Setting next_dagrun for retailco_master_pipeline to 2026-05-30 00:00:00+00:00, run_after=2026-05-31 00:00:00+00:00
[2026-05-31T14:08:21.274+0000] {processor.py:183} INFO - Processing /opt/airflow/dags/retailco_dag.py took 0.133 seconds
[2026-05-31T14:08:51.567+0000] {processor.py:161} INFO - Started process (PID=179) to work on /opt/airflow/dags/retailco_dag.py
[2026-05-31T14:08:51.568+0000] {processor.py:830} INFO - Processing file /opt/airflow/dags/retailco_dag.py for tasks to queue
[2026-05-31T14:08:51.570+0000] {logging_mixin.py:188} INFO - [2026-05-31T14:08:51.570+0000] {dagbag.py:545} INFO - Filling up the DagBag from /opt/airflow/dags/retailco_dag.py
[2026-05-31T14:08:51.603+0000] {processor.py:840} INFO - DAG(s) 'retailco_master_pipeline' retrieved from /opt/airflow/dags/retailco_dag.py
[2026-05-31T14:08:51.660+0000] {logging_mixin.py:188} INFO - [2026-05-31T14:08:51.660+0000] {dag.py:3096} INFO - Sync 1 DAGs
[2026-05-31T14:08:51.737+0000] {logging_mixin.py:188} INFO - [2026-05-31T14:08:51.737+0000] {dag.py:3954} INFO - Setting next_dagrun for retailco_master_pipeline to 2026-05-30 00:00:00+00:00, run_after=2026-05-31 00:00:00+00:00
[2026-05-31T14:08:51.802+0000] {processor.py:183} INFO - Processing /opt/airflow/dags/retailco_dag.py took 0.244 seconds
[2026-05-31T14:09:21.923+0000] {processor.py:161} INFO - Started process (PID=184) to work on /opt/airflow/dags/retailco_dag.py
[2026-05-31T14:09:21.926+0000] {processor.py:830} INFO - Processing file /opt/airflow/dags/retailco_dag.py for tasks to queue
[2026-05-31T14:09:21.931+0000] {logging_mixin.py:188} INFO - [2026-05-31T14:09:21.930+0000] {dagbag.py:545} INFO - Filling up the DagBag from /opt/airflow/dags/retailco_dag.py
[2026-05-31T14:09:21.989+0000] {processor.py:840} INFO - DAG(s) 'retailco_master_pipeline' retrieved from /opt/airflow/dags/retailco_dag.py
[2026-05-31T14:09:22.035+0000] {logging_mixin.py:188} INFO - [2026-05-31T14:09:22.035+0000] {dag.py:3096} INFO - Sync 1 DAGs
[2026-05-31T14:09:22.103+0000] {logging_mixin.py:188} INFO - [2026-05-31T14:09:22.103+0000] {dag.py:3954} INFO - Setting next_dagrun for retailco_master_pipeline to 2026-05-30 00:00:00+00:00, run_after=2026-05-31 00:00:00+00:00
[2026-05-31T14:09:22.127+0000] {processor.py:183} INFO - Processing /opt/airflow/dags/retailco_dag.py took 0.224 seconds
[2026-05-31T14:09:52.182+0000] {processor.py:161} INFO - Started process (PID=164) to work on /opt/airflow/dags/retailco_dag.py
[2026-05-31T14:09:52.187+0000] {processor.py:830} INFO - Processing file /opt/airflow/dags/retailco_dag.py for tasks to queue
[2026-05-31T14:09:52.198+0000] {logging_mixin.py:188} INFO - [2026-05-31T14:09:52.196+0000] {dagbag.py:545} INFO - Filling up the DagBag from /opt/airflow/dags/retailco_dag.py
[2026-05-31T14:09:52.261+0000] {processor.py:840} INFO - DAG(s) 'retailco_master_pipeline' retrieved from /opt/airflow/dags/retailco_dag.py
[2026-05-31T14:09:52.393+0000] {logging_mixin.py:188} INFO - [2026-05-31T14:09:52.393+0000] {dag.py:3096} INFO - Sync 1 DAGs
[2026-05-31T14:09:52.461+0000] {logging_mixin.py:188} INFO - [2026-05-31T14:09:52.460+0000] {dag.py:3954} INFO - Setting next_dagrun for retailco_master_pipeline to 2026-05-30 00:00:00+00:00, run_after=2026-05-31 00:00:00+00:00
[2026-05-31T14:09:52.501+0000] {processor.py:183} INFO - Processing /opt/airflow/dags/retailco_dag.py took 0.334 seconds
[2026-05-31T14:10:22.559+0000] {processor.py:161} INFO - Started process (PID=169) to work on /opt/airflow/dags/retailco_dag.py
[2026-05-31T14:10:22.560+0000] {processor.py:830} INFO - Processing file /opt/airflow/dags/retailco_dag.py for tasks to queue
[2026-05-31T14:10:22.562+0000] {logging_mixin.py:188} INFO - [2026-05-31T14:10:22.562+0000] {dagbag.py:545} INFO - Filling up the DagBag from /opt/airflow/dags/retailco_dag.py
[2026-05-31T14:10:22.641+0000] {processor.py:840} INFO - DAG(s) 'retailco_master_pipeline' retrieved from /opt/airflow/dags/retailco_dag.py
[2026-05-31T14:10:22.718+0000] {logging_mixin.py:188} INFO - [2026-05-31T14:10:22.718+0000] {dag.py:3096} INFO - Sync 1 DAGs
[2026-05-31T14:10:22.771+0000] {logging_mixin.py:188} INFO - [2026-05-31T14:10:22.771+0000] {dag.py:3954} INFO - Setting next_dagrun for retailco_master_pipeline to 2026-05-30 00:00:00+00:00, run_after=2026-05-31 00:00:00+00:00
[2026-05-31T14:10:22.799+0000] {processor.py:183} INFO - Processing /opt/airflow/dags/retailco_dag.py took 0.246 seconds
[2026-05-31T14:10:53.102+0000] {processor.py:161} INFO - Started process (PID=174) to work on /opt/airflow/dags/retailco_dag.py
[2026-05-31T14:10:53.104+0000] {processor.py:830} INFO - Processing file /opt/airflow/dags/retailco_dag.py for tasks to queue
[2026-05-31T14:10:53.110+0000] {logging_mixin.py:188} INFO - [2026-05-31T14:10:53.110+0000] {dagbag.py:545} INFO - Filling up the DagBag from /opt/airflow/dags/retailco_dag.py
[2026-05-31T14:10:53.185+0000] {processor.py:840} INFO - DAG(s) 'retailco_master_pipeline' retrieved from /opt/airflow/dags/retailco_dag.py
[2026-05-31T14:10:53.269+0000] {logging_mixin.py:188} INFO - [2026-05-31T14:10:53.269+0000] {dag.py:3096} INFO - Sync 1 DAGs
[2026-05-31T14:10:53.321+0000] {logging_mixin.py:188} INFO - [2026-05-31T14:10:53.320+0000] {dag.py:3954} INFO - Setting next_dagrun for retailco_master_pipeline to 2026-05-30 00:00:00+00:00, run_after=2026-05-31 00:00:00+00:00
[2026-05-31T14:10:53.370+0000] {processor.py:183} INFO - Processing /opt/airflow/dags/retailco_dag.py took 0.279 seconds
[2026-05-31T14:11:23.666+0000] {processor.py:161} INFO - Started process (PID=179) to work on /opt/airflow/dags/retailco_dag.py
[2026-05-31T14:11:23.668+0000] {processor.py:830} INFO - Processing file /opt/airflow/dags/retailco_dag.py for tasks to queue
[2026-05-31T14:11:23.670+0000] {logging_mixin.py:188} INFO - [2026-05-31T14:11:23.670+0000] {dagbag.py:545} INFO - Filling up the DagBag from /opt/airflow/dags/retailco_dag.py
[2026-05-31T14:11:23.707+0000] {processor.py:840} INFO - DAG(s) 'retailco_master_pipeline' retrieved from /opt/airflow/dags/retailco_dag.py
[2026-05-31T14:11:23.750+0000] {logging_mixin.py:188} INFO - [2026-05-31T14:11:23.750+0000] {dag.py:3096} INFO - Sync 1 DAGs
[2026-05-31T14:11:23.780+0000] {logging_mixin.py:188} INFO - [2026-05-31T14:11:23.780+0000] {dag.py:3954} INFO - Setting next_dagrun for retailco_master_pipeline to 2026-05-30 00:00:00+00:00, run_after=2026-05-31 00:00:00+00:00
[2026-05-31T14:11:23.812+0000] {processor.py:183} INFO - Processing /opt/airflow/dags/retailco_dag.py took 0.152 seconds
[2026-05-31T14:11:53.989+0000] {processor.py:161} INFO - Started process (PID=190) to work on /opt/airflow/dags/retailco_dag.py
[2026-05-31T14:11:53.990+0000] {processor.py:830} INFO - Processing file /opt/airflow/dags/retailco_dag.py for tasks to queue
[2026-05-31T14:11:53.992+0000] {logging_mixin.py:188} INFO - [2026-05-31T14:11:53.992+0000] {dagbag.py:545} INFO - Filling up the DagBag from /opt/airflow/dags/retailco_dag.py
[2026-05-31T14:11:54.023+0000] {processor.py:840} INFO - DAG(s) 'retailco_master_pipeline' retrieved from /opt/airflow/dags/retailco_dag.py
[2026-05-31T14:11:54.057+0000] {logging_mixin.py:188} INFO - [2026-05-31T14:11:54.057+0000] {dag.py:3096} INFO - Sync 1 DAGs
[2026-05-31T14:11:54.081+0000] {logging_mixin.py:188} INFO - [2026-05-31T14:11:54.080+0000] {dag.py:3954} INFO - Setting next_dagrun for retailco_master_pipeline to 2026-05-31 00:00:00+00:00, run_after=2026-06-01 00:00:00+00:00
[2026-05-31T14:11:54.108+0000] {processor.py:183} INFO - Processing /opt/airflow/dags/retailco_dag.py took 0.127 seconds
[2026-05-31T14:12:24.493+0000] {processor.py:161} INFO - Started process (PID=195) to work on /opt/airflow/dags/retailco_dag.py
[2026-05-31T14:12:24.494+0000] {processor.py:830} INFO - Processing file /opt/airflow/dags/retailco_dag.py for tasks to queue
[2026-05-31T14:12:24.497+0000] {logging_mixin.py:188} INFO - [2026-05-31T14:12:24.496+0000] {dagbag.py:545} INFO - Filling up the DagBag from /opt/airflow/dags/retailco_dag.py
[2026-05-31T14:12:24.534+0000] {processor.py:840} INFO - DAG(s) 'retailco_master_pipeline' retrieved from /opt/airflow/dags/retailco_dag.py
[2026-05-31T14:12:24.593+0000] {logging_mixin.py:188} INFO - [2026-05-31T14:12:24.593+0000] {dag.py:3096} INFO - Sync 1 DAGs
[2026-05-31T14:12:24.644+0000] {logging_mixin.py:188} INFO - [2026-05-31T14:12:24.644+0000] {dag.py:3954} INFO - Setting next_dagrun for retailco_master_pipeline to 2026-05-31 00:00:00+00:00, run_after=2026-06-01 00:00:00+00:00
[2026-05-31T14:12:24.696+0000] {processor.py:183} INFO - Processing /opt/airflow/dags/retailco_dag.py took 0.211 seconds
[2026-05-31T14:12:54.896+0000] {processor.py:161} INFO - Started process (PID=200) to work on /opt/airflow/dags/retailco_dag.py
[2026-05-31T14:12:54.897+0000] {processor.py:830} INFO - Processing file /opt/airflow/dags/retailco_dag.py for tasks to queue
[2026-05-31T14:12:54.900+0000] {logging_mixin.py:188} INFO - [2026-05-31T14:12:54.899+0000] {dagbag.py:545} INFO - Filling up the DagBag from /opt/airflow/dags/retailco_dag.py
[2026-05-31T14:12:54.930+0000] {processor.py:840} INFO - DAG(s) 'retailco_master_pipeline' retrieved from /opt/airflow/dags/retailco_dag.py
[2026-05-31T14:12:55.013+0000] {logging_mixin.py:188} INFO - [2026-05-31T14:12:55.013+0000] {dag.py:3096} INFO - Sync 1 DAGs
[2026-05-31T14:12:55.048+0000] {logging_mixin.py:188} INFO - [2026-05-31T14:12:55.048+0000] {dag.py:3954} INFO - Setting next_dagrun for retailco_master_pipeline to 2026-05-31 00:00:00+00:00, run_after=2026-06-01 00:00:00+00:00
[2026-05-31T14:12:55.092+0000] {processor.py:183} INFO - Processing /opt/airflow/dags/retailco_dag.py took 0.206 seconds
[2026-05-31T14:13:25.433+0000] {processor.py:161} INFO - Started process (PID=205) to work on /opt/airflow/dags/retailco_dag.py
[2026-05-31T14:13:25.434+0000] {processor.py:830} INFO - Processing file /opt/airflow/dags/retailco_dag.py for tasks to queue
[2026-05-31T14:13:25.437+0000] {logging_mixin.py:188} INFO - [2026-05-31T14:13:25.436+0000] {dagbag.py:545} INFO - Filling up the DagBag from /opt/airflow/dags/retailco_dag.py
[2026-05-31T14:13:25.474+0000] {processor.py:840} INFO - DAG(s) 'retailco_master_pipeline' retrieved from /opt/airflow/dags/retailco_dag.py
[2026-05-31T14:13:25.514+0000] {logging_mixin.py:188} INFO - [2026-05-31T14:13:25.513+0000] {dag.py:3096} INFO - Sync 1 DAGs
[2026-05-31T14:13:25.543+0000] {logging_mixin.py:188} INFO - [2026-05-31T14:13:25.542+0000] {dag.py:3954} INFO - Setting next_dagrun for retailco_master_pipeline to 2026-05-31 00:00:00+00:00, run_after=2026-06-01 00:00:00+00:00
[2026-05-31T14:13:25.576+0000] {processor.py:183} INFO - Processing /opt/airflow/dags/retailco_dag.py took 0.152 seconds
[2026-05-31T14:13:55.865+0000] {processor.py:161} INFO - Started process (PID=210) to work on /opt/airflow/dags/retailco_dag.py
[2026-05-31T14:13:55.867+0000] {processor.py:830} INFO - Processing file /opt/airflow/dags/retailco_dag.py for tasks to queue
[2026-05-31T14:13:55.869+0000] {logging_mixin.py:188} INFO - [2026-05-31T14:13:55.868+0000] {dagbag.py:545} INFO - Filling up the DagBag from /opt/airflow/dags/retailco_dag.py
[2026-05-31T14:13:55.925+0000] {processor.py:840} INFO - DAG(s) 'retailco_master_pipeline' retrieved from /opt/airflow/dags/retailco_dag.py
[2026-05-31T14:13:55.978+0000] {logging_mixin.py:188} INFO - [2026-05-31T14:13:55.978+0000] {dag.py:3096} INFO - Sync 1 DAGs
[2026-05-31T14:13:56.027+0000] {logging_mixin.py:188} INFO - [2026-05-31T14:13:56.026+0000] {dag.py:3954} INFO - Setting next_dagrun for retailco_master_pipeline to 2026-05-31 00:00:00+00:00, run_after=2026-06-01 00:00:00+00:00
[2026-05-31T14:13:56.276+0000] {processor.py:183} INFO - Processing /opt/airflow/dags/retailco_dag.py took 0.420 seconds
[2026-05-31T14:14:26.666+0000] {processor.py:161} INFO - Started process (PID=218) to work on /opt/airflow/dags/retailco_dag.py
[2026-05-31T14:14:26.668+0000] {processor.py:830} INFO - Processing file /opt/airflow/dags/retailco_dag.py for tasks to queue
[2026-05-31T14:14:26.670+0000] {logging_mixin.py:188} INFO - [2026-05-31T14:14:26.670+0000] {dagbag.py:545} INFO - Filling up the DagBag from /opt/airflow/dags/retailco_dag.py
[2026-05-31T14:14:26.706+0000] {processor.py:840} INFO - DAG(s) 'retailco_master_pipeline' retrieved from /opt/airflow/dags/retailco_dag.py
[2026-05-31T14:14:26.743+0000] {logging_mixin.py:188} INFO - [2026-05-31T14:14:26.743+0000] {dag.py:3096} INFO - Sync 1 DAGs
[2026-05-31T14:14:26.966+0000] {logging_mixin.py:188} INFO - [2026-05-31T14:14:26.965+0000] {dag.py:3954} INFO - Setting next_dagrun for retailco_master_pipeline to 2026-05-31 00:00:00+00:00, run_after=2026-06-01 00:00:00+00:00
[2026-05-31T14:14:26.989+0000] {processor.py:183} INFO - Processing /opt/airflow/dags/retailco_dag.py took 0.333 seconds
[2026-05-31T14:14:57.410+0000] {processor.py:161} INFO - Started process (PID=223) to work on /opt/airflow/dags/retailco_dag.py
[2026-05-31T14:14:57.411+0000] {processor.py:830} INFO - Processing file /opt/airflow/dags/retailco_dag.py for tasks to queue
[2026-05-31T14:14:57.413+0000] {logging_mixin.py:188} INFO - [2026-05-31T14:14:57.413+0000] {dagbag.py:545} INFO - Filling up the DagBag from /opt/airflow/dags/retailco_dag.py
[2026-05-31T14:14:57.451+0000] {processor.py:840} INFO - DAG(s) 'retailco_master_pipeline' retrieved from /opt/airflow/dags/retailco_dag.py
[2026-05-31T14:14:57.485+0000] {logging_mixin.py:188} INFO - [2026-05-31T14:14:57.485+0000] {dag.py:3096} INFO - Sync 1 DAGs
[2026-05-31T14:14:57.680+0000] {logging_mixin.py:188} INFO - [2026-05-31T14:14:57.680+0000] {dag.py:3954} INFO - Setting next_dagrun for retailco_master_pipeline to 2026-05-31 00:00:00+00:00, run_after=2026-06-01 00:00:00+00:00
[2026-05-31T14:14:57.717+0000] {processor.py:183} INFO - Processing /opt/airflow/dags/retailco_dag.py took 0.314 seconds
[2026-05-31T14:15:28.032+0000] {processor.py:161} INFO - Started process (PID=231) to work on /opt/airflow/dags/retailco_dag.py
[2026-05-31T14:15:28.034+0000] {processor.py:830} INFO - Processing file /opt/airflow/dags/retailco_dag.py for tasks to queue
[2026-05-31T14:15:28.036+0000] {logging_mixin.py:188} INFO - [2026-05-31T14:15:28.036+0000] {dagbag.py:545} INFO - Filling up the DagBag from /opt/airflow/dags/retailco_dag.py
[2026-05-31T14:15:28.068+0000] {processor.py:840} INFO - DAG(s) 'retailco_master_pipeline' retrieved from /opt/airflow/dags/retailco_dag.py
[2026-05-31T14:15:28.377+0000] {logging_mixin.py:188} INFO - [2026-05-31T14:15:28.377+0000] {dag.py:3096} INFO - Sync 1 DAGs
[2026-05-31T14:15:28.413+0000] {logging_mixin.py:188} INFO - [2026-05-31T14:15:28.413+0000] {dag.py:3954} INFO - Setting next_dagrun for retailco_master_pipeline to 2026-05-31 00:00:00+00:00, run_after=2026-06-01 00:00:00+00:00
[2026-05-31T14:15:28.450+0000] {processor.py:183} INFO - Processing /opt/airflow/dags/retailco_dag.py took 0.427 seconds
[2026-05-31T14:15:58.520+0000] {processor.py:161} INFO - Started process (PID=236) to work on /opt/airflow/dags/retailco_dag.py
[2026-05-31T14:15:58.522+0000] {processor.py:830} INFO - Processing file /opt/airflow/dags/retailco_dag.py for tasks to queue
[2026-05-31T14:15:58.525+0000] {logging_mixin.py:188} INFO - [2026-05-31T14:15:58.524+0000] {dagbag.py:545} INFO - Filling up the DagBag from /opt/airflow/dags/retailco_dag.py
[2026-05-31T14:15:58.556+0000] {processor.py:840} INFO - DAG(s) 'retailco_master_pipeline' retrieved from /opt/airflow/dags/retailco_dag.py
[2026-05-31T14:15:58.668+0000] {logging_mixin.py:188} INFO - [2026-05-31T14:15:58.668+0000] {dag.py:3096} INFO - Sync 1 DAGs
[2026-05-31T14:15:58.726+0000] {logging_mixin.py:188} INFO - [2026-05-31T14:15:58.726+0000] {dag.py:3954} INFO - Setting next_dagrun for retailco_master_pipeline to 2026-05-31 00:00:00+00:00, run_after=2026-06-01 00:00:00+00:00
[2026-05-31T14:15:58.835+0000] {processor.py:183} INFO - Processing /opt/airflow/dags/retailco_dag.py took 0.323 seconds
[2026-05-31T14:16:29.121+0000] {processor.py:161} INFO - Started process (PID=241) to work on /opt/airflow/dags/retailco_dag.py
[2026-05-31T14:16:29.122+0000] {processor.py:830} INFO - Processing file /opt/airflow/dags/retailco_dag.py for tasks to queue
[2026-05-31T14:16:29.130+0000] {logging_mixin.py:188} INFO - [2026-05-31T14:16:29.130+0000] {dagbag.py:545} INFO - Filling up the DagBag from /opt/airflow/dags/retailco_dag.py
[2026-05-31T14:16:29.172+0000] {processor.py:840} INFO - DAG(s) 'retailco_master_pipeline' retrieved from /opt/airflow/dags/retailco_dag.py
[2026-05-31T14:16:29.207+0000] {logging_mixin.py:188} INFO - [2026-05-31T14:16:29.207+0000] {dag.py:3096} INFO - Sync 1 DAGs
[2026-05-31T14:16:29.232+0000] {logging_mixin.py:188} INFO - [2026-05-31T14:16:29.232+0000] {dag.py:3954} INFO - Setting next_dagrun for retailco_master_pipeline to 2026-05-31 00:00:00+00:00, run_after=2026-06-01 00:00:00+00:00
[2026-05-31T14:16:29.259+0000] {processor.py:183} INFO - Processing /opt/airflow/dags/retailco_dag.py took 0.145 seconds
[2026-05-31T14:16:59.432+0000] {processor.py:161} INFO - Started process (PID=246) to work on /opt/airflow/dags/retailco_dag.py
[2026-05-31T14:16:59.433+0000] {processor.py:830} INFO - Processing file /opt/airflow/dags/retailco_dag.py for tasks to queue
[2026-05-31T14:16:59.436+0000] {logging_mixin.py:188} INFO - [2026-05-31T14:16:59.435+0000] {dagbag.py:545} INFO - Filling up the DagBag from /opt/airflow/dags/retailco_dag.py
[2026-05-31T14:16:59.470+0000] {processor.py:840} INFO - DAG(s) 'retailco_master_pipeline' retrieved from /opt/airflow/dags/retailco_dag.py
[2026-05-31T14:16:59.611+0000] {logging_mixin.py:188} INFO - [2026-05-31T14:16:59.610+0000] {dag.py:3096} INFO - Sync 1 DAGs
[2026-05-31T14:16:59.708+0000] {logging_mixin.py:188} INFO - [2026-05-31T14:16:59.708+0000] {dag.py:3954} INFO - Setting next_dagrun for retailco_master_pipeline to 2026-05-31 00:00:00+00:00, run_after=2026-06-01 00:00:00+00:00
[2026-05-31T14:16:59.748+0000] {processor.py:183} INFO - Processing /opt/airflow/dags/retailco_dag.py took 0.323 seconds
[2026-05-31T14:17:29.883+0000] {processor.py:161} INFO - Started process (PID=251) to work on /opt/airflow/dags/retailco_dag.py
[2026-05-31T14:17:29.885+0000] {processor.py:830} INFO - Processing file /opt/airflow/dags/retailco_dag.py for tasks to queue
[2026-05-31T14:17:29.888+0000] {logging_mixin.py:188} INFO - [2026-05-31T14:17:29.887+0000] {dagbag.py:545} INFO - Filling up the DagBag from /opt/airflow/dags/retailco_dag.py
[2026-05-31T14:17:29.957+0000] {processor.py:840} INFO - DAG(s) 'retailco_master_pipeline' retrieved from /opt/airflow/dags/retailco_dag.py
[2026-05-31T14:17:30.000+0000] {logging_mixin.py:188} INFO - [2026-05-31T14:17:30.000+0000] {dag.py:3096} INFO - Sync 1 DAGs
[2026-05-31T14:17:30.028+0000] {logging_mixin.py:188} INFO - [2026-05-31T14:17:30.028+0000] {dag.py:3954} INFO - Setting next_dagrun for retailco_master_pipeline to 2026-05-31 00:00:00+00:00, run_after=2026-06-01 00:00:00+00:00
[2026-05-31T14:17:30.058+0000] {processor.py:183} INFO - Processing /opt/airflow/dags/retailco_dag.py took 0.181 seconds
[2026-05-31T14:18:00.416+0000] {processor.py:161} INFO - Started process (PID=256) to work on /opt/airflow/dags/retailco_dag.py
[2026-05-31T14:18:00.418+0000] {processor.py:830} INFO - Processing file /opt/airflow/dags/retailco_dag.py for tasks to queue
[2026-05-31T14:18:00.420+0000] {logging_mixin.py:188} INFO - [2026-05-31T14:18:00.419+0000] {dagbag.py:545} INFO - Filling up the DagBag from /opt/airflow/dags/retailco_dag.py
[2026-05-31T14:18:00.452+0000] {processor.py:840} INFO - DAG(s) 'retailco_master_pipeline' retrieved from /opt/airflow/dags/retailco_dag.py
[2026-05-31T14:18:00.494+0000] {logging_mixin.py:188} INFO - [2026-05-31T14:18:00.493+0000] {dag.py:3096} INFO - Sync 1 DAGs
[2026-05-31T14:18:00.518+0000] {logging_mixin.py:188} INFO - [2026-05-31T14:18:00.518+0000] {dag.py:3954} INFO - Setting next_dagrun for retailco_master_pipeline to 2026-05-31 00:00:00+00:00, run_after=2026-06-01 00:00:00+00:00
[2026-05-31T14:18:00.543+0000] {processor.py:183} INFO - Processing /opt/airflow/dags/retailco_dag.py took 0.134 seconds
[2026-05-31T14:18:30.708+0000] {processor.py:161} INFO - Started process (PID=261) to work on /opt/airflow/dags/retailco_dag.py
[2026-05-31T14:18:30.709+0000] {processor.py:830} INFO - Processing file /opt/airflow/dags/retailco_dag.py for tasks to queue
[2026-05-31T14:18:30.712+0000] {logging_mixin.py:188} INFO - [2026-05-31T14:18:30.711+0000] {dagbag.py:545} INFO - Filling up the DagBag from /opt/airflow/dags/retailco_dag.py
[2026-05-31T14:18:30.743+0000] {processor.py:840} INFO - DAG(s) 'retailco_master_pipeline' retrieved from /opt/airflow/dags/retailco_dag.py
[2026-05-31T14:18:30.784+0000] {logging_mixin.py:188} INFO - [2026-05-31T14:18:30.784+0000] {dag.py:3096} INFO - Sync 1 DAGs
[2026-05-31T14:18:30.808+0000] {logging_mixin.py:188} INFO - [2026-05-31T14:18:30.808+0000] {dag.py:3954} INFO - Setting next_dagrun for retailco_master_pipeline to 2026-05-31 00:00:00+00:00, run_after=2026-06-01 00:00:00+00:00
[2026-05-31T14:18:30.836+0000] {processor.py:183} INFO - Processing /opt/airflow/dags/retailco_dag.py took 0.135 seconds
[2026-05-31T14:19:01.194+0000] {processor.py:161} INFO - Started process (PID=269) to work on /opt/airflow/dags/retailco_dag.py
[2026-05-31T14:19:01.197+0000] {processor.py:830} INFO - Processing file /opt/airflow/dags/retailco_dag.py for tasks to queue
[2026-05-31T14:19:01.199+0000] {logging_mixin.py:188} INFO - [2026-05-31T14:19:01.198+0000] {dagbag.py:545} INFO - Filling up the DagBag from /opt/airflow/dags/retailco_dag.py
[2026-05-31T14:19:01.231+0000] {processor.py:840} INFO - DAG(s) 'retailco_master_pipeline' retrieved from /opt/airflow/dags/retailco_dag.py
[2026-05-31T14:19:01.275+0000] {logging_mixin.py:188} INFO - [2026-05-31T14:19:01.274+0000] {dag.py:3096} INFO - Sync 1 DAGs
[2026-05-31T14:19:01.297+0000] {logging_mixin.py:188} INFO - [2026-05-31T14:19:01.297+0000] {dag.py:3954} INFO - Setting next_dagrun for retailco_master_pipeline to 2026-05-31 00:00:00+00:00, run_after=2026-06-01 00:00:00+00:00
[2026-05-31T14:19:01.321+0000] {processor.py:183} INFO - Processing /opt/airflow/dags/retailco_dag.py took 0.134 seconds
[2026-05-31T14:19:31.530+0000] {processor.py:161} INFO - Started process (PID=274) to work on /opt/airflow/dags/retailco_dag.py
[2026-05-31T14:19:31.532+0000] {processor.py:830} INFO - Processing file /opt/airflow/dags/retailco_dag.py for tasks to queue
[2026-05-31T14:19:31.534+0000] {logging_mixin.py:188} INFO - [2026-05-31T14:19:31.533+0000] {dagbag.py:545} INFO - Filling up the DagBag from /opt/airflow/dags/retailco_dag.py
[2026-05-31T14:19:31.564+0000] {processor.py:840} INFO - DAG(s) 'retailco_master_pipeline' retrieved from /opt/airflow/dags/retailco_dag.py
[2026-05-31T14:19:31.615+0000] {logging_mixin.py:188} INFO - [2026-05-31T14:19:31.615+0000] {dag.py:3096} INFO - Sync 1 DAGs
[2026-05-31T14:19:31.646+0000] {logging_mixin.py:188} INFO - [2026-05-31T14:19:31.646+0000] {dag.py:3954} INFO - Setting next_dagrun for retailco_master_pipeline to 2026-05-31 00:00:00+00:00, run_after=2026-06-01 00:00:00+00:00
[2026-05-31T14:19:31.673+0000] {processor.py:183} INFO - Processing /opt/airflow/dags/retailco_dag.py took 0.150 seconds
[2026-05-31T14:20:02.058+0000] {processor.py:161} INFO - Started process (PID=279) to work on /opt/airflow/dags/retailco_dag.py
[2026-05-31T14:20:02.059+0000] {processor.py:830} INFO - Processing file /opt/airflow/dags/retailco_dag.py for tasks to queue
[2026-05-31T14:20:02.061+0000] {logging_mixin.py:188} INFO - [2026-05-31T14:20:02.061+0000] {dagbag.py:545} INFO - Filling up the DagBag from /opt/airflow/dags/retailco_dag.py
[2026-05-31T14:20:02.091+0000] {processor.py:840} INFO - DAG(s) 'retailco_master_pipeline' retrieved from /opt/airflow/dags/retailco_dag.py
[2026-05-31T14:20:02.124+0000] {logging_mixin.py:188} INFO - [2026-05-31T14:20:02.124+0000] {dag.py:3096} INFO - Sync 1 DAGs
[2026-05-31T14:20:02.158+0000] {logging_mixin.py:188} INFO - [2026-05-31T14:20:02.157+0000] {dag.py:3954} INFO - Setting next_dagrun for retailco_master_pipeline to 2026-05-31 00:00:00+00:00, run_after=2026-06-01 00:00:00+00:00
[2026-05-31T14:20:02.181+0000] {processor.py:183} INFO - Processing /opt/airflow/dags/retailco_dag.py took 0.129 seconds
[2026-05-31T14:20:32.396+0000] {processor.py:161} INFO - Started process (PID=284) to work on /opt/airflow/dags/retailco_dag.py
[2026-05-31T14:20:32.397+0000] {processor.py:830} INFO - Processing file /opt/airflow/dags/retailco_dag.py for tasks to queue
[2026-05-31T14:20:32.399+0000] {logging_mixin.py:188} INFO - [2026-05-31T14:20:32.399+0000] {dagbag.py:545} INFO - Filling up the DagBag from /opt/airflow/dags/retailco_dag.py
[2026-05-31T14:20:32.428+0000] {processor.py:840} INFO - DAG(s) 'retailco_master_pipeline' retrieved from /opt/airflow/dags/retailco_dag.py
[2026-05-31T14:20:32.464+0000] {logging_mixin.py:188} INFO - [2026-05-31T14:20:32.463+0000] {dag.py:3096} INFO - Sync 1 DAGs
[2026-05-31T14:20:32.489+0000] {logging_mixin.py:188} INFO - [2026-05-31T14:20:32.489+0000] {dag.py:3954} INFO - Setting next_dagrun for retailco_master_pipeline to 2026-05-31 00:00:00+00:00, run_after=2026-06-01 00:00:00+00:00
[2026-05-31T14:20:32.517+0000] {processor.py:183} INFO - Processing /opt/airflow/dags/retailco_dag.py took 0.128 seconds
[2026-05-31T14:21:02.902+0000] {processor.py:161} INFO - Started process (PID=289) to work on /opt/airflow/dags/retailco_dag.py
[2026-05-31T14:21:02.904+0000] {processor.py:830} INFO - Processing file /opt/airflow/dags/retailco_dag.py for tasks to queue
[2026-05-31T14:21:02.906+0000] {logging_mixin.py:188} INFO - [2026-05-31T14:21:02.905+0000] {dagbag.py:545} INFO - Filling up the DagBag from /opt/airflow/dags/retailco_dag.py
[2026-05-31T14:21:02.934+0000] {processor.py:840} INFO - DAG(s) 'retailco_master_pipeline' retrieved from /opt/airflow/dags/retailco_dag.py
[2026-05-31T14:21:02.969+0000] {logging_mixin.py:188} INFO - [2026-05-31T14:21:02.968+0000] {dag.py:3096} INFO - Sync 1 DAGs
[2026-05-31T14:21:02.993+0000] {logging_mixin.py:188} INFO - [2026-05-31T14:21:02.993+0000] {dag.py:3954} INFO - Setting next_dagrun for retailco_master_pipeline to 2026-05-31 00:00:00+00:00, run_after=2026-06-01 00:00:00+00:00
[2026-05-31T14:21:03.019+0000] {processor.py:183} INFO - Processing /opt/airflow/dags/retailco_dag.py took 0.123 seconds
[2026-05-31T14:21:33.202+0000] {processor.py:161} INFO - Started process (PID=294) to work on /opt/airflow/dags/retailco_dag.py
[2026-05-31T14:21:33.203+0000] {processor.py:830} INFO - Processing file /opt/airflow/dags/retailco_dag.py for tasks to queue
[2026-05-31T14:21:33.207+0000] {logging_mixin.py:188} INFO - [2026-05-31T14:21:33.205+0000] {dagbag.py:545} INFO - Filling up the DagBag from /opt/airflow/dags/retailco_dag.py
[2026-05-31T14:21:33.240+0000] {processor.py:840} INFO - DAG(s) 'retailco_master_pipeline' retrieved from /opt/airflow/dags/retailco_dag.py
[2026-05-31T14:21:33.288+0000] {logging_mixin.py:188} INFO - [2026-05-31T14:21:33.287+0000] {dag.py:3096} INFO - Sync 1 DAGs
[2026-05-31T14:21:33.319+0000] {logging_mixin.py:188} INFO - [2026-05-31T14:21:33.319+0000] {dag.py:3954} INFO - Setting next_dagrun for retailco_master_pipeline to 2026-05-31 00:00:00+00:00, run_after=2026-06-01 00:00:00+00:00
[2026-05-31T14:21:33.352+0000] {processor.py:183} INFO - Processing /opt/airflow/dags/retailco_dag.py took 0.157 seconds
[2026-05-31T14:22:03.657+0000] {processor.py:161} INFO - Started process (PID=299) to work on /opt/airflow/dags/retailco_dag.py
[2026-05-31T14:22:03.658+0000] {processor.py:830} INFO - Processing file /opt/airflow/dags/retailco_dag.py for tasks to queue
[2026-05-31T14:22:03.660+0000] {logging_mixin.py:188} INFO - [2026-05-31T14:22:03.659+0000] {dagbag.py:545} INFO - Filling up the DagBag from /opt/airflow/dags/retailco_dag.py
[2026-05-31T14:22:03.690+0000] {processor.py:840} INFO - DAG(s) 'retailco_master_pipeline' retrieved from /opt/airflow/dags/retailco_dag.py
[2026-05-31T14:22:03.723+0000] {logging_mixin.py:188} INFO - [2026-05-31T14:22:03.723+0000] {dag.py:3096} INFO - Sync 1 DAGs
[2026-05-31T14:22:03.752+0000] {logging_mixin.py:188} INFO - [2026-05-31T14:22:03.752+0000] {dag.py:3954} INFO - Setting next_dagrun for retailco_master_pipeline to 2026-05-31 00:00:00+00:00, run_after=2026-06-01 00:00:00+00:00
[2026-05-31T14:22:03.779+0000] {processor.py:183} INFO - Processing /opt/airflow/dags/retailco_dag.py took 0.129 seconds
[2026-05-31T14:22:34.029+0000] {processor.py:161} INFO - Started process (PID=306) to work on /opt/airflow/dags/retailco_dag.py
[2026-05-31T14:22:34.032+0000] {processor.py:830} INFO - Processing file /opt/airflow/dags/retailco_dag.py for tasks to queue
[2026-05-31T14:22:34.035+0000] {logging_mixin.py:188} INFO - [2026-05-31T14:22:34.034+0000] {dagbag.py:545} INFO - Filling up the DagBag from /opt/airflow/dags/retailco_dag.py
[2026-05-31T14:22:34.073+0000] {processor.py:840} INFO - DAG(s) 'retailco_master_pipeline' retrieved from /opt/airflow/dags/retailco_dag.py
[2026-05-31T14:22:34.214+0000] {logging_mixin.py:188} INFO - [2026-05-31T14:22:34.214+0000] {dag.py:3096} INFO - Sync 1 DAGs
[2026-05-31T14:22:34.306+0000] {logging_mixin.py:188} INFO - [2026-05-31T14:22:34.305+0000] {dag.py:3954} INFO - Setting next_dagrun for retailco_master_pipeline to 2026-05-31 00:00:00+00:00, run_after=2026-06-01 00:00:00+00:00
[2026-05-31T14:22:34.356+0000] {processor.py:183} INFO - Processing /opt/airflow/dags/retailco_dag.py took 0.336 seconds
[2026-05-31T14:23:04.433+0000] {processor.py:161} INFO - Started process (PID=312) to work on /opt/airflow/dags/retailco_dag.py
[2026-05-31T14:23:04.434+0000] {processor.py:830} INFO - Processing file /opt/airflow/dags/retailco_dag.py for tasks to queue
[2026-05-31T14:23:04.437+0000] {logging_mixin.py:188} INFO - [2026-05-31T14:23:04.436+0000] {dagbag.py:545} INFO - Filling up the DagBag from /opt/airflow/dags/retailco_dag.py
[2026-05-31T14:23:04.470+0000] {processor.py:840} INFO - DAG(s) 'retailco_master_pipeline' retrieved from /opt/airflow/dags/retailco_dag.py
[2026-05-31T14:23:04.506+0000] {logging_mixin.py:188} INFO - [2026-05-31T14:23:04.505+0000] {dag.py:3096} INFO - Sync 1 DAGs
[2026-05-31T14:23:04.534+0000] {logging_mixin.py:188} INFO - [2026-05-31T14:23:04.534+0000] {dag.py:3954} INFO - Setting next_dagrun for retailco_master_pipeline to 2026-05-31 00:00:00+00:00, run_after=2026-06-01 00:00:00+00:00
[2026-05-31T14:23:04.561+0000] {processor.py:183} INFO - Processing /opt/airflow/dags/retailco_dag.py took 0.136 seconds
[2026-05-31T14:23:34.738+0000] {processor.py:161} INFO - Started process (PID=317) to work on /opt/airflow/dags/retailco_dag.py
[2026-05-31T14:23:34.740+0000] {processor.py:830} INFO - Processing file /opt/airflow/dags/retailco_dag.py for tasks to queue
[2026-05-31T14:23:34.742+0000] {logging_mixin.py:188} INFO - [2026-05-31T14:23:34.742+0000] {dagbag.py:545} INFO - Filling up the DagBag from /opt/airflow/dags/retailco_dag.py
[2026-05-31T14:23:34.773+0000] {processor.py:840} INFO - DAG(s) 'retailco_master_pipeline' retrieved from /opt/airflow/dags/retailco_dag.py
[2026-05-31T14:23:34.816+0000] {logging_mixin.py:188} INFO - [2026-05-31T14:23:34.816+0000] {dag.py:3096} INFO - Sync 1 DAGs
[2026-05-31T14:23:34.842+0000] {logging_mixin.py:188} INFO - [2026-05-31T14:23:34.842+0000] {dag.py:3954} INFO - Setting next_dagrun for retailco_master_pipeline to 2026-05-31 00:00:00+00:00, run_after=2026-06-01 00:00:00+00:00
[2026-05-31T14:23:34.869+0000] {processor.py:183} INFO - Processing /opt/airflow/dags/retailco_dag.py took 0.139 seconds
[2026-05-31T14:24:05.279+0000] {processor.py:161} INFO - Started process (PID=322) to work on /opt/airflow/dags/retailco_dag.py
[2026-05-31T14:24:05.282+0000] {processor.py:830} INFO - Processing file /opt/airflow/dags/retailco_dag.py for tasks to queue
[2026-05-31T14:24:05.297+0000] {logging_mixin.py:188} INFO - [2026-05-31T14:24:05.296+0000] {dagbag.py:545} INFO - Filling up the DagBag from /opt/airflow/dags/retailco_dag.py
[2026-05-31T14:24:05.433+0000] {processor.py:840} INFO - DAG(s) 'retailco_master_pipeline' retrieved from /opt/airflow/dags/retailco_dag.py
[2026-05-31T14:24:05.547+0000] {logging_mixin.py:188} INFO - [2026-05-31T14:24:05.546+0000] {dag.py:3096} INFO - Sync 1 DAGs
[2026-05-31T14:24:05.631+0000] {logging_mixin.py:188} INFO - [2026-05-31T14:24:05.630+0000] {dag.py:3954} INFO - Setting next_dagrun for retailco_master_pipeline to 2026-05-31 00:00:00+00:00, run_after=2026-06-01 00:00:00+00:00
[2026-05-31T14:24:05.675+0000] {processor.py:183} INFO - Processing /opt/airflow/dags/retailco_dag.py took 0.411 seconds
[2026-05-31T14:24:36.096+0000] {processor.py:161} INFO - Started process (PID=327) to work on /opt/airflow/dags/retailco_dag.py
[2026-05-31T14:24:36.099+0000] {processor.py:830} INFO - Processing file /opt/airflow/dags/retailco_dag.py for tasks to queue
[2026-05-31T14:24:36.104+0000] {logging_mixin.py:188} INFO - [2026-05-31T14:24:36.104+0000] {dagbag.py:545} INFO - Filling up the DagBag from /opt/airflow/dags/retailco_dag.py
[2026-05-31T14:24:36.144+0000] {processor.py:840} INFO - DAG(s) 'retailco_master_pipeline' retrieved from /opt/airflow/dags/retailco_dag.py
[2026-05-31T14:24:36.186+0000] {logging_mixin.py:188} INFO - [2026-05-31T14:24:36.185+0000] {dag.py:3096} INFO - Sync 1 DAGs
[2026-05-31T14:24:36.211+0000] {logging_mixin.py:188} INFO - [2026-05-31T14:24:36.211+0000] {dag.py:3954} INFO - Setting next_dagrun for retailco_master_pipeline to 2026-05-31 00:00:00+00:00, run_after=2026-06-01 00:00:00+00:00
[2026-05-31T14:24:36.238+0000] {processor.py:183} INFO - Processing /opt/airflow/dags/retailco_dag.py took 0.151 seconds
[2026-05-31T14:25:06.487+0000] {processor.py:161} INFO - Started process (PID=332) to work on /opt/airflow/dags/retailco_dag.py
[2026-05-31T14:25:06.488+0000] {processor.py:830} INFO - Processing file /opt/airflow/dags/retailco_dag.py for tasks to queue
[2026-05-31T14:25:06.491+0000] {logging_mixin.py:188} INFO - [2026-05-31T14:25:06.490+0000] {dagbag.py:545} INFO - Filling up the DagBag from /opt/airflow/dags/retailco_dag.py
[2026-05-31T14:25:06.519+0000] {processor.py:840} INFO - DAG(s) 'retailco_master_pipeline' retrieved from /opt/airflow/dags/retailco_dag.py
[2026-05-31T14:25:06.554+0000] {logging_mixin.py:188} INFO - [2026-05-31T14:25:06.554+0000] {dag.py:3096} INFO - Sync 1 DAGs
[2026-05-31T14:25:06.580+0000] {logging_mixin.py:188} INFO - [2026-05-31T14:25:06.580+0000] {dag.py:3954} INFO - Setting next_dagrun for retailco_master_pipeline to 2026-05-31 00:00:00+00:00, run_after=2026-06-01 00:00:00+00:00
[2026-05-31T14:25:06.612+0000] {processor.py:183} INFO - Processing /opt/airflow/dags/retailco_dag.py took 0.132 seconds
[2026-05-31T14:25:36.866+0000] {processor.py:161} INFO - Started process (PID=337) to work on /opt/airflow/dags/retailco_dag.py
[2026-05-31T14:25:36.867+0000] {processor.py:830} INFO - Processing file /opt/airflow/dags/retailco_dag.py for tasks to queue
[2026-05-31T14:25:36.869+0000] {logging_mixin.py:188} INFO - [2026-05-31T14:25:36.869+0000] {dagbag.py:545} INFO - Filling up the DagBag from /opt/airflow/dags/retailco_dag.py
[2026-05-31T14:25:36.902+0000] {processor.py:840} INFO - DAG(s) 'retailco_master_pipeline' retrieved from /opt/airflow/dags/retailco_dag.py
[2026-05-31T14:25:36.938+0000] {logging_mixin.py:188} INFO - [2026-05-31T14:25:36.938+0000] {dag.py:3096} INFO - Sync 1 DAGs
[2026-05-31T14:25:36.963+0000] {logging_mixin.py:188} INFO - [2026-05-31T14:25:36.963+0000] {dag.py:3954} INFO - Setting next_dagrun for retailco_master_pipeline to 2026-05-31 00:00:00+00:00, run_after=2026-06-01 00:00:00+00:00
[2026-05-31T14:25:36.994+0000] {processor.py:183} INFO - Processing /opt/airflow/dags/retailco_dag.py took 0.135 seconds
[2026-05-31T14:26:07.171+0000] {processor.py:161} INFO - Started process (PID=342) to work on /opt/airflow/dags/retailco_dag.py
[2026-05-31T14:26:07.172+0000] {processor.py:830} INFO - Processing file /opt/airflow/dags/retailco_dag.py for tasks to queue
[2026-05-31T14:26:07.175+0000] {logging_mixin.py:188} INFO - [2026-05-31T14:26:07.174+0000] {dagbag.py:545} INFO - Filling up the DagBag from /opt/airflow/dags/retailco_dag.py
[2026-05-31T14:26:07.207+0000] {processor.py:840} INFO - DAG(s) 'retailco_master_pipeline' retrieved from /opt/airflow/dags/retailco_dag.py
[2026-05-31T14:26:07.255+0000] {logging_mixin.py:188} INFO - [2026-05-31T14:26:07.255+0000] {dag.py:3096} INFO - Sync 1 DAGs
[2026-05-31T14:26:07.288+0000] {logging_mixin.py:188} INFO - [2026-05-31T14:26:07.288+0000] {dag.py:3954} INFO - Setting next_dagrun for retailco_master_pipeline to 2026-05-31 00:00:00+00:00, run_after=2026-06-01 00:00:00+00:00
[2026-05-31T14:26:07.321+0000] {processor.py:183} INFO - Processing /opt/airflow/dags/retailco_dag.py took 0.157 seconds
[2026-05-31T14:26:37.574+0000] {processor.py:161} INFO - Started process (PID=347) to work on /opt/airflow/dags/retailco_dag.py
[2026-05-31T14:26:37.576+0000] {processor.py:830} INFO - Processing file /opt/airflow/dags/retailco_dag.py for tasks to queue
[2026-05-31T14:26:37.578+0000] {logging_mixin.py:188} INFO - [2026-05-31T14:26:37.578+0000] {dagbag.py:545} INFO - Filling up the DagBag from /opt/airflow/dags/retailco_dag.py
[2026-05-31T14:26:37.627+0000] {processor.py:840} INFO - DAG(s) 'retailco_master_pipeline' retrieved from /opt/airflow/dags/retailco_dag.py
[2026-05-31T14:26:37.674+0000] {logging_mixin.py:188} INFO - [2026-05-31T14:26:37.674+0000] {dag.py:3096} INFO - Sync 1 DAGs
[2026-05-31T14:26:37.709+0000] {logging_mixin.py:188} INFO - [2026-05-31T14:26:37.708+0000] {dag.py:3954} INFO - Setting next_dagrun for retailco_master_pipeline to 2026-05-31 00:00:00+00:00, run_after=2026-06-01 00:00:00+00:00
[2026-05-31T14:26:37.745+0000] {processor.py:183} INFO - Processing /opt/airflow/dags/retailco_dag.py took 0.181 seconds
[2026-05-31T14:27:07.945+0000] {processor.py:161} INFO - Started process (PID=352) to work on /opt/airflow/dags/retailco_dag.py
[2026-05-31T14:27:07.946+0000] {processor.py:830} INFO - Processing file /opt/airflow/dags/retailco_dag.py for tasks to queue
[2026-05-31T14:27:07.949+0000] {logging_mixin.py:188} INFO - [2026-05-31T14:27:07.948+0000] {dagbag.py:545} INFO - Filling up the DagBag from /opt/airflow/dags/retailco_dag.py
[2026-05-31T14:27:07.981+0000] {processor.py:840} INFO - DAG(s) 'retailco_master_pipeline' retrieved from /opt/airflow/dags/retailco_dag.py
[2026-05-31T14:27:08.023+0000] {logging_mixin.py:188} INFO - [2026-05-31T14:27:08.023+0000] {dag.py:3096} INFO - Sync 1 DAGs
[2026-05-31T14:27:08.059+0000] {logging_mixin.py:188} INFO - [2026-05-31T14:27:08.059+0000] {dag.py:3954} INFO - Setting next_dagrun for retailco_master_pipeline to 2026-05-31 00:00:00+00:00, run_after=2026-06-01 00:00:00+00:00
[2026-05-31T14:27:08.088+0000] {processor.py:183} INFO - Processing /opt/airflow/dags/retailco_dag.py took 0.150 seconds
[2026-05-31T14:27:38.333+0000] {processor.py:161} INFO - Started process (PID=357) to work on /opt/airflow/dags/retailco_dag.py
[2026-05-31T14:27:38.334+0000] {processor.py:830} INFO - Processing file /opt/airflow/dags/retailco_dag.py for tasks to queue
[2026-05-31T14:27:38.337+0000] {logging_mixin.py:188} INFO - [2026-05-31T14:27:38.337+0000] {dagbag.py:545} INFO - Filling up the DagBag from /opt/airflow/dags/retailco_dag.py
[2026-05-31T14:27:38.374+0000] {processor.py:840} INFO - DAG(s) 'retailco_master_pipeline' retrieved from /opt/airflow/dags/retailco_dag.py
[2026-05-31T14:27:38.420+0000] {logging_mixin.py:188} INFO - [2026-05-31T14:27:38.419+0000] {dag.py:3096} INFO - Sync 1 DAGs
[2026-05-31T14:27:38.449+0000] {logging_mixin.py:188} INFO - [2026-05-31T14:27:38.449+0000] {dag.py:3954} INFO - Setting next_dagrun for retailco_master_pipeline to 2026-05-31 00:00:00+00:00, run_after=2026-06-01 00:00:00+00:00
[2026-05-31T14:27:38.480+0000] {processor.py:183} INFO - Processing /opt/airflow/dags/retailco_dag.py took 0.154 seconds
[2026-05-31T14:28:08.839+0000] {processor.py:161} INFO - Started process (PID=362) to work on /opt/airflow/dags/retailco_dag.py
[2026-05-31T14:28:08.841+0000] {processor.py:830} INFO - Processing file /opt/airflow/dags/retailco_dag.py for tasks to queue
[2026-05-31T14:28:08.843+0000] {logging_mixin.py:188} INFO - [2026-05-31T14:28:08.843+0000] {dagbag.py:545} INFO - Filling up the DagBag from /opt/airflow/dags/retailco_dag.py
[2026-05-31T14:28:08.879+0000] {processor.py:840} INFO - DAG(s) 'retailco_master_pipeline' retrieved from /opt/airflow/dags/retailco_dag.py
[2026-05-31T14:28:08.923+0000] {logging_mixin.py:188} INFO - [2026-05-31T14:28:08.922+0000] {dag.py:3096} INFO - Sync 1 DAGs
[2026-05-31T14:28:08.952+0000] {logging_mixin.py:188} INFO - [2026-05-31T14:28:08.952+0000] {dag.py:3954} INFO - Setting next_dagrun for retailco_master_pipeline to 2026-05-31 00:00:00+00:00, run_after=2026-06-01 00:00:00+00:00
[2026-05-31T14:28:08.988+0000] {processor.py:183} INFO - Processing /opt/airflow/dags/retailco_dag.py took 0.155 seconds
[2026-05-31T14:28:39.213+0000] {processor.py:161} INFO - Started process (PID=367) to work on /opt/airflow/dags/retailco_dag.py
[2026-05-31T14:28:39.215+0000] {processor.py:830} INFO - Processing file /opt/airflow/dags/retailco_dag.py for tasks to queue
[2026-05-31T14:28:39.217+0000] {logging_mixin.py:188} INFO - [2026-05-31T14:28:39.216+0000] {dagbag.py:545} INFO - Filling up the DagBag from /opt/airflow/dags/retailco_dag.py
[2026-05-31T14:28:39.250+0000] {processor.py:840} INFO - DAG(s) 'retailco_master_pipeline' retrieved from /opt/airflow/dags/retailco_dag.py
[2026-05-31T14:28:39.296+0000] {logging_mixin.py:188} INFO - [2026-05-31T14:28:39.296+0000] {dag.py:3096} INFO - Sync 1 DAGs
[2026-05-31T14:28:39.326+0000] {logging_mixin.py:188} INFO - [2026-05-31T14:28:39.326+0000] {dag.py:3954} INFO - Setting next_dagrun for retailco_master_pipeline to 2026-05-31 00:00:00+00:00, run_after=2026-06-01 00:00:00+00:00
[2026-05-31T14:28:39.358+0000] {processor.py:183} INFO - Processing /opt/airflow/dags/retailco_dag.py took 0.152 seconds
[2026-05-31T14:29:09.599+0000] {processor.py:161} INFO - Started process (PID=372) to work on /opt/airflow/dags/retailco_dag.py
[2026-05-31T14:29:09.601+0000] {processor.py:830} INFO - Processing file /opt/airflow/dags/retailco_dag.py for tasks to queue
[2026-05-31T14:29:09.603+0000] {logging_mixin.py:188} INFO - [2026-05-31T14:29:09.602+0000] {dagbag.py:545} INFO - Filling up the DagBag from /opt/airflow/dags/retailco_dag.py
[2026-05-31T14:29:09.634+0000] {processor.py:840} INFO - DAG(s) 'retailco_master_pipeline' retrieved from /opt/airflow/dags/retailco_dag.py
[2026-05-31T14:29:09.675+0000] {logging_mixin.py:188} INFO - [2026-05-31T14:29:09.674+0000] {dag.py:3096} INFO - Sync 1 DAGs
[2026-05-31T14:29:09.703+0000] {logging_mixin.py:188} INFO - [2026-05-31T14:29:09.703+0000] {dag.py:3954} INFO - Setting next_dagrun for retailco_master_pipeline to 2026-05-31 00:00:00+00:00, run_after=2026-06-01 00:00:00+00:00
[2026-05-31T14:29:09.733+0000] {processor.py:183} INFO - Processing /opt/airflow/dags/retailco_dag.py took 0.141 seconds
[2026-05-31T14:29:40.000+0000] {processor.py:161} INFO - Started process (PID=377) to work on /opt/airflow/dags/retailco_dag.py
[2026-05-31T14:29:40.002+0000] {processor.py:830} INFO - Processing file /opt/airflow/dags/retailco_dag.py for tasks to queue
[2026-05-31T14:29:40.004+0000] {logging_mixin.py:188} INFO - [2026-05-31T14:29:40.003+0000] {dagbag.py:545} INFO - Filling up the DagBag from /opt/airflow/dags/retailco_dag.py
[2026-05-31T14:29:40.050+0000] {processor.py:840} INFO - DAG(s) 'retailco_master_pipeline' retrieved from /opt/airflow/dags/retailco_dag.py
[2026-05-31T14:29:40.096+0000] {logging_mixin.py:188} INFO - [2026-05-31T14:29:40.096+0000] {dag.py:3096} INFO - Sync 1 DAGs
[2026-05-31T14:29:40.126+0000] {logging_mixin.py:188} INFO - [2026-05-31T14:29:40.126+0000] {dag.py:3954} INFO - Setting next_dagrun for retailco_master_pipeline to 2026-05-31 00:00:00+00:00, run_after=2026-06-01 00:00:00+00:00
[2026-05-31T14:29:40.156+0000] {processor.py:183} INFO - Processing /opt/airflow/dags/retailco_dag.py took 0.162 seconds
[2026-05-31T14:30:10.457+0000] {processor.py:161} INFO - Started process (PID=382) to work on /opt/airflow/dags/retailco_dag.py
[2026-05-31T14:30:10.459+0000] {processor.py:830} INFO - Processing file /opt/airflow/dags/retailco_dag.py for tasks to queue
[2026-05-31T14:30:10.461+0000] {logging_mixin.py:188} INFO - [2026-05-31T14:30:10.461+0000] {dagbag.py:545} INFO - Filling up the DagBag from /opt/airflow/dags/retailco_dag.py
[2026-05-31T14:30:10.493+0000] {processor.py:840} INFO - DAG(s) 'retailco_master_pipeline' retrieved from /opt/airflow/dags/retailco_dag.py
[2026-05-31T14:30:10.530+0000] {logging_mixin.py:188} INFO - [2026-05-31T14:30:10.530+0000] {dag.py:3096} INFO - Sync 1 DAGs
[2026-05-31T14:30:10.557+0000] {logging_mixin.py:188} INFO - [2026-05-31T14:30:10.557+0000] {dag.py:3954} INFO - Setting next_dagrun for retailco_master_pipeline to 2026-05-31 00:00:00+00:00, run_after=2026-06-01 00:00:00+00:00
[2026-05-31T14:30:10.589+0000] {processor.py:183} INFO - Processing /opt/airflow/dags/retailco_dag.py took 0.138 seconds
[2026-05-31T14:30:40.941+0000] {processor.py:161} INFO - Started process (PID=387) to work on /opt/airflow/dags/retailco_dag.py
[2026-05-31T14:30:40.943+0000] {processor.py:830} INFO - Processing file /opt/airflow/dags/retailco_dag.py for tasks to queue
[2026-05-31T14:30:40.946+0000] {logging_mixin.py:188} INFO - [2026-05-31T14:30:40.945+0000] {dagbag.py:545} INFO - Filling up the DagBag from /opt/airflow/dags/retailco_dag.py
[2026-05-31T14:30:40.980+0000] {processor.py:840} INFO - DAG(s) 'retailco_master_pipeline' retrieved from /opt/airflow/dags/retailco_dag.py
[2026-05-31T14:30:41.020+0000] {logging_mixin.py:188} INFO - [2026-05-31T14:30:41.019+0000] {dag.py:3096} INFO - Sync 1 DAGs
[2026-05-31T14:30:41.045+0000] {logging_mixin.py:188} INFO - [2026-05-31T14:30:41.045+0000] {dag.py:3954} INFO - Setting next_dagrun for retailco_master_pipeline to 2026-05-31 00:00:00+00:00, run_after=2026-06-01 00:00:00+00:00
[2026-05-31T14:30:41.078+0000] {processor.py:183} INFO - Processing /opt/airflow/dags/retailco_dag.py took 0.142 seconds
[2026-05-31T14:31:11.251+0000] {processor.py:161} INFO - Started process (PID=392) to work on /opt/airflow/dags/retailco_dag.py
[2026-05-31T14:31:11.253+0000] {processor.py:830} INFO - Processing file /opt/airflow/dags/retailco_dag.py for tasks to queue
[2026-05-31T14:31:11.256+0000] {logging_mixin.py:188} INFO - [2026-05-31T14:31:11.256+0000] {dagbag.py:545} INFO - Filling up the DagBag from /opt/airflow/dags/retailco_dag.py
[2026-05-31T14:31:11.294+0000] {processor.py:840} INFO - DAG(s) 'retailco_master_pipeline' retrieved from /opt/airflow/dags/retailco_dag.py
[2026-05-31T14:31:11.329+0000] {logging_mixin.py:188} INFO - [2026-05-31T14:31:11.329+0000] {dag.py:3096} INFO - Sync 1 DAGs
[2026-05-31T14:31:11.355+0000] {logging_mixin.py:188} INFO - [2026-05-31T14:31:11.354+0000] {dag.py:3954} INFO - Setting next_dagrun for retailco_master_pipeline to 2026-05-31 00:00:00+00:00, run_after=2026-06-01 00:00:00+00:00
[2026-05-31T14:31:11.384+0000] {processor.py:183} INFO - Processing /opt/airflow/dags/retailco_dag.py took 0.139 seconds
[2026-05-31T14:31:41.656+0000] {processor.py:161} INFO - Started process (PID=397) to work on /opt/airflow/dags/retailco_dag.py
[2026-05-31T14:31:41.657+0000] {processor.py:830} INFO - Processing file /opt/airflow/dags/retailco_dag.py for tasks to queue
[2026-05-31T14:31:41.659+0000] {logging_mixin.py:188} INFO - [2026-05-31T14:31:41.658+0000] {dagbag.py:545} INFO - Filling up the DagBag from /opt/airflow/dags/retailco_dag.py
[2026-05-31T14:31:41.688+0000] {processor.py:840} INFO - DAG(s) 'retailco_master_pipeline' retrieved from /opt/airflow/dags/retailco_dag.py
[2026-05-31T14:31:41.722+0000] {logging_mixin.py:188} INFO - [2026-05-31T14:31:41.722+0000] {dag.py:3096} INFO - Sync 1 DAGs
[2026-05-31T14:31:41.750+0000] {logging_mixin.py:188} INFO - [2026-05-31T14:31:41.749+0000] {dag.py:3954} INFO - Setting next_dagrun for retailco_master_pipeline to 2026-05-31 00:00:00+00:00, run_after=2026-06-01 00:00:00+00:00
[2026-05-31T14:31:41.775+0000] {processor.py:183} INFO - Processing /opt/airflow/dags/retailco_dag.py took 0.125 seconds
[2026-05-31T14:32:12.125+0000] {processor.py:161} INFO - Started process (PID=402) to work on /opt/airflow/dags/retailco_dag.py
[2026-05-31T14:32:12.126+0000] {processor.py:830} INFO - Processing file /opt/airflow/dags/retailco_dag.py for tasks to queue
[2026-05-31T14:32:12.128+0000] {logging_mixin.py:188} INFO - [2026-05-31T14:32:12.128+0000] {dagbag.py:545} INFO - Filling up the DagBag from /opt/airflow/dags/retailco_dag.py
[2026-05-31T14:32:12.167+0000] {processor.py:840} INFO - DAG(s) 'retailco_master_pipeline' retrieved from /opt/airflow/dags/retailco_dag.py
[2026-05-31T14:32:12.201+0000] {logging_mixin.py:188} INFO - [2026-05-31T14:32:12.200+0000] {dag.py:3096} INFO - Sync 1 DAGs
[2026-05-31T14:32:12.228+0000] {logging_mixin.py:188} INFO - [2026-05-31T14:32:12.228+0000] {dag.py:3954} INFO - Setting next_dagrun for retailco_master_pipeline to 2026-05-31 00:00:00+00:00, run_after=2026-06-01 00:00:00+00:00
[2026-05-31T14:32:12.260+0000] {processor.py:183} INFO - Processing /opt/airflow/dags/retailco_dag.py took 0.142 seconds
[2026-05-31T14:32:42.633+0000] {processor.py:161} INFO - Started process (PID=407) to work on /opt/airflow/dags/retailco_dag.py
[2026-05-31T14:32:42.634+0000] {processor.py:830} INFO - Processing file /opt/airflow/dags/retailco_dag.py for tasks to queue
[2026-05-31T14:32:42.636+0000] {logging_mixin.py:188} INFO - [2026-05-31T14:32:42.635+0000] {dagbag.py:545} INFO - Filling up the DagBag from /opt/airflow/dags/retailco_dag.py
[2026-05-31T14:32:42.666+0000] {processor.py:840} INFO - DAG(s) 'retailco_master_pipeline' retrieved from /opt/airflow/dags/retailco_dag.py
[2026-05-31T14:32:42.699+0000] {logging_mixin.py:188} INFO - [2026-05-31T14:32:42.699+0000] {dag.py:3096} INFO - Sync 1 DAGs
[2026-05-31T14:32:42.724+0000] {logging_mixin.py:188} INFO - [2026-05-31T14:32:42.724+0000] {dag.py:3954} INFO - Setting next_dagrun for retailco_master_pipeline to 2026-05-31 00:00:00+00:00, run_after=2026-06-01 00:00:00+00:00
[2026-05-31T14:32:42.758+0000] {processor.py:183} INFO - Processing /opt/airflow/dags/retailco_dag.py took 0.132 seconds
[2026-05-31T14:33:12.937+0000] {processor.py:161} INFO - Started process (PID=412) to work on /opt/airflow/dags/retailco_dag.py
[2026-05-31T14:33:12.939+0000] {processor.py:830} INFO - Processing file /opt/airflow/dags/retailco_dag.py for tasks to queue
[2026-05-31T14:33:12.942+0000] {logging_mixin.py:188} INFO - [2026-05-31T14:33:12.942+0000] {dagbag.py:545} INFO - Filling up the DagBag from /opt/airflow/dags/retailco_dag.py
[2026-05-31T14:33:12.972+0000] {processor.py:840} INFO - DAG(s) 'retailco_master_pipeline' retrieved from /opt/airflow/dags/retailco_dag.py
[2026-05-31T14:33:13.009+0000] {logging_mixin.py:188} INFO - [2026-05-31T14:33:13.009+0000] {dag.py:3096} INFO - Sync 1 DAGs
[2026-05-31T14:33:13.033+0000] {logging_mixin.py:188} INFO - [2026-05-31T14:33:13.033+0000] {dag.py:3954} INFO - Setting next_dagrun for retailco_master_pipeline to 2026-05-31 00:00:00+00:00, run_after=2026-06-01 00:00:00+00:00
[2026-05-31T14:33:13.062+0000] {processor.py:183} INFO - Processing /opt/airflow/dags/retailco_dag.py took 0.131 seconds
[2026-05-31T14:33:43.383+0000] {processor.py:161} INFO - Started process (PID=417) to work on /opt/airflow/dags/retailco_dag.py
[2026-05-31T14:33:43.385+0000] {processor.py:830} INFO - Processing file /opt/airflow/dags/retailco_dag.py for tasks to queue
[2026-05-31T14:33:43.388+0000] {logging_mixin.py:188} INFO - [2026-05-31T14:33:43.388+0000] {dagbag.py:545} INFO - Filling up the DagBag from /opt/airflow/dags/retailco_dag.py
[2026-05-31T14:33:43.428+0000] {processor.py:840} INFO - DAG(s) 'retailco_master_pipeline' retrieved from /opt/airflow/dags/retailco_dag.py
[2026-05-31T14:33:43.472+0000] {logging_mixin.py:188} INFO - [2026-05-31T14:33:43.472+0000] {dag.py:3096} INFO - Sync 1 DAGs
[2026-05-31T14:33:43.500+0000] {logging_mixin.py:188} INFO - [2026-05-31T14:33:43.499+0000] {dag.py:3954} INFO - Setting next_dagrun for retailco_master_pipeline to 2026-05-31 00:00:00+00:00, run_after=2026-06-01 00:00:00+00:00
[2026-05-31T14:33:43.530+0000] {processor.py:183} INFO - Processing /opt/airflow/dags/retailco_dag.py took 0.155 seconds
[2026-05-31T14:34:13.829+0000] {processor.py:161} INFO - Started process (PID=422) to work on /opt/airflow/dags/retailco_dag.py
[2026-05-31T14:34:13.830+0000] {processor.py:830} INFO - Processing file /opt/airflow/dags/retailco_dag.py for tasks to queue
[2026-05-31T14:34:13.832+0000] {logging_mixin.py:188} INFO - [2026-05-31T14:34:13.832+0000] {dagbag.py:545} INFO - Filling up the DagBag from /opt/airflow/dags/retailco_dag.py
[2026-05-31T14:34:13.866+0000] {processor.py:840} INFO - DAG(s) 'retailco_master_pipeline' retrieved from /opt/airflow/dags/retailco_dag.py
[2026-05-31T14:34:13.902+0000] {logging_mixin.py:188} INFO - [2026-05-31T14:34:13.901+0000] {dag.py:3096} INFO - Sync 1 DAGs
[2026-05-31T14:34:13.929+0000] {logging_mixin.py:188} INFO - [2026-05-31T14:34:13.929+0000] {dag.py:3954} INFO - Setting next_dagrun for retailco_master_pipeline to 2026-05-31 00:00:00+00:00, run_after=2026-06-01 00:00:00+00:00
[2026-05-31T14:34:13.960+0000] {processor.py:183} INFO - Processing /opt/airflow/dags/retailco_dag.py took 0.137 seconds
[2026-05-31T14:34:44.230+0000] {processor.py:161} INFO - Started process (PID=427) to work on /opt/airflow/dags/retailco_dag.py
[2026-05-31T14:34:44.232+0000] {processor.py:830} INFO - Processing file /opt/airflow/dags/retailco_dag.py for tasks to queue
[2026-05-31T14:34:44.234+0000] {logging_mixin.py:188} INFO - [2026-05-31T14:34:44.234+0000] {dagbag.py:545} INFO - Filling up the DagBag from /opt/airflow/dags/retailco_dag.py
[2026-05-31T14:34:44.273+0000] {processor.py:840} INFO - DAG(s) 'retailco_master_pipeline' retrieved from /opt/airflow/dags/retailco_dag.py
[2026-05-31T14:34:44.308+0000] {logging_mixin.py:188} INFO - [2026-05-31T14:34:44.307+0000] {dag.py:3096} INFO - Sync 1 DAGs
[2026-05-31T14:34:44.334+0000] {logging_mixin.py:188} INFO - [2026-05-31T14:34:44.334+0000] {dag.py:3954} INFO - Setting next_dagrun for retailco_master_pipeline to 2026-05-31 00:00:00+00:00, run_after=2026-06-01 00:00:00+00:00
[2026-05-31T14:34:44.366+0000] {processor.py:183} INFO - Processing /opt/airflow/dags/retailco_dag.py took 0.142 seconds
[2026-05-31T14:35:14.710+0000] {processor.py:161} INFO - Started process (PID=432) to work on /opt/airflow/dags/retailco_dag.py
[2026-05-31T14:35:14.711+0000] {processor.py:830} INFO - Processing file /opt/airflow/dags/retailco_dag.py for tasks to queue
[2026-05-31T14:35:14.714+0000] {logging_mixin.py:188} INFO - [2026-05-31T14:35:14.714+0000] {dagbag.py:545} INFO - Filling up the DagBag from /opt/airflow/dags/retailco_dag.py
[2026-05-31T14:35:14.745+0000] {processor.py:840} INFO - DAG(s) 'retailco_master_pipeline' retrieved from /opt/airflow/dags/retailco_dag.py
[2026-05-31T14:35:14.781+0000] {logging_mixin.py:188} INFO - [2026-05-31T14:35:14.781+0000] {dag.py:3096} INFO - Sync 1 DAGs
[2026-05-31T14:35:14.809+0000] {logging_mixin.py:188} INFO - [2026-05-31T14:35:14.809+0000] {dag.py:3954} INFO - Setting next_dagrun for retailco_master_pipeline to 2026-05-31 00:00:00+00:00, run_after=2026-06-01 00:00:00+00:00
[2026-05-31T14:35:14.839+0000] {processor.py:183} INFO - Processing /opt/airflow/dags/retailco_dag.py took 0.136 seconds
[2026-05-31T14:35:45.042+0000] {processor.py:161} INFO - Started process (PID=437) to work on /opt/airflow/dags/retailco_dag.py
[2026-05-31T14:35:45.044+0000] {processor.py:830} INFO - Processing file /opt/airflow/dags/retailco_dag.py for tasks to queue
[2026-05-31T14:35:45.047+0000] {logging_mixin.py:188} INFO - [2026-05-31T14:35:45.046+0000] {dagbag.py:545} INFO - Filling up the DagBag from /opt/airflow/dags/retailco_dag.py
[2026-05-31T14:35:45.081+0000] {processor.py:840} INFO - DAG(s) 'retailco_master_pipeline' retrieved from /opt/airflow/dags/retailco_dag.py
[2026-05-31T14:35:45.117+0000] {logging_mixin.py:188} INFO - [2026-05-31T14:35:45.117+0000] {dag.py:3096} INFO - Sync 1 DAGs
[2026-05-31T14:35:45.142+0000] {logging_mixin.py:188} INFO - [2026-05-31T14:35:45.141+0000] {dag.py:3954} INFO - Setting next_dagrun for retailco_master_pipeline to 2026-05-31 00:00:00+00:00, run_after=2026-06-01 00:00:00+00:00
[2026-05-31T14:35:45.166+0000] {processor.py:183} INFO - Processing /opt/airflow/dags/retailco_dag.py took 0.130 seconds
[2026-05-31T14:36:15.518+0000] {processor.py:161} INFO - Started process (PID=442) to work on /opt/airflow/dags/retailco_dag.py
[2026-05-31T14:36:15.519+0000] {processor.py:830} INFO - Processing file /opt/airflow/dags/retailco_dag.py for tasks to queue
[2026-05-31T14:36:15.522+0000] {logging_mixin.py:188} INFO - [2026-05-31T14:36:15.522+0000] {dagbag.py:545} INFO - Filling up the DagBag from /opt/airflow/dags/retailco_dag.py
[2026-05-31T14:36:15.566+0000] {processor.py:840} INFO - DAG(s) 'retailco_master_pipeline' retrieved from /opt/airflow/dags/retailco_dag.py
[2026-05-31T14:36:15.602+0000] {logging_mixin.py:188} INFO - [2026-05-31T14:36:15.601+0000] {dag.py:3096} INFO - Sync 1 DAGs
[2026-05-31T14:36:15.625+0000] {logging_mixin.py:188} INFO - [2026-05-31T14:36:15.625+0000] {dag.py:3954} INFO - Setting next_dagrun for retailco_master_pipeline to 2026-05-31 00:00:00+00:00, run_after=2026-06-01 00:00:00+00:00
[2026-05-31T14:36:15.656+0000] {processor.py:183} INFO - Processing /opt/airflow/dags/retailco_dag.py took 0.148 seconds
[2026-05-31T14:36:45.882+0000] {processor.py:161} INFO - Started process (PID=447) to work on /opt/airflow/dags/retailco_dag.py
[2026-05-31T14:36:45.885+0000] {processor.py:830} INFO - Processing file /opt/airflow/dags/retailco_dag.py for tasks to queue
[2026-05-31T14:36:45.892+0000] {logging_mixin.py:188} INFO - [2026-05-31T14:36:45.891+0000] {dagbag.py:545} INFO - Filling up the DagBag from /opt/airflow/dags/retailco_dag.py
[2026-05-31T14:36:45.965+0000] {processor.py:840} INFO - DAG(s) 'retailco_master_pipeline' retrieved from /opt/airflow/dags/retailco_dag.py
[2026-05-31T14:36:46.022+0000] {logging_mixin.py:188} INFO - [2026-05-31T14:36:46.022+0000] {dag.py:3096} INFO - Sync 1 DAGs
[2026-05-31T14:36:46.072+0000] {logging_mixin.py:188} INFO - [2026-05-31T14:36:46.072+0000] {dag.py:3954} INFO - Setting next_dagrun for retailco_master_pipeline to 2026-05-31 00:00:00+00:00, run_after=2026-06-01 00:00:00+00:00
[2026-05-31T14:36:46.099+0000] {processor.py:183} INFO - Processing /opt/airflow/dags/retailco_dag.py took 0.233 seconds
[2026-05-31T14:37:16.328+0000] {processor.py:161} INFO - Started process (PID=452) to work on /opt/airflow/dags/retailco_dag.py
[2026-05-31T14:37:16.330+0000] {processor.py:830} INFO - Processing file /opt/airflow/dags/retailco_dag.py for tasks to queue
[2026-05-31T14:37:16.334+0000] {logging_mixin.py:188} INFO - [2026-05-31T14:37:16.333+0000] {dagbag.py:545} INFO - Filling up the DagBag from /opt/airflow/dags/retailco_dag.py
[2026-05-31T14:37:16.364+0000] {processor.py:840} INFO - DAG(s) 'retailco_master_pipeline' retrieved from /opt/airflow/dags/retailco_dag.py
[2026-05-31T14:37:16.408+0000] {logging_mixin.py:188} INFO - [2026-05-31T14:37:16.408+0000] {dag.py:3096} INFO - Sync 1 DAGs
[2026-05-31T14:37:16.446+0000] {logging_mixin.py:188} INFO - [2026-05-31T14:37:16.446+0000] {dag.py:3954} INFO - Setting next_dagrun for retailco_master_pipeline to 2026-05-31 00:00:00+00:00, run_after=2026-06-01 00:00:00+00:00
[2026-05-31T14:37:16.479+0000] {processor.py:183} INFO - Processing /opt/airflow/dags/retailco_dag.py took 0.161 seconds
[2026-05-31T14:37:47.006+0000] {processor.py:161} INFO - Started process (PID=457) to work on /opt/airflow/dags/retailco_dag.py
[2026-05-31T14:37:47.008+0000] {processor.py:830} INFO - Processing file /opt/airflow/dags/retailco_dag.py for tasks to queue
[2026-05-31T14:37:47.013+0000] {logging_mixin.py:188} INFO - [2026-05-31T14:37:47.012+0000] {dagbag.py:545} INFO - Filling up the DagBag from /opt/airflow/dags/retailco_dag.py
[2026-05-31T14:37:47.108+0000] {processor.py:840} INFO - DAG(s) 'retailco_master_pipeline' retrieved from /opt/airflow/dags/retailco_dag.py
[2026-05-31T14:37:47.238+0000] {logging_mixin.py:188} INFO - [2026-05-31T14:37:47.237+0000] {dag.py:3096} INFO - Sync 1 DAGs
[2026-05-31T14:37:47.361+0000] {logging_mixin.py:188} INFO - [2026-05-31T14:37:47.360+0000] {dag.py:3954} INFO - Setting next_dagrun for retailco_master_pipeline to 2026-05-31 00:00:00+00:00, run_after=2026-06-01 00:00:00+00:00
[2026-05-31T14:37:47.431+0000] {processor.py:183} INFO - Processing /opt/airflow/dags/retailco_dag.py took 0.440 seconds
[2026-05-31T14:38:17.785+0000] {processor.py:161} INFO - Started process (PID=462) to work on /opt/airflow/dags/retailco_dag.py
[2026-05-31T14:38:17.786+0000] {processor.py:830} INFO - Processing file /opt/airflow/dags/retailco_dag.py for tasks to queue
[2026-05-31T14:38:17.789+0000] {logging_mixin.py:188} INFO - [2026-05-31T14:38:17.789+0000] {dagbag.py:545} INFO - Filling up the DagBag from /opt/airflow/dags/retailco_dag.py
[2026-05-31T14:38:17.828+0000] {processor.py:840} INFO - DAG(s) 'retailco_master_pipeline' retrieved from /opt/airflow/dags/retailco_dag.py
[2026-05-31T14:38:17.876+0000] {logging_mixin.py:188} INFO - [2026-05-31T14:38:17.875+0000] {dag.py:3096} INFO - Sync 1 DAGs
[2026-05-31T14:38:17.914+0000] {logging_mixin.py:188} INFO - [2026-05-31T14:38:17.914+0000] {dag.py:3954} INFO - Setting next_dagrun for retailco_master_pipeline to 2026-05-31 00:00:00+00:00, run_after=2026-06-01 00:00:00+00:00
[2026-05-31T14:38:17.947+0000] {processor.py:183} INFO - Processing /opt/airflow/dags/retailco_dag.py took 0.171 seconds
[2026-05-31T14:38:48.130+0000] {processor.py:161} INFO - Started process (PID=467) to work on /opt/airflow/dags/retailco_dag.py
[2026-05-31T14:38:48.132+0000] {processor.py:830} INFO - Processing file /opt/airflow/dags/retailco_dag.py for tasks to queue
[2026-05-31T14:38:48.135+0000] {logging_mixin.py:188} INFO - [2026-05-31T14:38:48.135+0000] {dagbag.py:545} INFO - Filling up the DagBag from /opt/airflow/dags/retailco_dag.py
[2026-05-31T14:38:48.170+0000] {processor.py:840} INFO - DAG(s) 'retailco_master_pipeline' retrieved from /opt/airflow/dags/retailco_dag.py
[2026-05-31T14:38:48.209+0000] {logging_mixin.py:188} INFO - [2026-05-31T14:38:48.209+0000] {dag.py:3096} INFO - Sync 1 DAGs
[2026-05-31T14:38:48.240+0000] {logging_mixin.py:188} INFO - [2026-05-31T14:38:48.239+0000] {dag.py:3954} INFO - Setting next_dagrun for retailco_master_pipeline to 2026-05-31 00:00:00+00:00, run_after=2026-06-01 00:00:00+00:00
[2026-05-31T14:38:48.270+0000] {processor.py:183} INFO - Processing /opt/airflow/dags/retailco_dag.py took 0.150 seconds
[2026-05-31T14:39:18.556+0000] {processor.py:161} INFO - Started process (PID=472) to work on /opt/airflow/dags/retailco_dag.py
[2026-05-31T14:39:18.558+0000] {processor.py:830} INFO - Processing file /opt/airflow/dags/retailco_dag.py for tasks to queue
[2026-05-31T14:39:18.560+0000] {logging_mixin.py:188} INFO - [2026-05-31T14:39:18.559+0000] {dagbag.py:545} INFO - Filling up the DagBag from /opt/airflow/dags/retailco_dag.py
[2026-05-31T14:39:18.590+0000] {processor.py:840} INFO - DAG(s) 'retailco_master_pipeline' retrieved from /opt/airflow/dags/retailco_dag.py
[2026-05-31T14:39:18.627+0000] {logging_mixin.py:188} INFO - [2026-05-31T14:39:18.627+0000] {dag.py:3096} INFO - Sync 1 DAGs
[2026-05-31T14:39:18.656+0000] {logging_mixin.py:188} INFO - [2026-05-31T14:39:18.656+0000] {dag.py:3954} INFO - Setting next_dagrun for retailco_master_pipeline to 2026-05-31 00:00:00+00:00, run_after=2026-06-01 00:00:00+00:00
[2026-05-31T14:39:18.691+0000] {processor.py:183} INFO - Processing /opt/airflow/dags/retailco_dag.py took 0.140 seconds
[2026-05-31T14:39:48.925+0000] {processor.py:161} INFO - Started process (PID=477) to work on /opt/airflow/dags/retailco_dag.py
[2026-05-31T14:39:48.926+0000] {processor.py:830} INFO - Processing file /opt/airflow/dags/retailco_dag.py for tasks to queue
[2026-05-31T14:39:48.928+0000] {logging_mixin.py:188} INFO - [2026-05-31T14:39:48.927+0000] {dagbag.py:545} INFO - Filling up the DagBag from /opt/airflow/dags/retailco_dag.py
[2026-05-31T14:39:48.957+0000] {processor.py:840} INFO - DAG(s) 'retailco_master_pipeline' retrieved from /opt/airflow/dags/retailco_dag.py
[2026-05-31T14:39:49.002+0000] {logging_mixin.py:188} INFO - [2026-05-31T14:39:49.002+0000] {dag.py:3096} INFO - Sync 1 DAGs
[2026-05-31T14:39:49.032+0000] {logging_mixin.py:188} INFO - [2026-05-31T14:39:49.032+0000] {dag.py:3954} INFO - Setting next_dagrun for retailco_master_pipeline to 2026-05-31 00:00:00+00:00, run_after=2026-06-01 00:00:00+00:00
[2026-05-31T14:39:49.062+0000] {processor.py:183} INFO - Processing /opt/airflow/dags/retailco_dag.py took 0.146 seconds
[2026-05-31T14:40:19.501+0000] {processor.py:161} INFO - Started process (PID=482) to work on /opt/airflow/dags/retailco_dag.py
[2026-05-31T14:40:19.504+0000] {processor.py:830} INFO - Processing file /opt/airflow/dags/retailco_dag.py for tasks to queue
[2026-05-31T14:40:19.507+0000] {logging_mixin.py:188} INFO - [2026-05-31T14:40:19.506+0000] {dagbag.py:545} INFO - Filling up the DagBag from /opt/airflow/dags/retailco_dag.py
[2026-05-31T14:40:19.539+0000] {processor.py:840} INFO - DAG(s) 'retailco_master_pipeline' retrieved from /opt/airflow/dags/retailco_dag.py
[2026-05-31T14:40:19.584+0000] {logging_mixin.py:188} INFO - [2026-05-31T14:40:19.583+0000] {dag.py:3096} INFO - Sync 1 DAGs
[2026-05-31T14:40:19.608+0000] {logging_mixin.py:188} INFO - [2026-05-31T14:40:19.608+0000] {dag.py:3954} INFO - Setting next_dagrun for retailco_master_pipeline to 2026-05-31 00:00:00+00:00, run_after=2026-06-01 00:00:00+00:00
[2026-05-31T14:40:19.639+0000] {processor.py:183} INFO - Processing /opt/airflow/dags/retailco_dag.py took 0.153 seconds
[2026-05-31T14:40:49.857+0000] {processor.py:161} INFO - Started process (PID=487) to work on /opt/airflow/dags/retailco_dag.py
[2026-05-31T14:40:49.859+0000] {processor.py:830} INFO - Processing file /opt/airflow/dags/retailco_dag.py for tasks to queue
[2026-05-31T14:40:49.862+0000] {logging_mixin.py:188} INFO - [2026-05-31T14:40:49.861+0000] {dagbag.py:545} INFO - Filling up the DagBag from /opt/airflow/dags/retailco_dag.py
[2026-05-31T14:40:49.891+0000] {processor.py:840} INFO - DAG(s) 'retailco_master_pipeline' retrieved from /opt/airflow/dags/retailco_dag.py
[2026-05-31T14:40:49.929+0000] {logging_mixin.py:188} INFO - [2026-05-31T14:40:49.929+0000] {dag.py:3096} INFO - Sync 1 DAGs
[2026-05-31T14:40:49.955+0000] {logging_mixin.py:188} INFO - [2026-05-31T14:40:49.955+0000] {dag.py:3954} INFO - Setting next_dagrun for retailco_master_pipeline to 2026-05-31 00:00:00+00:00, run_after=2026-06-01 00:00:00+00:00
[2026-05-31T14:40:49.984+0000] {processor.py:183} INFO - Processing /opt/airflow/dags/retailco_dag.py took 0.134 seconds
[2026-05-31T14:41:20.258+0000] {processor.py:161} INFO - Started process (PID=492) to work on /opt/airflow/dags/retailco_dag.py
[2026-05-31T14:41:20.259+0000] {processor.py:830} INFO - Processing file /opt/airflow/dags/retailco_dag.py for tasks to queue
[2026-05-31T14:41:20.261+0000] {logging_mixin.py:188} INFO - [2026-05-31T14:41:20.261+0000] {dagbag.py:545} INFO - Filling up the DagBag from /opt/airflow/dags/retailco_dag.py
[2026-05-31T14:41:20.291+0000] {processor.py:840} INFO - DAG(s) 'retailco_master_pipeline' retrieved from /opt/airflow/dags/retailco_dag.py
[2026-05-31T14:41:20.325+0000] {logging_mixin.py:188} INFO - [2026-05-31T14:41:20.325+0000] {dag.py:3096} INFO - Sync 1 DAGs
[2026-05-31T14:41:20.352+0000] {logging_mixin.py:188} INFO - [2026-05-31T14:41:20.352+0000] {dag.py:3954} INFO - Setting next_dagrun for retailco_master_pipeline to 2026-05-31 00:00:00+00:00, run_after=2026-06-01 00:00:00+00:00
[2026-05-31T14:41:20.382+0000] {processor.py:183} INFO - Processing /opt/airflow/dags/retailco_dag.py took 0.131 seconds
[2026-05-31T14:41:50.617+0000] {processor.py:161} INFO - Started process (PID=497) to work on /opt/airflow/dags/retailco_dag.py
[2026-05-31T14:41:50.618+0000] {processor.py:830} INFO - Processing file /opt/airflow/dags/retailco_dag.py for tasks to queue
[2026-05-31T14:41:50.621+0000] {logging_mixin.py:188} INFO - [2026-05-31T14:41:50.621+0000] {dagbag.py:545} INFO - Filling up the DagBag from /opt/airflow/dags/retailco_dag.py
[2026-05-31T14:41:50.657+0000] {processor.py:840} INFO - DAG(s) 'retailco_master_pipeline' retrieved from /opt/airflow/dags/retailco_dag.py
[2026-05-31T14:41:50.702+0000] {logging_mixin.py:188} INFO - [2026-05-31T14:41:50.702+0000] {dag.py:3096} INFO - Sync 1 DAGs
[2026-05-31T14:41:50.750+0000] {logging_mixin.py:188} INFO - [2026-05-31T14:41:50.750+0000] {dag.py:3954} INFO - Setting next_dagrun for retailco_master_pipeline to 2026-05-31 00:00:00+00:00, run_after=2026-06-01 00:00:00+00:00
[2026-05-31T14:41:50.784+0000] {processor.py:183} INFO - Processing /opt/airflow/dags/retailco_dag.py took 0.177 seconds
[2026-05-31T14:42:21.052+0000] {processor.py:161} INFO - Started process (PID=502) to work on /opt/airflow/dags/retailco_dag.py
[2026-05-31T14:42:21.054+0000] {processor.py:830} INFO - Processing file /opt/airflow/dags/retailco_dag.py for tasks to queue
[2026-05-31T14:42:21.056+0000] {logging_mixin.py:188} INFO - [2026-05-31T14:42:21.056+0000] {dagbag.py:545} INFO - Filling up the DagBag from /opt/airflow/dags/retailco_dag.py
[2026-05-31T14:42:21.084+0000] {processor.py:840} INFO - DAG(s) 'retailco_master_pipeline' retrieved from /opt/airflow/dags/retailco_dag.py
[2026-05-31T14:42:21.122+0000] {logging_mixin.py:188} INFO - [2026-05-31T14:42:21.122+0000] {dag.py:3096} INFO - Sync 1 DAGs
[2026-05-31T14:42:21.150+0000] {logging_mixin.py:188} INFO - [2026-05-31T14:42:21.149+0000] {dag.py:3954} INFO - Setting next_dagrun for retailco_master_pipeline to 2026-05-31 00:00:00+00:00, run_after=2026-06-01 00:00:00+00:00
[2026-05-31T14:42:21.180+0000] {processor.py:183} INFO - Processing /opt/airflow/dags/retailco_dag.py took 0.135 seconds
[2026-05-31T14:42:51.657+0000] {processor.py:161} INFO - Started process (PID=507) to work on /opt/airflow/dags/retailco_dag.py
[2026-05-31T14:42:51.659+0000] {processor.py:830} INFO - Processing file /opt/airflow/dags/retailco_dag.py for tasks to queue
[2026-05-31T14:42:51.663+0000] {logging_mixin.py:188} INFO - [2026-05-31T14:42:51.662+0000] {dagbag.py:545} INFO - Filling up the DagBag from /opt/airflow/dags/retailco_dag.py
[2026-05-31T14:42:51.721+0000] {processor.py:840} INFO - DAG(s) 'retailco_master_pipeline' retrieved from /opt/airflow/dags/retailco_dag.py
[2026-05-31T14:42:51.808+0000] {logging_mixin.py:188} INFO - [2026-05-31T14:42:51.807+0000] {dag.py:3096} INFO - Sync 1 DAGs
[2026-05-31T14:42:51.876+0000] {logging_mixin.py:188} INFO - [2026-05-31T14:42:51.876+0000] {dag.py:3954} INFO - Setting next_dagrun for retailco_master_pipeline to 2026-05-31 00:00:00+00:00, run_after=2026-06-01 00:00:00+00:00
[2026-05-31T14:42:51.942+0000] {processor.py:183} INFO - Processing /opt/airflow/dags/retailco_dag.py took 0.302 seconds
[2026-05-31T14:43:22.301+0000] {processor.py:161} INFO - Started process (PID=512) to work on /opt/airflow/dags/retailco_dag.py
[2026-05-31T14:43:22.302+0000] {processor.py:830} INFO - Processing file /opt/airflow/dags/retailco_dag.py for tasks to queue
[2026-05-31T14:43:22.304+0000] {logging_mixin.py:188} INFO - [2026-05-31T14:43:22.304+0000] {dagbag.py:545} INFO - Filling up the DagBag from /opt/airflow/dags/retailco_dag.py
[2026-05-31T14:43:22.346+0000] {processor.py:840} INFO - DAG(s) 'retailco_master_pipeline' retrieved from /opt/airflow/dags/retailco_dag.py
[2026-05-31T14:43:22.381+0000] {logging_mixin.py:188} INFO - [2026-05-31T14:43:22.380+0000] {dag.py:3096} INFO - Sync 1 DAGs
[2026-05-31T14:43:22.404+0000] {logging_mixin.py:188} INFO - [2026-05-31T14:43:22.404+0000] {dag.py:3954} INFO - Setting next_dagrun for retailco_master_pipeline to 2026-05-31 00:00:00+00:00, run_after=2026-06-01 00:00:00+00:00
[2026-05-31T14:43:22.436+0000] {processor.py:183} INFO - Processing /opt/airflow/dags/retailco_dag.py took 0.142 seconds
[2026-05-31T14:43:52.665+0000] {processor.py:161} INFO - Started process (PID=520) to work on /opt/airflow/dags/retailco_dag.py
[2026-05-31T14:43:52.669+0000] {processor.py:830} INFO - Processing file /opt/airflow/dags/retailco_dag.py for tasks to queue
[2026-05-31T14:43:52.676+0000] {logging_mixin.py:188} INFO - [2026-05-31T14:43:52.676+0000] {dagbag.py:545} INFO - Filling up the DagBag from /opt/airflow/dags/retailco_dag.py
[2026-05-31T14:43:52.712+0000] {processor.py:840} INFO - DAG(s) 'retailco_master_pipeline' retrieved from /opt/airflow/dags/retailco_dag.py
[2026-05-31T14:43:52.751+0000] {logging_mixin.py:188} INFO - [2026-05-31T14:43:52.751+0000] {dag.py:3096} INFO - Sync 1 DAGs
[2026-05-31T14:43:52.779+0000] {logging_mixin.py:188} INFO - [2026-05-31T14:43:52.779+0000] {dag.py:3954} INFO - Setting next_dagrun for retailco_master_pipeline to 2026-05-31 00:00:00+00:00, run_after=2026-06-01 00:00:00+00:00
[2026-05-31T14:43:52.807+0000] {processor.py:183} INFO - Processing /opt/airflow/dags/retailco_dag.py took 0.163 seconds
[2026-05-31T14:44:23.100+0000] {processor.py:161} INFO - Started process (PID=542) to work on /opt/airflow/dags/retailco_dag.py
[2026-05-31T14:44:23.101+0000] {processor.py:830} INFO - Processing file /opt/airflow/dags/retailco_dag.py for tasks to queue
[2026-05-31T14:44:23.104+0000] {logging_mixin.py:188} INFO - [2026-05-31T14:44:23.103+0000] {dagbag.py:545} INFO - Filling up the DagBag from /opt/airflow/dags/retailco_dag.py
[2026-05-31T14:44:23.141+0000] {processor.py:840} INFO - DAG(s) 'retailco_master_pipeline' retrieved from /opt/airflow/dags/retailco_dag.py
[2026-05-31T14:44:23.266+0000] {logging_mixin.py:188} INFO - [2026-05-31T14:44:23.265+0000] {dag.py:3096} INFO - Sync 1 DAGs
[2026-05-31T14:44:23.377+0000] {logging_mixin.py:188} INFO - [2026-05-31T14:44:23.376+0000] {dag.py:3954} INFO - Setting next_dagrun for retailco_master_pipeline to 2026-05-31 00:00:00+00:00, run_after=2026-06-01 00:00:00+00:00
[2026-05-31T14:44:23.459+0000] {processor.py:183} INFO - Processing /opt/airflow/dags/retailco_dag.py took 0.365 seconds
[2026-05-31T14:44:53.841+0000] {processor.py:161} INFO - Started process (PID=565) to work on /opt/airflow/dags/retailco_dag.py
[2026-05-31T14:44:53.843+0000] {processor.py:830} INFO - Processing file /opt/airflow/dags/retailco_dag.py for tasks to queue
[2026-05-31T14:44:53.847+0000] {logging_mixin.py:188} INFO - [2026-05-31T14:44:53.846+0000] {dagbag.py:545} INFO - Filling up the DagBag from /opt/airflow/dags/retailco_dag.py
[2026-05-31T14:44:53.918+0000] {processor.py:840} INFO - DAG(s) 'retailco_master_pipeline' retrieved from /opt/airflow/dags/retailco_dag.py
[2026-05-31T14:44:53.969+0000] {logging_mixin.py:188} INFO - [2026-05-31T14:44:53.969+0000] {dag.py:3096} INFO - Sync 1 DAGs
[2026-05-31T14:44:54.008+0000] {logging_mixin.py:188} INFO - [2026-05-31T14:44:54.007+0000] {dag.py:3954} INFO - Setting next_dagrun for retailco_master_pipeline to 2026-05-31 00:00:00+00:00, run_after=2026-06-01 00:00:00+00:00
[2026-05-31T14:44:54.040+0000] {processor.py:183} INFO - Processing /opt/airflow/dags/retailco_dag.py took 0.208 seconds
[2026-05-31T14:45:24.209+0000] {processor.py:161} INFO - Started process (PID=570) to work on /opt/airflow/dags/retailco_dag.py
[2026-05-31T14:45:24.211+0000] {processor.py:830} INFO - Processing file /opt/airflow/dags/retailco_dag.py for tasks to queue
[2026-05-31T14:45:24.214+0000] {logging_mixin.py:188} INFO - [2026-05-31T14:45:24.213+0000] {dagbag.py:545} INFO - Filling up the DagBag from /opt/airflow/dags/retailco_dag.py
[2026-05-31T14:45:24.250+0000] {processor.py:840} INFO - DAG(s) 'retailco_master_pipeline' retrieved from /opt/airflow/dags/retailco_dag.py
[2026-05-31T14:45:24.293+0000] {logging_mixin.py:188} INFO - [2026-05-31T14:45:24.292+0000] {dag.py:3096} INFO - Sync 1 DAGs
[2026-05-31T14:45:24.328+0000] {logging_mixin.py:188} INFO - [2026-05-31T14:45:24.328+0000] {dag.py:3954} INFO - Setting next_dagrun for retailco_master_pipeline to 2026-05-31 00:00:00+00:00, run_after=2026-06-01 00:00:00+00:00
[2026-05-31T14:45:24.362+0000] {processor.py:183} INFO - Processing /opt/airflow/dags/retailco_dag.py took 0.161 seconds
[2026-05-31T14:45:54.756+0000] {processor.py:161} INFO - Started process (PID=575) to work on /opt/airflow/dags/retailco_dag.py
[2026-05-31T14:45:54.758+0000] {processor.py:830} INFO - Processing file /opt/airflow/dags/retailco_dag.py for tasks to queue
[2026-05-31T14:45:54.762+0000] {logging_mixin.py:188} INFO - [2026-05-31T14:45:54.762+0000] {dagbag.py:545} INFO - Filling up the DagBag from /opt/airflow/dags/retailco_dag.py
[2026-05-31T14:45:54.804+0000] {processor.py:840} INFO - DAG(s) 'retailco_master_pipeline' retrieved from /opt/airflow/dags/retailco_dag.py
[2026-05-31T14:45:54.845+0000] {logging_mixin.py:188} INFO - [2026-05-31T14:45:54.845+0000] {dag.py:3096} INFO - Sync 1 DAGs
[2026-05-31T14:45:54.879+0000] {logging_mixin.py:188} INFO - [2026-05-31T14:45:54.878+0000] {dag.py:3954} INFO - Setting next_dagrun for retailco_master_pipeline to 2026-05-31 00:00:00+00:00, run_after=2026-06-01 00:00:00+00:00
[2026-05-31T14:45:54.911+0000] {processor.py:183} INFO - Processing /opt/airflow/dags/retailco_dag.py took 0.163 seconds
[2026-05-31T14:46:25.157+0000] {processor.py:161} INFO - Started process (PID=580) to work on /opt/airflow/dags/retailco_dag.py
[2026-05-31T14:46:25.159+0000] {processor.py:830} INFO - Processing file /opt/airflow/dags/retailco_dag.py for tasks to queue
[2026-05-31T14:46:25.162+0000] {logging_mixin.py:188} INFO - [2026-05-31T14:46:25.161+0000] {dagbag.py:545} INFO - Filling up the DagBag from /opt/airflow/dags/retailco_dag.py
[2026-05-31T14:46:25.196+0000] {processor.py:840} INFO - DAG(s) 'retailco_master_pipeline' retrieved from /opt/airflow/dags/retailco_dag.py
[2026-05-31T14:46:25.246+0000] {logging_mixin.py:188} INFO - [2026-05-31T14:46:25.245+0000] {dag.py:3096} INFO - Sync 1 DAGs
[2026-05-31T14:46:25.280+0000] {logging_mixin.py:188} INFO - [2026-05-31T14:46:25.280+0000] {dag.py:3954} INFO - Setting next_dagrun for retailco_master_pipeline to 2026-05-31 00:00:00+00:00, run_after=2026-06-01 00:00:00+00:00
[2026-05-31T14:46:25.310+0000] {processor.py:183} INFO - Processing /opt/airflow/dags/retailco_dag.py took 0.160 seconds
[2026-05-31T14:46:55.699+0000] {processor.py:161} INFO - Started process (PID=585) to work on /opt/airflow/dags/retailco_dag.py
[2026-05-31T14:46:55.701+0000] {processor.py:830} INFO - Processing file /opt/airflow/dags/retailco_dag.py for tasks to queue
[2026-05-31T14:46:55.705+0000] {logging_mixin.py:188} INFO - [2026-05-31T14:46:55.704+0000] {dagbag.py:545} INFO - Filling up the DagBag from /opt/airflow/dags/retailco_dag.py
[2026-05-31T14:46:55.745+0000] {processor.py:840} INFO - DAG(s) 'retailco_master_pipeline' retrieved from /opt/airflow/dags/retailco_dag.py
[2026-05-31T14:46:55.785+0000] {logging_mixin.py:188} INFO - [2026-05-31T14:46:55.785+0000] {dag.py:3096} INFO - Sync 1 DAGs
[2026-05-31T14:46:55.823+0000] {logging_mixin.py:188} INFO - [2026-05-31T14:46:55.822+0000] {dag.py:3954} INFO - Setting next_dagrun for retailco_master_pipeline to 2026-05-31 00:00:00+00:00, run_after=2026-06-01 00:00:00+00:00
[2026-05-31T14:46:55.852+0000] {processor.py:183} INFO - Processing /opt/airflow/dags/retailco_dag.py took 0.159 seconds
[2026-05-31T14:47:26.033+0000] {processor.py:161} INFO - Started process (PID=593) to work on /opt/airflow/dags/retailco_dag.py
[2026-05-31T14:47:26.035+0000] {processor.py:830} INFO - Processing file /opt/airflow/dags/retailco_dag.py for tasks to queue
[2026-05-31T14:47:26.038+0000] {logging_mixin.py:188} INFO - [2026-05-31T14:47:26.037+0000] {dagbag.py:545} INFO - Filling up the DagBag from /opt/airflow/dags/retailco_dag.py
[2026-05-31T14:47:26.072+0000] {processor.py:840} INFO - DAG(s) 'retailco_master_pipeline' retrieved from /opt/airflow/dags/retailco_dag.py
[2026-05-31T14:47:26.117+0000] {logging_mixin.py:188} INFO - [2026-05-31T14:47:26.117+0000] {dag.py:3096} INFO - Sync 1 DAGs
[2026-05-31T14:47:26.146+0000] {logging_mixin.py:188} INFO - [2026-05-31T14:47:26.145+0000] {dag.py:3954} INFO - Setting next_dagrun for retailco_master_pipeline to 2026-05-31 00:00:00+00:00, run_after=2026-06-01 00:00:00+00:00
[2026-05-31T14:47:26.171+0000] {processor.py:183} INFO - Processing /opt/airflow/dags/retailco_dag.py took 0.148 seconds
[2026-05-31T14:47:56.531+0000] {processor.py:161} INFO - Started process (PID=609) to work on /opt/airflow/dags/retailco_dag.py
[2026-05-31T14:47:56.533+0000] {processor.py:830} INFO - Processing file /opt/airflow/dags/retailco_dag.py for tasks to queue
[2026-05-31T14:47:56.535+0000] {logging_mixin.py:188} INFO - [2026-05-31T14:47:56.534+0000] {dagbag.py:545} INFO - Filling up the DagBag from /opt/airflow/dags/retailco_dag.py
[2026-05-31T14:47:56.563+0000] {processor.py:840} INFO - DAG(s) 'retailco_master_pipeline' retrieved from /opt/airflow/dags/retailco_dag.py
[2026-05-31T14:47:56.599+0000] {logging_mixin.py:188} INFO - [2026-05-31T14:47:56.598+0000] {dag.py:3096} INFO - Sync 1 DAGs
[2026-05-31T14:47:56.633+0000] {logging_mixin.py:188} INFO - [2026-05-31T14:47:56.633+0000] {dag.py:3954} INFO - Setting next_dagrun for retailco_master_pipeline to 2026-05-31 00:00:00+00:00, run_after=2026-06-01 00:00:00+00:00
[2026-05-31T14:47:56.656+0000] {processor.py:183} INFO - Processing /opt/airflow/dags/retailco_dag.py took 0.131 seconds
[2026-05-31T14:48:26.940+0000] {processor.py:161} INFO - Started process (PID=614) to work on /opt/airflow/dags/retailco_dag.py
[2026-05-31T14:48:26.942+0000] {processor.py:830} INFO - Processing file /opt/airflow/dags/retailco_dag.py for tasks to queue
[2026-05-31T14:48:26.946+0000] {logging_mixin.py:188} INFO - [2026-05-31T14:48:26.945+0000] {dagbag.py:545} INFO - Filling up the DagBag from /opt/airflow/dags/retailco_dag.py
[2026-05-31T14:48:26.986+0000] {processor.py:840} INFO - DAG(s) 'retailco_master_pipeline' retrieved from /opt/airflow/dags/retailco_dag.py
[2026-05-31T14:48:27.038+0000] {logging_mixin.py:188} INFO - [2026-05-31T14:48:27.038+0000] {dag.py:3096} INFO - Sync 1 DAGs
[2026-05-31T14:48:27.078+0000] {logging_mixin.py:188} INFO - [2026-05-31T14:48:27.077+0000] {dag.py:3954} INFO - Setting next_dagrun for retailco_master_pipeline to 2026-05-31 00:00:00+00:00, run_after=2026-06-01 00:00:00+00:00
[2026-05-31T14:48:27.108+0000] {processor.py:183} INFO - Processing /opt/airflow/dags/retailco_dag.py took 0.177 seconds
[2026-05-31T14:48:57.313+0000] {processor.py:161} INFO - Started process (PID=619) to work on /opt/airflow/dags/retailco_dag.py
[2026-05-31T14:48:57.315+0000] {processor.py:830} INFO - Processing file /opt/airflow/dags/retailco_dag.py for tasks to queue
[2026-05-31T14:48:57.319+0000] {logging_mixin.py:188} INFO - [2026-05-31T14:48:57.318+0000] {dagbag.py:545} INFO - Filling up the DagBag from /opt/airflow/dags/retailco_dag.py
[2026-05-31T14:48:57.358+0000] {processor.py:840} INFO - DAG(s) 'retailco_master_pipeline' retrieved from /opt/airflow/dags/retailco_dag.py
[2026-05-31T14:48:57.404+0000] {logging_mixin.py:188} INFO - [2026-05-31T14:48:57.403+0000] {dag.py:3096} INFO - Sync 1 DAGs
[2026-05-31T14:48:57.435+0000] {logging_mixin.py:188} INFO - [2026-05-31T14:48:57.435+0000] {dag.py:3954} INFO - Setting next_dagrun for retailco_master_pipeline to 2026-05-31 00:00:00+00:00, run_after=2026-06-01 00:00:00+00:00
[2026-05-31T14:48:57.464+0000] {processor.py:183} INFO - Processing /opt/airflow/dags/retailco_dag.py took 0.161 seconds
[2026-05-31T14:49:27.612+0000] {processor.py:161} INFO - Started process (PID=624) to work on /opt/airflow/dags/retailco_dag.py
[2026-05-31T14:49:27.614+0000] {processor.py:830} INFO - Processing file /opt/airflow/dags/retailco_dag.py for tasks to queue
[2026-05-31T14:49:27.618+0000] {logging_mixin.py:188} INFO - [2026-05-31T14:49:27.617+0000] {dagbag.py:545} INFO - Filling up the DagBag from /opt/airflow/dags/retailco_dag.py
[2026-05-31T14:49:27.658+0000] {processor.py:840} INFO - DAG(s) 'retailco_master_pipeline' retrieved from /opt/airflow/dags/retailco_dag.py
[2026-05-31T14:49:27.699+0000] {logging_mixin.py:188} INFO - [2026-05-31T14:49:27.699+0000] {dag.py:3096} INFO - Sync 1 DAGs
[2026-05-31T14:49:27.727+0000] {logging_mixin.py:188} INFO - [2026-05-31T14:49:27.727+0000] {dag.py:3954} INFO - Setting next_dagrun for retailco_master_pipeline to 2026-05-31 00:00:00+00:00, run_after=2026-06-01 00:00:00+00:00
[2026-05-31T14:49:27.757+0000] {processor.py:183} INFO - Processing /opt/airflow/dags/retailco_dag.py took 0.152 seconds
[2026-05-31T14:49:58.037+0000] {processor.py:161} INFO - Started process (PID=629) to work on /opt/airflow/dags/retailco_dag.py
[2026-05-31T14:49:58.038+0000] {processor.py:830} INFO - Processing file /opt/airflow/dags/retailco_dag.py for tasks to queue
[2026-05-31T14:49:58.042+0000] {logging_mixin.py:188} INFO - [2026-05-31T14:49:58.041+0000] {dagbag.py:545} INFO - Filling up the DagBag from /opt/airflow/dags/retailco_dag.py
[2026-05-31T14:49:58.081+0000] {processor.py:840} INFO - DAG(s) 'retailco_master_pipeline' retrieved from /opt/airflow/dags/retailco_dag.py
[2026-05-31T14:49:58.120+0000] {logging_mixin.py:188} INFO - [2026-05-31T14:49:58.120+0000] {dag.py:3096} INFO - Sync 1 DAGs
[2026-05-31T14:49:58.151+0000] {logging_mixin.py:188} INFO - [2026-05-31T14:49:58.151+0000] {dag.py:3954} INFO - Setting next_dagrun for retailco_master_pipeline to 2026-05-31 00:00:00+00:00, run_after=2026-06-01 00:00:00+00:00
[2026-05-31T14:49:58.184+0000] {processor.py:183} INFO - Processing /opt/airflow/dags/retailco_dag.py took 0.155 seconds
[2026-05-31T14:50:28.288+0000] {processor.py:161} INFO - Started process (PID=634) to work on /opt/airflow/dags/retailco_dag.py
[2026-05-31T14:50:28.289+0000] {processor.py:830} INFO - Processing file /opt/airflow/dags/retailco_dag.py for tasks to queue
[2026-05-31T14:50:28.292+0000] {logging_mixin.py:188} INFO - [2026-05-31T14:50:28.292+0000] {dagbag.py:545} INFO - Filling up the DagBag from /opt/airflow/dags/retailco_dag.py
[2026-05-31T14:50:28.327+0000] {processor.py:840} INFO - DAG(s) 'retailco_master_pipeline' retrieved from /opt/airflow/dags/retailco_dag.py
[2026-05-31T14:50:28.377+0000] {logging_mixin.py:188} INFO - [2026-05-31T14:50:28.377+0000] {dag.py:3096} INFO - Sync 1 DAGs
[2026-05-31T14:50:28.416+0000] {logging_mixin.py:188} INFO - [2026-05-31T14:50:28.416+0000] {dag.py:3954} INFO - Setting next_dagrun for retailco_master_pipeline to 2026-05-31 00:00:00+00:00, run_after=2026-06-01 00:00:00+00:00
[2026-05-31T14:50:28.453+0000] {processor.py:183} INFO - Processing /opt/airflow/dags/retailco_dag.py took 0.173 seconds
[2026-05-31T14:50:58.719+0000] {processor.py:161} INFO - Started process (PID=639) to work on /opt/airflow/dags/retailco_dag.py
[2026-05-31T14:50:58.722+0000] {processor.py:830} INFO - Processing file /opt/airflow/dags/retailco_dag.py for tasks to queue
[2026-05-31T14:50:58.727+0000] {logging_mixin.py:188} INFO - [2026-05-31T14:50:58.726+0000] {dagbag.py:545} INFO - Filling up the DagBag from /opt/airflow/dags/retailco_dag.py
[2026-05-31T14:50:58.766+0000] {processor.py:840} INFO - DAG(s) 'retailco_master_pipeline' retrieved from /opt/airflow/dags/retailco_dag.py
[2026-05-31T14:50:58.806+0000] {logging_mixin.py:188} INFO - [2026-05-31T14:50:58.806+0000] {dag.py:3096} INFO - Sync 1 DAGs
[2026-05-31T14:50:58.834+0000] {logging_mixin.py:188} INFO - [2026-05-31T14:50:58.834+0000] {dag.py:3954} INFO - Setting next_dagrun for retailco_master_pipeline to 2026-05-31 00:00:00+00:00, run_after=2026-06-01 00:00:00+00:00
[2026-05-31T14:50:58.866+0000] {processor.py:183} INFO - Processing /opt/airflow/dags/retailco_dag.py took 0.155 seconds
[2026-05-31T14:51:29.023+0000] {processor.py:161} INFO - Started process (PID=644) to work on /opt/airflow/dags/retailco_dag.py
[2026-05-31T14:51:29.026+0000] {processor.py:830} INFO - Processing file /opt/airflow/dags/retailco_dag.py for tasks to queue
[2026-05-31T14:51:29.031+0000] {logging_mixin.py:188} INFO - [2026-05-31T14:51:29.031+0000] {dagbag.py:545} INFO - Filling up the DagBag from /opt/airflow/dags/retailco_dag.py
[2026-05-31T14:51:29.080+0000] {processor.py:840} INFO - DAG(s) 'retailco_master_pipeline' retrieved from /opt/airflow/dags/retailco_dag.py
[2026-05-31T14:51:29.128+0000] {logging_mixin.py:188} INFO - [2026-05-31T14:51:29.127+0000] {dag.py:3096} INFO - Sync 1 DAGs
[2026-05-31T14:51:29.163+0000] {logging_mixin.py:188} INFO - [2026-05-31T14:51:29.162+0000] {dag.py:3954} INFO - Setting next_dagrun for retailco_master_pipeline to 2026-05-31 00:00:00+00:00, run_after=2026-06-01 00:00:00+00:00
[2026-05-31T14:51:29.196+0000] {processor.py:183} INFO - Processing /opt/airflow/dags/retailco_dag.py took 0.186 seconds
[2026-05-31T14:51:59.361+0000] {processor.py:161} INFO - Started process (PID=663) to work on /opt/airflow/dags/retailco_dag.py
[2026-05-31T14:51:59.362+0000] {processor.py:830} INFO - Processing file /opt/airflow/dags/retailco_dag.py for tasks to queue
[2026-05-31T14:51:59.366+0000] {logging_mixin.py:188} INFO - [2026-05-31T14:51:59.365+0000] {dagbag.py:545} INFO - Filling up the DagBag from /opt/airflow/dags/retailco_dag.py
[2026-05-31T14:51:59.394+0000] {processor.py:840} INFO - DAG(s) 'retailco_master_pipeline' retrieved from /opt/airflow/dags/retailco_dag.py
[2026-05-31T14:51:59.431+0000] {logging_mixin.py:188} INFO - [2026-05-31T14:51:59.430+0000] {dag.py:3096} INFO - Sync 1 DAGs
[2026-05-31T14:51:59.458+0000] {logging_mixin.py:188} INFO - [2026-05-31T14:51:59.458+0000] {dag.py:3954} INFO - Setting next_dagrun for retailco_master_pipeline to 2026-05-31 00:00:00+00:00, run_after=2026-06-01 00:00:00+00:00
[2026-05-31T14:51:59.486+0000] {processor.py:183} INFO - Processing /opt/airflow/dags/retailco_dag.py took 0.131 seconds
[2026-05-31T14:52:29.741+0000] {processor.py:161} INFO - Started process (PID=668) to work on /opt/airflow/dags/retailco_dag.py
[2026-05-31T14:52:29.743+0000] {processor.py:830} INFO - Processing file /opt/airflow/dags/retailco_dag.py for tasks to queue
[2026-05-31T14:52:29.746+0000] {logging_mixin.py:188} INFO - [2026-05-31T14:52:29.746+0000] {dagbag.py:545} INFO - Filling up the DagBag from /opt/airflow/dags/retailco_dag.py
[2026-05-31T14:52:29.780+0000] {processor.py:840} INFO - DAG(s) 'retailco_master_pipeline' retrieved from /opt/airflow/dags/retailco_dag.py
[2026-05-31T14:52:29.818+0000] {logging_mixin.py:188} INFO - [2026-05-31T14:52:29.818+0000] {dag.py:3096} INFO - Sync 1 DAGs
[2026-05-31T14:52:29.848+0000] {logging_mixin.py:188} INFO - [2026-05-31T14:52:29.847+0000] {dag.py:3954} INFO - Setting next_dagrun for retailco_master_pipeline to 2026-05-31 00:00:00+00:00, run_after=2026-06-01 00:00:00+00:00
[2026-05-31T14:52:29.877+0000] {processor.py:183} INFO - Processing /opt/airflow/dags/retailco_dag.py took 0.144 seconds
[2026-05-31T14:53:00.124+0000] {processor.py:161} INFO - Started process (PID=673) to work on /opt/airflow/dags/retailco_dag.py
[2026-05-31T14:53:00.125+0000] {processor.py:830} INFO - Processing file /opt/airflow/dags/retailco_dag.py for tasks to queue
[2026-05-31T14:53:00.128+0000] {logging_mixin.py:188} INFO - [2026-05-31T14:53:00.128+0000] {dagbag.py:545} INFO - Filling up the DagBag from /opt/airflow/dags/retailco_dag.py
[2026-05-31T14:53:00.164+0000] {processor.py:840} INFO - DAG(s) 'retailco_master_pipeline' retrieved from /opt/airflow/dags/retailco_dag.py
[2026-05-31T14:53:00.199+0000] {logging_mixin.py:188} INFO - [2026-05-31T14:53:00.199+0000] {dag.py:3096} INFO - Sync 1 DAGs
[2026-05-31T14:53:00.227+0000] {logging_mixin.py:188} INFO - [2026-05-31T14:53:00.227+0000] {dag.py:3954} INFO - Setting next_dagrun for retailco_master_pipeline to 2026-05-31 00:00:00+00:00, run_after=2026-06-01 00:00:00+00:00
[2026-05-31T14:53:00.254+0000] {processor.py:183} INFO - Processing /opt/airflow/dags/retailco_dag.py took 0.138 seconds
[2026-05-31T14:53:30.482+0000] {processor.py:161} INFO - Started process (PID=678) to work on /opt/airflow/dags/retailco_dag.py
[2026-05-31T14:53:30.484+0000] {processor.py:830} INFO - Processing file /opt/airflow/dags/retailco_dag.py for tasks to queue
[2026-05-31T14:53:30.487+0000] {logging_mixin.py:188} INFO - [2026-05-31T14:53:30.486+0000] {dagbag.py:545} INFO - Filling up the DagBag from /opt/airflow/dags/retailco_dag.py
[2026-05-31T14:53:30.522+0000] {processor.py:840} INFO - DAG(s) 'retailco_master_pipeline' retrieved from /opt/airflow/dags/retailco_dag.py
[2026-05-31T14:53:30.557+0000] {logging_mixin.py:188} INFO - [2026-05-31T14:53:30.557+0000] {dag.py:3096} INFO - Sync 1 DAGs
[2026-05-31T14:53:30.583+0000] {logging_mixin.py:188} INFO - [2026-05-31T14:53:30.583+0000] {dag.py:3954} INFO - Setting next_dagrun for retailco_master_pipeline to 2026-05-31 00:00:00+00:00, run_after=2026-06-01 00:00:00+00:00
[2026-05-31T14:53:30.612+0000] {processor.py:183} INFO - Processing /opt/airflow/dags/retailco_dag.py took 0.136 seconds
[2026-05-31T14:54:00.863+0000] {processor.py:161} INFO - Started process (PID=683) to work on /opt/airflow/dags/retailco_dag.py
[2026-05-31T14:54:00.865+0000] {processor.py:830} INFO - Processing file /opt/airflow/dags/retailco_dag.py for tasks to queue
[2026-05-31T14:54:00.867+0000] {logging_mixin.py:188} INFO - [2026-05-31T14:54:00.867+0000] {dagbag.py:545} INFO - Filling up the DagBag from /opt/airflow/dags/retailco_dag.py
[2026-05-31T14:54:00.903+0000] {processor.py:840} INFO - DAG(s) 'retailco_master_pipeline' retrieved from /opt/airflow/dags/retailco_dag.py
[2026-05-31T14:54:00.937+0000] {logging_mixin.py:188} INFO - [2026-05-31T14:54:00.936+0000] {dag.py:3096} INFO - Sync 1 DAGs
[2026-05-31T14:54:00.964+0000] {logging_mixin.py:188} INFO - [2026-05-31T14:54:00.964+0000] {dag.py:3954} INFO - Setting next_dagrun for retailco_master_pipeline to 2026-05-31 00:00:00+00:00, run_after=2026-06-01 00:00:00+00:00
[2026-05-31T14:54:00.992+0000] {processor.py:183} INFO - Processing /opt/airflow/dags/retailco_dag.py took 0.135 seconds
[2026-05-31T14:54:31.250+0000] {processor.py:161} INFO - Started process (PID=688) to work on /opt/airflow/dags/retailco_dag.py
[2026-05-31T14:54:31.252+0000] {processor.py:830} INFO - Processing file /opt/airflow/dags/retailco_dag.py for tasks to queue
[2026-05-31T14:54:31.254+0000] {logging_mixin.py:188} INFO - [2026-05-31T14:54:31.253+0000] {dagbag.py:545} INFO - Filling up the DagBag from /opt/airflow/dags/retailco_dag.py
[2026-05-31T14:54:31.287+0000] {processor.py:840} INFO - DAG(s) 'retailco_master_pipeline' retrieved from /opt/airflow/dags/retailco_dag.py
[2026-05-31T14:54:31.320+0000] {logging_mixin.py:188} INFO - [2026-05-31T14:54:31.320+0000] {dag.py:3096} INFO - Sync 1 DAGs
[2026-05-31T14:54:31.347+0000] {logging_mixin.py:188} INFO - [2026-05-31T14:54:31.346+0000] {dag.py:3954} INFO - Setting next_dagrun for retailco_master_pipeline to 2026-05-31 00:00:00+00:00, run_after=2026-06-01 00:00:00+00:00
[2026-05-31T14:54:31.369+0000] {processor.py:183} INFO - Processing /opt/airflow/dags/retailco_dag.py took 0.127 seconds
[2026-05-31T14:55:01.738+0000] {processor.py:161} INFO - Started process (PID=693) to work on /opt/airflow/dags/retailco_dag.py
[2026-05-31T14:55:01.740+0000] {processor.py:830} INFO - Processing file /opt/airflow/dags/retailco_dag.py for tasks to queue
[2026-05-31T14:55:01.742+0000] {logging_mixin.py:188} INFO - [2026-05-31T14:55:01.742+0000] {dagbag.py:545} INFO - Filling up the DagBag from /opt/airflow/dags/retailco_dag.py
[2026-05-31T14:55:01.776+0000] {processor.py:840} INFO - DAG(s) 'retailco_master_pipeline' retrieved from /opt/airflow/dags/retailco_dag.py
[2026-05-31T14:55:01.811+0000] {logging_mixin.py:188} INFO - [2026-05-31T14:55:01.810+0000] {dag.py:3096} INFO - Sync 1 DAGs
[2026-05-31T14:55:01.834+0000] {logging_mixin.py:188} INFO - [2026-05-31T14:55:01.834+0000] {dag.py:3954} INFO - Setting next_dagrun for retailco_master_pipeline to 2026-05-31 00:00:00+00:00, run_after=2026-06-01 00:00:00+00:00
[2026-05-31T14:55:01.862+0000] {processor.py:183} INFO - Processing /opt/airflow/dags/retailco_dag.py took 0.132 seconds
[2026-05-31T14:55:32.055+0000] {processor.py:161} INFO - Started process (PID=698) to work on /opt/airflow/dags/retailco_dag.py
[2026-05-31T14:55:32.056+0000] {processor.py:830} INFO - Processing file /opt/airflow/dags/retailco_dag.py for tasks to queue
[2026-05-31T14:55:32.058+0000] {logging_mixin.py:188} INFO - [2026-05-31T14:55:32.058+0000] {dagbag.py:545} INFO - Filling up the DagBag from /opt/airflow/dags/retailco_dag.py
[2026-05-31T14:55:32.089+0000] {processor.py:840} INFO - DAG(s) 'retailco_master_pipeline' retrieved from /opt/airflow/dags/retailco_dag.py
[2026-05-31T14:55:32.125+0000] {logging_mixin.py:188} INFO - [2026-05-31T14:55:32.125+0000] {dag.py:3096} INFO - Sync 1 DAGs
[2026-05-31T14:55:32.150+0000] {logging_mixin.py:188} INFO - [2026-05-31T14:55:32.150+0000] {dag.py:3954} INFO - Setting next_dagrun for retailco_master_pipeline to 2026-05-31 00:00:00+00:00, run_after=2026-06-01 00:00:00+00:00
[2026-05-31T14:55:32.177+0000] {processor.py:183} INFO - Processing /opt/airflow/dags/retailco_dag.py took 0.129 seconds
[2026-05-31T14:56:02.440+0000] {processor.py:161} INFO - Started process (PID=728) to work on /opt/airflow/dags/retailco_dag.py
[2026-05-31T14:56:02.442+0000] {processor.py:830} INFO - Processing file /opt/airflow/dags/retailco_dag.py for tasks to queue
[2026-05-31T14:56:02.447+0000] {logging_mixin.py:188} INFO - [2026-05-31T14:56:02.446+0000] {dagbag.py:545} INFO - Filling up the DagBag from /opt/airflow/dags/retailco_dag.py
[2026-05-31T14:56:02.485+0000] {processor.py:840} INFO - DAG(s) 'retailco_master_pipeline' retrieved from /opt/airflow/dags/retailco_dag.py
[2026-05-31T14:56:02.527+0000] {logging_mixin.py:188} INFO - [2026-05-31T14:56:02.526+0000] {dag.py:3096} INFO - Sync 1 DAGs
[2026-05-31T14:56:02.555+0000] {logging_mixin.py:188} INFO - [2026-05-31T14:56:02.555+0000] {dag.py:3954} INFO - Setting next_dagrun for retailco_master_pipeline to 2026-05-31 00:00:00+00:00, run_after=2026-06-01 00:00:00+00:00
[2026-05-31T14:56:02.584+0000] {processor.py:183} INFO - Processing /opt/airflow/dags/retailco_dag.py took 0.158 seconds
[2026-05-31T14:56:32.794+0000] {processor.py:161} INFO - Started process (PID=771) to work on /opt/airflow/dags/retailco_dag.py
[2026-05-31T14:56:32.796+0000] {processor.py:830} INFO - Processing file /opt/airflow/dags/retailco_dag.py for tasks to queue
[2026-05-31T14:56:32.799+0000] {logging_mixin.py:188} INFO - [2026-05-31T14:56:32.798+0000] {dagbag.py:545} INFO - Filling up the DagBag from /opt/airflow/dags/retailco_dag.py
[2026-05-31T14:56:32.830+0000] {processor.py:840} INFO - DAG(s) 'retailco_master_pipeline' retrieved from /opt/airflow/dags/retailco_dag.py
[2026-05-31T14:56:32.865+0000] {logging_mixin.py:188} INFO - [2026-05-31T14:56:32.865+0000] {dag.py:3096} INFO - Sync 1 DAGs
[2026-05-31T14:56:32.889+0000] {logging_mixin.py:188} INFO - [2026-05-31T14:56:32.889+0000] {dag.py:3954} INFO - Setting next_dagrun for retailco_master_pipeline to 2026-05-31 00:00:00+00:00, run_after=2026-06-01 00:00:00+00:00
[2026-05-31T14:56:32.918+0000] {processor.py:183} INFO - Processing /opt/airflow/dags/retailco_dag.py took 0.131 seconds
[2026-05-31T14:57:03.277+0000] {processor.py:161} INFO - Started process (PID=776) to work on /opt/airflow/dags/retailco_dag.py
[2026-05-31T14:57:03.279+0000] {processor.py:830} INFO - Processing file /opt/airflow/dags/retailco_dag.py for tasks to queue
[2026-05-31T14:57:03.281+0000] {logging_mixin.py:188} INFO - [2026-05-31T14:57:03.281+0000] {dagbag.py:545} INFO - Filling up the DagBag from /opt/airflow/dags/retailco_dag.py
[2026-05-31T14:57:03.319+0000] {processor.py:840} INFO - DAG(s) 'retailco_master_pipeline' retrieved from /opt/airflow/dags/retailco_dag.py
[2026-05-31T14:57:03.354+0000] {logging_mixin.py:188} INFO - [2026-05-31T14:57:03.353+0000] {dag.py:3096} INFO - Sync 1 DAGs
[2026-05-31T14:57:03.385+0000] {logging_mixin.py:188} INFO - [2026-05-31T14:57:03.385+0000] {dag.py:3954} INFO - Setting next_dagrun for retailco_master_pipeline to 2026-05-31 00:00:00+00:00, run_after=2026-06-01 00:00:00+00:00
[2026-05-31T14:57:03.410+0000] {processor.py:183} INFO - Processing /opt/airflow/dags/retailco_dag.py took 0.141 seconds
[2026-05-31T14:57:33.686+0000] {processor.py:161} INFO - Started process (PID=781) to work on /opt/airflow/dags/retailco_dag.py
[2026-05-31T14:57:33.687+0000] {processor.py:830} INFO - Processing file /opt/airflow/dags/retailco_dag.py for tasks to queue
[2026-05-31T14:57:33.689+0000] {logging_mixin.py:188} INFO - [2026-05-31T14:57:33.689+0000] {dagbag.py:545} INFO - Filling up the DagBag from /opt/airflow/dags/retailco_dag.py
[2026-05-31T14:57:33.723+0000] {processor.py:840} INFO - DAG(s) 'retailco_master_pipeline' retrieved from /opt/airflow/dags/retailco_dag.py
[2026-05-31T14:57:33.758+0000] {logging_mixin.py:188} INFO - [2026-05-31T14:57:33.757+0000] {dag.py:3096} INFO - Sync 1 DAGs
[2026-05-31T14:57:33.781+0000] {logging_mixin.py:188} INFO - [2026-05-31T14:57:33.781+0000] {dag.py:3954} INFO - Setting next_dagrun for retailco_master_pipeline to 2026-05-31 00:00:00+00:00, run_after=2026-06-01 00:00:00+00:00
[2026-05-31T14:57:33.810+0000] {processor.py:183} INFO - Processing /opt/airflow/dags/retailco_dag.py took 0.131 seconds
[2026-05-31T14:58:04.213+0000] {processor.py:161} INFO - Started process (PID=786) to work on /opt/airflow/dags/retailco_dag.py
[2026-05-31T14:58:04.214+0000] {processor.py:830} INFO - Processing file /opt/airflow/dags/retailco_dag.py for tasks to queue
[2026-05-31T14:58:04.216+0000] {logging_mixin.py:188} INFO - [2026-05-31T14:58:04.215+0000] {dagbag.py:545} INFO - Filling up the DagBag from /opt/airflow/dags/retailco_dag.py
[2026-05-31T14:58:04.245+0000] {processor.py:840} INFO - DAG(s) 'retailco_master_pipeline' retrieved from /opt/airflow/dags/retailco_dag.py
[2026-05-31T14:58:04.278+0000] {logging_mixin.py:188} INFO - [2026-05-31T14:58:04.278+0000] {dag.py:3096} INFO - Sync 1 DAGs
[2026-05-31T14:58:04.305+0000] {logging_mixin.py:188} INFO - [2026-05-31T14:58:04.305+0000] {dag.py:3954} INFO - Setting next_dagrun for retailco_master_pipeline to 2026-05-31 00:00:00+00:00, run_after=2026-06-01 00:00:00+00:00
[2026-05-31T14:58:04.329+0000] {processor.py:183} INFO - Processing /opt/airflow/dags/retailco_dag.py took 0.122 seconds
[2026-05-31T14:58:34.712+0000] {processor.py:161} INFO - Started process (PID=791) to work on /opt/airflow/dags/retailco_dag.py
[2026-05-31T14:58:34.714+0000] {processor.py:830} INFO - Processing file /opt/airflow/dags/retailco_dag.py for tasks to queue
[2026-05-31T14:58:34.716+0000] {logging_mixin.py:188} INFO - [2026-05-31T14:58:34.715+0000] {dagbag.py:545} INFO - Filling up the DagBag from /opt/airflow/dags/retailco_dag.py
[2026-05-31T14:58:34.750+0000] {processor.py:840} INFO - DAG(s) 'retailco_master_pipeline' retrieved from /opt/airflow/dags/retailco_dag.py
[2026-05-31T14:58:34.785+0000] {logging_mixin.py:188} INFO - [2026-05-31T14:58:34.784+0000] {dag.py:3096} INFO - Sync 1 DAGs
[2026-05-31T14:58:34.810+0000] {logging_mixin.py:188} INFO - [2026-05-31T14:58:34.810+0000] {dag.py:3954} INFO - Setting next_dagrun for retailco_master_pipeline to 2026-05-31 00:00:00+00:00, run_after=2026-06-01 00:00:00+00:00
[2026-05-31T14:58:34.837+0000] {processor.py:183} INFO - Processing /opt/airflow/dags/retailco_dag.py took 0.132 seconds
[2026-05-31T14:59:05.201+0000] {processor.py:161} INFO - Started process (PID=796) to work on /opt/airflow/dags/retailco_dag.py
[2026-05-31T14:59:05.202+0000] {processor.py:830} INFO - Processing file /opt/airflow/dags/retailco_dag.py for tasks to queue
[2026-05-31T14:59:05.205+0000] {logging_mixin.py:188} INFO - [2026-05-31T14:59:05.204+0000] {dagbag.py:545} INFO - Filling up the DagBag from /opt/airflow/dags/retailco_dag.py
[2026-05-31T14:59:05.238+0000] {processor.py:840} INFO - DAG(s) 'retailco_master_pipeline' retrieved from /opt/airflow/dags/retailco_dag.py
[2026-05-31T14:59:05.274+0000] {logging_mixin.py:188} INFO - [2026-05-31T14:59:05.274+0000] {dag.py:3096} INFO - Sync 1 DAGs
[2026-05-31T14:59:05.299+0000] {logging_mixin.py:188} INFO - [2026-05-31T14:59:05.298+0000] {dag.py:3954} INFO - Setting next_dagrun for retailco_master_pipeline to 2026-05-31 00:00:00+00:00, run_after=2026-06-01 00:00:00+00:00
[2026-05-31T14:59:05.326+0000] {processor.py:183} INFO - Processing /opt/airflow/dags/retailco_dag.py took 0.131 seconds
[2026-05-31T14:59:35.663+0000] {processor.py:161} INFO - Started process (PID=801) to work on /opt/airflow/dags/retailco_dag.py
[2026-05-31T14:59:35.664+0000] {processor.py:830} INFO - Processing file /opt/airflow/dags/retailco_dag.py for tasks to queue
[2026-05-31T14:59:35.667+0000] {logging_mixin.py:188} INFO - [2026-05-31T14:59:35.666+0000] {dagbag.py:545} INFO - Filling up the DagBag from /opt/airflow/dags/retailco_dag.py
[2026-05-31T14:59:35.696+0000] {processor.py:840} INFO - DAG(s) 'retailco_master_pipeline' retrieved from /opt/airflow/dags/retailco_dag.py
[2026-05-31T14:59:35.728+0000] {logging_mixin.py:188} INFO - [2026-05-31T14:59:35.728+0000] {dag.py:3096} INFO - Sync 1 DAGs
[2026-05-31T14:59:35.752+0000] {logging_mixin.py:188} INFO - [2026-05-31T14:59:35.751+0000] {dag.py:3954} INFO - Setting next_dagrun for retailco_master_pipeline to 2026-05-31 00:00:00+00:00, run_after=2026-06-01 00:00:00+00:00
[2026-05-31T14:59:35.781+0000] {processor.py:183} INFO - Processing /opt/airflow/dags/retailco_dag.py took 0.123 seconds
[2026-05-31T15:00:06.173+0000] {processor.py:161} INFO - Started process (PID=806) to work on /opt/airflow/dags/retailco_dag.py
[2026-05-31T15:00:06.174+0000] {processor.py:830} INFO - Processing file /opt/airflow/dags/retailco_dag.py for tasks to queue
[2026-05-31T15:00:06.176+0000] {logging_mixin.py:188} INFO - [2026-05-31T15:00:06.176+0000] {dagbag.py:545} INFO - Filling up the DagBag from /opt/airflow/dags/retailco_dag.py
[2026-05-31T15:00:06.206+0000] {processor.py:840} INFO - DAG(s) 'retailco_master_pipeline' retrieved from /opt/airflow/dags/retailco_dag.py
[2026-05-31T15:00:06.240+0000] {logging_mixin.py:188} INFO - [2026-05-31T15:00:06.240+0000] {dag.py:3096} INFO - Sync 1 DAGs
[2026-05-31T15:00:06.264+0000] {logging_mixin.py:188} INFO - [2026-05-31T15:00:06.264+0000] {dag.py:3954} INFO - Setting next_dagrun for retailco_master_pipeline to 2026-05-31 00:00:00+00:00, run_after=2026-06-01 00:00:00+00:00
[2026-05-31T15:00:06.291+0000] {processor.py:183} INFO - Processing /opt/airflow/dags/retailco_dag.py took 0.124 seconds
[2026-05-31T15:00:36.649+0000] {processor.py:161} INFO - Started process (PID=811) to work on /opt/airflow/dags/retailco_dag.py
[2026-05-31T15:00:36.651+0000] {processor.py:830} INFO - Processing file /opt/airflow/dags/retailco_dag.py for tasks to queue
[2026-05-31T15:00:36.653+0000] {logging_mixin.py:188} INFO - [2026-05-31T15:00:36.653+0000] {dagbag.py:545} INFO - Filling up the DagBag from /opt/airflow/dags/retailco_dag.py
[2026-05-31T15:00:36.683+0000] {processor.py:840} INFO - DAG(s) 'retailco_master_pipeline' retrieved from /opt/airflow/dags/retailco_dag.py
[2026-05-31T15:00:36.718+0000] {logging_mixin.py:188} INFO - [2026-05-31T15:00:36.717+0000] {dag.py:3096} INFO - Sync 1 DAGs
[2026-05-31T15:00:36.743+0000] {logging_mixin.py:188} INFO - [2026-05-31T15:00:36.742+0000] {dag.py:3954} INFO - Setting next_dagrun for retailco_master_pipeline to 2026-05-31 00:00:00+00:00, run_after=2026-06-01 00:00:00+00:00
[2026-05-31T15:00:36.774+0000] {processor.py:183} INFO - Processing /opt/airflow/dags/retailco_dag.py took 0.131 seconds
[2026-05-31T15:01:07.163+0000] {processor.py:161} INFO - Started process (PID=816) to work on /opt/airflow/dags/retailco_dag.py
[2026-05-31T15:01:07.165+0000] {processor.py:830} INFO - Processing file /opt/airflow/dags/retailco_dag.py for tasks to queue
[2026-05-31T15:01:07.167+0000] {logging_mixin.py:188} INFO - [2026-05-31T15:01:07.167+0000] {dagbag.py:545} INFO - Filling up the DagBag from /opt/airflow/dags/retailco_dag.py
[2026-05-31T15:01:07.198+0000] {processor.py:840} INFO - DAG(s) 'retailco_master_pipeline' retrieved from /opt/airflow/dags/retailco_dag.py
[2026-05-31T15:01:07.236+0000] {logging_mixin.py:188} INFO - [2026-05-31T15:01:07.236+0000] {dag.py:3096} INFO - Sync 1 DAGs
[2026-05-31T15:01:07.263+0000] {logging_mixin.py:188} INFO - [2026-05-31T15:01:07.262+0000] {dag.py:3954} INFO - Setting next_dagrun for retailco_master_pipeline to 2026-05-31 00:00:00+00:00, run_after=2026-06-01 00:00:00+00:00
[2026-05-31T15:01:07.290+0000] {processor.py:183} INFO - Processing /opt/airflow/dags/retailco_dag.py took 0.133 seconds
[2026-05-31T15:01:37.685+0000] {processor.py:161} INFO - Started process (PID=821) to work on /opt/airflow/dags/retailco_dag.py
[2026-05-31T15:01:37.686+0000] {processor.py:830} INFO - Processing file /opt/airflow/dags/retailco_dag.py for tasks to queue
[2026-05-31T15:01:37.688+0000] {logging_mixin.py:188} INFO - [2026-05-31T15:01:37.688+0000] {dagbag.py:545} INFO - Filling up the DagBag from /opt/airflow/dags/retailco_dag.py
[2026-05-31T15:01:37.716+0000] {processor.py:840} INFO - DAG(s) 'retailco_master_pipeline' retrieved from /opt/airflow/dags/retailco_dag.py
[2026-05-31T15:01:37.751+0000] {logging_mixin.py:188} INFO - [2026-05-31T15:01:37.750+0000] {dag.py:3096} INFO - Sync 1 DAGs
[2026-05-31T15:01:37.776+0000] {logging_mixin.py:188} INFO - [2026-05-31T15:01:37.775+0000] {dag.py:3954} INFO - Setting next_dagrun for retailco_master_pipeline to 2026-05-31 00:00:00+00:00, run_after=2026-06-01 00:00:00+00:00
[2026-05-31T15:01:37.805+0000] {processor.py:183} INFO - Processing /opt/airflow/dags/retailco_dag.py took 0.126 seconds
[2026-05-31T15:02:08.176+0000] {processor.py:161} INFO - Started process (PID=826) to work on /opt/airflow/dags/retailco_dag.py
[2026-05-31T15:02:08.178+0000] {processor.py:830} INFO - Processing file /opt/airflow/dags/retailco_dag.py for tasks to queue
[2026-05-31T15:02:08.180+0000] {logging_mixin.py:188} INFO - [2026-05-31T15:02:08.179+0000] {dagbag.py:545} INFO - Filling up the DagBag from /opt/airflow/dags/retailco_dag.py
[2026-05-31T15:02:08.212+0000] {processor.py:840} INFO - DAG(s) 'retailco_master_pipeline' retrieved from /opt/airflow/dags/retailco_dag.py
[2026-05-31T15:02:08.247+0000] {logging_mixin.py:188} INFO - [2026-05-31T15:02:08.246+0000] {dag.py:3096} INFO - Sync 1 DAGs
[2026-05-31T15:02:08.273+0000] {logging_mixin.py:188} INFO - [2026-05-31T15:02:08.273+0000] {dag.py:3954} INFO - Setting next_dagrun for retailco_master_pipeline to 2026-05-31 00:00:00+00:00, run_after=2026-06-01 00:00:00+00:00
[2026-05-31T15:02:08.302+0000] {processor.py:183} INFO - Processing /opt/airflow/dags/retailco_dag.py took 0.133 seconds
[2026-05-31T15:02:38.855+0000] {processor.py:161} INFO - Started process (PID=831) to work on /opt/airflow/dags/retailco_dag.py
[2026-05-31T15:02:38.856+0000] {processor.py:830} INFO - Processing file /opt/airflow/dags/retailco_dag.py for tasks to queue
[2026-05-31T15:02:38.860+0000] {logging_mixin.py:188} INFO - [2026-05-31T15:02:38.858+0000] {dagbag.py:545} INFO - Filling up the DagBag from /opt/airflow/dags/retailco_dag.py
[2026-05-31T15:02:38.893+0000] {processor.py:840} INFO - DAG(s) 'retailco_master_pipeline' retrieved from /opt/airflow/dags/retailco_dag.py
[2026-05-31T15:02:38.948+0000] {logging_mixin.py:188} INFO - [2026-05-31T15:02:38.948+0000] {dag.py:3096} INFO - Sync 1 DAGs
[2026-05-31T15:02:39.019+0000] {logging_mixin.py:188} INFO - [2026-05-31T15:02:39.018+0000] {dag.py:3954} INFO - Setting next_dagrun for retailco_master_pipeline to 2026-05-31 00:00:00+00:00, run_after=2026-06-01 00:00:00+00:00
[2026-05-31T15:02:39.069+0000] {processor.py:183} INFO - Processing /opt/airflow/dags/retailco_dag.py took 0.223 seconds
[2026-05-31T15:03:09.433+0000] {processor.py:161} INFO - Started process (PID=836) to work on /opt/airflow/dags/retailco_dag.py
[2026-05-31T15:03:09.435+0000] {processor.py:830} INFO - Processing file /opt/airflow/dags/retailco_dag.py for tasks to queue
[2026-05-31T15:03:09.438+0000] {logging_mixin.py:188} INFO - [2026-05-31T15:03:09.437+0000] {dagbag.py:545} INFO - Filling up the DagBag from /opt/airflow/dags/retailco_dag.py
[2026-05-31T15:03:09.473+0000] {processor.py:840} INFO - DAG(s) 'retailco_master_pipeline' retrieved from /opt/airflow/dags/retailco_dag.py
[2026-05-31T15:03:09.506+0000] {logging_mixin.py:188} INFO - [2026-05-31T15:03:09.506+0000] {dag.py:3096} INFO - Sync 1 DAGs
[2026-05-31T15:03:09.533+0000] {logging_mixin.py:188} INFO - [2026-05-31T15:03:09.533+0000] {dag.py:3954} INFO - Setting next_dagrun for retailco_master_pipeline to 2026-05-31 00:00:00+00:00, run_after=2026-06-01 00:00:00+00:00
[2026-05-31T15:03:09.560+0000] {processor.py:183} INFO - Processing /opt/airflow/dags/retailco_dag.py took 0.134 seconds
[2026-05-31T15:03:40.027+0000] {processor.py:161} INFO - Started process (PID=841) to work on /opt/airflow/dags/retailco_dag.py
[2026-05-31T15:03:40.029+0000] {processor.py:830} INFO - Processing file /opt/airflow/dags/retailco_dag.py for tasks to queue
[2026-05-31T15:03:40.032+0000] {logging_mixin.py:188} INFO - [2026-05-31T15:03:40.031+0000] {dagbag.py:545} INFO - Filling up the DagBag from /opt/airflow/dags/retailco_dag.py
[2026-05-31T15:03:40.060+0000] {processor.py:840} INFO - DAG(s) 'retailco_master_pipeline' retrieved from /opt/airflow/dags/retailco_dag.py
[2026-05-31T15:03:40.101+0000] {logging_mixin.py:188} INFO - [2026-05-31T15:03:40.101+0000] {dag.py:3096} INFO - Sync 1 DAGs
[2026-05-31T15:03:40.128+0000] {logging_mixin.py:188} INFO - [2026-05-31T15:03:40.127+0000] {dag.py:3954} INFO - Setting next_dagrun for retailco_master_pipeline to 2026-05-31 00:00:00+00:00, run_after=2026-06-01 00:00:00+00:00
[2026-05-31T15:03:40.157+0000] {processor.py:183} INFO - Processing /opt/airflow/dags/retailco_dag.py took 0.139 seconds
[2026-05-31T15:04:10.553+0000] {processor.py:161} INFO - Started process (PID=846) to work on /opt/airflow/dags/retailco_dag.py
[2026-05-31T15:04:10.554+0000] {processor.py:830} INFO - Processing file /opt/airflow/dags/retailco_dag.py for tasks to queue
[2026-05-31T15:04:10.557+0000] {logging_mixin.py:188} INFO - [2026-05-31T15:04:10.556+0000] {dagbag.py:545} INFO - Filling up the DagBag from /opt/airflow/dags/retailco_dag.py
[2026-05-31T15:04:10.591+0000] {processor.py:840} INFO - DAG(s) 'retailco_master_pipeline' retrieved from /opt/airflow/dags/retailco_dag.py
[2026-05-31T15:04:10.625+0000] {logging_mixin.py:188} INFO - [2026-05-31T15:04:10.625+0000] {dag.py:3096} INFO - Sync 1 DAGs
[2026-05-31T15:04:10.647+0000] {logging_mixin.py:188} INFO - [2026-05-31T15:04:10.647+0000] {dag.py:3954} INFO - Setting next_dagrun for retailco_master_pipeline to 2026-05-31 00:00:00+00:00, run_after=2026-06-01 00:00:00+00:00
[2026-05-31T15:04:10.676+0000] {processor.py:183} INFO - Processing /opt/airflow/dags/retailco_dag.py took 0.130 seconds
[2026-05-31T15:04:41.145+0000] {processor.py:161} INFO - Started process (PID=851) to work on /opt/airflow/dags/retailco_dag.py
[2026-05-31T15:04:41.146+0000] {processor.py:830} INFO - Processing file /opt/airflow/dags/retailco_dag.py for tasks to queue
[2026-05-31T15:04:41.149+0000] {logging_mixin.py:188} INFO - [2026-05-31T15:04:41.149+0000] {dagbag.py:545} INFO - Filling up the DagBag from /opt/airflow/dags/retailco_dag.py
[2026-05-31T15:04:41.201+0000] {processor.py:840} INFO - DAG(s) 'retailco_master_pipeline' retrieved from /opt/airflow/dags/retailco_dag.py
[2026-05-31T15:04:41.235+0000] {logging_mixin.py:188} INFO - [2026-05-31T15:04:41.235+0000] {dag.py:3096} INFO - Sync 1 DAGs
[2026-05-31T15:04:41.264+0000] {logging_mixin.py:188} INFO - [2026-05-31T15:04:41.264+0000] {dag.py:3954} INFO - Setting next_dagrun for retailco_master_pipeline to 2026-05-31 00:00:00+00:00, run_after=2026-06-01 00:00:00+00:00
[2026-05-31T15:04:41.301+0000] {processor.py:183} INFO - Processing /opt/airflow/dags/retailco_dag.py took 0.164 seconds
[2026-05-31T15:05:11.878+0000] {processor.py:161} INFO - Started process (PID=856) to work on /opt/airflow/dags/retailco_dag.py
[2026-05-31T15:05:11.880+0000] {processor.py:830} INFO - Processing file /opt/airflow/dags/retailco_dag.py for tasks to queue
[2026-05-31T15:05:11.882+0000] {logging_mixin.py:188} INFO - [2026-05-31T15:05:11.882+0000] {dagbag.py:545} INFO - Filling up the DagBag from /opt/airflow/dags/retailco_dag.py
[2026-05-31T15:05:11.914+0000] {processor.py:840} INFO - DAG(s) 'retailco_master_pipeline' retrieved from /opt/airflow/dags/retailco_dag.py
[2026-05-31T15:05:11.948+0000] {logging_mixin.py:188} INFO - [2026-05-31T15:05:11.948+0000] {dag.py:3096} INFO - Sync 1 DAGs
[2026-05-31T15:05:11.971+0000] {logging_mixin.py:188} INFO - [2026-05-31T15:05:11.971+0000] {dag.py:3954} INFO - Setting next_dagrun for retailco_master_pipeline to 2026-05-31 00:00:00+00:00, run_after=2026-06-01 00:00:00+00:00
[2026-05-31T15:05:11.999+0000] {processor.py:183} INFO - Processing /opt/airflow/dags/retailco_dag.py took 0.127 seconds
[2026-05-31T15:05:42.358+0000] {processor.py:161} INFO - Started process (PID=861) to work on /opt/airflow/dags/retailco_dag.py
[2026-05-31T15:05:42.360+0000] {processor.py:830} INFO - Processing file /opt/airflow/dags/retailco_dag.py for tasks to queue
[2026-05-31T15:05:42.362+0000] {logging_mixin.py:188} INFO - [2026-05-31T15:05:42.362+0000] {dagbag.py:545} INFO - Filling up the DagBag from /opt/airflow/dags/retailco_dag.py
[2026-05-31T15:05:42.395+0000] {processor.py:840} INFO - DAG(s) 'retailco_master_pipeline' retrieved from /opt/airflow/dags/retailco_dag.py
[2026-05-31T15:05:42.429+0000] {logging_mixin.py:188} INFO - [2026-05-31T15:05:42.428+0000] {dag.py:3096} INFO - Sync 1 DAGs
[2026-05-31T15:05:42.457+0000] {logging_mixin.py:188} INFO - [2026-05-31T15:05:42.456+0000] {dag.py:3954} INFO - Setting next_dagrun for retailco_master_pipeline to 2026-05-31 00:00:00+00:00, run_after=2026-06-01 00:00:00+00:00
[2026-05-31T15:05:42.485+0000] {processor.py:183} INFO - Processing /opt/airflow/dags/retailco_dag.py took 0.134 seconds
[2026-05-31T15:06:13.000+0000] {processor.py:161} INFO - Started process (PID=866) to work on /opt/airflow/dags/retailco_dag.py
[2026-05-31T15:06:13.001+0000] {processor.py:830} INFO - Processing file /opt/airflow/dags/retailco_dag.py for tasks to queue
[2026-05-31T15:06:13.003+0000] {logging_mixin.py:188} INFO - [2026-05-31T15:06:13.003+0000] {dagbag.py:545} INFO - Filling up the DagBag from /opt/airflow/dags/retailco_dag.py
[2026-05-31T15:06:13.037+0000] {processor.py:840} INFO - DAG(s) 'retailco_master_pipeline' retrieved from /opt/airflow/dags/retailco_dag.py
[2026-05-31T15:06:13.070+0000] {logging_mixin.py:188} INFO - [2026-05-31T15:06:13.070+0000] {dag.py:3096} INFO - Sync 1 DAGs
[2026-05-31T15:06:13.098+0000] {logging_mixin.py:188} INFO - [2026-05-31T15:06:13.098+0000] {dag.py:3954} INFO - Setting next_dagrun for retailco_master_pipeline to 2026-05-31 00:00:00+00:00, run_after=2026-06-01 00:00:00+00:00
[2026-05-31T15:06:13.127+0000] {processor.py:183} INFO - Processing /opt/airflow/dags/retailco_dag.py took 0.135 seconds
[2026-05-31T15:06:43.393+0000] {processor.py:161} INFO - Started process (PID=871) to work on /opt/airflow/dags/retailco_dag.py
[2026-05-31T15:06:43.394+0000] {processor.py:830} INFO - Processing file /opt/airflow/dags/retailco_dag.py for tasks to queue
[2026-05-31T15:06:43.397+0000] {logging_mixin.py:188} INFO - [2026-05-31T15:06:43.396+0000] {dagbag.py:545} INFO - Filling up the DagBag from /opt/airflow/dags/retailco_dag.py
[2026-05-31T15:06:43.433+0000] {processor.py:840} INFO - DAG(s) 'retailco_master_pipeline' retrieved from /opt/airflow/dags/retailco_dag.py
[2026-05-31T15:06:43.476+0000] {logging_mixin.py:188} INFO - [2026-05-31T15:06:43.475+0000] {dag.py:3096} INFO - Sync 1 DAGs
[2026-05-31T15:06:43.509+0000] {logging_mixin.py:188} INFO - [2026-05-31T15:06:43.509+0000] {dag.py:3954} INFO - Setting next_dagrun for retailco_master_pipeline to 2026-05-31 00:00:00+00:00, run_after=2026-06-01 00:00:00+00:00
[2026-05-31T15:06:43.536+0000] {processor.py:183} INFO - Processing /opt/airflow/dags/retailco_dag.py took 0.153 seconds
[2026-05-31T15:07:13.761+0000] {processor.py:161} INFO - Started process (PID=876) to work on /opt/airflow/dags/retailco_dag.py
[2026-05-31T15:07:13.763+0000] {processor.py:830} INFO - Processing file /opt/airflow/dags/retailco_dag.py for tasks to queue
[2026-05-31T15:07:13.766+0000] {logging_mixin.py:188} INFO - [2026-05-31T15:07:13.765+0000] {dagbag.py:545} INFO - Filling up the DagBag from /opt/airflow/dags/retailco_dag.py
[2026-05-31T15:07:13.796+0000] {processor.py:840} INFO - DAG(s) 'retailco_master_pipeline' retrieved from /opt/airflow/dags/retailco_dag.py
[2026-05-31T15:07:13.831+0000] {logging_mixin.py:188} INFO - [2026-05-31T15:07:13.831+0000] {dag.py:3096} INFO - Sync 1 DAGs
[2026-05-31T15:07:13.856+0000] {logging_mixin.py:188} INFO - [2026-05-31T15:07:13.855+0000] {dag.py:3954} INFO - Setting next_dagrun for retailco_master_pipeline to 2026-05-31 00:00:00+00:00, run_after=2026-06-01 00:00:00+00:00
[2026-05-31T15:07:13.883+0000] {processor.py:183} INFO - Processing /opt/airflow/dags/retailco_dag.py took 0.129 seconds
[2026-05-31T15:07:44.172+0000] {processor.py:161} INFO - Started process (PID=881) to work on /opt/airflow/dags/retailco_dag.py
[2026-05-31T15:07:44.173+0000] {processor.py:830} INFO - Processing file /opt/airflow/dags/retailco_dag.py for tasks to queue
[2026-05-31T15:07:44.176+0000] {logging_mixin.py:188} INFO - [2026-05-31T15:07:44.175+0000] {dagbag.py:545} INFO - Filling up the DagBag from /opt/airflow/dags/retailco_dag.py
[2026-05-31T15:07:44.203+0000] {processor.py:840} INFO - DAG(s) 'retailco_master_pipeline' retrieved from /opt/airflow/dags/retailco_dag.py
[2026-05-31T15:07:44.238+0000] {logging_mixin.py:188} INFO - [2026-05-31T15:07:44.237+0000] {dag.py:3096} INFO - Sync 1 DAGs
[2026-05-31T15:07:44.266+0000] {logging_mixin.py:188} INFO - [2026-05-31T15:07:44.266+0000] {dag.py:3954} INFO - Setting next_dagrun for retailco_master_pipeline to 2026-05-31 00:00:00+00:00, run_after=2026-06-01 00:00:00+00:00
[2026-05-31T15:07:44.293+0000] {processor.py:183} INFO - Processing /opt/airflow/dags/retailco_dag.py took 0.128 seconds
[2026-05-31T15:08:14.513+0000] {processor.py:161} INFO - Started process (PID=886) to work on /opt/airflow/dags/retailco_dag.py
[2026-05-31T15:08:14.515+0000] {processor.py:830} INFO - Processing file /opt/airflow/dags/retailco_dag.py for tasks to queue
[2026-05-31T15:08:14.518+0000] {logging_mixin.py:188} INFO - [2026-05-31T15:08:14.517+0000] {dagbag.py:545} INFO - Filling up the DagBag from /opt/airflow/dags/retailco_dag.py
[2026-05-31T15:08:14.545+0000] {processor.py:840} INFO - DAG(s) 'retailco_master_pipeline' retrieved from /opt/airflow/dags/retailco_dag.py
[2026-05-31T15:08:14.581+0000] {logging_mixin.py:188} INFO - [2026-05-31T15:08:14.580+0000] {dag.py:3096} INFO - Sync 1 DAGs
[2026-05-31T15:08:14.606+0000] {logging_mixin.py:188} INFO - [2026-05-31T15:08:14.605+0000] {dag.py:3954} INFO - Setting next_dagrun for retailco_master_pipeline to 2026-05-31 00:00:00+00:00, run_after=2026-06-01 00:00:00+00:00
[2026-05-31T15:08:14.633+0000] {processor.py:183} INFO - Processing /opt/airflow/dags/retailco_dag.py took 0.130 seconds
[2026-05-31T15:08:44.952+0000] {processor.py:161} INFO - Started process (PID=891) to work on /opt/airflow/dags/retailco_dag.py
[2026-05-31T15:08:44.954+0000] {processor.py:830} INFO - Processing file /opt/airflow/dags/retailco_dag.py for tasks to queue
[2026-05-31T15:08:44.956+0000] {logging_mixin.py:188} INFO - [2026-05-31T15:08:44.955+0000] {dagbag.py:545} INFO - Filling up the DagBag from /opt/airflow/dags/retailco_dag.py
[2026-05-31T15:08:44.986+0000] {processor.py:840} INFO - DAG(s) 'retailco_master_pipeline' retrieved from /opt/airflow/dags/retailco_dag.py
[2026-05-31T15:08:45.024+0000] {logging_mixin.py:188} INFO - [2026-05-31T15:08:45.024+0000] {dag.py:3096} INFO - Sync 1 DAGs
[2026-05-31T15:08:45.050+0000] {logging_mixin.py:188} INFO - [2026-05-31T15:08:45.050+0000] {dag.py:3954} INFO - Setting next_dagrun for retailco_master_pipeline to 2026-05-31 00:00:00+00:00, run_after=2026-06-01 00:00:00+00:00
[2026-05-31T15:08:45.079+0000] {processor.py:183} INFO - Processing /opt/airflow/dags/retailco_dag.py took 0.132 seconds
[2026-05-31T15:09:15.292+0000] {processor.py:161} INFO - Started process (PID=896) to work on /opt/airflow/dags/retailco_dag.py
[2026-05-31T15:09:15.293+0000] {processor.py:830} INFO - Processing file /opt/airflow/dags/retailco_dag.py for tasks to queue
[2026-05-31T15:09:15.296+0000] {logging_mixin.py:188} INFO - [2026-05-31T15:09:15.295+0000] {dagbag.py:545} INFO - Filling up the DagBag from /opt/airflow/dags/retailco_dag.py
[2026-05-31T15:09:15.333+0000] {processor.py:840} INFO - DAG(s) 'retailco_master_pipeline' retrieved from /opt/airflow/dags/retailco_dag.py
[2026-05-31T15:09:15.378+0000] {logging_mixin.py:188} INFO - [2026-05-31T15:09:15.377+0000] {dag.py:3096} INFO - Sync 1 DAGs
[2026-05-31T15:09:15.408+0000] {logging_mixin.py:188} INFO - [2026-05-31T15:09:15.407+0000] {dag.py:3954} INFO - Setting next_dagrun for retailco_master_pipeline to 2026-05-31 00:00:00+00:00, run_after=2026-06-01 00:00:00+00:00
[2026-05-31T15:09:15.441+0000] {processor.py:183} INFO - Processing /opt/airflow/dags/retailco_dag.py took 0.159 seconds
[2026-05-31T15:09:45.878+0000] {processor.py:161} INFO - Started process (PID=901) to work on /opt/airflow/dags/retailco_dag.py
[2026-05-31T15:09:45.880+0000] {processor.py:830} INFO - Processing file /opt/airflow/dags/retailco_dag.py for tasks to queue
[2026-05-31T15:09:45.884+0000] {logging_mixin.py:188} INFO - [2026-05-31T15:09:45.884+0000] {dagbag.py:545} INFO - Filling up the DagBag from /opt/airflow/dags/retailco_dag.py
[2026-05-31T15:09:45.956+0000] {processor.py:840} INFO - DAG(s) 'retailco_master_pipeline' retrieved from /opt/airflow/dags/retailco_dag.py
[2026-05-31T15:09:46.031+0000] {logging_mixin.py:188} INFO - [2026-05-31T15:09:46.030+0000] {dag.py:3096} INFO - Sync 1 DAGs
[2026-05-31T15:09:46.074+0000] {logging_mixin.py:188} INFO - [2026-05-31T15:09:46.073+0000] {dag.py:3954} INFO - Setting next_dagrun for retailco_master_pipeline to 2026-05-31 00:00:00+00:00, run_after=2026-06-01 00:00:00+00:00
[2026-05-31T15:09:46.128+0000] {processor.py:183} INFO - Processing /opt/airflow/dags/retailco_dag.py took 0.266 seconds
[2026-05-31T15:10:16.536+0000] {processor.py:161} INFO - Started process (PID=906) to work on /opt/airflow/dags/retailco_dag.py
[2026-05-31T15:10:16.539+0000] {processor.py:830} INFO - Processing file /opt/airflow/dags/retailco_dag.py for tasks to queue
[2026-05-31T15:10:16.542+0000] {logging_mixin.py:188} INFO - [2026-05-31T15:10:16.542+0000] {dagbag.py:545} INFO - Filling up the DagBag from /opt/airflow/dags/retailco_dag.py
[2026-05-31T15:10:16.606+0000] {processor.py:840} INFO - DAG(s) 'retailco_master_pipeline' retrieved from /opt/airflow/dags/retailco_dag.py
[2026-05-31T15:10:16.678+0000] {logging_mixin.py:188} INFO - [2026-05-31T15:10:16.678+0000] {dag.py:3096} INFO - Sync 1 DAGs
[2026-05-31T15:10:16.717+0000] {logging_mixin.py:188} INFO - [2026-05-31T15:10:16.717+0000] {dag.py:3954} INFO - Setting next_dagrun for retailco_master_pipeline to 2026-05-31 00:00:00+00:00, run_after=2026-06-01 00:00:00+00:00
[2026-05-31T15:10:16.764+0000] {processor.py:183} INFO - Processing /opt/airflow/dags/retailco_dag.py took 0.240 seconds
[2026-05-31T15:10:47.159+0000] {processor.py:161} INFO - Started process (PID=911) to work on /opt/airflow/dags/retailco_dag.py
[2026-05-31T15:10:47.161+0000] {processor.py:830} INFO - Processing file /opt/airflow/dags/retailco_dag.py for tasks to queue
[2026-05-31T15:10:47.164+0000] {logging_mixin.py:188} INFO - [2026-05-31T15:10:47.163+0000] {dagbag.py:545} INFO - Filling up the DagBag from /opt/airflow/dags/retailco_dag.py
[2026-05-31T15:10:47.203+0000] {processor.py:840} INFO - DAG(s) 'retailco_master_pipeline' retrieved from /opt/airflow/dags/retailco_dag.py
[2026-05-31T15:10:47.241+0000] {logging_mixin.py:188} INFO - [2026-05-31T15:10:47.241+0000] {dag.py:3096} INFO - Sync 1 DAGs
[2026-05-31T15:10:47.271+0000] {logging_mixin.py:188} INFO - [2026-05-31T15:10:47.271+0000] {dag.py:3954} INFO - Setting next_dagrun for retailco_master_pipeline to 2026-05-31 00:00:00+00:00, run_after=2026-06-01 00:00:00+00:00
[2026-05-31T15:10:47.299+0000] {processor.py:183} INFO - Processing /opt/airflow/dags/retailco_dag.py took 0.146 seconds
[2026-05-31T15:11:17.554+0000] {processor.py:161} INFO - Started process (PID=916) to work on /opt/airflow/dags/retailco_dag.py
[2026-05-31T15:11:17.555+0000] {processor.py:830} INFO - Processing file /opt/airflow/dags/retailco_dag.py for tasks to queue
[2026-05-31T15:11:17.558+0000] {logging_mixin.py:188} INFO - [2026-05-31T15:11:17.557+0000] {dagbag.py:545} INFO - Filling up the DagBag from /opt/airflow/dags/retailco_dag.py
[2026-05-31T15:11:17.595+0000] {processor.py:840} INFO - DAG(s) 'retailco_master_pipeline' retrieved from /opt/airflow/dags/retailco_dag.py
[2026-05-31T15:11:17.631+0000] {logging_mixin.py:188} INFO - [2026-05-31T15:11:17.630+0000] {dag.py:3096} INFO - Sync 1 DAGs
[2026-05-31T15:11:17.674+0000] {logging_mixin.py:188} INFO - [2026-05-31T15:11:17.673+0000] {dag.py:3954} INFO - Setting next_dagrun for retailco_master_pipeline to 2026-05-31 00:00:00+00:00, run_after=2026-06-01 00:00:00+00:00
[2026-05-31T15:11:17.700+0000] {processor.py:183} INFO - Processing /opt/airflow/dags/retailco_dag.py took 0.154 seconds
[2026-05-31T15:11:48.010+0000] {processor.py:161} INFO - Started process (PID=921) to work on /opt/airflow/dags/retailco_dag.py
[2026-05-31T15:11:48.012+0000] {processor.py:830} INFO - Processing file /opt/airflow/dags/retailco_dag.py for tasks to queue
[2026-05-31T15:11:48.018+0000] {logging_mixin.py:188} INFO - [2026-05-31T15:11:48.017+0000] {dagbag.py:545} INFO - Filling up the DagBag from /opt/airflow/dags/retailco_dag.py
[2026-05-31T15:11:48.053+0000] {processor.py:840} INFO - DAG(s) 'retailco_master_pipeline' retrieved from /opt/airflow/dags/retailco_dag.py
[2026-05-31T15:11:48.092+0000] {logging_mixin.py:188} INFO - [2026-05-31T15:11:48.092+0000] {dag.py:3096} INFO - Sync 1 DAGs
[2026-05-31T15:11:48.118+0000] {logging_mixin.py:188} INFO - [2026-05-31T15:11:48.118+0000] {dag.py:3954} INFO - Setting next_dagrun for retailco_master_pipeline to 2026-05-31 00:00:00+00:00, run_after=2026-06-01 00:00:00+00:00
[2026-05-31T15:11:48.143+0000] {processor.py:183} INFO - Processing /opt/airflow/dags/retailco_dag.py took 0.141 seconds
[2026-05-31T15:12:18.493+0000] {processor.py:161} INFO - Started process (PID=926) to work on /opt/airflow/dags/retailco_dag.py
[2026-05-31T15:12:18.495+0000] {processor.py:830} INFO - Processing file /opt/airflow/dags/retailco_dag.py for tasks to queue
[2026-05-31T15:12:18.497+0000] {logging_mixin.py:188} INFO - [2026-05-31T15:12:18.497+0000] {dagbag.py:545} INFO - Filling up the DagBag from /opt/airflow/dags/retailco_dag.py
[2026-05-31T15:12:18.541+0000] {processor.py:840} INFO - DAG(s) 'retailco_master_pipeline' retrieved from /opt/airflow/dags/retailco_dag.py
[2026-05-31T15:12:18.581+0000] {logging_mixin.py:188} INFO - [2026-05-31T15:12:18.581+0000] {dag.py:3096} INFO - Sync 1 DAGs
[2026-05-31T15:12:18.612+0000] {logging_mixin.py:188} INFO - [2026-05-31T15:12:18.612+0000] {dag.py:3954} INFO - Setting next_dagrun for retailco_master_pipeline to 2026-05-31 00:00:00+00:00, run_after=2026-06-01 00:00:00+00:00
[2026-05-31T15:12:18.639+0000] {processor.py:183} INFO - Processing /opt/airflow/dags/retailco_dag.py took 0.154 seconds
[2026-05-31T15:12:48.948+0000] {processor.py:161} INFO - Started process (PID=931) to work on /opt/airflow/dags/retailco_dag.py
[2026-05-31T15:12:48.949+0000] {processor.py:830} INFO - Processing file /opt/airflow/dags/retailco_dag.py for tasks to queue
[2026-05-31T15:12:48.951+0000] {logging_mixin.py:188} INFO - [2026-05-31T15:12:48.950+0000] {dagbag.py:545} INFO - Filling up the DagBag from /opt/airflow/dags/retailco_dag.py
[2026-05-31T15:12:48.981+0000] {processor.py:840} INFO - DAG(s) 'retailco_master_pipeline' retrieved from /opt/airflow/dags/retailco_dag.py
[2026-05-31T15:12:49.023+0000] {logging_mixin.py:188} INFO - [2026-05-31T15:12:49.022+0000] {dag.py:3096} INFO - Sync 1 DAGs
[2026-05-31T15:12:49.059+0000] {logging_mixin.py:188} INFO - [2026-05-31T15:12:49.058+0000] {dag.py:3954} INFO - Setting next_dagrun for retailco_master_pipeline to 2026-05-31 00:00:00+00:00, run_after=2026-06-01 00:00:00+00:00
[2026-05-31T15:12:49.102+0000] {processor.py:183} INFO - Processing /opt/airflow/dags/retailco_dag.py took 0.161 seconds
[2026-05-31T15:13:19.327+0000] {processor.py:161} INFO - Started process (PID=936) to work on /opt/airflow/dags/retailco_dag.py
[2026-05-31T15:13:19.329+0000] {processor.py:830} INFO - Processing file /opt/airflow/dags/retailco_dag.py for tasks to queue
[2026-05-31T15:13:19.332+0000] {logging_mixin.py:188} INFO - [2026-05-31T15:13:19.331+0000] {dagbag.py:545} INFO - Filling up the DagBag from /opt/airflow/dags/retailco_dag.py
[2026-05-31T15:13:19.362+0000] {processor.py:840} INFO - DAG(s) 'retailco_master_pipeline' retrieved from /opt/airflow/dags/retailco_dag.py
[2026-05-31T15:13:19.403+0000] {logging_mixin.py:188} INFO - [2026-05-31T15:13:19.402+0000] {dag.py:3096} INFO - Sync 1 DAGs
[2026-05-31T15:13:19.442+0000] {logging_mixin.py:188} INFO - [2026-05-31T15:13:19.442+0000] {dag.py:3954} INFO - Setting next_dagrun for retailco_master_pipeline to 2026-05-31 00:00:00+00:00, run_after=2026-06-01 00:00:00+00:00
[2026-05-31T15:13:19.498+0000] {processor.py:183} INFO - Processing /opt/airflow/dags/retailco_dag.py took 0.179 seconds
[2026-05-31T15:13:50.035+0000] {processor.py:161} INFO - Started process (PID=941) to work on /opt/airflow/dags/retailco_dag.py
[2026-05-31T15:13:50.037+0000] {processor.py:830} INFO - Processing file /opt/airflow/dags/retailco_dag.py for tasks to queue
[2026-05-31T15:13:50.040+0000] {logging_mixin.py:188} INFO - [2026-05-31T15:13:50.039+0000] {dagbag.py:545} INFO - Filling up the DagBag from /opt/airflow/dags/retailco_dag.py
[2026-05-31T15:13:50.094+0000] {processor.py:840} INFO - DAG(s) 'retailco_master_pipeline' retrieved from /opt/airflow/dags/retailco_dag.py
[2026-05-31T15:13:50.147+0000] {logging_mixin.py:188} INFO - [2026-05-31T15:13:50.146+0000] {dag.py:3096} INFO - Sync 1 DAGs
[2026-05-31T15:13:50.200+0000] {logging_mixin.py:188} INFO - [2026-05-31T15:13:50.199+0000] {dag.py:3954} INFO - Setting next_dagrun for retailco_master_pipeline to 2026-05-31 00:00:00+00:00, run_after=2026-06-01 00:00:00+00:00
[2026-05-31T15:13:50.245+0000] {processor.py:183} INFO - Processing /opt/airflow/dags/retailco_dag.py took 0.231 seconds
[2026-05-31T15:14:20.617+0000] {processor.py:161} INFO - Started process (PID=946) to work on /opt/airflow/dags/retailco_dag.py
[2026-05-31T15:14:20.620+0000] {processor.py:830} INFO - Processing file /opt/airflow/dags/retailco_dag.py for tasks to queue
[2026-05-31T15:14:20.626+0000] {logging_mixin.py:188} INFO - [2026-05-31T15:14:20.625+0000] {dagbag.py:545} INFO - Filling up the DagBag from /opt/airflow/dags/retailco_dag.py
[2026-05-31T15:14:20.684+0000] {processor.py:840} INFO - DAG(s) 'retailco_master_pipeline' retrieved from /opt/airflow/dags/retailco_dag.py
[2026-05-31T15:14:20.758+0000] {logging_mixin.py:188} INFO - [2026-05-31T15:14:20.757+0000] {dag.py:3096} INFO - Sync 1 DAGs
[2026-05-31T15:14:20.790+0000] {logging_mixin.py:188} INFO - [2026-05-31T15:14:20.789+0000] {dag.py:3954} INFO - Setting next_dagrun for retailco_master_pipeline to 2026-05-31 00:00:00+00:00, run_after=2026-06-01 00:00:00+00:00
[2026-05-31T15:14:20.821+0000] {processor.py:183} INFO - Processing /opt/airflow/dags/retailco_dag.py took 0.229 seconds
[2026-05-31T15:14:51.081+0000] {processor.py:161} INFO - Started process (PID=951) to work on /opt/airflow/dags/retailco_dag.py
[2026-05-31T15:14:51.082+0000] {processor.py:830} INFO - Processing file /opt/airflow/dags/retailco_dag.py for tasks to queue
[2026-05-31T15:14:51.085+0000] {logging_mixin.py:188} INFO - [2026-05-31T15:14:51.085+0000] {dagbag.py:545} INFO - Filling up the DagBag from /opt/airflow/dags/retailco_dag.py
[2026-05-31T15:14:51.120+0000] {processor.py:840} INFO - DAG(s) 'retailco_master_pipeline' retrieved from /opt/airflow/dags/retailco_dag.py
[2026-05-31T15:14:51.161+0000] {logging_mixin.py:188} INFO - [2026-05-31T15:14:51.161+0000] {dag.py:3096} INFO - Sync 1 DAGs
[2026-05-31T15:14:51.189+0000] {logging_mixin.py:188} INFO - [2026-05-31T15:14:51.188+0000] {dag.py:3954} INFO - Setting next_dagrun for retailco_master_pipeline to 2026-05-31 00:00:00+00:00, run_after=2026-06-01 00:00:00+00:00
[2026-05-31T15:14:51.219+0000] {processor.py:183} INFO - Processing /opt/airflow/dags/retailco_dag.py took 0.146 seconds
[2026-05-31T15:15:21.391+0000] {processor.py:161} INFO - Started process (PID=956) to work on /opt/airflow/dags/retailco_dag.py
[2026-05-31T15:15:21.393+0000] {processor.py:830} INFO - Processing file /opt/airflow/dags/retailco_dag.py for tasks to queue
[2026-05-31T15:15:21.397+0000] {logging_mixin.py:188} INFO - [2026-05-31T15:15:21.397+0000] {dagbag.py:545} INFO - Filling up the DagBag from /opt/airflow/dags/retailco_dag.py
[2026-05-31T15:15:21.435+0000] {processor.py:840} INFO - DAG(s) 'retailco_master_pipeline' retrieved from /opt/airflow/dags/retailco_dag.py
[2026-05-31T15:15:21.484+0000] {logging_mixin.py:188} INFO - [2026-05-31T15:15:21.483+0000] {dag.py:3096} INFO - Sync 1 DAGs
[2026-05-31T15:15:21.515+0000] {logging_mixin.py:188} INFO - [2026-05-31T15:15:21.515+0000] {dag.py:3954} INFO - Setting next_dagrun for retailco_master_pipeline to 2026-05-31 00:00:00+00:00, run_after=2026-06-01 00:00:00+00:00
[2026-05-31T15:15:21.573+0000] {processor.py:183} INFO - Processing /opt/airflow/dags/retailco_dag.py took 0.192 seconds
[2026-05-31T15:15:51.753+0000] {processor.py:161} INFO - Started process (PID=961) to work on /opt/airflow/dags/retailco_dag.py
[2026-05-31T15:15:51.755+0000] {processor.py:830} INFO - Processing file /opt/airflow/dags/retailco_dag.py for tasks to queue
[2026-05-31T15:15:51.759+0000] {logging_mixin.py:188} INFO - [2026-05-31T15:15:51.758+0000] {dagbag.py:545} INFO - Filling up the DagBag from /opt/airflow/dags/retailco_dag.py
[2026-05-31T15:15:51.799+0000] {processor.py:840} INFO - DAG(s) 'retailco_master_pipeline' retrieved from /opt/airflow/dags/retailco_dag.py
[2026-05-31T15:15:51.844+0000] {logging_mixin.py:188} INFO - [2026-05-31T15:15:51.843+0000] {dag.py:3096} INFO - Sync 1 DAGs
[2026-05-31T15:15:51.877+0000] {logging_mixin.py:188} INFO - [2026-05-31T15:15:51.877+0000] {dag.py:3954} INFO - Setting next_dagrun for retailco_master_pipeline to 2026-05-31 00:00:00+00:00, run_after=2026-06-01 00:00:00+00:00
[2026-05-31T15:15:51.909+0000] {processor.py:183} INFO - Processing /opt/airflow/dags/retailco_dag.py took 0.179 seconds
[2026-05-31T15:16:22.085+0000] {processor.py:161} INFO - Started process (PID=966) to work on /opt/airflow/dags/retailco_dag.py
[2026-05-31T15:16:22.086+0000] {processor.py:830} INFO - Processing file /opt/airflow/dags/retailco_dag.py for tasks to queue
[2026-05-31T15:16:22.089+0000] {logging_mixin.py:188} INFO - [2026-05-31T15:16:22.089+0000] {dagbag.py:545} INFO - Filling up the DagBag from /opt/airflow/dags/retailco_dag.py
[2026-05-31T15:16:22.123+0000] {processor.py:840} INFO - DAG(s) 'retailco_master_pipeline' retrieved from /opt/airflow/dags/retailco_dag.py
[2026-05-31T15:16:22.162+0000] {logging_mixin.py:188} INFO - [2026-05-31T15:16:22.162+0000] {dag.py:3096} INFO - Sync 1 DAGs
[2026-05-31T15:16:22.192+0000] {logging_mixin.py:188} INFO - [2026-05-31T15:16:22.192+0000] {dag.py:3954} INFO - Setting next_dagrun for retailco_master_pipeline to 2026-05-31 00:00:00+00:00, run_after=2026-06-01 00:00:00+00:00
[2026-05-31T15:16:22.243+0000] {processor.py:183} INFO - Processing /opt/airflow/dags/retailco_dag.py took 0.164 seconds
[2026-05-31T15:16:52.390+0000] {processor.py:161} INFO - Started process (PID=971) to work on /opt/airflow/dags/retailco_dag.py
[2026-05-31T15:16:52.391+0000] {processor.py:830} INFO - Processing file /opt/airflow/dags/retailco_dag.py for tasks to queue
[2026-05-31T15:16:52.395+0000] {logging_mixin.py:188} INFO - [2026-05-31T15:16:52.395+0000] {dagbag.py:545} INFO - Filling up the DagBag from /opt/airflow/dags/retailco_dag.py
[2026-05-31T15:16:52.434+0000] {processor.py:840} INFO - DAG(s) 'retailco_master_pipeline' retrieved from /opt/airflow/dags/retailco_dag.py
[2026-05-31T15:16:52.483+0000] {logging_mixin.py:188} INFO - [2026-05-31T15:16:52.483+0000] {dag.py:3096} INFO - Sync 1 DAGs
[2026-05-31T15:16:52.513+0000] {logging_mixin.py:188} INFO - [2026-05-31T15:16:52.512+0000] {dag.py:3954} INFO - Setting next_dagrun for retailco_master_pipeline to 2026-05-31 00:00:00+00:00, run_after=2026-06-01 00:00:00+00:00
[2026-05-31T15:16:52.543+0000] {processor.py:183} INFO - Processing /opt/airflow/dags/retailco_dag.py took 0.161 seconds
[2026-05-31T15:17:22.762+0000] {processor.py:161} INFO - Started process (PID=976) to work on /opt/airflow/dags/retailco_dag.py
[2026-05-31T15:17:22.764+0000] {processor.py:830} INFO - Processing file /opt/airflow/dags/retailco_dag.py for tasks to queue
[2026-05-31T15:17:22.767+0000] {logging_mixin.py:188} INFO - [2026-05-31T15:17:22.766+0000] {dagbag.py:545} INFO - Filling up the DagBag from /opt/airflow/dags/retailco_dag.py
[2026-05-31T15:17:22.798+0000] {processor.py:840} INFO - DAG(s) 'retailco_master_pipeline' retrieved from /opt/airflow/dags/retailco_dag.py
[2026-05-31T15:17:22.838+0000] {logging_mixin.py:188} INFO - [2026-05-31T15:17:22.838+0000] {dag.py:3096} INFO - Sync 1 DAGs
[2026-05-31T15:17:22.865+0000] {logging_mixin.py:188} INFO - [2026-05-31T15:17:22.865+0000] {dag.py:3954} INFO - Setting next_dagrun for retailco_master_pipeline to 2026-05-31 00:00:00+00:00, run_after=2026-06-01 00:00:00+00:00
[2026-05-31T15:17:22.891+0000] {processor.py:183} INFO - Processing /opt/airflow/dags/retailco_dag.py took 0.135 seconds
[2026-05-31T15:17:53.093+0000] {processor.py:161} INFO - Started process (PID=981) to work on /opt/airflow/dags/retailco_dag.py
[2026-05-31T15:17:53.095+0000] {processor.py:830} INFO - Processing file /opt/airflow/dags/retailco_dag.py for tasks to queue
[2026-05-31T15:17:53.097+0000] {logging_mixin.py:188} INFO - [2026-05-31T15:17:53.097+0000] {dagbag.py:545} INFO - Filling up the DagBag from /opt/airflow/dags/retailco_dag.py
[2026-05-31T15:17:53.129+0000] {processor.py:840} INFO - DAG(s) 'retailco_master_pipeline' retrieved from /opt/airflow/dags/retailco_dag.py
[2026-05-31T15:17:53.164+0000] {logging_mixin.py:188} INFO - [2026-05-31T15:17:53.164+0000] {dag.py:3096} INFO - Sync 1 DAGs
[2026-05-31T15:17:53.193+0000] {logging_mixin.py:188} INFO - [2026-05-31T15:17:53.193+0000] {dag.py:3954} INFO - Setting next_dagrun for retailco_master_pipeline to 2026-05-31 00:00:00+00:00, run_after=2026-06-01 00:00:00+00:00
[2026-05-31T15:17:53.223+0000] {processor.py:183} INFO - Processing /opt/airflow/dags/retailco_dag.py took 0.137 seconds
[2026-05-31T15:18:23.581+0000] {processor.py:161} INFO - Started process (PID=986) to work on /opt/airflow/dags/retailco_dag.py
[2026-05-31T15:18:23.583+0000] {processor.py:830} INFO - Processing file /opt/airflow/dags/retailco_dag.py for tasks to queue
[2026-05-31T15:18:23.586+0000] {logging_mixin.py:188} INFO - [2026-05-31T15:18:23.586+0000] {dagbag.py:545} INFO - Filling up the DagBag from /opt/airflow/dags/retailco_dag.py
[2026-05-31T15:18:23.655+0000] {processor.py:840} INFO - DAG(s) 'retailco_master_pipeline' retrieved from /opt/airflow/dags/retailco_dag.py
[2026-05-31T15:18:23.728+0000] {logging_mixin.py:188} INFO - [2026-05-31T15:18:23.728+0000] {dag.py:3096} INFO - Sync 1 DAGs
[2026-05-31T15:18:23.776+0000] {logging_mixin.py:188} INFO - [2026-05-31T15:18:23.776+0000] {dag.py:3954} INFO - Setting next_dagrun for retailco_master_pipeline to 2026-05-31 00:00:00+00:00, run_after=2026-06-01 00:00:00+00:00
[2026-05-31T15:18:23.825+0000] {processor.py:183} INFO - Processing /opt/airflow/dags/retailco_dag.py took 0.259 seconds
[2026-05-31T15:18:54.008+0000] {processor.py:161} INFO - Started process (PID=991) to work on /opt/airflow/dags/retailco_dag.py
[2026-05-31T15:18:54.010+0000] {processor.py:830} INFO - Processing file /opt/airflow/dags/retailco_dag.py for tasks to queue
[2026-05-31T15:18:54.013+0000] {logging_mixin.py:188} INFO - [2026-05-31T15:18:54.013+0000] {dagbag.py:545} INFO - Filling up the DagBag from /opt/airflow/dags/retailco_dag.py
[2026-05-31T15:18:54.045+0000] {processor.py:840} INFO - DAG(s) 'retailco_master_pipeline' retrieved from /opt/airflow/dags/retailco_dag.py
[2026-05-31T15:18:54.081+0000] {logging_mixin.py:188} INFO - [2026-05-31T15:18:54.081+0000] {dag.py:3096} INFO - Sync 1 DAGs
[2026-05-31T15:18:54.104+0000] {logging_mixin.py:188} INFO - [2026-05-31T15:18:54.104+0000] {dag.py:3954} INFO - Setting next_dagrun for retailco_master_pipeline to 2026-05-31 00:00:00+00:00, run_after=2026-06-01 00:00:00+00:00
[2026-05-31T15:18:54.135+0000] {processor.py:183} INFO - Processing /opt/airflow/dags/retailco_dag.py took 0.135 seconds
[2026-05-31T15:19:24.243+0000] {processor.py:161} INFO - Started process (PID=996) to work on /opt/airflow/dags/retailco_dag.py
[2026-05-31T15:19:24.245+0000] {processor.py:830} INFO - Processing file /opt/airflow/dags/retailco_dag.py for tasks to queue
[2026-05-31T15:19:24.247+0000] {logging_mixin.py:188} INFO - [2026-05-31T15:19:24.247+0000] {dagbag.py:545} INFO - Filling up the DagBag from /opt/airflow/dags/retailco_dag.py
[2026-05-31T15:19:24.279+0000] {processor.py:840} INFO - DAG(s) 'retailco_master_pipeline' retrieved from /opt/airflow/dags/retailco_dag.py
[2026-05-31T15:19:24.320+0000] {logging_mixin.py:188} INFO - [2026-05-31T15:19:24.320+0000] {dag.py:3096} INFO - Sync 1 DAGs
[2026-05-31T15:19:24.347+0000] {logging_mixin.py:188} INFO - [2026-05-31T15:19:24.347+0000] {dag.py:3954} INFO - Setting next_dagrun for retailco_master_pipeline to 2026-05-31 00:00:00+00:00, run_after=2026-06-01 00:00:00+00:00
[2026-05-31T15:19:24.374+0000] {processor.py:183} INFO - Processing /opt/airflow/dags/retailco_dag.py took 0.138 seconds
[2026-05-31T15:19:54.722+0000] {processor.py:161} INFO - Started process (PID=1001) to work on /opt/airflow/dags/retailco_dag.py
[2026-05-31T15:19:54.723+0000] {processor.py:830} INFO - Processing file /opt/airflow/dags/retailco_dag.py for tasks to queue
[2026-05-31T15:19:54.727+0000] {logging_mixin.py:188} INFO - [2026-05-31T15:19:54.727+0000] {dagbag.py:545} INFO - Filling up the DagBag from /opt/airflow/dags/retailco_dag.py
[2026-05-31T15:19:54.759+0000] {processor.py:840} INFO - DAG(s) 'retailco_master_pipeline' retrieved from /opt/airflow/dags/retailco_dag.py
[2026-05-31T15:19:54.800+0000] {logging_mixin.py:188} INFO - [2026-05-31T15:19:54.799+0000] {dag.py:3096} INFO - Sync 1 DAGs
[2026-05-31T15:19:54.827+0000] {logging_mixin.py:188} INFO - [2026-05-31T15:19:54.827+0000] {dag.py:3954} INFO - Setting next_dagrun for retailco_master_pipeline to 2026-05-31 00:00:00+00:00, run_after=2026-06-01 00:00:00+00:00
[2026-05-31T15:19:54.852+0000] {processor.py:183} INFO - Processing /opt/airflow/dags/retailco_dag.py took 0.136 seconds
[2026-05-31T15:20:25.192+0000] {processor.py:161} INFO - Started process (PID=1006) to work on /opt/airflow/dags/retailco_dag.py
[2026-05-31T15:20:25.193+0000] {processor.py:830} INFO - Processing file /opt/airflow/dags/retailco_dag.py for tasks to queue
[2026-05-31T15:20:25.195+0000] {logging_mixin.py:188} INFO - [2026-05-31T15:20:25.195+0000] {dagbag.py:545} INFO - Filling up the DagBag from /opt/airflow/dags/retailco_dag.py
[2026-05-31T15:20:25.230+0000] {processor.py:840} INFO - DAG(s) 'retailco_master_pipeline' retrieved from /opt/airflow/dags/retailco_dag.py
[2026-05-31T15:20:25.270+0000] {logging_mixin.py:188} INFO - [2026-05-31T15:20:25.270+0000] {dag.py:3096} INFO - Sync 1 DAGs
[2026-05-31T15:20:25.302+0000] {logging_mixin.py:188} INFO - [2026-05-31T15:20:25.301+0000] {dag.py:3954} INFO - Setting next_dagrun for retailco_master_pipeline to 2026-05-31 00:00:00+00:00, run_after=2026-06-01 00:00:00+00:00
[2026-05-31T15:20:25.327+0000] {processor.py:183} INFO - Processing /opt/airflow/dags/retailco_dag.py took 0.143 seconds
[2026-05-31T15:20:55.643+0000] {processor.py:161} INFO - Started process (PID=1011) to work on /opt/airflow/dags/retailco_dag.py
[2026-05-31T15:20:55.645+0000] {processor.py:830} INFO - Processing file /opt/airflow/dags/retailco_dag.py for tasks to queue
[2026-05-31T15:20:55.647+0000] {logging_mixin.py:188} INFO - [2026-05-31T15:20:55.647+0000] {dagbag.py:545} INFO - Filling up the DagBag from /opt/airflow/dags/retailco_dag.py
[2026-05-31T15:20:55.679+0000] {processor.py:840} INFO - DAG(s) 'retailco_master_pipeline' retrieved from /opt/airflow/dags/retailco_dag.py
[2026-05-31T15:20:55.713+0000] {logging_mixin.py:188} INFO - [2026-05-31T15:20:55.713+0000] {dag.py:3096} INFO - Sync 1 DAGs
[2026-05-31T15:20:55.738+0000] {logging_mixin.py:188} INFO - [2026-05-31T15:20:55.737+0000] {dag.py:3954} INFO - Setting next_dagrun for retailco_master_pipeline to 2026-05-31 00:00:00+00:00, run_after=2026-06-01 00:00:00+00:00
[2026-05-31T15:20:55.769+0000] {processor.py:183} INFO - Processing /opt/airflow/dags/retailco_dag.py took 0.133 seconds
[2026-05-31T15:21:26.000+0000] {processor.py:161} INFO - Started process (PID=1016) to work on /opt/airflow/dags/retailco_dag.py
[2026-05-31T15:21:26.001+0000] {processor.py:830} INFO - Processing file /opt/airflow/dags/retailco_dag.py for tasks to queue
[2026-05-31T15:21:26.003+0000] {logging_mixin.py:188} INFO - [2026-05-31T15:21:26.003+0000] {dagbag.py:545} INFO - Filling up the DagBag from /opt/airflow/dags/retailco_dag.py
[2026-05-31T15:21:26.038+0000] {processor.py:840} INFO - DAG(s) 'retailco_master_pipeline' retrieved from /opt/airflow/dags/retailco_dag.py
[2026-05-31T15:21:26.075+0000] {logging_mixin.py:188} INFO - [2026-05-31T15:21:26.075+0000] {dag.py:3096} INFO - Sync 1 DAGs
[2026-05-31T15:21:26.102+0000] {logging_mixin.py:188} INFO - [2026-05-31T15:21:26.102+0000] {dag.py:3954} INFO - Setting next_dagrun for retailco_master_pipeline to 2026-05-31 00:00:00+00:00, run_after=2026-06-01 00:00:00+00:00
[2026-05-31T15:21:26.129+0000] {processor.py:183} INFO - Processing /opt/airflow/dags/retailco_dag.py took 0.135 seconds
[2026-05-31T15:21:56.416+0000] {processor.py:161} INFO - Started process (PID=1021) to work on /opt/airflow/dags/retailco_dag.py
[2026-05-31T15:21:56.417+0000] {processor.py:830} INFO - Processing file /opt/airflow/dags/retailco_dag.py for tasks to queue
[2026-05-31T15:21:56.420+0000] {logging_mixin.py:188} INFO - [2026-05-31T15:21:56.420+0000] {dagbag.py:545} INFO - Filling up the DagBag from /opt/airflow/dags/retailco_dag.py
[2026-05-31T15:21:56.449+0000] {processor.py:840} INFO - DAG(s) 'retailco_master_pipeline' retrieved from /opt/airflow/dags/retailco_dag.py
[2026-05-31T15:21:56.483+0000] {logging_mixin.py:188} INFO - [2026-05-31T15:21:56.483+0000] {dag.py:3096} INFO - Sync 1 DAGs
[2026-05-31T15:21:56.514+0000] {logging_mixin.py:188} INFO - [2026-05-31T15:21:56.514+0000] {dag.py:3954} INFO - Setting next_dagrun for retailco_master_pipeline to 2026-05-31 00:00:00+00:00, run_after=2026-06-01 00:00:00+00:00
[2026-05-31T15:21:56.539+0000] {processor.py:183} INFO - Processing /opt/airflow/dags/retailco_dag.py took 0.131 seconds
[2026-05-31T15:22:26.797+0000] {processor.py:161} INFO - Started process (PID=1026) to work on /opt/airflow/dags/retailco_dag.py
[2026-05-31T15:22:26.798+0000] {processor.py:830} INFO - Processing file /opt/airflow/dags/retailco_dag.py for tasks to queue
[2026-05-31T15:22:26.800+0000] {logging_mixin.py:188} INFO - [2026-05-31T15:22:26.800+0000] {dagbag.py:545} INFO - Filling up the DagBag from /opt/airflow/dags/retailco_dag.py
[2026-05-31T15:22:26.837+0000] {processor.py:840} INFO - DAG(s) 'retailco_master_pipeline' retrieved from /opt/airflow/dags/retailco_dag.py
[2026-05-31T15:22:26.873+0000] {logging_mixin.py:188} INFO - [2026-05-31T15:22:26.873+0000] {dag.py:3096} INFO - Sync 1 DAGs
[2026-05-31T15:22:26.898+0000] {logging_mixin.py:188} INFO - [2026-05-31T15:22:26.898+0000] {dag.py:3954} INFO - Setting next_dagrun for retailco_master_pipeline to 2026-05-31 00:00:00+00:00, run_after=2026-06-01 00:00:00+00:00
[2026-05-31T15:22:26.927+0000] {processor.py:183} INFO - Processing /opt/airflow/dags/retailco_dag.py took 0.137 seconds
[2026-05-31T15:22:57.114+0000] {processor.py:161} INFO - Started process (PID=1031) to work on /opt/airflow/dags/retailco_dag.py
[2026-05-31T15:22:57.117+0000] {processor.py:830} INFO - Processing file /opt/airflow/dags/retailco_dag.py for tasks to queue
[2026-05-31T15:22:57.119+0000] {logging_mixin.py:188} INFO - [2026-05-31T15:22:57.119+0000] {dagbag.py:545} INFO - Filling up the DagBag from /opt/airflow/dags/retailco_dag.py
[2026-05-31T15:22:57.154+0000] {processor.py:840} INFO - DAG(s) 'retailco_master_pipeline' retrieved from /opt/airflow/dags/retailco_dag.py
[2026-05-31T15:22:57.195+0000] {logging_mixin.py:188} INFO - [2026-05-31T15:22:57.195+0000] {dag.py:3096} INFO - Sync 1 DAGs
[2026-05-31T15:22:57.227+0000] {logging_mixin.py:188} INFO - [2026-05-31T15:22:57.227+0000] {dag.py:3954} INFO - Setting next_dagrun for retailco_master_pipeline to 2026-05-31 00:00:00+00:00, run_after=2026-06-01 00:00:00+00:00
[2026-05-31T15:22:57.262+0000] {processor.py:183} INFO - Processing /opt/airflow/dags/retailco_dag.py took 0.156 seconds
[2026-05-31T15:23:27.579+0000] {processor.py:161} INFO - Started process (PID=1036) to work on /opt/airflow/dags/retailco_dag.py
[2026-05-31T15:23:27.580+0000] {processor.py:830} INFO - Processing file /opt/airflow/dags/retailco_dag.py for tasks to queue
[2026-05-31T15:23:27.582+0000] {logging_mixin.py:188} INFO - [2026-05-31T15:23:27.582+0000] {dagbag.py:545} INFO - Filling up the DagBag from /opt/airflow/dags/retailco_dag.py
[2026-05-31T15:23:27.622+0000] {processor.py:840} INFO - DAG(s) 'retailco_master_pipeline' retrieved from /opt/airflow/dags/retailco_dag.py
[2026-05-31T15:23:27.660+0000] {logging_mixin.py:188} INFO - [2026-05-31T15:23:27.660+0000] {dag.py:3096} INFO - Sync 1 DAGs
[2026-05-31T15:23:27.685+0000] {logging_mixin.py:188} INFO - [2026-05-31T15:23:27.685+0000] {dag.py:3954} INFO - Setting next_dagrun for retailco_master_pipeline to 2026-05-31 00:00:00+00:00, run_after=2026-06-01 00:00:00+00:00
[2026-05-31T15:23:27.735+0000] {processor.py:183} INFO - Processing /opt/airflow/dags/retailco_dag.py took 0.163 seconds
[2026-05-31T15:23:57.863+0000] {processor.py:161} INFO - Started process (PID=1041) to work on /opt/airflow/dags/retailco_dag.py
[2026-05-31T15:23:57.864+0000] {processor.py:830} INFO - Processing file /opt/airflow/dags/retailco_dag.py for tasks to queue
[2026-05-31T15:23:57.867+0000] {logging_mixin.py:188} INFO - [2026-05-31T15:23:57.867+0000] {dagbag.py:545} INFO - Filling up the DagBag from /opt/airflow/dags/retailco_dag.py
[2026-05-31T15:23:57.898+0000] {processor.py:840} INFO - DAG(s) 'retailco_master_pipeline' retrieved from /opt/airflow/dags/retailco_dag.py
[2026-05-31T15:23:57.935+0000] {logging_mixin.py:188} INFO - [2026-05-31T15:23:57.935+0000] {dag.py:3096} INFO - Sync 1 DAGs
[2026-05-31T15:23:57.962+0000] {logging_mixin.py:188} INFO - [2026-05-31T15:23:57.961+0000] {dag.py:3954} INFO - Setting next_dagrun for retailco_master_pipeline to 2026-05-31 00:00:00+00:00, run_after=2026-06-01 00:00:00+00:00
[2026-05-31T15:23:57.991+0000] {processor.py:183} INFO - Processing /opt/airflow/dags/retailco_dag.py took 0.135 seconds
[2026-05-31T15:24:28.169+0000] {processor.py:161} INFO - Started process (PID=1046) to work on /opt/airflow/dags/retailco_dag.py
[2026-05-31T15:24:28.171+0000] {processor.py:830} INFO - Processing file /opt/airflow/dags/retailco_dag.py for tasks to queue
[2026-05-31T15:24:28.173+0000] {logging_mixin.py:188} INFO - [2026-05-31T15:24:28.173+0000] {dagbag.py:545} INFO - Filling up the DagBag from /opt/airflow/dags/retailco_dag.py
[2026-05-31T15:24:28.205+0000] {processor.py:840} INFO - DAG(s) 'retailco_master_pipeline' retrieved from /opt/airflow/dags/retailco_dag.py
[2026-05-31T15:24:28.244+0000] {logging_mixin.py:188} INFO - [2026-05-31T15:24:28.244+0000] {dag.py:3096} INFO - Sync 1 DAGs
[2026-05-31T15:24:28.273+0000] {logging_mixin.py:188} INFO - [2026-05-31T15:24:28.273+0000] {dag.py:3954} INFO - Setting next_dagrun for retailco_master_pipeline to 2026-05-31 00:00:00+00:00, run_after=2026-06-01 00:00:00+00:00
[2026-05-31T15:24:28.302+0000] {processor.py:183} INFO - Processing /opt/airflow/dags/retailco_dag.py took 0.141 seconds
[2026-05-31T15:24:58.784+0000] {processor.py:161} INFO - Started process (PID=1051) to work on /opt/airflow/dags/retailco_dag.py
[2026-05-31T15:24:58.789+0000] {processor.py:830} INFO - Processing file /opt/airflow/dags/retailco_dag.py for tasks to queue
[2026-05-31T15:24:58.796+0000] {logging_mixin.py:188} INFO - [2026-05-31T15:24:58.796+0000] {dagbag.py:545} INFO - Filling up the DagBag from /opt/airflow/dags/retailco_dag.py
[2026-05-31T15:24:58.915+0000] {processor.py:840} INFO - DAG(s) 'retailco_master_pipeline' retrieved from /opt/airflow/dags/retailco_dag.py
[2026-05-31T15:24:59.067+0000] {logging_mixin.py:188} INFO - [2026-05-31T15:24:59.066+0000] {dag.py:3096} INFO - Sync 1 DAGs
[2026-05-31T15:24:59.105+0000] {logging_mixin.py:188} INFO - [2026-05-31T15:24:59.105+0000] {dag.py:3954} INFO - Setting next_dagrun for retailco_master_pipeline to 2026-05-31 00:00:00+00:00, run_after=2026-06-01 00:00:00+00:00
[2026-05-31T15:24:59.164+0000] {processor.py:183} INFO - Processing /opt/airflow/dags/retailco_dag.py took 0.399 seconds
[2026-05-31T15:25:29.516+0000] {processor.py:161} INFO - Started process (PID=1056) to work on /opt/airflow/dags/retailco_dag.py
[2026-05-31T15:25:29.518+0000] {processor.py:830} INFO - Processing file /opt/airflow/dags/retailco_dag.py for tasks to queue
[2026-05-31T15:25:29.521+0000] {logging_mixin.py:188} INFO - [2026-05-31T15:25:29.521+0000] {dagbag.py:545} INFO - Filling up the DagBag from /opt/airflow/dags/retailco_dag.py
[2026-05-31T15:25:29.565+0000] {processor.py:840} INFO - DAG(s) 'retailco_master_pipeline' retrieved from /opt/airflow/dags/retailco_dag.py
[2026-05-31T15:25:29.602+0000] {logging_mixin.py:188} INFO - [2026-05-31T15:25:29.602+0000] {dag.py:3096} INFO - Sync 1 DAGs
[2026-05-31T15:25:29.625+0000] {logging_mixin.py:188} INFO - [2026-05-31T15:25:29.625+0000] {dag.py:3954} INFO - Setting next_dagrun for retailco_master_pipeline to 2026-05-31 00:00:00+00:00, run_after=2026-06-01 00:00:00+00:00
[2026-05-31T15:25:29.654+0000] {processor.py:183} INFO - Processing /opt/airflow/dags/retailco_dag.py took 0.151 seconds
[2026-05-31T15:25:59.815+0000] {processor.py:161} INFO - Started process (PID=1061) to work on /opt/airflow/dags/retailco_dag.py
[2026-05-31T15:25:59.816+0000] {processor.py:830} INFO - Processing file /opt/airflow/dags/retailco_dag.py for tasks to queue
[2026-05-31T15:25:59.818+0000] {logging_mixin.py:188} INFO - [2026-05-31T15:25:59.818+0000] {dagbag.py:545} INFO - Filling up the DagBag from /opt/airflow/dags/retailco_dag.py
[2026-05-31T15:25:59.855+0000] {processor.py:840} INFO - DAG(s) 'retailco_master_pipeline' retrieved from /opt/airflow/dags/retailco_dag.py
[2026-05-31T15:25:59.893+0000] {logging_mixin.py:188} INFO - [2026-05-31T15:25:59.893+0000] {dag.py:3096} INFO - Sync 1 DAGs
[2026-05-31T15:25:59.921+0000] {logging_mixin.py:188} INFO - [2026-05-31T15:25:59.920+0000] {dag.py:3954} INFO - Setting next_dagrun for retailco_master_pipeline to 2026-05-31 00:00:00+00:00, run_after=2026-06-01 00:00:00+00:00
[2026-05-31T15:25:59.946+0000] {processor.py:183} INFO - Processing /opt/airflow/dags/retailco_dag.py took 0.138 seconds
[2026-05-31T15:26:30.158+0000] {processor.py:161} INFO - Started process (PID=1066) to work on /opt/airflow/dags/retailco_dag.py
[2026-05-31T15:26:30.160+0000] {processor.py:830} INFO - Processing file /opt/airflow/dags/retailco_dag.py for tasks to queue
[2026-05-31T15:26:30.164+0000] {logging_mixin.py:188} INFO - [2026-05-31T15:26:30.163+0000] {dagbag.py:545} INFO - Filling up the DagBag from /opt/airflow/dags/retailco_dag.py
[2026-05-31T15:26:30.217+0000] {processor.py:840} INFO - DAG(s) 'retailco_master_pipeline' retrieved from /opt/airflow/dags/retailco_dag.py
[2026-05-31T15:26:30.279+0000] {logging_mixin.py:188} INFO - [2026-05-31T15:26:30.278+0000] {dag.py:3096} INFO - Sync 1 DAGs
[2026-05-31T15:26:30.309+0000] {logging_mixin.py:188} INFO - [2026-05-31T15:26:30.308+0000] {dag.py:3954} INFO - Setting next_dagrun for retailco_master_pipeline to 2026-05-31 00:00:00+00:00, run_after=2026-06-01 00:00:00+00:00
[2026-05-31T15:26:30.332+0000] {processor.py:183} INFO - Processing /opt/airflow/dags/retailco_dag.py took 0.189 seconds
[2026-05-31T15:27:00.636+0000] {processor.py:161} INFO - Started process (PID=1071) to work on /opt/airflow/dags/retailco_dag.py
[2026-05-31T15:27:00.637+0000] {processor.py:830} INFO - Processing file /opt/airflow/dags/retailco_dag.py for tasks to queue
[2026-05-31T15:27:00.640+0000] {logging_mixin.py:188} INFO - [2026-05-31T15:27:00.639+0000] {dagbag.py:545} INFO - Filling up the DagBag from /opt/airflow/dags/retailco_dag.py
[2026-05-31T15:27:00.673+0000] {processor.py:840} INFO - DAG(s) 'retailco_master_pipeline' retrieved from /opt/airflow/dags/retailco_dag.py
[2026-05-31T15:27:00.721+0000] {logging_mixin.py:188} INFO - [2026-05-31T15:27:00.721+0000] {dag.py:3096} INFO - Sync 1 DAGs
[2026-05-31T15:27:00.751+0000] {logging_mixin.py:188} INFO - [2026-05-31T15:27:00.751+0000] {dag.py:3954} INFO - Setting next_dagrun for retailco_master_pipeline to 2026-05-31 00:00:00+00:00, run_after=2026-06-01 00:00:00+00:00
[2026-05-31T15:27:00.778+0000] {processor.py:183} INFO - Processing /opt/airflow/dags/retailco_dag.py took 0.149 seconds
[2026-05-31T15:27:31.074+0000] {processor.py:161} INFO - Started process (PID=1076) to work on /opt/airflow/dags/retailco_dag.py
[2026-05-31T15:27:31.075+0000] {processor.py:830} INFO - Processing file /opt/airflow/dags/retailco_dag.py for tasks to queue
[2026-05-31T15:27:31.078+0000] {logging_mixin.py:188} INFO - [2026-05-31T15:27:31.077+0000] {dagbag.py:545} INFO - Filling up the DagBag from /opt/airflow/dags/retailco_dag.py
[2026-05-31T15:27:31.122+0000] {processor.py:840} INFO - DAG(s) 'retailco_master_pipeline' retrieved from /opt/airflow/dags/retailco_dag.py
[2026-05-31T15:27:31.162+0000] {logging_mixin.py:188} INFO - [2026-05-31T15:27:31.162+0000] {dag.py:3096} INFO - Sync 1 DAGs
[2026-05-31T15:27:31.188+0000] {logging_mixin.py:188} INFO - [2026-05-31T15:27:31.188+0000] {dag.py:3954} INFO - Setting next_dagrun for retailco_master_pipeline to 2026-05-31 00:00:00+00:00, run_after=2026-06-01 00:00:00+00:00
[2026-05-31T15:27:31.213+0000] {processor.py:183} INFO - Processing /opt/airflow/dags/retailco_dag.py took 0.145 seconds
[2026-05-31T15:28:01.478+0000] {processor.py:161} INFO - Started process (PID=1081) to work on /opt/airflow/dags/retailco_dag.py
[2026-05-31T15:28:01.480+0000] {processor.py:830} INFO - Processing file /opt/airflow/dags/retailco_dag.py for tasks to queue
[2026-05-31T15:28:01.482+0000] {logging_mixin.py:188} INFO - [2026-05-31T15:28:01.481+0000] {dagbag.py:545} INFO - Filling up the DagBag from /opt/airflow/dags/retailco_dag.py
[2026-05-31T15:28:01.513+0000] {processor.py:840} INFO - DAG(s) 'retailco_master_pipeline' retrieved from /opt/airflow/dags/retailco_dag.py
[2026-05-31T15:28:01.554+0000] {logging_mixin.py:188} INFO - [2026-05-31T15:28:01.554+0000] {dag.py:3096} INFO - Sync 1 DAGs
[2026-05-31T15:28:01.584+0000] {logging_mixin.py:188} INFO - [2026-05-31T15:28:01.583+0000] {dag.py:3954} INFO - Setting next_dagrun for retailco_master_pipeline to 2026-05-31 00:00:00+00:00, run_after=2026-06-01 00:00:00+00:00
[2026-05-31T15:28:01.614+0000] {processor.py:183} INFO - Processing /opt/airflow/dags/retailco_dag.py took 0.143 seconds
[2026-05-31T15:28:32.047+0000] {processor.py:161} INFO - Started process (PID=1086) to work on /opt/airflow/dags/retailco_dag.py
[2026-05-31T15:28:32.049+0000] {processor.py:830} INFO - Processing file /opt/airflow/dags/retailco_dag.py for tasks to queue
[2026-05-31T15:28:32.051+0000] {logging_mixin.py:188} INFO - [2026-05-31T15:28:32.051+0000] {dagbag.py:545} INFO - Filling up the DagBag from /opt/airflow/dags/retailco_dag.py
[2026-05-31T15:28:32.082+0000] {processor.py:840} INFO - DAG(s) 'retailco_master_pipeline' retrieved from /opt/airflow/dags/retailco_dag.py
[2026-05-31T15:28:32.119+0000] {logging_mixin.py:188} INFO - [2026-05-31T15:28:32.119+0000] {dag.py:3096} INFO - Sync 1 DAGs
[2026-05-31T15:28:32.148+0000] {logging_mixin.py:188} INFO - [2026-05-31T15:28:32.148+0000] {dag.py:3954} INFO - Setting next_dagrun for retailco_master_pipeline to 2026-05-31 00:00:00+00:00, run_after=2026-06-01 00:00:00+00:00
[2026-05-31T15:28:32.180+0000] {processor.py:183} INFO - Processing /opt/airflow/dags/retailco_dag.py took 0.141 seconds
[2026-05-31T15:29:02.502+0000] {processor.py:161} INFO - Started process (PID=1091) to work on /opt/airflow/dags/retailco_dag.py
[2026-05-31T15:29:02.503+0000] {processor.py:830} INFO - Processing file /opt/airflow/dags/retailco_dag.py for tasks to queue
[2026-05-31T15:29:02.506+0000] {logging_mixin.py:188} INFO - [2026-05-31T15:29:02.506+0000] {dagbag.py:545} INFO - Filling up the DagBag from /opt/airflow/dags/retailco_dag.py
[2026-05-31T15:29:02.548+0000] {processor.py:840} INFO - DAG(s) 'retailco_master_pipeline' retrieved from /opt/airflow/dags/retailco_dag.py
[2026-05-31T15:29:02.595+0000] {logging_mixin.py:188} INFO - [2026-05-31T15:29:02.594+0000] {dag.py:3096} INFO - Sync 1 DAGs
[2026-05-31T15:29:02.622+0000] {logging_mixin.py:188} INFO - [2026-05-31T15:29:02.622+0000] {dag.py:3954} INFO - Setting next_dagrun for retailco_master_pipeline to 2026-05-31 00:00:00+00:00, run_after=2026-06-01 00:00:00+00:00
[2026-05-31T15:29:02.656+0000] {processor.py:183} INFO - Processing /opt/airflow/dags/retailco_dag.py took 0.160 seconds
[2026-05-31T15:29:32.984+0000] {processor.py:161} INFO - Started process (PID=1096) to work on /opt/airflow/dags/retailco_dag.py
[2026-05-31T15:29:32.985+0000] {processor.py:830} INFO - Processing file /opt/airflow/dags/retailco_dag.py for tasks to queue
[2026-05-31T15:29:32.988+0000] {logging_mixin.py:188} INFO - [2026-05-31T15:29:32.987+0000] {dagbag.py:545} INFO - Filling up the DagBag from /opt/airflow/dags/retailco_dag.py
[2026-05-31T15:29:33.017+0000] {processor.py:840} INFO - DAG(s) 'retailco_master_pipeline' retrieved from /opt/airflow/dags/retailco_dag.py
[2026-05-31T15:29:33.053+0000] {logging_mixin.py:188} INFO - [2026-05-31T15:29:33.053+0000] {dag.py:3096} INFO - Sync 1 DAGs
[2026-05-31T15:29:33.077+0000] {logging_mixin.py:188} INFO - [2026-05-31T15:29:33.076+0000] {dag.py:3954} INFO - Setting next_dagrun for retailco_master_pipeline to 2026-05-31 00:00:00+00:00, run_after=2026-06-01 00:00:00+00:00
[2026-05-31T15:29:33.102+0000] {processor.py:183} INFO - Processing /opt/airflow/dags/retailco_dag.py took 0.126 seconds
[2026-05-31T15:30:03.636+0000] {processor.py:161} INFO - Started process (PID=1101) to work on /opt/airflow/dags/retailco_dag.py
[2026-05-31T15:30:03.637+0000] {processor.py:830} INFO - Processing file /opt/airflow/dags/retailco_dag.py for tasks to queue
[2026-05-31T15:30:03.640+0000] {logging_mixin.py:188} INFO - [2026-05-31T15:30:03.640+0000] {dagbag.py:545} INFO - Filling up the DagBag from /opt/airflow/dags/retailco_dag.py
[2026-05-31T15:30:03.673+0000] {processor.py:840} INFO - DAG(s) 'retailco_master_pipeline' retrieved from /opt/airflow/dags/retailco_dag.py
[2026-05-31T15:30:03.715+0000] {logging_mixin.py:188} INFO - [2026-05-31T15:30:03.715+0000] {dag.py:3096} INFO - Sync 1 DAGs
[2026-05-31T15:30:03.743+0000] {logging_mixin.py:188} INFO - [2026-05-31T15:30:03.743+0000] {dag.py:3954} INFO - Setting next_dagrun for retailco_master_pipeline to 2026-05-31 00:00:00+00:00, run_after=2026-06-01 00:00:00+00:00
[2026-05-31T15:30:03.773+0000] {processor.py:183} INFO - Processing /opt/airflow/dags/retailco_dag.py took 0.143 seconds
[2026-05-31T15:30:34.161+0000] {processor.py:161} INFO - Started process (PID=1106) to work on /opt/airflow/dags/retailco_dag.py
[2026-05-31T15:30:34.163+0000] {processor.py:830} INFO - Processing file /opt/airflow/dags/retailco_dag.py for tasks to queue
[2026-05-31T15:30:34.167+0000] {logging_mixin.py:188} INFO - [2026-05-31T15:30:34.166+0000] {dagbag.py:545} INFO - Filling up the DagBag from /opt/airflow/dags/retailco_dag.py
[2026-05-31T15:30:34.203+0000] {processor.py:840} INFO - DAG(s) 'retailco_master_pipeline' retrieved from /opt/airflow/dags/retailco_dag.py
[2026-05-31T15:30:34.241+0000] {logging_mixin.py:188} INFO - [2026-05-31T15:30:34.240+0000] {dag.py:3096} INFO - Sync 1 DAGs
[2026-05-31T15:30:34.267+0000] {logging_mixin.py:188} INFO - [2026-05-31T15:30:34.267+0000] {dag.py:3954} INFO - Setting next_dagrun for retailco_master_pipeline to 2026-05-31 00:00:00+00:00, run_after=2026-06-01 00:00:00+00:00
[2026-05-31T15:30:34.295+0000] {processor.py:183} INFO - Processing /opt/airflow/dags/retailco_dag.py took 0.146 seconds
[2026-05-31T15:31:04.644+0000] {processor.py:161} INFO - Started process (PID=1111) to work on /opt/airflow/dags/retailco_dag.py
[2026-05-31T15:31:04.645+0000] {processor.py:830} INFO - Processing file /opt/airflow/dags/retailco_dag.py for tasks to queue
[2026-05-31T15:31:04.648+0000] {logging_mixin.py:188} INFO - [2026-05-31T15:31:04.647+0000] {dagbag.py:545} INFO - Filling up the DagBag from /opt/airflow/dags/retailco_dag.py
[2026-05-31T15:31:04.677+0000] {processor.py:840} INFO - DAG(s) 'retailco_master_pipeline' retrieved from /opt/airflow/dags/retailco_dag.py
[2026-05-31T15:31:04.716+0000] {logging_mixin.py:188} INFO - [2026-05-31T15:31:04.715+0000] {dag.py:3096} INFO - Sync 1 DAGs
[2026-05-31T15:31:04.741+0000] {logging_mixin.py:188} INFO - [2026-05-31T15:31:04.741+0000] {dag.py:3954} INFO - Setting next_dagrun for retailco_master_pipeline to 2026-05-31 00:00:00+00:00, run_after=2026-06-01 00:00:00+00:00
[2026-05-31T15:31:04.771+0000] {processor.py:183} INFO - Processing /opt/airflow/dags/retailco_dag.py took 0.133 seconds
[2026-05-31T15:31:35.024+0000] {processor.py:161} INFO - Started process (PID=1116) to work on /opt/airflow/dags/retailco_dag.py
[2026-05-31T15:31:35.025+0000] {processor.py:830} INFO - Processing file /opt/airflow/dags/retailco_dag.py for tasks to queue
[2026-05-31T15:31:35.028+0000] {logging_mixin.py:188} INFO - [2026-05-31T15:31:35.027+0000] {dagbag.py:545} INFO - Filling up the DagBag from /opt/airflow/dags/retailco_dag.py
[2026-05-31T15:31:35.061+0000] {processor.py:840} INFO - DAG(s) 'retailco_master_pipeline' retrieved from /opt/airflow/dags/retailco_dag.py
[2026-05-31T15:31:35.099+0000] {logging_mixin.py:188} INFO - [2026-05-31T15:31:35.099+0000] {dag.py:3096} INFO - Sync 1 DAGs
[2026-05-31T15:31:35.127+0000] {logging_mixin.py:188} INFO - [2026-05-31T15:31:35.127+0000] {dag.py:3954} INFO - Setting next_dagrun for retailco_master_pipeline to 2026-05-31 00:00:00+00:00, run_after=2026-06-01 00:00:00+00:00
[2026-05-31T15:31:35.159+0000] {processor.py:183} INFO - Processing /opt/airflow/dags/retailco_dag.py took 0.142 seconds
[2026-05-31T15:32:05.521+0000] {processor.py:161} INFO - Started process (PID=1121) to work on /opt/airflow/dags/retailco_dag.py
[2026-05-31T15:32:05.523+0000] {processor.py:830} INFO - Processing file /opt/airflow/dags/retailco_dag.py for tasks to queue
[2026-05-31T15:32:05.526+0000] {logging_mixin.py:188} INFO - [2026-05-31T15:32:05.526+0000] {dagbag.py:545} INFO - Filling up the DagBag from /opt/airflow/dags/retailco_dag.py
[2026-05-31T15:32:05.568+0000] {processor.py:840} INFO - DAG(s) 'retailco_master_pipeline' retrieved from /opt/airflow/dags/retailco_dag.py
[2026-05-31T15:32:05.625+0000] {logging_mixin.py:188} INFO - [2026-05-31T15:32:05.625+0000] {dag.py:3096} INFO - Sync 1 DAGs
[2026-05-31T15:32:05.662+0000] {logging_mixin.py:188} INFO - [2026-05-31T15:32:05.662+0000] {dag.py:3954} INFO - Setting next_dagrun for retailco_master_pipeline to 2026-05-31 00:00:00+00:00, run_after=2026-06-01 00:00:00+00:00
[2026-05-31T15:32:05.690+0000] {processor.py:183} INFO - Processing /opt/airflow/dags/retailco_dag.py took 0.182 seconds
[2026-05-31T15:32:35.905+0000] {processor.py:161} INFO - Started process (PID=1126) to work on /opt/airflow/dags/retailco_dag.py
[2026-05-31T15:32:35.906+0000] {processor.py:830} INFO - Processing file /opt/airflow/dags/retailco_dag.py for tasks to queue
[2026-05-31T15:32:35.910+0000] {logging_mixin.py:188} INFO - [2026-05-31T15:32:35.910+0000] {dagbag.py:545} INFO - Filling up the DagBag from /opt/airflow/dags/retailco_dag.py
[2026-05-31T15:32:35.947+0000] {processor.py:840} INFO - DAG(s) 'retailco_master_pipeline' retrieved from /opt/airflow/dags/retailco_dag.py
[2026-05-31T15:32:35.982+0000] {logging_mixin.py:188} INFO - [2026-05-31T15:32:35.982+0000] {dag.py:3096} INFO - Sync 1 DAGs
[2026-05-31T15:32:36.005+0000] {logging_mixin.py:188} INFO - [2026-05-31T15:32:36.005+0000] {dag.py:3954} INFO - Setting next_dagrun for retailco_master_pipeline to 2026-05-31 00:00:00+00:00, run_after=2026-06-01 00:00:00+00:00
[2026-05-31T15:32:36.034+0000] {processor.py:183} INFO - Processing /opt/airflow/dags/retailco_dag.py took 0.135 seconds
[2026-05-31T15:33:06.450+0000] {processor.py:161} INFO - Started process (PID=1131) to work on /opt/airflow/dags/retailco_dag.py
[2026-05-31T15:33:06.451+0000] {processor.py:830} INFO - Processing file /opt/airflow/dags/retailco_dag.py for tasks to queue
[2026-05-31T15:33:06.454+0000] {logging_mixin.py:188} INFO - [2026-05-31T15:33:06.454+0000] {dagbag.py:545} INFO - Filling up the DagBag from /opt/airflow/dags/retailco_dag.py
[2026-05-31T15:33:06.492+0000] {processor.py:840} INFO - DAG(s) 'retailco_master_pipeline' retrieved from /opt/airflow/dags/retailco_dag.py
[2026-05-31T15:33:06.527+0000] {logging_mixin.py:188} INFO - [2026-05-31T15:33:06.526+0000] {dag.py:3096} INFO - Sync 1 DAGs
[2026-05-31T15:33:06.551+0000] {logging_mixin.py:188} INFO - [2026-05-31T15:33:06.550+0000] {dag.py:3954} INFO - Setting next_dagrun for retailco_master_pipeline to 2026-05-31 00:00:00+00:00, run_after=2026-06-01 00:00:00+00:00
[2026-05-31T15:33:06.579+0000] {processor.py:183} INFO - Processing /opt/airflow/dags/retailco_dag.py took 0.139 seconds
[2026-05-31T15:33:36.775+0000] {processor.py:161} INFO - Started process (PID=1136) to work on /opt/airflow/dags/retailco_dag.py
[2026-05-31T15:33:36.776+0000] {processor.py:830} INFO - Processing file /opt/airflow/dags/retailco_dag.py for tasks to queue
[2026-05-31T15:33:36.779+0000] {logging_mixin.py:188} INFO - [2026-05-31T15:33:36.779+0000] {dagbag.py:545} INFO - Filling up the DagBag from /opt/airflow/dags/retailco_dag.py
[2026-05-31T15:33:36.811+0000] {processor.py:840} INFO - DAG(s) 'retailco_master_pipeline' retrieved from /opt/airflow/dags/retailco_dag.py
[2026-05-31T15:33:36.850+0000] {logging_mixin.py:188} INFO - [2026-05-31T15:33:36.850+0000] {dag.py:3096} INFO - Sync 1 DAGs
[2026-05-31T15:33:36.888+0000] {logging_mixin.py:188} INFO - [2026-05-31T15:33:36.888+0000] {dag.py:3954} INFO - Setting next_dagrun for retailco_master_pipeline to 2026-05-31 00:00:00+00:00, run_after=2026-06-01 00:00:00+00:00
[2026-05-31T15:33:36.919+0000] {processor.py:183} INFO - Processing /opt/airflow/dags/retailco_dag.py took 0.150 seconds
[2026-05-31T15:34:07.317+0000] {processor.py:161} INFO - Started process (PID=1141) to work on /opt/airflow/dags/retailco_dag.py
[2026-05-31T15:34:07.319+0000] {processor.py:830} INFO - Processing file /opt/airflow/dags/retailco_dag.py for tasks to queue
[2026-05-31T15:34:07.321+0000] {logging_mixin.py:188} INFO - [2026-05-31T15:34:07.321+0000] {dagbag.py:545} INFO - Filling up the DagBag from /opt/airflow/dags/retailco_dag.py
[2026-05-31T15:34:07.353+0000] {processor.py:840} INFO - DAG(s) 'retailco_master_pipeline' retrieved from /opt/airflow/dags/retailco_dag.py
[2026-05-31T15:34:07.387+0000] {logging_mixin.py:188} INFO - [2026-05-31T15:34:07.387+0000] {dag.py:3096} INFO - Sync 1 DAGs
[2026-05-31T15:34:07.413+0000] {logging_mixin.py:188} INFO - [2026-05-31T15:34:07.413+0000] {dag.py:3954} INFO - Setting next_dagrun for retailco_master_pipeline to 2026-05-31 00:00:00+00:00, run_after=2026-06-01 00:00:00+00:00
[2026-05-31T15:34:07.439+0000] {processor.py:183} INFO - Processing /opt/airflow/dags/retailco_dag.py took 0.128 seconds
[2026-05-31T15:34:37.637+0000] {processor.py:161} INFO - Started process (PID=1146) to work on /opt/airflow/dags/retailco_dag.py
[2026-05-31T15:34:37.638+0000] {processor.py:830} INFO - Processing file /opt/airflow/dags/retailco_dag.py for tasks to queue
[2026-05-31T15:34:37.641+0000] {logging_mixin.py:188} INFO - [2026-05-31T15:34:37.641+0000] {dagbag.py:545} INFO - Filling up the DagBag from /opt/airflow/dags/retailco_dag.py
[2026-05-31T15:34:37.684+0000] {processor.py:840} INFO - DAG(s) 'retailco_master_pipeline' retrieved from /opt/airflow/dags/retailco_dag.py
[2026-05-31T15:34:37.721+0000] {logging_mixin.py:188} INFO - [2026-05-31T15:34:37.721+0000] {dag.py:3096} INFO - Sync 1 DAGs
[2026-05-31T15:34:37.748+0000] {logging_mixin.py:188} INFO - [2026-05-31T15:34:37.747+0000] {dag.py:3954} INFO - Setting next_dagrun for retailco_master_pipeline to 2026-05-31 00:00:00+00:00, run_after=2026-06-01 00:00:00+00:00
[2026-05-31T15:34:37.774+0000] {processor.py:183} INFO - Processing /opt/airflow/dags/retailco_dag.py took 0.144 seconds
[2026-05-31T15:35:08.158+0000] {processor.py:161} INFO - Started process (PID=1151) to work on /opt/airflow/dags/retailco_dag.py
[2026-05-31T15:35:08.159+0000] {processor.py:830} INFO - Processing file /opt/airflow/dags/retailco_dag.py for tasks to queue
[2026-05-31T15:35:08.161+0000] {logging_mixin.py:188} INFO - [2026-05-31T15:35:08.161+0000] {dagbag.py:545} INFO - Filling up the DagBag from /opt/airflow/dags/retailco_dag.py
[2026-05-31T15:35:08.190+0000] {processor.py:840} INFO - DAG(s) 'retailco_master_pipeline' retrieved from /opt/airflow/dags/retailco_dag.py
[2026-05-31T15:35:08.226+0000] {logging_mixin.py:188} INFO - [2026-05-31T15:35:08.226+0000] {dag.py:3096} INFO - Sync 1 DAGs
[2026-05-31T15:35:08.253+0000] {logging_mixin.py:188} INFO - [2026-05-31T15:35:08.253+0000] {dag.py:3954} INFO - Setting next_dagrun for retailco_master_pipeline to 2026-05-31 00:00:00+00:00, run_after=2026-06-01 00:00:00+00:00
[2026-05-31T15:35:08.280+0000] {processor.py:183} INFO - Processing /opt/airflow/dags/retailco_dag.py took 0.130 seconds
[2026-05-31T15:35:38.532+0000] {processor.py:161} INFO - Started process (PID=1156) to work on /opt/airflow/dags/retailco_dag.py
[2026-05-31T15:35:38.533+0000] {processor.py:830} INFO - Processing file /opt/airflow/dags/retailco_dag.py for tasks to queue
[2026-05-31T15:35:38.535+0000] {logging_mixin.py:188} INFO - [2026-05-31T15:35:38.535+0000] {dagbag.py:545} INFO - Filling up the DagBag from /opt/airflow/dags/retailco_dag.py
[2026-05-31T15:35:38.567+0000] {processor.py:840} INFO - DAG(s) 'retailco_master_pipeline' retrieved from /opt/airflow/dags/retailco_dag.py
[2026-05-31T15:35:38.602+0000] {logging_mixin.py:188} INFO - [2026-05-31T15:35:38.602+0000] {dag.py:3096} INFO - Sync 1 DAGs
[2026-05-31T15:35:38.631+0000] {logging_mixin.py:188} INFO - [2026-05-31T15:35:38.630+0000] {dag.py:3954} INFO - Setting next_dagrun for retailco_master_pipeline to 2026-05-31 00:00:00+00:00, run_after=2026-06-01 00:00:00+00:00
[2026-05-31T15:35:38.658+0000] {processor.py:183} INFO - Processing /opt/airflow/dags/retailco_dag.py took 0.134 seconds
[2026-05-31T15:36:08.933+0000] {processor.py:161} INFO - Started process (PID=1161) to work on /opt/airflow/dags/retailco_dag.py
[2026-05-31T15:36:08.935+0000] {processor.py:830} INFO - Processing file /opt/airflow/dags/retailco_dag.py for tasks to queue
[2026-05-31T15:36:08.937+0000] {logging_mixin.py:188} INFO - [2026-05-31T15:36:08.937+0000] {dagbag.py:545} INFO - Filling up the DagBag from /opt/airflow/dags/retailco_dag.py
[2026-05-31T15:36:08.969+0000] {processor.py:840} INFO - DAG(s) 'retailco_master_pipeline' retrieved from /opt/airflow/dags/retailco_dag.py
[2026-05-31T15:36:09.010+0000] {logging_mixin.py:188} INFO - [2026-05-31T15:36:09.010+0000] {dag.py:3096} INFO - Sync 1 DAGs
[2026-05-31T15:36:09.037+0000] {logging_mixin.py:188} INFO - [2026-05-31T15:36:09.036+0000] {dag.py:3954} INFO - Setting next_dagrun for retailco_master_pipeline to 2026-05-31 00:00:00+00:00, run_after=2026-06-01 00:00:00+00:00
[2026-05-31T15:36:09.064+0000] {processor.py:183} INFO - Processing /opt/airflow/dags/retailco_dag.py took 0.137 seconds
[2026-05-31T15:36:39.429+0000] {processor.py:161} INFO - Started process (PID=1166) to work on /opt/airflow/dags/retailco_dag.py
[2026-05-31T15:36:39.431+0000] {processor.py:830} INFO - Processing file /opt/airflow/dags/retailco_dag.py for tasks to queue
[2026-05-31T15:36:39.434+0000] {logging_mixin.py:188} INFO - [2026-05-31T15:36:39.433+0000] {dagbag.py:545} INFO - Filling up the DagBag from /opt/airflow/dags/retailco_dag.py
[2026-05-31T15:36:39.464+0000] {processor.py:840} INFO - DAG(s) 'retailco_master_pipeline' retrieved from /opt/airflow/dags/retailco_dag.py
[2026-05-31T15:36:39.498+0000] {logging_mixin.py:188} INFO - [2026-05-31T15:36:39.497+0000] {dag.py:3096} INFO - Sync 1 DAGs
[2026-05-31T15:36:39.522+0000] {logging_mixin.py:188} INFO - [2026-05-31T15:36:39.522+0000] {dag.py:3954} INFO - Setting next_dagrun for retailco_master_pipeline to 2026-05-31 00:00:00+00:00, run_after=2026-06-01 00:00:00+00:00
[2026-05-31T15:36:39.550+0000] {processor.py:183} INFO - Processing /opt/airflow/dags/retailco_dag.py took 0.126 seconds
[2026-05-31T15:37:09.718+0000] {processor.py:161} INFO - Started process (PID=1171) to work on /opt/airflow/dags/retailco_dag.py
[2026-05-31T15:37:09.719+0000] {processor.py:830} INFO - Processing file /opt/airflow/dags/retailco_dag.py for tasks to queue
[2026-05-31T15:37:09.721+0000] {logging_mixin.py:188} INFO - [2026-05-31T15:37:09.721+0000] {dagbag.py:545} INFO - Filling up the DagBag from /opt/airflow/dags/retailco_dag.py
[2026-05-31T15:37:09.751+0000] {processor.py:840} INFO - DAG(s) 'retailco_master_pipeline' retrieved from /opt/airflow/dags/retailco_dag.py
[2026-05-31T15:37:09.793+0000] {logging_mixin.py:188} INFO - [2026-05-31T15:37:09.793+0000] {dag.py:3096} INFO - Sync 1 DAGs
[2026-05-31T15:37:09.820+0000] {logging_mixin.py:188} INFO - [2026-05-31T15:37:09.820+0000] {dag.py:3954} INFO - Setting next_dagrun for retailco_master_pipeline to 2026-05-31 00:00:00+00:00, run_after=2026-06-01 00:00:00+00:00
[2026-05-31T15:37:09.853+0000] {processor.py:183} INFO - Processing /opt/airflow/dags/retailco_dag.py took 0.141 seconds
[2026-05-31T15:37:40.267+0000] {processor.py:161} INFO - Started process (PID=1176) to work on /opt/airflow/dags/retailco_dag.py
[2026-05-31T15:37:40.268+0000] {processor.py:830} INFO - Processing file /opt/airflow/dags/retailco_dag.py for tasks to queue
[2026-05-31T15:37:40.270+0000] {logging_mixin.py:188} INFO - [2026-05-31T15:37:40.270+0000] {dagbag.py:545} INFO - Filling up the DagBag from /opt/airflow/dags/retailco_dag.py
[2026-05-31T15:37:40.300+0000] {processor.py:840} INFO - DAG(s) 'retailco_master_pipeline' retrieved from /opt/airflow/dags/retailco_dag.py
[2026-05-31T15:37:40.336+0000] {logging_mixin.py:188} INFO - [2026-05-31T15:37:40.336+0000] {dag.py:3096} INFO - Sync 1 DAGs
[2026-05-31T15:37:40.364+0000] {logging_mixin.py:188} INFO - [2026-05-31T15:37:40.364+0000] {dag.py:3954} INFO - Setting next_dagrun for retailco_master_pipeline to 2026-05-31 00:00:00+00:00, run_after=2026-06-01 00:00:00+00:00
[2026-05-31T15:37:40.399+0000] {processor.py:183} INFO - Processing /opt/airflow/dags/retailco_dag.py took 0.139 seconds
[2026-05-31T15:38:10.632+0000] {processor.py:161} INFO - Started process (PID=1181) to work on /opt/airflow/dags/retailco_dag.py
[2026-05-31T15:38:10.633+0000] {processor.py:830} INFO - Processing file /opt/airflow/dags/retailco_dag.py for tasks to queue
[2026-05-31T15:38:10.635+0000] {logging_mixin.py:188} INFO - [2026-05-31T15:38:10.635+0000] {dagbag.py:545} INFO - Filling up the DagBag from /opt/airflow/dags/retailco_dag.py
[2026-05-31T15:38:10.687+0000] {processor.py:840} INFO - DAG(s) 'retailco_master_pipeline' retrieved from /opt/airflow/dags/retailco_dag.py
[2026-05-31T15:38:10.748+0000] {logging_mixin.py:188} INFO - [2026-05-31T15:38:10.748+0000] {dag.py:3096} INFO - Sync 1 DAGs
[2026-05-31T15:38:10.794+0000] {logging_mixin.py:188} INFO - [2026-05-31T15:38:10.793+0000] {dag.py:3954} INFO - Setting next_dagrun for retailco_master_pipeline to 2026-05-31 00:00:00+00:00, run_after=2026-06-01 00:00:00+00:00
[2026-05-31T15:38:10.839+0000] {processor.py:183} INFO - Processing /opt/airflow/dags/retailco_dag.py took 0.215 seconds
[2026-05-31T15:38:41.125+0000] {processor.py:161} INFO - Started process (PID=1186) to work on /opt/airflow/dags/retailco_dag.py
[2026-05-31T15:38:41.127+0000] {processor.py:830} INFO - Processing file /opt/airflow/dags/retailco_dag.py for tasks to queue
[2026-05-31T15:38:41.131+0000] {logging_mixin.py:188} INFO - [2026-05-31T15:38:41.130+0000] {dagbag.py:545} INFO - Filling up the DagBag from /opt/airflow/dags/retailco_dag.py
[2026-05-31T15:38:41.166+0000] {processor.py:840} INFO - DAG(s) 'retailco_master_pipeline' retrieved from /opt/airflow/dags/retailco_dag.py
[2026-05-31T15:38:41.203+0000] {logging_mixin.py:188} INFO - [2026-05-31T15:38:41.202+0000] {dag.py:3096} INFO - Sync 1 DAGs
[2026-05-31T15:38:41.227+0000] {logging_mixin.py:188} INFO - [2026-05-31T15:38:41.226+0000] {dag.py:3954} INFO - Setting next_dagrun for retailco_master_pipeline to 2026-05-31 00:00:00+00:00, run_after=2026-06-01 00:00:00+00:00
[2026-05-31T15:38:41.254+0000] {processor.py:183} INFO - Processing /opt/airflow/dags/retailco_dag.py took 0.146 seconds
[2026-05-31T15:39:11.502+0000] {processor.py:161} INFO - Started process (PID=1191) to work on /opt/airflow/dags/retailco_dag.py
[2026-05-31T15:39:11.503+0000] {processor.py:830} INFO - Processing file /opt/airflow/dags/retailco_dag.py for tasks to queue
[2026-05-31T15:39:11.506+0000] {logging_mixin.py:188} INFO - [2026-05-31T15:39:11.505+0000] {dagbag.py:545} INFO - Filling up the DagBag from /opt/airflow/dags/retailco_dag.py
[2026-05-31T15:39:11.538+0000] {processor.py:840} INFO - DAG(s) 'retailco_master_pipeline' retrieved from /opt/airflow/dags/retailco_dag.py
[2026-05-31T15:39:11.572+0000] {logging_mixin.py:188} INFO - [2026-05-31T15:39:11.572+0000] {dag.py:3096} INFO - Sync 1 DAGs
[2026-05-31T15:39:11.596+0000] {logging_mixin.py:188} INFO - [2026-05-31T15:39:11.595+0000] {dag.py:3954} INFO - Setting next_dagrun for retailco_master_pipeline to 2026-05-31 00:00:00+00:00, run_after=2026-06-01 00:00:00+00:00
[2026-05-31T15:39:11.623+0000] {processor.py:183} INFO - Processing /opt/airflow/dags/retailco_dag.py took 0.127 seconds
[2026-05-31T15:39:42.086+0000] {processor.py:161} INFO - Started process (PID=1196) to work on /opt/airflow/dags/retailco_dag.py
[2026-05-31T15:39:42.102+0000] {processor.py:830} INFO - Processing file /opt/airflow/dags/retailco_dag.py for tasks to queue
[2026-05-31T15:39:42.110+0000] {logging_mixin.py:188} INFO - [2026-05-31T15:39:42.109+0000] {dagbag.py:545} INFO - Filling up the DagBag from /opt/airflow/dags/retailco_dag.py
[2026-05-31T15:39:42.170+0000] {processor.py:840} INFO - DAG(s) 'retailco_master_pipeline' retrieved from /opt/airflow/dags/retailco_dag.py
[2026-05-31T15:39:42.225+0000] {logging_mixin.py:188} INFO - [2026-05-31T15:39:42.224+0000] {dag.py:3096} INFO - Sync 1 DAGs
[2026-05-31T15:39:42.257+0000] {logging_mixin.py:188} INFO - [2026-05-31T15:39:42.257+0000] {dag.py:3954} INFO - Setting next_dagrun for retailco_master_pipeline to 2026-05-31 00:00:00+00:00, run_after=2026-06-01 00:00:00+00:00
[2026-05-31T15:39:42.284+0000] {processor.py:183} INFO - Processing /opt/airflow/dags/retailco_dag.py took 0.236 seconds
[2026-05-31T15:40:12.467+0000] {processor.py:161} INFO - Started process (PID=1201) to work on /opt/airflow/dags/retailco_dag.py
[2026-05-31T15:40:12.469+0000] {processor.py:830} INFO - Processing file /opt/airflow/dags/retailco_dag.py for tasks to queue
[2026-05-31T15:40:12.472+0000] {logging_mixin.py:188} INFO - [2026-05-31T15:40:12.471+0000] {dagbag.py:545} INFO - Filling up the DagBag from /opt/airflow/dags/retailco_dag.py
[2026-05-31T15:40:12.509+0000] {processor.py:840} INFO - DAG(s) 'retailco_master_pipeline' retrieved from /opt/airflow/dags/retailco_dag.py
[2026-05-31T15:40:12.560+0000] {logging_mixin.py:188} INFO - [2026-05-31T15:40:12.560+0000] {dag.py:3096} INFO - Sync 1 DAGs
[2026-05-31T15:40:12.591+0000] {logging_mixin.py:188} INFO - [2026-05-31T15:40:12.590+0000] {dag.py:3954} INFO - Setting next_dagrun for retailco_master_pipeline to 2026-05-31 00:00:00+00:00, run_after=2026-06-01 00:00:00+00:00
[2026-05-31T15:40:12.627+0000] {processor.py:183} INFO - Processing /opt/airflow/dags/retailco_dag.py took 0.170 seconds
[2026-05-31T15:40:42.828+0000] {processor.py:161} INFO - Started process (PID=1206) to work on /opt/airflow/dags/retailco_dag.py
[2026-05-31T15:40:42.829+0000] {processor.py:830} INFO - Processing file /opt/airflow/dags/retailco_dag.py for tasks to queue
[2026-05-31T15:40:42.831+0000] {logging_mixin.py:188} INFO - [2026-05-31T15:40:42.831+0000] {dagbag.py:545} INFO - Filling up the DagBag from /opt/airflow/dags/retailco_dag.py
[2026-05-31T15:40:42.862+0000] {processor.py:840} INFO - DAG(s) 'retailco_master_pipeline' retrieved from /opt/airflow/dags/retailco_dag.py
[2026-05-31T15:40:42.901+0000] {logging_mixin.py:188} INFO - [2026-05-31T15:40:42.901+0000] {dag.py:3096} INFO - Sync 1 DAGs
[2026-05-31T15:40:42.926+0000] {logging_mixin.py:188} INFO - [2026-05-31T15:40:42.926+0000] {dag.py:3954} INFO - Setting next_dagrun for retailco_master_pipeline to 2026-05-31 00:00:00+00:00, run_after=2026-06-01 00:00:00+00:00
[2026-05-31T15:40:42.953+0000] {processor.py:183} INFO - Processing /opt/airflow/dags/retailco_dag.py took 0.133 seconds
[2026-05-31T15:41:13.229+0000] {processor.py:161} INFO - Started process (PID=1211) to work on /opt/airflow/dags/retailco_dag.py
[2026-05-31T15:41:13.231+0000] {processor.py:830} INFO - Processing file /opt/airflow/dags/retailco_dag.py for tasks to queue
[2026-05-31T15:41:13.233+0000] {logging_mixin.py:188} INFO - [2026-05-31T15:41:13.233+0000] {dagbag.py:545} INFO - Filling up the DagBag from /opt/airflow/dags/retailco_dag.py
[2026-05-31T15:41:13.263+0000] {processor.py:840} INFO - DAG(s) 'retailco_master_pipeline' retrieved from /opt/airflow/dags/retailco_dag.py
[2026-05-31T15:41:13.298+0000] {logging_mixin.py:188} INFO - [2026-05-31T15:41:13.298+0000] {dag.py:3096} INFO - Sync 1 DAGs
[2026-05-31T15:41:13.326+0000] {logging_mixin.py:188} INFO - [2026-05-31T15:41:13.326+0000] {dag.py:3954} INFO - Setting next_dagrun for retailco_master_pipeline to 2026-05-31 00:00:00+00:00, run_after=2026-06-01 00:00:00+00:00
[2026-05-31T15:41:13.354+0000] {processor.py:183} INFO - Processing /opt/airflow/dags/retailco_dag.py took 0.131 seconds
[2026-05-31T15:41:43.624+0000] {processor.py:161} INFO - Started process (PID=1216) to work on /opt/airflow/dags/retailco_dag.py
[2026-05-31T15:41:43.626+0000] {processor.py:830} INFO - Processing file /opt/airflow/dags/retailco_dag.py for tasks to queue
[2026-05-31T15:41:43.628+0000] {logging_mixin.py:188} INFO - [2026-05-31T15:41:43.628+0000] {dagbag.py:545} INFO - Filling up the DagBag from /opt/airflow/dags/retailco_dag.py
[2026-05-31T15:41:43.656+0000] {processor.py:840} INFO - DAG(s) 'retailco_master_pipeline' retrieved from /opt/airflow/dags/retailco_dag.py
[2026-05-31T15:41:43.692+0000] {logging_mixin.py:188} INFO - [2026-05-31T15:41:43.692+0000] {dag.py:3096} INFO - Sync 1 DAGs
[2026-05-31T15:41:43.716+0000] {logging_mixin.py:188} INFO - [2026-05-31T15:41:43.716+0000] {dag.py:3954} INFO - Setting next_dagrun for retailco_master_pipeline to 2026-05-31 00:00:00+00:00, run_after=2026-06-01 00:00:00+00:00
[2026-05-31T15:41:43.747+0000] {processor.py:183} INFO - Processing /opt/airflow/dags/retailco_dag.py took 0.130 seconds
[2026-05-31T15:42:14.075+0000] {processor.py:161} INFO - Started process (PID=1221) to work on /opt/airflow/dags/retailco_dag.py
[2026-05-31T15:42:14.076+0000] {processor.py:830} INFO - Processing file /opt/airflow/dags/retailco_dag.py for tasks to queue
[2026-05-31T15:42:14.078+0000] {logging_mixin.py:188} INFO - [2026-05-31T15:42:14.078+0000] {dagbag.py:545} INFO - Filling up the DagBag from /opt/airflow/dags/retailco_dag.py
[2026-05-31T15:42:14.107+0000] {processor.py:840} INFO - DAG(s) 'retailco_master_pipeline' retrieved from /opt/airflow/dags/retailco_dag.py
[2026-05-31T15:42:14.139+0000] {logging_mixin.py:188} INFO - [2026-05-31T15:42:14.139+0000] {dag.py:3096} INFO - Sync 1 DAGs
[2026-05-31T15:42:14.163+0000] {logging_mixin.py:188} INFO - [2026-05-31T15:42:14.163+0000] {dag.py:3954} INFO - Setting next_dagrun for retailco_master_pipeline to 2026-05-31 00:00:00+00:00, run_after=2026-06-01 00:00:00+00:00
[2026-05-31T15:42:14.194+0000] {processor.py:183} INFO - Processing /opt/airflow/dags/retailco_dag.py took 0.124 seconds
[2026-05-31T15:42:44.544+0000] {processor.py:161} INFO - Started process (PID=1226) to work on /opt/airflow/dags/retailco_dag.py
[2026-05-31T15:42:44.546+0000] {processor.py:830} INFO - Processing file /opt/airflow/dags/retailco_dag.py for tasks to queue
[2026-05-31T15:42:44.548+0000] {logging_mixin.py:188} INFO - [2026-05-31T15:42:44.547+0000] {dagbag.py:545} INFO - Filling up the DagBag from /opt/airflow/dags/retailco_dag.py
[2026-05-31T15:42:44.581+0000] {processor.py:840} INFO - DAG(s) 'retailco_master_pipeline' retrieved from /opt/airflow/dags/retailco_dag.py
[2026-05-31T15:42:44.619+0000] {logging_mixin.py:188} INFO - [2026-05-31T15:42:44.618+0000] {dag.py:3096} INFO - Sync 1 DAGs
[2026-05-31T15:42:44.643+0000] {logging_mixin.py:188} INFO - [2026-05-31T15:42:44.643+0000] {dag.py:3954} INFO - Setting next_dagrun for retailco_master_pipeline to 2026-05-31 00:00:00+00:00, run_after=2026-06-01 00:00:00+00:00
[2026-05-31T15:42:44.671+0000] {processor.py:183} INFO - Processing /opt/airflow/dags/retailco_dag.py took 0.134 seconds
[2026-05-31T15:43:14.884+0000] {processor.py:161} INFO - Started process (PID=1231) to work on /opt/airflow/dags/retailco_dag.py
[2026-05-31T15:43:14.885+0000] {processor.py:830} INFO - Processing file /opt/airflow/dags/retailco_dag.py for tasks to queue
[2026-05-31T15:43:14.889+0000] {logging_mixin.py:188} INFO - [2026-05-31T15:43:14.888+0000] {dagbag.py:545} INFO - Filling up the DagBag from /opt/airflow/dags/retailco_dag.py
[2026-05-31T15:43:14.918+0000] {processor.py:840} INFO - DAG(s) 'retailco_master_pipeline' retrieved from /opt/airflow/dags/retailco_dag.py
[2026-05-31T15:43:14.956+0000] {logging_mixin.py:188} INFO - [2026-05-31T15:43:14.956+0000] {dag.py:3096} INFO - Sync 1 DAGs
[2026-05-31T15:43:14.980+0000] {logging_mixin.py:188} INFO - [2026-05-31T15:43:14.980+0000] {dag.py:3954} INFO - Setting next_dagrun for retailco_master_pipeline to 2026-05-31 00:00:00+00:00, run_after=2026-06-01 00:00:00+00:00
[2026-05-31T15:43:15.011+0000] {processor.py:183} INFO - Processing /opt/airflow/dags/retailco_dag.py took 0.135 seconds
[2026-05-31T15:43:45.338+0000] {processor.py:161} INFO - Started process (PID=1236) to work on /opt/airflow/dags/retailco_dag.py
[2026-05-31T15:43:45.339+0000] {processor.py:830} INFO - Processing file /opt/airflow/dags/retailco_dag.py for tasks to queue
[2026-05-31T15:43:45.341+0000] {logging_mixin.py:188} INFO - [2026-05-31T15:43:45.341+0000] {dagbag.py:545} INFO - Filling up the DagBag from /opt/airflow/dags/retailco_dag.py
[2026-05-31T15:43:45.371+0000] {processor.py:840} INFO - DAG(s) 'retailco_master_pipeline' retrieved from /opt/airflow/dags/retailco_dag.py
[2026-05-31T15:43:45.405+0000] {logging_mixin.py:188} INFO - [2026-05-31T15:43:45.405+0000] {dag.py:3096} INFO - Sync 1 DAGs
[2026-05-31T15:43:45.432+0000] {logging_mixin.py:188} INFO - [2026-05-31T15:43:45.432+0000] {dag.py:3954} INFO - Setting next_dagrun for retailco_master_pipeline to 2026-05-31 00:00:00+00:00, run_after=2026-06-01 00:00:00+00:00
[2026-05-31T15:43:45.460+0000] {processor.py:183} INFO - Processing /opt/airflow/dags/retailco_dag.py took 0.127 seconds
[2026-05-31T15:44:15.803+0000] {processor.py:161} INFO - Started process (PID=1241) to work on /opt/airflow/dags/retailco_dag.py
[2026-05-31T15:44:15.805+0000] {processor.py:830} INFO - Processing file /opt/airflow/dags/retailco_dag.py for tasks to queue
[2026-05-31T15:44:15.808+0000] {logging_mixin.py:188} INFO - [2026-05-31T15:44:15.807+0000] {dagbag.py:545} INFO - Filling up the DagBag from /opt/airflow/dags/retailco_dag.py
[2026-05-31T15:44:15.837+0000] {processor.py:840} INFO - DAG(s) 'retailco_master_pipeline' retrieved from /opt/airflow/dags/retailco_dag.py
[2026-05-31T15:44:15.872+0000] {logging_mixin.py:188} INFO - [2026-05-31T15:44:15.872+0000] {dag.py:3096} INFO - Sync 1 DAGs
[2026-05-31T15:44:15.896+0000] {logging_mixin.py:188} INFO - [2026-05-31T15:44:15.896+0000] {dag.py:3954} INFO - Setting next_dagrun for retailco_master_pipeline to 2026-05-31 00:00:00+00:00, run_after=2026-06-01 00:00:00+00:00
[2026-05-31T15:44:15.923+0000] {processor.py:183} INFO - Processing /opt/airflow/dags/retailco_dag.py took 0.126 seconds
[2026-05-31T15:44:46.146+0000] {processor.py:161} INFO - Started process (PID=1246) to work on /opt/airflow/dags/retailco_dag.py
[2026-05-31T15:44:46.147+0000] {processor.py:830} INFO - Processing file /opt/airflow/dags/retailco_dag.py for tasks to queue
[2026-05-31T15:44:46.150+0000] {logging_mixin.py:188} INFO - [2026-05-31T15:44:46.150+0000] {dagbag.py:545} INFO - Filling up the DagBag from /opt/airflow/dags/retailco_dag.py
[2026-05-31T15:44:46.181+0000] {processor.py:840} INFO - DAG(s) 'retailco_master_pipeline' retrieved from /opt/airflow/dags/retailco_dag.py
[2026-05-31T15:44:46.217+0000] {logging_mixin.py:188} INFO - [2026-05-31T15:44:46.216+0000] {dag.py:3096} INFO - Sync 1 DAGs
[2026-05-31T15:44:46.241+0000] {logging_mixin.py:188} INFO - [2026-05-31T15:44:46.240+0000] {dag.py:3954} INFO - Setting next_dagrun for retailco_master_pipeline to 2026-05-31 00:00:00+00:00, run_after=2026-06-01 00:00:00+00:00
[2026-05-31T15:44:46.265+0000] {processor.py:183} INFO - Processing /opt/airflow/dags/retailco_dag.py took 0.125 seconds
[2026-05-31T15:45:16.613+0000] {processor.py:161} INFO - Started process (PID=1251) to work on /opt/airflow/dags/retailco_dag.py
[2026-05-31T15:45:16.614+0000] {processor.py:830} INFO - Processing file /opt/airflow/dags/retailco_dag.py for tasks to queue
[2026-05-31T15:45:16.617+0000] {logging_mixin.py:188} INFO - [2026-05-31T15:45:16.616+0000] {dagbag.py:545} INFO - Filling up the DagBag from /opt/airflow/dags/retailco_dag.py
[2026-05-31T15:45:16.650+0000] {processor.py:840} INFO - DAG(s) 'retailco_master_pipeline' retrieved from /opt/airflow/dags/retailco_dag.py
[2026-05-31T15:45:16.684+0000] {logging_mixin.py:188} INFO - [2026-05-31T15:45:16.683+0000] {dag.py:3096} INFO - Sync 1 DAGs
[2026-05-31T15:45:16.709+0000] {logging_mixin.py:188} INFO - [2026-05-31T15:45:16.708+0000] {dag.py:3954} INFO - Setting next_dagrun for retailco_master_pipeline to 2026-05-31 00:00:00+00:00, run_after=2026-06-01 00:00:00+00:00
[2026-05-31T15:45:16.734+0000] {processor.py:183} INFO - Processing /opt/airflow/dags/retailco_dag.py took 0.133 seconds
[2026-05-31T15:45:47.041+0000] {processor.py:161} INFO - Started process (PID=1256) to work on /opt/airflow/dags/retailco_dag.py
[2026-05-31T15:45:47.042+0000] {processor.py:830} INFO - Processing file /opt/airflow/dags/retailco_dag.py for tasks to queue
[2026-05-31T15:45:47.044+0000] {logging_mixin.py:188} INFO - [2026-05-31T15:45:47.044+0000] {dagbag.py:545} INFO - Filling up the DagBag from /opt/airflow/dags/retailco_dag.py
[2026-05-31T15:45:47.077+0000] {processor.py:840} INFO - DAG(s) 'retailco_master_pipeline' retrieved from /opt/airflow/dags/retailco_dag.py
[2026-05-31T15:45:47.112+0000] {logging_mixin.py:188} INFO - [2026-05-31T15:45:47.111+0000] {dag.py:3096} INFO - Sync 1 DAGs
[2026-05-31T15:45:47.139+0000] {logging_mixin.py:188} INFO - [2026-05-31T15:45:47.139+0000] {dag.py:3954} INFO - Setting next_dagrun for retailco_master_pipeline to 2026-05-31 00:00:00+00:00, run_after=2026-06-01 00:00:00+00:00
[2026-05-31T15:45:47.169+0000] {processor.py:183} INFO - Processing /opt/airflow/dags/retailco_dag.py took 0.135 seconds
[2026-05-31T15:46:17.475+0000] {processor.py:161} INFO - Started process (PID=1261) to work on /opt/airflow/dags/retailco_dag.py
[2026-05-31T15:46:17.477+0000] {processor.py:830} INFO - Processing file /opt/airflow/dags/retailco_dag.py for tasks to queue
[2026-05-31T15:46:17.480+0000] {logging_mixin.py:188} INFO - [2026-05-31T15:46:17.479+0000] {dagbag.py:545} INFO - Filling up the DagBag from /opt/airflow/dags/retailco_dag.py
[2026-05-31T15:46:17.514+0000] {processor.py:840} INFO - DAG(s) 'retailco_master_pipeline' retrieved from /opt/airflow/dags/retailco_dag.py
[2026-05-31T15:46:17.548+0000] {logging_mixin.py:188} INFO - [2026-05-31T15:46:17.547+0000] {dag.py:3096} INFO - Sync 1 DAGs
[2026-05-31T15:46:17.571+0000] {logging_mixin.py:188} INFO - [2026-05-31T15:46:17.571+0000] {dag.py:3954} INFO - Setting next_dagrun for retailco_master_pipeline to 2026-05-31 00:00:00+00:00, run_after=2026-06-01 00:00:00+00:00
[2026-05-31T15:46:17.601+0000] {processor.py:183} INFO - Processing /opt/airflow/dags/retailco_dag.py took 0.135 seconds
[2026-05-31T15:46:47.875+0000] {processor.py:161} INFO - Started process (PID=1266) to work on /opt/airflow/dags/retailco_dag.py
[2026-05-31T15:46:47.877+0000] {processor.py:830} INFO - Processing file /opt/airflow/dags/retailco_dag.py for tasks to queue
[2026-05-31T15:46:47.879+0000] {logging_mixin.py:188} INFO - [2026-05-31T15:46:47.879+0000] {dagbag.py:545} INFO - Filling up the DagBag from /opt/airflow/dags/retailco_dag.py
[2026-05-31T15:46:47.909+0000] {processor.py:840} INFO - DAG(s) 'retailco_master_pipeline' retrieved from /opt/airflow/dags/retailco_dag.py
[2026-05-31T15:46:47.945+0000] {logging_mixin.py:188} INFO - [2026-05-31T15:46:47.944+0000] {dag.py:3096} INFO - Sync 1 DAGs
[2026-05-31T15:46:47.972+0000] {logging_mixin.py:188} INFO - [2026-05-31T15:46:47.971+0000] {dag.py:3954} INFO - Setting next_dagrun for retailco_master_pipeline to 2026-05-31 00:00:00+00:00, run_after=2026-06-01 00:00:00+00:00
[2026-05-31T15:46:48.000+0000] {processor.py:183} INFO - Processing /opt/airflow/dags/retailco_dag.py took 0.131 seconds
[2026-05-31T15:47:18.293+0000] {processor.py:161} INFO - Started process (PID=1271) to work on /opt/airflow/dags/retailco_dag.py
[2026-05-31T15:47:18.294+0000] {processor.py:830} INFO - Processing file /opt/airflow/dags/retailco_dag.py for tasks to queue
[2026-05-31T15:47:18.297+0000] {logging_mixin.py:188} INFO - [2026-05-31T15:47:18.297+0000] {dagbag.py:545} INFO - Filling up the DagBag from /opt/airflow/dags/retailco_dag.py
[2026-05-31T15:47:18.327+0000] {processor.py:840} INFO - DAG(s) 'retailco_master_pipeline' retrieved from /opt/airflow/dags/retailco_dag.py
[2026-05-31T15:47:18.363+0000] {logging_mixin.py:188} INFO - [2026-05-31T15:47:18.363+0000] {dag.py:3096} INFO - Sync 1 DAGs
[2026-05-31T15:47:18.388+0000] {logging_mixin.py:188} INFO - [2026-05-31T15:47:18.388+0000] {dag.py:3954} INFO - Setting next_dagrun for retailco_master_pipeline to 2026-05-31 00:00:00+00:00, run_after=2026-06-01 00:00:00+00:00
[2026-05-31T15:47:18.420+0000] {processor.py:183} INFO - Processing /opt/airflow/dags/retailco_dag.py took 0.133 seconds
[2026-05-31T15:47:48.678+0000] {processor.py:161} INFO - Started process (PID=1276) to work on /opt/airflow/dags/retailco_dag.py
[2026-05-31T15:47:48.679+0000] {processor.py:830} INFO - Processing file /opt/airflow/dags/retailco_dag.py for tasks to queue
[2026-05-31T15:47:48.683+0000] {logging_mixin.py:188} INFO - [2026-05-31T15:47:48.682+0000] {dagbag.py:545} INFO - Filling up the DagBag from /opt/airflow/dags/retailco_dag.py
[2026-05-31T15:47:48.711+0000] {processor.py:840} INFO - DAG(s) 'retailco_master_pipeline' retrieved from /opt/airflow/dags/retailco_dag.py
[2026-05-31T15:47:48.745+0000] {logging_mixin.py:188} INFO - [2026-05-31T15:47:48.745+0000] {dag.py:3096} INFO - Sync 1 DAGs
[2026-05-31T15:47:48.772+0000] {logging_mixin.py:188} INFO - [2026-05-31T15:47:48.771+0000] {dag.py:3954} INFO - Setting next_dagrun for retailco_master_pipeline to 2026-05-31 00:00:00+00:00, run_after=2026-06-01 00:00:00+00:00
[2026-05-31T15:47:48.800+0000] {processor.py:183} INFO - Processing /opt/airflow/dags/retailco_dag.py took 0.129 seconds
[2026-05-31T15:48:19.149+0000] {processor.py:161} INFO - Started process (PID=1281) to work on /opt/airflow/dags/retailco_dag.py
[2026-05-31T15:48:19.151+0000] {processor.py:830} INFO - Processing file /opt/airflow/dags/retailco_dag.py for tasks to queue
[2026-05-31T15:48:19.155+0000] {logging_mixin.py:188} INFO - [2026-05-31T15:48:19.154+0000] {dagbag.py:545} INFO - Filling up the DagBag from /opt/airflow/dags/retailco_dag.py
[2026-05-31T15:48:19.203+0000] {processor.py:840} INFO - DAG(s) 'retailco_master_pipeline' retrieved from /opt/airflow/dags/retailco_dag.py
[2026-05-31T15:48:19.262+0000] {logging_mixin.py:188} INFO - [2026-05-31T15:48:19.262+0000] {dag.py:3096} INFO - Sync 1 DAGs
[2026-05-31T15:48:19.297+0000] {logging_mixin.py:188} INFO - [2026-05-31T15:48:19.296+0000] {dag.py:3954} INFO - Setting next_dagrun for retailco_master_pipeline to 2026-05-31 00:00:00+00:00, run_after=2026-06-01 00:00:00+00:00
[2026-05-31T15:48:19.328+0000] {processor.py:183} INFO - Processing /opt/airflow/dags/retailco_dag.py took 0.187 seconds
[2026-05-31T15:48:49.523+0000] {processor.py:161} INFO - Started process (PID=1286) to work on /opt/airflow/dags/retailco_dag.py
[2026-05-31T15:48:49.524+0000] {processor.py:830} INFO - Processing file /opt/airflow/dags/retailco_dag.py for tasks to queue
[2026-05-31T15:48:49.526+0000] {logging_mixin.py:188} INFO - [2026-05-31T15:48:49.526+0000] {dagbag.py:545} INFO - Filling up the DagBag from /opt/airflow/dags/retailco_dag.py
[2026-05-31T15:48:49.556+0000] {processor.py:840} INFO - DAG(s) 'retailco_master_pipeline' retrieved from /opt/airflow/dags/retailco_dag.py
[2026-05-31T15:48:49.592+0000] {logging_mixin.py:188} INFO - [2026-05-31T15:48:49.592+0000] {dag.py:3096} INFO - Sync 1 DAGs
[2026-05-31T15:48:49.618+0000] {logging_mixin.py:188} INFO - [2026-05-31T15:48:49.618+0000] {dag.py:3954} INFO - Setting next_dagrun for retailco_master_pipeline to 2026-05-31 00:00:00+00:00, run_after=2026-06-01 00:00:00+00:00
[2026-05-31T15:48:49.647+0000] {processor.py:183} INFO - Processing /opt/airflow/dags/retailco_dag.py took 0.132 seconds
[2026-05-31T15:49:19.861+0000] {processor.py:161} INFO - Started process (PID=1291) to work on /opt/airflow/dags/retailco_dag.py
[2026-05-31T15:49:19.862+0000] {processor.py:830} INFO - Processing file /opt/airflow/dags/retailco_dag.py for tasks to queue
[2026-05-31T15:49:19.866+0000] {logging_mixin.py:188} INFO - [2026-05-31T15:49:19.865+0000] {dagbag.py:545} INFO - Filling up the DagBag from /opt/airflow/dags/retailco_dag.py
[2026-05-31T15:49:19.900+0000] {processor.py:840} INFO - DAG(s) 'retailco_master_pipeline' retrieved from /opt/airflow/dags/retailco_dag.py
[2026-05-31T15:49:19.937+0000] {logging_mixin.py:188} INFO - [2026-05-31T15:49:19.937+0000] {dag.py:3096} INFO - Sync 1 DAGs
[2026-05-31T15:49:19.965+0000] {logging_mixin.py:188} INFO - [2026-05-31T15:49:19.964+0000] {dag.py:3954} INFO - Setting next_dagrun for retailco_master_pipeline to 2026-05-31 00:00:00+00:00, run_after=2026-06-01 00:00:00+00:00
[2026-05-31T15:49:19.995+0000] {processor.py:183} INFO - Processing /opt/airflow/dags/retailco_dag.py took 0.142 seconds
[2026-05-31T15:49:50.371+0000] {processor.py:161} INFO - Started process (PID=1296) to work on /opt/airflow/dags/retailco_dag.py
[2026-05-31T15:49:50.372+0000] {processor.py:830} INFO - Processing file /opt/airflow/dags/retailco_dag.py for tasks to queue
[2026-05-31T15:49:50.374+0000] {logging_mixin.py:188} INFO - [2026-05-31T15:49:50.374+0000] {dagbag.py:545} INFO - Filling up the DagBag from /opt/airflow/dags/retailco_dag.py
[2026-05-31T15:49:50.407+0000] {processor.py:840} INFO - DAG(s) 'retailco_master_pipeline' retrieved from /opt/airflow/dags/retailco_dag.py
[2026-05-31T15:49:50.444+0000] {logging_mixin.py:188} INFO - [2026-05-31T15:49:50.443+0000] {dag.py:3096} INFO - Sync 1 DAGs
[2026-05-31T15:49:50.474+0000] {logging_mixin.py:188} INFO - [2026-05-31T15:49:50.474+0000] {dag.py:3954} INFO - Setting next_dagrun for retailco_master_pipeline to 2026-05-31 00:00:00+00:00, run_after=2026-06-01 00:00:00+00:00
[2026-05-31T15:49:50.501+0000] {processor.py:183} INFO - Processing /opt/airflow/dags/retailco_dag.py took 0.137 seconds
[2026-05-31T15:50:20.928+0000] {processor.py:161} INFO - Started process (PID=1301) to work on /opt/airflow/dags/retailco_dag.py
[2026-05-31T15:50:20.930+0000] {processor.py:830} INFO - Processing file /opt/airflow/dags/retailco_dag.py for tasks to queue
[2026-05-31T15:50:20.937+0000] {logging_mixin.py:188} INFO - [2026-05-31T15:50:20.935+0000] {dagbag.py:545} INFO - Filling up the DagBag from /opt/airflow/dags/retailco_dag.py
[2026-05-31T15:50:21.105+0000] {processor.py:840} INFO - DAG(s) 'retailco_master_pipeline' retrieved from /opt/airflow/dags/retailco_dag.py
[2026-05-31T15:50:21.232+0000] {logging_mixin.py:188} INFO - [2026-05-31T15:50:21.232+0000] {dag.py:3096} INFO - Sync 1 DAGs
[2026-05-31T15:50:21.424+0000] {logging_mixin.py:188} INFO - [2026-05-31T15:50:21.423+0000] {dag.py:3954} INFO - Setting next_dagrun for retailco_master_pipeline to 2026-05-31 00:00:00+00:00, run_after=2026-06-01 00:00:00+00:00
[2026-05-31T15:50:21.470+0000] {processor.py:183} INFO - Processing /opt/airflow/dags/retailco_dag.py took 0.643 seconds
[2026-05-31T15:50:51.912+0000] {processor.py:161} INFO - Started process (PID=1306) to work on /opt/airflow/dags/retailco_dag.py
[2026-05-31T15:50:51.914+0000] {processor.py:830} INFO - Processing file /opt/airflow/dags/retailco_dag.py for tasks to queue
[2026-05-31T15:50:51.916+0000] {logging_mixin.py:188} INFO - [2026-05-31T15:50:51.916+0000] {dagbag.py:545} INFO - Filling up the DagBag from /opt/airflow/dags/retailco_dag.py
[2026-05-31T15:50:51.954+0000] {processor.py:840} INFO - DAG(s) 'retailco_master_pipeline' retrieved from /opt/airflow/dags/retailco_dag.py
[2026-05-31T15:50:52.002+0000] {logging_mixin.py:188} INFO - [2026-05-31T15:50:52.002+0000] {dag.py:3096} INFO - Sync 1 DAGs
[2026-05-31T15:50:52.027+0000] {logging_mixin.py:188} INFO - [2026-05-31T15:50:52.027+0000] {dag.py:3954} INFO - Setting next_dagrun for retailco_master_pipeline to 2026-05-31 00:00:00+00:00, run_after=2026-06-01 00:00:00+00:00
[2026-05-31T15:50:52.054+0000] {processor.py:183} INFO - Processing /opt/airflow/dags/retailco_dag.py took 0.153 seconds
[2026-05-31T15:51:22.229+0000] {processor.py:161} INFO - Started process (PID=1311) to work on /opt/airflow/dags/retailco_dag.py
[2026-05-31T15:51:22.231+0000] {processor.py:830} INFO - Processing file /opt/airflow/dags/retailco_dag.py for tasks to queue
[2026-05-31T15:51:22.234+0000] {logging_mixin.py:188} INFO - [2026-05-31T15:51:22.233+0000] {dagbag.py:545} INFO - Filling up the DagBag from /opt/airflow/dags/retailco_dag.py
[2026-05-31T15:51:22.266+0000] {processor.py:840} INFO - DAG(s) 'retailco_master_pipeline' retrieved from /opt/airflow/dags/retailco_dag.py
[2026-05-31T15:51:22.307+0000] {logging_mixin.py:188} INFO - [2026-05-31T15:51:22.306+0000] {dag.py:3096} INFO - Sync 1 DAGs
[2026-05-31T15:51:22.335+0000] {logging_mixin.py:188} INFO - [2026-05-31T15:51:22.335+0000] {dag.py:3954} INFO - Setting next_dagrun for retailco_master_pipeline to 2026-05-31 00:00:00+00:00, run_after=2026-06-01 00:00:00+00:00
[2026-05-31T15:51:22.366+0000] {processor.py:183} INFO - Processing /opt/airflow/dags/retailco_dag.py took 0.145 seconds
[2026-05-31T15:51:52.715+0000] {processor.py:161} INFO - Started process (PID=1316) to work on /opt/airflow/dags/retailco_dag.py
[2026-05-31T15:51:52.716+0000] {processor.py:830} INFO - Processing file /opt/airflow/dags/retailco_dag.py for tasks to queue
[2026-05-31T15:51:52.718+0000] {logging_mixin.py:188} INFO - [2026-05-31T15:51:52.718+0000] {dagbag.py:545} INFO - Filling up the DagBag from /opt/airflow/dags/retailco_dag.py
[2026-05-31T15:51:52.761+0000] {processor.py:840} INFO - DAG(s) 'retailco_master_pipeline' retrieved from /opt/airflow/dags/retailco_dag.py
[2026-05-31T15:51:52.800+0000] {logging_mixin.py:188} INFO - [2026-05-31T15:51:52.800+0000] {dag.py:3096} INFO - Sync 1 DAGs
[2026-05-31T15:51:52.832+0000] {logging_mixin.py:188} INFO - [2026-05-31T15:51:52.832+0000] {dag.py:3954} INFO - Setting next_dagrun for retailco_master_pipeline to 2026-05-31 00:00:00+00:00, run_after=2026-06-01 00:00:00+00:00
[2026-05-31T15:51:52.869+0000] {processor.py:183} INFO - Processing /opt/airflow/dags/retailco_dag.py took 0.163 seconds
[2026-05-31T15:52:23.047+0000] {processor.py:161} INFO - Started process (PID=1321) to work on /opt/airflow/dags/retailco_dag.py
[2026-05-31T15:52:23.048+0000] {processor.py:830} INFO - Processing file /opt/airflow/dags/retailco_dag.py for tasks to queue
[2026-05-31T15:52:23.052+0000] {logging_mixin.py:188} INFO - [2026-05-31T15:52:23.051+0000] {dagbag.py:545} INFO - Filling up the DagBag from /opt/airflow/dags/retailco_dag.py
[2026-05-31T15:52:23.090+0000] {processor.py:840} INFO - DAG(s) 'retailco_master_pipeline' retrieved from /opt/airflow/dags/retailco_dag.py
[2026-05-31T15:52:23.128+0000] {logging_mixin.py:188} INFO - [2026-05-31T15:52:23.128+0000] {dag.py:3096} INFO - Sync 1 DAGs
[2026-05-31T15:52:23.159+0000] {logging_mixin.py:188} INFO - [2026-05-31T15:52:23.158+0000] {dag.py:3954} INFO - Setting next_dagrun for retailco_master_pipeline to 2026-05-31 00:00:00+00:00, run_after=2026-06-01 00:00:00+00:00
[2026-05-31T15:52:23.190+0000] {processor.py:183} INFO - Processing /opt/airflow/dags/retailco_dag.py took 0.150 seconds
[2026-05-31T15:52:53.530+0000] {processor.py:161} INFO - Started process (PID=1326) to work on /opt/airflow/dags/retailco_dag.py
[2026-05-31T15:52:53.532+0000] {processor.py:830} INFO - Processing file /opt/airflow/dags/retailco_dag.py for tasks to queue
[2026-05-31T15:52:53.534+0000] {logging_mixin.py:188} INFO - [2026-05-31T15:52:53.534+0000] {dagbag.py:545} INFO - Filling up the DagBag from /opt/airflow/dags/retailco_dag.py
[2026-05-31T15:52:53.568+0000] {processor.py:840} INFO - DAG(s) 'retailco_master_pipeline' retrieved from /opt/airflow/dags/retailco_dag.py
[2026-05-31T15:52:53.610+0000] {logging_mixin.py:188} INFO - [2026-05-31T15:52:53.609+0000] {dag.py:3096} INFO - Sync 1 DAGs
[2026-05-31T15:52:53.651+0000] {logging_mixin.py:188} INFO - [2026-05-31T15:52:53.651+0000] {dag.py:3954} INFO - Setting next_dagrun for retailco_master_pipeline to 2026-05-31 00:00:00+00:00, run_after=2026-06-01 00:00:00+00:00
[2026-05-31T15:52:53.682+0000] {processor.py:183} INFO - Processing /opt/airflow/dags/retailco_dag.py took 0.158 seconds
[2026-05-31T15:53:23.844+0000] {processor.py:161} INFO - Started process (PID=1331) to work on /opt/airflow/dags/retailco_dag.py
[2026-05-31T15:53:23.845+0000] {processor.py:830} INFO - Processing file /opt/airflow/dags/retailco_dag.py for tasks to queue
[2026-05-31T15:53:23.854+0000] {logging_mixin.py:188} INFO - [2026-05-31T15:53:23.852+0000] {dagbag.py:545} INFO - Filling up the DagBag from /opt/airflow/dags/retailco_dag.py
[2026-05-31T15:53:23.888+0000] {processor.py:840} INFO - DAG(s) 'retailco_master_pipeline' retrieved from /opt/airflow/dags/retailco_dag.py
[2026-05-31T15:53:23.928+0000] {logging_mixin.py:188} INFO - [2026-05-31T15:53:23.928+0000] {dag.py:3096} INFO - Sync 1 DAGs
[2026-05-31T15:53:23.959+0000] {logging_mixin.py:188} INFO - [2026-05-31T15:53:23.958+0000] {dag.py:3954} INFO - Setting next_dagrun for retailco_master_pipeline to 2026-05-31 00:00:00+00:00, run_after=2026-06-01 00:00:00+00:00
[2026-05-31T15:53:23.987+0000] {processor.py:183} INFO - Processing /opt/airflow/dags/retailco_dag.py took 0.150 seconds
[2026-05-31T15:53:54.336+0000] {processor.py:161} INFO - Started process (PID=1336) to work on /opt/airflow/dags/retailco_dag.py
[2026-05-31T15:53:54.337+0000] {processor.py:830} INFO - Processing file /opt/airflow/dags/retailco_dag.py for tasks to queue
[2026-05-31T15:53:54.340+0000] {logging_mixin.py:188} INFO - [2026-05-31T15:53:54.339+0000] {dagbag.py:545} INFO - Filling up the DagBag from /opt/airflow/dags/retailco_dag.py
[2026-05-31T15:53:54.374+0000] {processor.py:840} INFO - DAG(s) 'retailco_master_pipeline' retrieved from /opt/airflow/dags/retailco_dag.py
[2026-05-31T15:53:54.418+0000] {logging_mixin.py:188} INFO - [2026-05-31T15:53:54.418+0000] {dag.py:3096} INFO - Sync 1 DAGs
[2026-05-31T15:53:54.445+0000] {logging_mixin.py:188} INFO - [2026-05-31T15:53:54.445+0000] {dag.py:3954} INFO - Setting next_dagrun for retailco_master_pipeline to 2026-05-31 00:00:00+00:00, run_after=2026-06-01 00:00:00+00:00
[2026-05-31T15:53:54.473+0000] {processor.py:183} INFO - Processing /opt/airflow/dags/retailco_dag.py took 0.143 seconds
[2026-05-31T15:54:24.746+0000] {processor.py:161} INFO - Started process (PID=1341) to work on /opt/airflow/dags/retailco_dag.py
[2026-05-31T15:54:24.747+0000] {processor.py:830} INFO - Processing file /opt/airflow/dags/retailco_dag.py for tasks to queue
[2026-05-31T15:54:24.750+0000] {logging_mixin.py:188} INFO - [2026-05-31T15:54:24.750+0000] {dagbag.py:545} INFO - Filling up the DagBag from /opt/airflow/dags/retailco_dag.py
[2026-05-31T15:54:24.782+0000] {processor.py:840} INFO - DAG(s) 'retailco_master_pipeline' retrieved from /opt/airflow/dags/retailco_dag.py
[2026-05-31T15:54:24.820+0000] {logging_mixin.py:188} INFO - [2026-05-31T15:54:24.819+0000] {dag.py:3096} INFO - Sync 1 DAGs
[2026-05-31T15:54:24.846+0000] {logging_mixin.py:188} INFO - [2026-05-31T15:54:24.846+0000] {dag.py:3954} INFO - Setting next_dagrun for retailco_master_pipeline to 2026-05-31 00:00:00+00:00, run_after=2026-06-01 00:00:00+00:00
[2026-05-31T15:54:24.876+0000] {processor.py:183} INFO - Processing /opt/airflow/dags/retailco_dag.py took 0.137 seconds
[2026-05-31T15:54:55.296+0000] {processor.py:161} INFO - Started process (PID=1346) to work on /opt/airflow/dags/retailco_dag.py
[2026-05-31T15:54:55.298+0000] {processor.py:830} INFO - Processing file /opt/airflow/dags/retailco_dag.py for tasks to queue
[2026-05-31T15:54:55.301+0000] {logging_mixin.py:188} INFO - [2026-05-31T15:54:55.300+0000] {dagbag.py:545} INFO - Filling up the DagBag from /opt/airflow/dags/retailco_dag.py
[2026-05-31T15:54:55.367+0000] {processor.py:840} INFO - DAG(s) 'retailco_master_pipeline' retrieved from /opt/airflow/dags/retailco_dag.py
[2026-05-31T15:54:55.416+0000] {logging_mixin.py:188} INFO - [2026-05-31T15:54:55.415+0000] {dag.py:3096} INFO - Sync 1 DAGs
[2026-05-31T15:54:55.444+0000] {logging_mixin.py:188} INFO - [2026-05-31T15:54:55.444+0000] {dag.py:3954} INFO - Setting next_dagrun for retailco_master_pipeline to 2026-05-31 00:00:00+00:00, run_after=2026-06-01 00:00:00+00:00
[2026-05-31T15:54:55.477+0000] {processor.py:183} INFO - Processing /opt/airflow/dags/retailco_dag.py took 0.189 seconds
[2026-05-31T15:55:25.608+0000] {processor.py:161} INFO - Started process (PID=1351) to work on /opt/airflow/dags/retailco_dag.py
[2026-05-31T15:55:25.610+0000] {processor.py:830} INFO - Processing file /opt/airflow/dags/retailco_dag.py for tasks to queue
[2026-05-31T15:55:25.612+0000] {logging_mixin.py:188} INFO - [2026-05-31T15:55:25.612+0000] {dagbag.py:545} INFO - Filling up the DagBag from /opt/airflow/dags/retailco_dag.py
[2026-05-31T15:55:25.648+0000] {processor.py:840} INFO - DAG(s) 'retailco_master_pipeline' retrieved from /opt/airflow/dags/retailco_dag.py
[2026-05-31T15:55:25.695+0000] {logging_mixin.py:188} INFO - [2026-05-31T15:55:25.694+0000] {dag.py:3096} INFO - Sync 1 DAGs
[2026-05-31T15:55:25.726+0000] {logging_mixin.py:188} INFO - [2026-05-31T15:55:25.725+0000] {dag.py:3954} INFO - Setting next_dagrun for retailco_master_pipeline to 2026-05-31 00:00:00+00:00, run_after=2026-06-01 00:00:00+00:00
[2026-05-31T15:55:25.754+0000] {processor.py:183} INFO - Processing /opt/airflow/dags/retailco_dag.py took 0.154 seconds
[2026-05-31T15:55:55.904+0000] {processor.py:161} INFO - Started process (PID=1362) to work on /opt/airflow/dags/retailco_dag.py
[2026-05-31T15:55:55.906+0000] {processor.py:830} INFO - Processing file /opt/airflow/dags/retailco_dag.py for tasks to queue
[2026-05-31T15:55:55.910+0000] {logging_mixin.py:188} INFO - [2026-05-31T15:55:55.909+0000] {dagbag.py:545} INFO - Filling up the DagBag from /opt/airflow/dags/retailco_dag.py
[2026-05-31T15:55:55.962+0000] {processor.py:840} INFO - DAG(s) 'retailco_master_pipeline' retrieved from /opt/airflow/dags/retailco_dag.py
[2026-05-31T15:55:56.018+0000] {logging_mixin.py:188} INFO - [2026-05-31T15:55:56.018+0000] {dag.py:3096} INFO - Sync 1 DAGs
[2026-05-31T15:55:56.060+0000] {logging_mixin.py:188} INFO - [2026-05-31T15:55:56.059+0000] {dag.py:3954} INFO - Setting next_dagrun for retailco_master_pipeline to 2026-05-31 00:00:00+00:00, run_after=2026-06-01 00:00:00+00:00
[2026-05-31T15:55:56.094+0000] {processor.py:183} INFO - Processing /opt/airflow/dags/retailco_dag.py took 0.201 seconds
[2026-05-31T15:56:26.313+0000] {processor.py:161} INFO - Started process (PID=1404) to work on /opt/airflow/dags/retailco_dag.py
[2026-05-31T15:56:26.314+0000] {processor.py:830} INFO - Processing file /opt/airflow/dags/retailco_dag.py for tasks to queue
[2026-05-31T15:56:26.317+0000] {logging_mixin.py:188} INFO - [2026-05-31T15:56:26.317+0000] {dagbag.py:545} INFO - Filling up the DagBag from /opt/airflow/dags/retailco_dag.py
[2026-05-31T15:56:26.360+0000] {processor.py:840} INFO - DAG(s) 'retailco_master_pipeline' retrieved from /opt/airflow/dags/retailco_dag.py
[2026-05-31T15:56:26.586+0000] {logging_mixin.py:188} INFO - [2026-05-31T15:56:26.585+0000] {dag.py:3096} INFO - Sync 1 DAGs
[2026-05-31T15:56:26.699+0000] {logging_mixin.py:188} INFO - [2026-05-31T15:56:26.699+0000] {dag.py:3954} INFO - Setting next_dagrun for retailco_master_pipeline to 2026-05-31 00:00:00+00:00, run_after=2026-06-01 00:00:00+00:00
[2026-05-31T15:56:26.771+0000] {processor.py:183} INFO - Processing /opt/airflow/dags/retailco_dag.py took 0.468 seconds
[2026-05-31T15:56:57.178+0000] {processor.py:161} INFO - Started process (PID=1436) to work on /opt/airflow/dags/retailco_dag.py
[2026-05-31T15:56:57.198+0000] {processor.py:830} INFO - Processing file /opt/airflow/dags/retailco_dag.py for tasks to queue
[2026-05-31T15:56:57.206+0000] {logging_mixin.py:188} INFO - [2026-05-31T15:56:57.206+0000] {dagbag.py:545} INFO - Filling up the DagBag from /opt/airflow/dags/retailco_dag.py
[2026-05-31T15:56:57.281+0000] {processor.py:840} INFO - DAG(s) 'retailco_master_pipeline' retrieved from /opt/airflow/dags/retailco_dag.py
[2026-05-31T15:56:57.322+0000] {logging_mixin.py:188} INFO - [2026-05-31T15:56:57.322+0000] {dag.py:3096} INFO - Sync 1 DAGs
[2026-05-31T15:56:57.354+0000] {logging_mixin.py:188} INFO - [2026-05-31T15:56:57.354+0000] {dag.py:3954} INFO - Setting next_dagrun for retailco_master_pipeline to 2026-05-31 00:00:00+00:00, run_after=2026-06-01 00:00:00+00:00
[2026-05-31T15:56:57.393+0000] {processor.py:183} INFO - Processing /opt/airflow/dags/retailco_dag.py took 0.234 seconds
[2026-05-31T15:57:27.751+0000] {processor.py:161} INFO - Started process (PID=1441) to work on /opt/airflow/dags/retailco_dag.py
[2026-05-31T15:57:27.754+0000] {processor.py:830} INFO - Processing file /opt/airflow/dags/retailco_dag.py for tasks to queue
[2026-05-31T15:57:27.756+0000] {logging_mixin.py:188} INFO - [2026-05-31T15:57:27.756+0000] {dagbag.py:545} INFO - Filling up the DagBag from /opt/airflow/dags/retailco_dag.py
[2026-05-31T15:57:27.792+0000] {processor.py:840} INFO - DAG(s) 'retailco_master_pipeline' retrieved from /opt/airflow/dags/retailco_dag.py
[2026-05-31T15:57:27.838+0000] {logging_mixin.py:188} INFO - [2026-05-31T15:57:27.838+0000] {dag.py:3096} INFO - Sync 1 DAGs
[2026-05-31T15:57:27.875+0000] {logging_mixin.py:188} INFO - [2026-05-31T15:57:27.874+0000] {dag.py:3954} INFO - Setting next_dagrun for retailco_master_pipeline to 2026-05-31 00:00:00+00:00, run_after=2026-06-01 00:00:00+00:00
[2026-05-31T15:57:27.911+0000] {processor.py:183} INFO - Processing /opt/airflow/dags/retailco_dag.py took 0.170 seconds
[2026-05-31T15:57:58.066+0000] {processor.py:161} INFO - Started process (PID=1446) to work on /opt/airflow/dags/retailco_dag.py
[2026-05-31T15:57:58.068+0000] {processor.py:830} INFO - Processing file /opt/airflow/dags/retailco_dag.py for tasks to queue
[2026-05-31T15:57:58.072+0000] {logging_mixin.py:188} INFO - [2026-05-31T15:57:58.071+0000] {dagbag.py:545} INFO - Filling up the DagBag from /opt/airflow/dags/retailco_dag.py
[2026-05-31T15:57:58.110+0000] {processor.py:840} INFO - DAG(s) 'retailco_master_pipeline' retrieved from /opt/airflow/dags/retailco_dag.py
[2026-05-31T15:57:58.155+0000] {logging_mixin.py:188} INFO - [2026-05-31T15:57:58.155+0000] {dag.py:3096} INFO - Sync 1 DAGs
[2026-05-31T15:57:58.188+0000] {logging_mixin.py:188} INFO - [2026-05-31T15:57:58.187+0000] {dag.py:3954} INFO - Setting next_dagrun for retailco_master_pipeline to 2026-05-31 00:00:00+00:00, run_after=2026-06-01 00:00:00+00:00
[2026-05-31T15:57:58.220+0000] {processor.py:183} INFO - Processing /opt/airflow/dags/retailco_dag.py took 0.161 seconds
[2026-05-31T15:58:28.568+0000] {processor.py:161} INFO - Started process (PID=1451) to work on /opt/airflow/dags/retailco_dag.py
[2026-05-31T15:58:28.570+0000] {processor.py:830} INFO - Processing file /opt/airflow/dags/retailco_dag.py for tasks to queue
[2026-05-31T15:58:28.572+0000] {logging_mixin.py:188} INFO - [2026-05-31T15:58:28.572+0000] {dagbag.py:545} INFO - Filling up the DagBag from /opt/airflow/dags/retailco_dag.py
[2026-05-31T15:58:28.617+0000] {processor.py:840} INFO - DAG(s) 'retailco_master_pipeline' retrieved from /opt/airflow/dags/retailco_dag.py
[2026-05-31T15:58:28.651+0000] {logging_mixin.py:188} INFO - [2026-05-31T15:58:28.651+0000] {dag.py:3096} INFO - Sync 1 DAGs
[2026-05-31T15:58:28.675+0000] {logging_mixin.py:188} INFO - [2026-05-31T15:58:28.675+0000] {dag.py:3954} INFO - Setting next_dagrun for retailco_master_pipeline to 2026-05-31 00:00:00+00:00, run_after=2026-06-01 00:00:00+00:00
[2026-05-31T15:58:28.703+0000] {processor.py:183} INFO - Processing /opt/airflow/dags/retailco_dag.py took 0.147 seconds
[2026-05-31T15:58:58.982+0000] {processor.py:161} INFO - Started process (PID=1456) to work on /opt/airflow/dags/retailco_dag.py
[2026-05-31T15:58:58.983+0000] {processor.py:830} INFO - Processing file /opt/airflow/dags/retailco_dag.py for tasks to queue
[2026-05-31T15:58:58.985+0000] {logging_mixin.py:188} INFO - [2026-05-31T15:58:58.985+0000] {dagbag.py:545} INFO - Filling up the DagBag from /opt/airflow/dags/retailco_dag.py
[2026-05-31T15:58:59.026+0000] {processor.py:840} INFO - DAG(s) 'retailco_master_pipeline' retrieved from /opt/airflow/dags/retailco_dag.py
[2026-05-31T15:58:59.060+0000] {logging_mixin.py:188} INFO - [2026-05-31T15:58:59.060+0000] {dag.py:3096} INFO - Sync 1 DAGs
[2026-05-31T15:58:59.084+0000] {logging_mixin.py:188} INFO - [2026-05-31T15:58:59.084+0000] {dag.py:3954} INFO - Setting next_dagrun for retailco_master_pipeline to 2026-05-31 00:00:00+00:00, run_after=2026-06-01 00:00:00+00:00
[2026-05-31T15:58:59.113+0000] {processor.py:183} INFO - Processing /opt/airflow/dags/retailco_dag.py took 0.137 seconds
[2026-05-31T15:59:29.356+0000] {processor.py:161} INFO - Started process (PID=1461) to work on /opt/airflow/dags/retailco_dag.py
[2026-05-31T15:59:29.358+0000] {processor.py:830} INFO - Processing file /opt/airflow/dags/retailco_dag.py for tasks to queue
[2026-05-31T15:59:29.360+0000] {logging_mixin.py:188} INFO - [2026-05-31T15:59:29.359+0000] {dagbag.py:545} INFO - Filling up the DagBag from /opt/airflow/dags/retailco_dag.py
[2026-05-31T15:59:29.390+0000] {processor.py:840} INFO - DAG(s) 'retailco_master_pipeline' retrieved from /opt/airflow/dags/retailco_dag.py
[2026-05-31T15:59:29.424+0000] {logging_mixin.py:188} INFO - [2026-05-31T15:59:29.423+0000] {dag.py:3096} INFO - Sync 1 DAGs
[2026-05-31T15:59:29.450+0000] {logging_mixin.py:188} INFO - [2026-05-31T15:59:29.450+0000] {dag.py:3954} INFO - Setting next_dagrun for retailco_master_pipeline to 2026-05-31 00:00:00+00:00, run_after=2026-06-01 00:00:00+00:00
[2026-05-31T15:59:29.478+0000] {processor.py:183} INFO - Processing /opt/airflow/dags/retailco_dag.py took 0.127 seconds
[2026-05-31T15:59:59.718+0000] {processor.py:161} INFO - Started process (PID=1466) to work on /opt/airflow/dags/retailco_dag.py
[2026-05-31T15:59:59.719+0000] {processor.py:830} INFO - Processing file /opt/airflow/dags/retailco_dag.py for tasks to queue
[2026-05-31T15:59:59.722+0000] {logging_mixin.py:188} INFO - [2026-05-31T15:59:59.721+0000] {dagbag.py:545} INFO - Filling up the DagBag from /opt/airflow/dags/retailco_dag.py
[2026-05-31T15:59:59.755+0000] {processor.py:840} INFO - DAG(s) 'retailco_master_pipeline' retrieved from /opt/airflow/dags/retailco_dag.py
[2026-05-31T15:59:59.790+0000] {logging_mixin.py:188} INFO - [2026-05-31T15:59:59.789+0000] {dag.py:3096} INFO - Sync 1 DAGs
[2026-05-31T15:59:59.814+0000] {logging_mixin.py:188} INFO - [2026-05-31T15:59:59.814+0000] {dag.py:3954} INFO - Setting next_dagrun for retailco_master_pipeline to 2026-05-31 00:00:00+00:00, run_after=2026-06-01 00:00:00+00:00
[2026-05-31T15:59:59.840+0000] {processor.py:183} INFO - Processing /opt/airflow/dags/retailco_dag.py took 0.128 seconds
[2026-05-31T16:00:30.191+0000] {processor.py:161} INFO - Started process (PID=1471) to work on /opt/airflow/dags/retailco_dag.py
[2026-05-31T16:00:30.193+0000] {processor.py:830} INFO - Processing file /opt/airflow/dags/retailco_dag.py for tasks to queue
[2026-05-31T16:00:30.196+0000] {logging_mixin.py:188} INFO - [2026-05-31T16:00:30.195+0000] {dagbag.py:545} INFO - Filling up the DagBag from /opt/airflow/dags/retailco_dag.py
[2026-05-31T16:00:30.229+0000] {processor.py:840} INFO - DAG(s) 'retailco_master_pipeline' retrieved from /opt/airflow/dags/retailco_dag.py
[2026-05-31T16:00:30.264+0000] {logging_mixin.py:188} INFO - [2026-05-31T16:00:30.263+0000] {dag.py:3096} INFO - Sync 1 DAGs
[2026-05-31T16:00:30.288+0000] {logging_mixin.py:188} INFO - [2026-05-31T16:00:30.287+0000] {dag.py:3954} INFO - Setting next_dagrun for retailco_master_pipeline to 2026-05-31 00:00:00+00:00, run_after=2026-06-01 00:00:00+00:00
[2026-05-31T16:00:30.316+0000] {processor.py:183} INFO - Processing /opt/airflow/dags/retailco_dag.py took 0.133 seconds
[2026-05-31T16:01:00.587+0000] {processor.py:161} INFO - Started process (PID=1476) to work on /opt/airflow/dags/retailco_dag.py
[2026-05-31T16:01:00.589+0000] {processor.py:830} INFO - Processing file /opt/airflow/dags/retailco_dag.py for tasks to queue
[2026-05-31T16:01:00.593+0000] {logging_mixin.py:188} INFO - [2026-05-31T16:01:00.593+0000] {dagbag.py:545} INFO - Filling up the DagBag from /opt/airflow/dags/retailco_dag.py
[2026-05-31T16:01:00.627+0000] {processor.py:840} INFO - DAG(s) 'retailco_master_pipeline' retrieved from /opt/airflow/dags/retailco_dag.py
[2026-05-31T16:01:00.667+0000] {logging_mixin.py:188} INFO - [2026-05-31T16:01:00.666+0000] {dag.py:3096} INFO - Sync 1 DAGs
[2026-05-31T16:01:00.692+0000] {logging_mixin.py:188} INFO - [2026-05-31T16:01:00.691+0000] {dag.py:3954} INFO - Setting next_dagrun for retailco_master_pipeline to 2026-05-31 00:00:00+00:00, run_after=2026-06-01 00:00:00+00:00
[2026-05-31T16:01:00.719+0000] {processor.py:183} INFO - Processing /opt/airflow/dags/retailco_dag.py took 0.139 seconds
[2026-05-31T16:01:31.021+0000] {processor.py:161} INFO - Started process (PID=1481) to work on /opt/airflow/dags/retailco_dag.py
[2026-05-31T16:01:31.024+0000] {processor.py:830} INFO - Processing file /opt/airflow/dags/retailco_dag.py for tasks to queue
[2026-05-31T16:01:31.030+0000] {logging_mixin.py:188} INFO - [2026-05-31T16:01:31.029+0000] {dagbag.py:545} INFO - Filling up the DagBag from /opt/airflow/dags/retailco_dag.py
[2026-05-31T16:01:31.100+0000] {processor.py:840} INFO - DAG(s) 'retailco_master_pipeline' retrieved from /opt/airflow/dags/retailco_dag.py
[2026-05-31T16:01:31.196+0000] {logging_mixin.py:188} INFO - [2026-05-31T16:01:31.196+0000] {dag.py:3096} INFO - Sync 1 DAGs
[2026-05-31T16:01:31.274+0000] {logging_mixin.py:188} INFO - [2026-05-31T16:01:31.273+0000] {dag.py:3954} INFO - Setting next_dagrun for retailco_master_pipeline to 2026-05-31 00:00:00+00:00, run_after=2026-06-01 00:00:00+00:00
[2026-05-31T16:01:31.319+0000] {processor.py:183} INFO - Processing /opt/airflow/dags/retailco_dag.py took 0.316 seconds
[2026-05-31T16:02:01.683+0000] {processor.py:161} INFO - Started process (PID=1486) to work on /opt/airflow/dags/retailco_dag.py
[2026-05-31T16:02:01.684+0000] {processor.py:830} INFO - Processing file /opt/airflow/dags/retailco_dag.py for tasks to queue
[2026-05-31T16:02:01.686+0000] {logging_mixin.py:188} INFO - [2026-05-31T16:02:01.686+0000] {dagbag.py:545} INFO - Filling up the DagBag from /opt/airflow/dags/retailco_dag.py
[2026-05-31T16:02:01.719+0000] {processor.py:840} INFO - DAG(s) 'retailco_master_pipeline' retrieved from /opt/airflow/dags/retailco_dag.py
[2026-05-31T16:02:01.757+0000] {logging_mixin.py:188} INFO - [2026-05-31T16:02:01.757+0000] {dag.py:3096} INFO - Sync 1 DAGs
[2026-05-31T16:02:01.791+0000] {logging_mixin.py:188} INFO - [2026-05-31T16:02:01.790+0000] {dag.py:3954} INFO - Setting next_dagrun for retailco_master_pipeline to 2026-05-31 00:00:00+00:00, run_after=2026-06-01 00:00:00+00:00
[2026-05-31T16:02:01.824+0000] {processor.py:183} INFO - Processing /opt/airflow/dags/retailco_dag.py took 0.151 seconds
[2026-05-31T16:02:32.005+0000] {processor.py:161} INFO - Started process (PID=1491) to work on /opt/airflow/dags/retailco_dag.py
[2026-05-31T16:02:32.007+0000] {processor.py:830} INFO - Processing file /opt/airflow/dags/retailco_dag.py for tasks to queue
[2026-05-31T16:02:32.010+0000] {logging_mixin.py:188} INFO - [2026-05-31T16:02:32.010+0000] {dagbag.py:545} INFO - Filling up the DagBag from /opt/airflow/dags/retailco_dag.py
[2026-05-31T16:02:32.060+0000] {processor.py:840} INFO - DAG(s) 'retailco_master_pipeline' retrieved from /opt/airflow/dags/retailco_dag.py
[2026-05-31T16:02:32.106+0000] {logging_mixin.py:188} INFO - [2026-05-31T16:02:32.106+0000] {dag.py:3096} INFO - Sync 1 DAGs
[2026-05-31T16:02:32.135+0000] {logging_mixin.py:188} INFO - [2026-05-31T16:02:32.134+0000] {dag.py:3954} INFO - Setting next_dagrun for retailco_master_pipeline to 2026-05-31 00:00:00+00:00, run_after=2026-06-01 00:00:00+00:00
[2026-05-31T16:02:32.161+0000] {processor.py:183} INFO - Processing /opt/airflow/dags/retailco_dag.py took 0.168 seconds
[2026-05-31T16:03:02.514+0000] {processor.py:161} INFO - Started process (PID=1496) to work on /opt/airflow/dags/retailco_dag.py
[2026-05-31T16:03:02.516+0000] {processor.py:830} INFO - Processing file /opt/airflow/dags/retailco_dag.py for tasks to queue
[2026-05-31T16:03:02.518+0000] {logging_mixin.py:188} INFO - [2026-05-31T16:03:02.518+0000] {dagbag.py:545} INFO - Filling up the DagBag from /opt/airflow/dags/retailco_dag.py
[2026-05-31T16:03:02.549+0000] {processor.py:840} INFO - DAG(s) 'retailco_master_pipeline' retrieved from /opt/airflow/dags/retailco_dag.py
[2026-05-31T16:03:02.582+0000] {logging_mixin.py:188} INFO - [2026-05-31T16:03:02.581+0000] {dag.py:3096} INFO - Sync 1 DAGs
[2026-05-31T16:03:02.605+0000] {logging_mixin.py:188} INFO - [2026-05-31T16:03:02.605+0000] {dag.py:3954} INFO - Setting next_dagrun for retailco_master_pipeline to 2026-05-31 00:00:00+00:00, run_after=2026-06-01 00:00:00+00:00
[2026-05-31T16:03:02.632+0000] {processor.py:183} INFO - Processing /opt/airflow/dags/retailco_dag.py took 0.126 seconds
[2026-05-31T16:03:32.929+0000] {processor.py:161} INFO - Started process (PID=1501) to work on /opt/airflow/dags/retailco_dag.py
[2026-05-31T16:03:32.930+0000] {processor.py:830} INFO - Processing file /opt/airflow/dags/retailco_dag.py for tasks to queue
[2026-05-31T16:03:32.932+0000] {logging_mixin.py:188} INFO - [2026-05-31T16:03:32.932+0000] {dagbag.py:545} INFO - Filling up the DagBag from /opt/airflow/dags/retailco_dag.py
[2026-05-31T16:03:32.961+0000] {processor.py:840} INFO - DAG(s) 'retailco_master_pipeline' retrieved from /opt/airflow/dags/retailco_dag.py
[2026-05-31T16:03:32.995+0000] {logging_mixin.py:188} INFO - [2026-05-31T16:03:32.995+0000] {dag.py:3096} INFO - Sync 1 DAGs
[2026-05-31T16:03:33.020+0000] {logging_mixin.py:188} INFO - [2026-05-31T16:03:33.020+0000] {dag.py:3954} INFO - Setting next_dagrun for retailco_master_pipeline to 2026-05-31 00:00:00+00:00, run_after=2026-06-01 00:00:00+00:00
[2026-05-31T16:03:33.048+0000] {processor.py:183} INFO - Processing /opt/airflow/dags/retailco_dag.py took 0.126 seconds
[2026-05-31T16:04:03.290+0000] {processor.py:161} INFO - Started process (PID=1506) to work on /opt/airflow/dags/retailco_dag.py
[2026-05-31T16:04:03.291+0000] {processor.py:830} INFO - Processing file /opt/airflow/dags/retailco_dag.py for tasks to queue
[2026-05-31T16:04:03.295+0000] {logging_mixin.py:188} INFO - [2026-05-31T16:04:03.294+0000] {dagbag.py:545} INFO - Filling up the DagBag from /opt/airflow/dags/retailco_dag.py
[2026-05-31T16:04:03.328+0000] {processor.py:840} INFO - DAG(s) 'retailco_master_pipeline' retrieved from /opt/airflow/dags/retailco_dag.py
[2026-05-31T16:04:03.370+0000] {logging_mixin.py:188} INFO - [2026-05-31T16:04:03.370+0000] {dag.py:3096} INFO - Sync 1 DAGs
[2026-05-31T16:04:03.395+0000] {logging_mixin.py:188} INFO - [2026-05-31T16:04:03.395+0000] {dag.py:3954} INFO - Setting next_dagrun for retailco_master_pipeline to 2026-05-31 00:00:00+00:00, run_after=2026-06-01 00:00:00+00:00
[2026-05-31T16:04:03.426+0000] {processor.py:183} INFO - Processing /opt/airflow/dags/retailco_dag.py took 0.144 seconds
[2026-05-31T16:04:33.746+0000] {processor.py:161} INFO - Started process (PID=1511) to work on /opt/airflow/dags/retailco_dag.py
[2026-05-31T16:04:33.748+0000] {processor.py:830} INFO - Processing file /opt/airflow/dags/retailco_dag.py for tasks to queue
[2026-05-31T16:04:33.750+0000] {logging_mixin.py:188} INFO - [2026-05-31T16:04:33.749+0000] {dagbag.py:545} INFO - Filling up the DagBag from /opt/airflow/dags/retailco_dag.py
[2026-05-31T16:04:33.780+0000] {processor.py:840} INFO - DAG(s) 'retailco_master_pipeline' retrieved from /opt/airflow/dags/retailco_dag.py
[2026-05-31T16:04:33.813+0000] {logging_mixin.py:188} INFO - [2026-05-31T16:04:33.813+0000] {dag.py:3096} INFO - Sync 1 DAGs
[2026-05-31T16:04:33.837+0000] {logging_mixin.py:188} INFO - [2026-05-31T16:04:33.837+0000] {dag.py:3954} INFO - Setting next_dagrun for retailco_master_pipeline to 2026-05-31 00:00:00+00:00, run_after=2026-06-01 00:00:00+00:00
[2026-05-31T16:04:33.864+0000] {processor.py:183} INFO - Processing /opt/airflow/dags/retailco_dag.py took 0.125 seconds
[2026-05-31T16:05:04.138+0000] {processor.py:161} INFO - Started process (PID=1516) to work on /opt/airflow/dags/retailco_dag.py
[2026-05-31T16:05:04.140+0000] {processor.py:830} INFO - Processing file /opt/airflow/dags/retailco_dag.py for tasks to queue
[2026-05-31T16:05:04.142+0000] {logging_mixin.py:188} INFO - [2026-05-31T16:05:04.142+0000] {dagbag.py:545} INFO - Filling up the DagBag from /opt/airflow/dags/retailco_dag.py
[2026-05-31T16:05:04.197+0000] {processor.py:840} INFO - DAG(s) 'retailco_master_pipeline' retrieved from /opt/airflow/dags/retailco_dag.py
[2026-05-31T16:05:04.237+0000] {logging_mixin.py:188} INFO - [2026-05-31T16:05:04.237+0000] {dag.py:3096} INFO - Sync 1 DAGs
[2026-05-31T16:05:04.265+0000] {logging_mixin.py:188} INFO - [2026-05-31T16:05:04.265+0000] {dag.py:3954} INFO - Setting next_dagrun for retailco_master_pipeline to 2026-05-31 00:00:00+00:00, run_after=2026-06-01 00:00:00+00:00
[2026-05-31T16:05:04.293+0000] {processor.py:183} INFO - Processing /opt/airflow/dags/retailco_dag.py took 0.161 seconds
[2026-05-31T16:05:34.436+0000] {processor.py:161} INFO - Started process (PID=1521) to work on /opt/airflow/dags/retailco_dag.py
[2026-05-31T16:05:34.437+0000] {processor.py:830} INFO - Processing file /opt/airflow/dags/retailco_dag.py for tasks to queue
[2026-05-31T16:05:34.440+0000] {logging_mixin.py:188} INFO - [2026-05-31T16:05:34.439+0000] {dagbag.py:545} INFO - Filling up the DagBag from /opt/airflow/dags/retailco_dag.py
[2026-05-31T16:05:34.478+0000] {processor.py:840} INFO - DAG(s) 'retailco_master_pipeline' retrieved from /opt/airflow/dags/retailco_dag.py
[2026-05-31T16:05:34.515+0000] {logging_mixin.py:188} INFO - [2026-05-31T16:05:34.515+0000] {dag.py:3096} INFO - Sync 1 DAGs
[2026-05-31T16:05:34.538+0000] {logging_mixin.py:188} INFO - [2026-05-31T16:05:34.538+0000] {dag.py:3954} INFO - Setting next_dagrun for retailco_master_pipeline to 2026-05-31 00:00:00+00:00, run_after=2026-06-01 00:00:00+00:00
[2026-05-31T16:05:34.566+0000] {processor.py:183} INFO - Processing /opt/airflow/dags/retailco_dag.py took 0.137 seconds
[2026-05-31T16:06:04.951+0000] {processor.py:161} INFO - Started process (PID=1526) to work on /opt/airflow/dags/retailco_dag.py
[2026-05-31T16:06:04.953+0000] {processor.py:830} INFO - Processing file /opt/airflow/dags/retailco_dag.py for tasks to queue
[2026-05-31T16:06:04.955+0000] {logging_mixin.py:188} INFO - [2026-05-31T16:06:04.954+0000] {dagbag.py:545} INFO - Filling up the DagBag from /opt/airflow/dags/retailco_dag.py
[2026-05-31T16:06:05.024+0000] {processor.py:840} INFO - DAG(s) 'retailco_master_pipeline' retrieved from /opt/airflow/dags/retailco_dag.py
[2026-05-31T16:06:05.058+0000] {logging_mixin.py:188} INFO - [2026-05-31T16:06:05.057+0000] {dag.py:3096} INFO - Sync 1 DAGs
[2026-05-31T16:06:05.081+0000] {logging_mixin.py:188} INFO - [2026-05-31T16:06:05.080+0000] {dag.py:3954} INFO - Setting next_dagrun for retailco_master_pipeline to 2026-05-31 00:00:00+00:00, run_after=2026-06-01 00:00:00+00:00
[2026-05-31T16:06:05.109+0000] {processor.py:183} INFO - Processing /opt/airflow/dags/retailco_dag.py took 0.164 seconds
[2026-05-31T16:06:35.334+0000] {processor.py:161} INFO - Started process (PID=1531) to work on /opt/airflow/dags/retailco_dag.py
[2026-05-31T16:06:35.335+0000] {processor.py:830} INFO - Processing file /opt/airflow/dags/retailco_dag.py for tasks to queue
[2026-05-31T16:06:35.337+0000] {logging_mixin.py:188} INFO - [2026-05-31T16:06:35.337+0000] {dagbag.py:545} INFO - Filling up the DagBag from /opt/airflow/dags/retailco_dag.py
[2026-05-31T16:06:35.369+0000] {processor.py:840} INFO - DAG(s) 'retailco_master_pipeline' retrieved from /opt/airflow/dags/retailco_dag.py
[2026-05-31T16:06:35.404+0000] {logging_mixin.py:188} INFO - [2026-05-31T16:06:35.404+0000] {dag.py:3096} INFO - Sync 1 DAGs
[2026-05-31T16:06:35.429+0000] {logging_mixin.py:188} INFO - [2026-05-31T16:06:35.429+0000] {dag.py:3954} INFO - Setting next_dagrun for retailco_master_pipeline to 2026-05-31 00:00:00+00:00, run_after=2026-06-01 00:00:00+00:00
[2026-05-31T16:06:35.456+0000] {processor.py:183} INFO - Processing /opt/airflow/dags/retailco_dag.py took 0.129 seconds
[2026-05-31T16:07:05.800+0000] {processor.py:161} INFO - Started process (PID=1536) to work on /opt/airflow/dags/retailco_dag.py
[2026-05-31T16:07:05.802+0000] {processor.py:830} INFO - Processing file /opt/airflow/dags/retailco_dag.py for tasks to queue
[2026-05-31T16:07:05.805+0000] {logging_mixin.py:188} INFO - [2026-05-31T16:07:05.805+0000] {dagbag.py:545} INFO - Filling up the DagBag from /opt/airflow/dags/retailco_dag.py
[2026-05-31T16:07:05.843+0000] {processor.py:840} INFO - DAG(s) 'retailco_master_pipeline' retrieved from /opt/airflow/dags/retailco_dag.py
[2026-05-31T16:07:05.877+0000] {logging_mixin.py:188} INFO - [2026-05-31T16:07:05.876+0000] {dag.py:3096} INFO - Sync 1 DAGs
[2026-05-31T16:07:05.900+0000] {logging_mixin.py:188} INFO - [2026-05-31T16:07:05.900+0000] {dag.py:3954} INFO - Setting next_dagrun for retailco_master_pipeline to 2026-05-31 00:00:00+00:00, run_after=2026-06-01 00:00:00+00:00
[2026-05-31T16:07:05.926+0000] {processor.py:183} INFO - Processing /opt/airflow/dags/retailco_dag.py took 0.132 seconds
[2026-05-31T16:07:36.092+0000] {processor.py:161} INFO - Started process (PID=1541) to work on /opt/airflow/dags/retailco_dag.py
[2026-05-31T16:07:36.093+0000] {processor.py:830} INFO - Processing file /opt/airflow/dags/retailco_dag.py for tasks to queue
[2026-05-31T16:07:36.095+0000] {logging_mixin.py:188} INFO - [2026-05-31T16:07:36.095+0000] {dagbag.py:545} INFO - Filling up the DagBag from /opt/airflow/dags/retailco_dag.py
[2026-05-31T16:07:36.126+0000] {processor.py:840} INFO - DAG(s) 'retailco_master_pipeline' retrieved from /opt/airflow/dags/retailco_dag.py
[2026-05-31T16:07:36.160+0000] {logging_mixin.py:188} INFO - [2026-05-31T16:07:36.159+0000] {dag.py:3096} INFO - Sync 1 DAGs
[2026-05-31T16:07:36.186+0000] {logging_mixin.py:188} INFO - [2026-05-31T16:07:36.185+0000] {dag.py:3954} INFO - Setting next_dagrun for retailco_master_pipeline to 2026-05-31 00:00:00+00:00, run_after=2026-06-01 00:00:00+00:00
[2026-05-31T16:07:36.214+0000] {processor.py:183} INFO - Processing /opt/airflow/dags/retailco_dag.py took 0.129 seconds
[2026-05-31T16:08:06.494+0000] {processor.py:161} INFO - Started process (PID=1546) to work on /opt/airflow/dags/retailco_dag.py
[2026-05-31T16:08:06.496+0000] {processor.py:830} INFO - Processing file /opt/airflow/dags/retailco_dag.py for tasks to queue
[2026-05-31T16:08:06.498+0000] {logging_mixin.py:188} INFO - [2026-05-31T16:08:06.497+0000] {dagbag.py:545} INFO - Filling up the DagBag from /opt/airflow/dags/retailco_dag.py
[2026-05-31T16:08:06.527+0000] {processor.py:840} INFO - DAG(s) 'retailco_master_pipeline' retrieved from /opt/airflow/dags/retailco_dag.py
[2026-05-31T16:08:06.562+0000] {logging_mixin.py:188} INFO - [2026-05-31T16:08:06.562+0000] {dag.py:3096} INFO - Sync 1 DAGs
[2026-05-31T16:08:06.587+0000] {logging_mixin.py:188} INFO - [2026-05-31T16:08:06.587+0000] {dag.py:3954} INFO - Setting next_dagrun for retailco_master_pipeline to 2026-05-31 00:00:00+00:00, run_after=2026-06-01 00:00:00+00:00
[2026-05-31T16:08:06.615+0000] {processor.py:183} INFO - Processing /opt/airflow/dags/retailco_dag.py took 0.128 seconds
[2026-05-31T16:08:36.822+0000] {processor.py:161} INFO - Started process (PID=1551) to work on /opt/airflow/dags/retailco_dag.py
[2026-05-31T16:08:36.823+0000] {processor.py:830} INFO - Processing file /opt/airflow/dags/retailco_dag.py for tasks to queue
[2026-05-31T16:08:36.826+0000] {logging_mixin.py:188} INFO - [2026-05-31T16:08:36.825+0000] {dagbag.py:545} INFO - Filling up the DagBag from /opt/airflow/dags/retailco_dag.py
[2026-05-31T16:08:36.859+0000] {processor.py:840} INFO - DAG(s) 'retailco_master_pipeline' retrieved from /opt/airflow/dags/retailco_dag.py
[2026-05-31T16:08:36.897+0000] {logging_mixin.py:188} INFO - [2026-05-31T16:08:36.896+0000] {dag.py:3096} INFO - Sync 1 DAGs
[2026-05-31T16:08:36.921+0000] {logging_mixin.py:188} INFO - [2026-05-31T16:08:36.920+0000] {dag.py:3954} INFO - Setting next_dagrun for retailco_master_pipeline to 2026-05-31 00:00:00+00:00, run_after=2026-06-01 00:00:00+00:00
[2026-05-31T16:08:36.943+0000] {processor.py:183} INFO - Processing /opt/airflow/dags/retailco_dag.py took 0.128 seconds
[2026-05-31T16:09:07.144+0000] {processor.py:161} INFO - Started process (PID=1556) to work on /opt/airflow/dags/retailco_dag.py
[2026-05-31T16:09:07.145+0000] {processor.py:830} INFO - Processing file /opt/airflow/dags/retailco_dag.py for tasks to queue
[2026-05-31T16:09:07.147+0000] {logging_mixin.py:188} INFO - [2026-05-31T16:09:07.147+0000] {dagbag.py:545} INFO - Filling up the DagBag from /opt/airflow/dags/retailco_dag.py
[2026-05-31T16:09:07.175+0000] {processor.py:840} INFO - DAG(s) 'retailco_master_pipeline' retrieved from /opt/airflow/dags/retailco_dag.py
[2026-05-31T16:09:07.209+0000] {logging_mixin.py:188} INFO - [2026-05-31T16:09:07.209+0000] {dag.py:3096} INFO - Sync 1 DAGs
[2026-05-31T16:09:07.235+0000] {logging_mixin.py:188} INFO - [2026-05-31T16:09:07.234+0000] {dag.py:3954} INFO - Setting next_dagrun for retailco_master_pipeline to 2026-05-31 00:00:00+00:00, run_after=2026-06-01 00:00:00+00:00
[2026-05-31T16:09:07.264+0000] {processor.py:183} INFO - Processing /opt/airflow/dags/retailco_dag.py took 0.128 seconds
[2026-05-31T16:09:37.595+0000] {processor.py:161} INFO - Started process (PID=1561) to work on /opt/airflow/dags/retailco_dag.py
[2026-05-31T16:09:37.597+0000] {processor.py:830} INFO - Processing file /opt/airflow/dags/retailco_dag.py for tasks to queue
[2026-05-31T16:09:37.600+0000] {logging_mixin.py:188} INFO - [2026-05-31T16:09:37.599+0000] {dagbag.py:545} INFO - Filling up the DagBag from /opt/airflow/dags/retailco_dag.py
[2026-05-31T16:09:37.648+0000] {processor.py:840} INFO - DAG(s) 'retailco_master_pipeline' retrieved from /opt/airflow/dags/retailco_dag.py
[2026-05-31T16:09:37.691+0000] {logging_mixin.py:188} INFO - [2026-05-31T16:09:37.691+0000] {dag.py:3096} INFO - Sync 1 DAGs
[2026-05-31T16:09:37.720+0000] {logging_mixin.py:188} INFO - [2026-05-31T16:09:37.720+0000] {dag.py:3954} INFO - Setting next_dagrun for retailco_master_pipeline to 2026-05-31 00:00:00+00:00, run_after=2026-06-01 00:00:00+00:00
[2026-05-31T16:09:37.746+0000] {processor.py:183} INFO - Processing /opt/airflow/dags/retailco_dag.py took 0.159 seconds
[2026-05-31T16:10:08.018+0000] {processor.py:161} INFO - Started process (PID=1566) to work on /opt/airflow/dags/retailco_dag.py
[2026-05-31T16:10:08.024+0000] {processor.py:830} INFO - Processing file /opt/airflow/dags/retailco_dag.py for tasks to queue
[2026-05-31T16:10:08.027+0000] {logging_mixin.py:188} INFO - [2026-05-31T16:10:08.026+0000] {dagbag.py:545} INFO - Filling up the DagBag from /opt/airflow/dags/retailco_dag.py
[2026-05-31T16:10:08.060+0000] {processor.py:840} INFO - DAG(s) 'retailco_master_pipeline' retrieved from /opt/airflow/dags/retailco_dag.py
[2026-05-31T16:10:08.104+0000] {logging_mixin.py:188} INFO - [2026-05-31T16:10:08.104+0000] {dag.py:3096} INFO - Sync 1 DAGs
[2026-05-31T16:10:08.131+0000] {logging_mixin.py:188} INFO - [2026-05-31T16:10:08.130+0000] {dag.py:3954} INFO - Setting next_dagrun for retailco_master_pipeline to 2026-05-31 00:00:00+00:00, run_after=2026-06-01 00:00:00+00:00
[2026-05-31T16:10:08.162+0000] {processor.py:183} INFO - Processing /opt/airflow/dags/retailco_dag.py took 0.150 seconds
[2026-05-31T16:10:38.398+0000] {processor.py:161} INFO - Started process (PID=1571) to work on /opt/airflow/dags/retailco_dag.py
[2026-05-31T16:10:38.400+0000] {processor.py:830} INFO - Processing file /opt/airflow/dags/retailco_dag.py for tasks to queue
[2026-05-31T16:10:38.402+0000] {logging_mixin.py:188} INFO - [2026-05-31T16:10:38.402+0000] {dagbag.py:545} INFO - Filling up the DagBag from /opt/airflow/dags/retailco_dag.py
[2026-05-31T16:10:38.435+0000] {processor.py:840} INFO - DAG(s) 'retailco_master_pipeline' retrieved from /opt/airflow/dags/retailco_dag.py
[2026-05-31T16:10:38.471+0000] {logging_mixin.py:188} INFO - [2026-05-31T16:10:38.471+0000] {dag.py:3096} INFO - Sync 1 DAGs
[2026-05-31T16:10:38.498+0000] {logging_mixin.py:188} INFO - [2026-05-31T16:10:38.498+0000] {dag.py:3954} INFO - Setting next_dagrun for retailco_master_pipeline to 2026-05-31 00:00:00+00:00, run_after=2026-06-01 00:00:00+00:00
[2026-05-31T16:10:38.525+0000] {processor.py:183} INFO - Processing /opt/airflow/dags/retailco_dag.py took 0.133 seconds
[2026-05-31T16:11:08.825+0000] {processor.py:161} INFO - Started process (PID=1576) to work on /opt/airflow/dags/retailco_dag.py
[2026-05-31T16:11:08.826+0000] {processor.py:830} INFO - Processing file /opt/airflow/dags/retailco_dag.py for tasks to queue
[2026-05-31T16:11:08.829+0000] {logging_mixin.py:188} INFO - [2026-05-31T16:11:08.829+0000] {dagbag.py:545} INFO - Filling up the DagBag from /opt/airflow/dags/retailco_dag.py
[2026-05-31T16:11:08.860+0000] {processor.py:840} INFO - DAG(s) 'retailco_master_pipeline' retrieved from /opt/airflow/dags/retailco_dag.py
[2026-05-31T16:11:08.896+0000] {logging_mixin.py:188} INFO - [2026-05-31T16:11:08.895+0000] {dag.py:3096} INFO - Sync 1 DAGs
[2026-05-31T16:11:08.921+0000] {logging_mixin.py:188} INFO - [2026-05-31T16:11:08.921+0000] {dag.py:3954} INFO - Setting next_dagrun for retailco_master_pipeline to 2026-05-31 00:00:00+00:00, run_after=2026-06-01 00:00:00+00:00
[2026-05-31T16:11:08.952+0000] {processor.py:183} INFO - Processing /opt/airflow/dags/retailco_dag.py took 0.132 seconds
[2026-05-31T16:11:39.196+0000] {processor.py:161} INFO - Started process (PID=1581) to work on /opt/airflow/dags/retailco_dag.py
[2026-05-31T16:11:39.198+0000] {processor.py:830} INFO - Processing file /opt/airflow/dags/retailco_dag.py for tasks to queue
[2026-05-31T16:11:39.200+0000] {logging_mixin.py:188} INFO - [2026-05-31T16:11:39.200+0000] {dagbag.py:545} INFO - Filling up the DagBag from /opt/airflow/dags/retailco_dag.py
[2026-05-31T16:11:39.235+0000] {processor.py:840} INFO - DAG(s) 'retailco_master_pipeline' retrieved from /opt/airflow/dags/retailco_dag.py
[2026-05-31T16:11:39.271+0000] {logging_mixin.py:188} INFO - [2026-05-31T16:11:39.270+0000] {dag.py:3096} INFO - Sync 1 DAGs
[2026-05-31T16:11:39.295+0000] {logging_mixin.py:188} INFO - [2026-05-31T16:11:39.295+0000] {dag.py:3954} INFO - Setting next_dagrun for retailco_master_pipeline to 2026-05-31 00:00:00+00:00, run_after=2026-06-01 00:00:00+00:00
[2026-05-31T16:11:39.324+0000] {processor.py:183} INFO - Processing /opt/airflow/dags/retailco_dag.py took 0.135 seconds
[2026-05-31T16:12:09.672+0000] {processor.py:161} INFO - Started process (PID=1586) to work on /opt/airflow/dags/retailco_dag.py
[2026-05-31T16:12:09.673+0000] {processor.py:830} INFO - Processing file /opt/airflow/dags/retailco_dag.py for tasks to queue
[2026-05-31T16:12:09.675+0000] {logging_mixin.py:188} INFO - [2026-05-31T16:12:09.675+0000] {dagbag.py:545} INFO - Filling up the DagBag from /opt/airflow/dags/retailco_dag.py
[2026-05-31T16:12:09.705+0000] {processor.py:840} INFO - DAG(s) 'retailco_master_pipeline' retrieved from /opt/airflow/dags/retailco_dag.py
[2026-05-31T16:12:09.739+0000] {logging_mixin.py:188} INFO - [2026-05-31T16:12:09.739+0000] {dag.py:3096} INFO - Sync 1 DAGs
[2026-05-31T16:12:09.769+0000] {logging_mixin.py:188} INFO - [2026-05-31T16:12:09.769+0000] {dag.py:3954} INFO - Setting next_dagrun for retailco_master_pipeline to 2026-05-31 00:00:00+00:00, run_after=2026-06-01 00:00:00+00:00
[2026-05-31T16:12:09.794+0000] {processor.py:183} INFO - Processing /opt/airflow/dags/retailco_dag.py took 0.127 seconds
[2026-05-31T16:12:40.094+0000] {processor.py:161} INFO - Started process (PID=1591) to work on /opt/airflow/dags/retailco_dag.py
[2026-05-31T16:12:40.095+0000] {processor.py:830} INFO - Processing file /opt/airflow/dags/retailco_dag.py for tasks to queue
[2026-05-31T16:12:40.097+0000] {logging_mixin.py:188} INFO - [2026-05-31T16:12:40.097+0000] {dagbag.py:545} INFO - Filling up the DagBag from /opt/airflow/dags/retailco_dag.py
[2026-05-31T16:12:40.128+0000] {processor.py:840} INFO - DAG(s) 'retailco_master_pipeline' retrieved from /opt/airflow/dags/retailco_dag.py
[2026-05-31T16:12:40.169+0000] {logging_mixin.py:188} INFO - [2026-05-31T16:12:40.169+0000] {dag.py:3096} INFO - Sync 1 DAGs
[2026-05-31T16:12:40.195+0000] {logging_mixin.py:188} INFO - [2026-05-31T16:12:40.195+0000] {dag.py:3954} INFO - Setting next_dagrun for retailco_master_pipeline to 2026-05-31 00:00:00+00:00, run_after=2026-06-01 00:00:00+00:00
[2026-05-31T16:12:40.223+0000] {processor.py:183} INFO - Processing /opt/airflow/dags/retailco_dag.py took 0.136 seconds
[2026-05-31T16:13:10.441+0000] {processor.py:161} INFO - Started process (PID=1596) to work on /opt/airflow/dags/retailco_dag.py
[2026-05-31T16:13:10.443+0000] {processor.py:830} INFO - Processing file /opt/airflow/dags/retailco_dag.py for tasks to queue
[2026-05-31T16:13:10.445+0000] {logging_mixin.py:188} INFO - [2026-05-31T16:13:10.444+0000] {dagbag.py:545} INFO - Filling up the DagBag from /opt/airflow/dags/retailco_dag.py
[2026-05-31T16:13:10.478+0000] {processor.py:840} INFO - DAG(s) 'retailco_master_pipeline' retrieved from /opt/airflow/dags/retailco_dag.py
[2026-05-31T16:13:10.522+0000] {logging_mixin.py:188} INFO - [2026-05-31T16:13:10.521+0000] {dag.py:3096} INFO - Sync 1 DAGs
[2026-05-31T16:13:10.546+0000] {logging_mixin.py:188} INFO - [2026-05-31T16:13:10.546+0000] {dag.py:3954} INFO - Setting next_dagrun for retailco_master_pipeline to 2026-05-31 00:00:00+00:00, run_after=2026-06-01 00:00:00+00:00
[2026-05-31T16:13:10.578+0000] {processor.py:183} INFO - Processing /opt/airflow/dags/retailco_dag.py took 0.146 seconds
[2026-05-31T16:13:40.794+0000] {processor.py:161} INFO - Started process (PID=1601) to work on /opt/airflow/dags/retailco_dag.py
[2026-05-31T16:13:40.795+0000] {processor.py:830} INFO - Processing file /opt/airflow/dags/retailco_dag.py for tasks to queue
[2026-05-31T16:13:40.797+0000] {logging_mixin.py:188} INFO - [2026-05-31T16:13:40.797+0000] {dagbag.py:545} INFO - Filling up the DagBag from /opt/airflow/dags/retailco_dag.py
[2026-05-31T16:13:40.838+0000] {processor.py:840} INFO - DAG(s) 'retailco_master_pipeline' retrieved from /opt/airflow/dags/retailco_dag.py
[2026-05-31T16:13:40.883+0000] {logging_mixin.py:188} INFO - [2026-05-31T16:13:40.883+0000] {dag.py:3096} INFO - Sync 1 DAGs
[2026-05-31T16:13:40.916+0000] {logging_mixin.py:188} INFO - [2026-05-31T16:13:40.916+0000] {dag.py:3954} INFO - Setting next_dagrun for retailco_master_pipeline to 2026-05-31 00:00:00+00:00, run_after=2026-06-01 00:00:00+00:00
[2026-05-31T16:13:40.944+0000] {processor.py:183} INFO - Processing /opt/airflow/dags/retailco_dag.py took 0.158 seconds
[2026-05-31T16:14:11.211+0000] {processor.py:161} INFO - Started process (PID=1606) to work on /opt/airflow/dags/retailco_dag.py
[2026-05-31T16:14:11.213+0000] {processor.py:830} INFO - Processing file /opt/airflow/dags/retailco_dag.py for tasks to queue
[2026-05-31T16:14:11.215+0000] {logging_mixin.py:188} INFO - [2026-05-31T16:14:11.214+0000] {dagbag.py:545} INFO - Filling up the DagBag from /opt/airflow/dags/retailco_dag.py
[2026-05-31T16:14:11.275+0000] {processor.py:840} INFO - DAG(s) 'retailco_master_pipeline' retrieved from /opt/airflow/dags/retailco_dag.py
[2026-05-31T16:14:11.310+0000] {logging_mixin.py:188} INFO - [2026-05-31T16:14:11.310+0000] {dag.py:3096} INFO - Sync 1 DAGs
[2026-05-31T16:14:11.335+0000] {logging_mixin.py:188} INFO - [2026-05-31T16:14:11.335+0000] {dag.py:3954} INFO - Setting next_dagrun for retailco_master_pipeline to 2026-05-31 00:00:00+00:00, run_after=2026-06-01 00:00:00+00:00
[2026-05-31T16:14:11.362+0000] {processor.py:183} INFO - Processing /opt/airflow/dags/retailco_dag.py took 0.157 seconds
[2026-05-31T16:14:41.598+0000] {processor.py:161} INFO - Started process (PID=1611) to work on /opt/airflow/dags/retailco_dag.py
[2026-05-31T16:14:41.600+0000] {processor.py:830} INFO - Processing file /opt/airflow/dags/retailco_dag.py for tasks to queue
[2026-05-31T16:14:41.603+0000] {logging_mixin.py:188} INFO - [2026-05-31T16:14:41.602+0000] {dagbag.py:545} INFO - Filling up the DagBag from /opt/airflow/dags/retailco_dag.py
[2026-05-31T16:14:41.632+0000] {processor.py:840} INFO - DAG(s) 'retailco_master_pipeline' retrieved from /opt/airflow/dags/retailco_dag.py
[2026-05-31T16:14:41.668+0000] {logging_mixin.py:188} INFO - [2026-05-31T16:14:41.668+0000] {dag.py:3096} INFO - Sync 1 DAGs
[2026-05-31T16:14:41.691+0000] {logging_mixin.py:188} INFO - [2026-05-31T16:14:41.691+0000] {dag.py:3954} INFO - Setting next_dagrun for retailco_master_pipeline to 2026-05-31 00:00:00+00:00, run_after=2026-06-01 00:00:00+00:00
[2026-05-31T16:14:41.717+0000] {processor.py:183} INFO - Processing /opt/airflow/dags/retailco_dag.py took 0.126 seconds
[2026-05-31T16:15:12.026+0000] {processor.py:161} INFO - Started process (PID=1616) to work on /opt/airflow/dags/retailco_dag.py
[2026-05-31T16:15:12.028+0000] {processor.py:830} INFO - Processing file /opt/airflow/dags/retailco_dag.py for tasks to queue
[2026-05-31T16:15:12.030+0000] {logging_mixin.py:188} INFO - [2026-05-31T16:15:12.029+0000] {dagbag.py:545} INFO - Filling up the DagBag from /opt/airflow/dags/retailco_dag.py
[2026-05-31T16:15:12.059+0000] {processor.py:840} INFO - DAG(s) 'retailco_master_pipeline' retrieved from /opt/airflow/dags/retailco_dag.py
[2026-05-31T16:15:12.093+0000] {logging_mixin.py:188} INFO - [2026-05-31T16:15:12.092+0000] {dag.py:3096} INFO - Sync 1 DAGs
[2026-05-31T16:15:12.117+0000] {logging_mixin.py:188} INFO - [2026-05-31T16:15:12.117+0000] {dag.py:3954} INFO - Setting next_dagrun for retailco_master_pipeline to 2026-05-31 00:00:00+00:00, run_after=2026-06-01 00:00:00+00:00
[2026-05-31T16:15:12.143+0000] {processor.py:183} INFO - Processing /opt/airflow/dags/retailco_dag.py took 0.123 seconds
[2026-05-31T16:15:42.385+0000] {processor.py:161} INFO - Started process (PID=1621) to work on /opt/airflow/dags/retailco_dag.py
[2026-05-31T16:15:42.387+0000] {processor.py:830} INFO - Processing file /opt/airflow/dags/retailco_dag.py for tasks to queue
[2026-05-31T16:15:42.392+0000] {logging_mixin.py:188} INFO - [2026-05-31T16:15:42.392+0000] {dagbag.py:545} INFO - Filling up the DagBag from /opt/airflow/dags/retailco_dag.py
[2026-05-31T16:15:42.488+0000] {processor.py:840} INFO - DAG(s) 'retailco_master_pipeline' retrieved from /opt/airflow/dags/retailco_dag.py
[2026-05-31T16:15:42.634+0000] {logging_mixin.py:188} INFO - [2026-05-31T16:15:42.633+0000] {dag.py:3096} INFO - Sync 1 DAGs
[2026-05-31T16:15:42.791+0000] {logging_mixin.py:188} INFO - [2026-05-31T16:15:42.791+0000] {dag.py:3954} INFO - Setting next_dagrun for retailco_master_pipeline to 2026-05-31 00:00:00+00:00, run_after=2026-06-01 00:00:00+00:00
[2026-05-31T16:15:42.899+0000] {processor.py:183} INFO - Processing /opt/airflow/dags/retailco_dag.py took 0.534 seconds
[2026-05-31T16:16:13.354+0000] {processor.py:161} INFO - Started process (PID=1626) to work on /opt/airflow/dags/retailco_dag.py
[2026-05-31T16:16:13.355+0000] {processor.py:830} INFO - Processing file /opt/airflow/dags/retailco_dag.py for tasks to queue
[2026-05-31T16:16:13.358+0000] {logging_mixin.py:188} INFO - [2026-05-31T16:16:13.357+0000] {dagbag.py:545} INFO - Filling up the DagBag from /opt/airflow/dags/retailco_dag.py
[2026-05-31T16:16:13.391+0000] {processor.py:840} INFO - DAG(s) 'retailco_master_pipeline' retrieved from /opt/airflow/dags/retailco_dag.py
[2026-05-31T16:16:13.427+0000] {logging_mixin.py:188} INFO - [2026-05-31T16:16:13.426+0000] {dag.py:3096} INFO - Sync 1 DAGs
[2026-05-31T16:16:13.452+0000] {logging_mixin.py:188} INFO - [2026-05-31T16:16:13.451+0000] {dag.py:3954} INFO - Setting next_dagrun for retailco_master_pipeline to 2026-05-31 00:00:00+00:00, run_after=2026-06-01 00:00:00+00:00
[2026-05-31T16:16:13.481+0000] {processor.py:183} INFO - Processing /opt/airflow/dags/retailco_dag.py took 0.134 seconds
[2026-05-31T16:16:43.702+0000] {processor.py:161} INFO - Started process (PID=1631) to work on /opt/airflow/dags/retailco_dag.py
[2026-05-31T16:16:43.703+0000] {processor.py:830} INFO - Processing file /opt/airflow/dags/retailco_dag.py for tasks to queue
[2026-05-31T16:16:43.706+0000] {logging_mixin.py:188} INFO - [2026-05-31T16:16:43.706+0000] {dagbag.py:545} INFO - Filling up the DagBag from /opt/airflow/dags/retailco_dag.py
[2026-05-31T16:16:43.742+0000] {processor.py:840} INFO - DAG(s) 'retailco_master_pipeline' retrieved from /opt/airflow/dags/retailco_dag.py
[2026-05-31T16:16:43.780+0000] {logging_mixin.py:188} INFO - [2026-05-31T16:16:43.780+0000] {dag.py:3096} INFO - Sync 1 DAGs
[2026-05-31T16:16:43.810+0000] {logging_mixin.py:188} INFO - [2026-05-31T16:16:43.810+0000] {dag.py:3954} INFO - Setting next_dagrun for retailco_master_pipeline to 2026-05-31 00:00:00+00:00, run_after=2026-06-01 00:00:00+00:00
[2026-05-31T16:16:43.839+0000] {processor.py:183} INFO - Processing /opt/airflow/dags/retailco_dag.py took 0.145 seconds
[2026-05-31T16:17:14.031+0000] {processor.py:161} INFO - Started process (PID=1636) to work on /opt/airflow/dags/retailco_dag.py
[2026-05-31T16:17:14.032+0000] {processor.py:830} INFO - Processing file /opt/airflow/dags/retailco_dag.py for tasks to queue
[2026-05-31T16:17:14.034+0000] {logging_mixin.py:188} INFO - [2026-05-31T16:17:14.034+0000] {dagbag.py:545} INFO - Filling up the DagBag from /opt/airflow/dags/retailco_dag.py
[2026-05-31T16:17:14.065+0000] {processor.py:840} INFO - DAG(s) 'retailco_master_pipeline' retrieved from /opt/airflow/dags/retailco_dag.py
[2026-05-31T16:17:14.103+0000] {logging_mixin.py:188} INFO - [2026-05-31T16:17:14.102+0000] {dag.py:3096} INFO - Sync 1 DAGs
[2026-05-31T16:17:14.128+0000] {logging_mixin.py:188} INFO - [2026-05-31T16:17:14.128+0000] {dag.py:3954} INFO - Setting next_dagrun for retailco_master_pipeline to 2026-05-31 00:00:00+00:00, run_after=2026-06-01 00:00:00+00:00
[2026-05-31T16:17:14.156+0000] {processor.py:183} INFO - Processing /opt/airflow/dags/retailco_dag.py took 0.132 seconds
[2026-05-31T16:17:44.626+0000] {processor.py:161} INFO - Started process (PID=1641) to work on /opt/airflow/dags/retailco_dag.py
[2026-05-31T16:17:44.628+0000] {processor.py:830} INFO - Processing file /opt/airflow/dags/retailco_dag.py for tasks to queue
[2026-05-31T16:17:44.631+0000] {logging_mixin.py:188} INFO - [2026-05-31T16:17:44.631+0000] {dagbag.py:545} INFO - Filling up the DagBag from /opt/airflow/dags/retailco_dag.py
[2026-05-31T16:17:44.667+0000] {processor.py:840} INFO - DAG(s) 'retailco_master_pipeline' retrieved from /opt/airflow/dags/retailco_dag.py
[2026-05-31T16:17:44.705+0000] {logging_mixin.py:188} INFO - [2026-05-31T16:17:44.705+0000] {dag.py:3096} INFO - Sync 1 DAGs
[2026-05-31T16:17:44.729+0000] {logging_mixin.py:188} INFO - [2026-05-31T16:17:44.729+0000] {dag.py:3954} INFO - Setting next_dagrun for retailco_master_pipeline to 2026-05-31 00:00:00+00:00, run_after=2026-06-01 00:00:00+00:00
[2026-05-31T16:17:44.757+0000] {processor.py:183} INFO - Processing /opt/airflow/dags/retailco_dag.py took 0.139 seconds
[2026-05-31T16:18:15.045+0000] {processor.py:161} INFO - Started process (PID=1646) to work on /opt/airflow/dags/retailco_dag.py
[2026-05-31T16:18:15.047+0000] {processor.py:830} INFO - Processing file /opt/airflow/dags/retailco_dag.py for tasks to queue
[2026-05-31T16:18:15.050+0000] {logging_mixin.py:188} INFO - [2026-05-31T16:18:15.049+0000] {dagbag.py:545} INFO - Filling up the DagBag from /opt/airflow/dags/retailco_dag.py
[2026-05-31T16:18:15.080+0000] {processor.py:840} INFO - DAG(s) 'retailco_master_pipeline' retrieved from /opt/airflow/dags/retailco_dag.py
[2026-05-31T16:18:15.121+0000] {logging_mixin.py:188} INFO - [2026-05-31T16:18:15.120+0000] {dag.py:3096} INFO - Sync 1 DAGs
[2026-05-31T16:18:15.145+0000] {logging_mixin.py:188} INFO - [2026-05-31T16:18:15.144+0000] {dag.py:3954} INFO - Setting next_dagrun for retailco_master_pipeline to 2026-05-31 00:00:00+00:00, run_after=2026-06-01 00:00:00+00:00
[2026-05-31T16:18:15.168+0000] {processor.py:183} INFO - Processing /opt/airflow/dags/retailco_dag.py took 0.131 seconds
[2026-05-31T16:18:45.535+0000] {processor.py:161} INFO - Started process (PID=1651) to work on /opt/airflow/dags/retailco_dag.py
[2026-05-31T16:18:45.536+0000] {processor.py:830} INFO - Processing file /opt/airflow/dags/retailco_dag.py for tasks to queue
[2026-05-31T16:18:45.539+0000] {logging_mixin.py:188} INFO - [2026-05-31T16:18:45.538+0000] {dagbag.py:545} INFO - Filling up the DagBag from /opt/airflow/dags/retailco_dag.py
[2026-05-31T16:18:45.569+0000] {processor.py:840} INFO - DAG(s) 'retailco_master_pipeline' retrieved from /opt/airflow/dags/retailco_dag.py
[2026-05-31T16:18:45.607+0000] {logging_mixin.py:188} INFO - [2026-05-31T16:18:45.607+0000] {dag.py:3096} INFO - Sync 1 DAGs
[2026-05-31T16:18:45.632+0000] {logging_mixin.py:188} INFO - [2026-05-31T16:18:45.632+0000] {dag.py:3954} INFO - Setting next_dagrun for retailco_master_pipeline to 2026-05-31 00:00:00+00:00, run_after=2026-06-01 00:00:00+00:00
[2026-05-31T16:18:45.662+0000] {processor.py:183} INFO - Processing /opt/airflow/dags/retailco_dag.py took 0.134 seconds
[2026-05-31T16:19:15.838+0000] {processor.py:161} INFO - Started process (PID=1656) to work on /opt/airflow/dags/retailco_dag.py
[2026-05-31T16:19:15.840+0000] {processor.py:830} INFO - Processing file /opt/airflow/dags/retailco_dag.py for tasks to queue
[2026-05-31T16:19:15.842+0000] {logging_mixin.py:188} INFO - [2026-05-31T16:19:15.842+0000] {dagbag.py:545} INFO - Filling up the DagBag from /opt/airflow/dags/retailco_dag.py
[2026-05-31T16:19:15.875+0000] {processor.py:840} INFO - DAG(s) 'retailco_master_pipeline' retrieved from /opt/airflow/dags/retailco_dag.py
[2026-05-31T16:19:15.915+0000] {logging_mixin.py:188} INFO - [2026-05-31T16:19:15.915+0000] {dag.py:3096} INFO - Sync 1 DAGs
[2026-05-31T16:19:15.940+0000] {logging_mixin.py:188} INFO - [2026-05-31T16:19:15.940+0000] {dag.py:3954} INFO - Setting next_dagrun for retailco_master_pipeline to 2026-05-31 00:00:00+00:00, run_after=2026-06-01 00:00:00+00:00
[2026-05-31T16:19:15.967+0000] {processor.py:183} INFO - Processing /opt/airflow/dags/retailco_dag.py took 0.136 seconds
[2026-05-31T16:19:46.410+0000] {processor.py:161} INFO - Started process (PID=1661) to work on /opt/airflow/dags/retailco_dag.py
[2026-05-31T16:19:46.411+0000] {processor.py:830} INFO - Processing file /opt/airflow/dags/retailco_dag.py for tasks to queue
[2026-05-31T16:19:46.413+0000] {logging_mixin.py:188} INFO - [2026-05-31T16:19:46.412+0000] {dagbag.py:545} INFO - Filling up the DagBag from /opt/airflow/dags/retailco_dag.py
[2026-05-31T16:19:46.441+0000] {processor.py:840} INFO - DAG(s) 'retailco_master_pipeline' retrieved from /opt/airflow/dags/retailco_dag.py
[2026-05-31T16:19:46.475+0000] {logging_mixin.py:188} INFO - [2026-05-31T16:19:46.475+0000] {dag.py:3096} INFO - Sync 1 DAGs
[2026-05-31T16:19:46.499+0000] {logging_mixin.py:188} INFO - [2026-05-31T16:19:46.498+0000] {dag.py:3954} INFO - Setting next_dagrun for retailco_master_pipeline to 2026-05-31 00:00:00+00:00, run_after=2026-06-01 00:00:00+00:00
[2026-05-31T16:19:46.526+0000] {processor.py:183} INFO - Processing /opt/airflow/dags/retailco_dag.py took 0.123 seconds
[2026-05-31T16:20:16.908+0000] {processor.py:161} INFO - Started process (PID=1666) to work on /opt/airflow/dags/retailco_dag.py
[2026-05-31T16:20:16.910+0000] {processor.py:830} INFO - Processing file /opt/airflow/dags/retailco_dag.py for tasks to queue
[2026-05-31T16:20:16.912+0000] {logging_mixin.py:188} INFO - [2026-05-31T16:20:16.912+0000] {dagbag.py:545} INFO - Filling up the DagBag from /opt/airflow/dags/retailco_dag.py
[2026-05-31T16:20:16.942+0000] {processor.py:840} INFO - DAG(s) 'retailco_master_pipeline' retrieved from /opt/airflow/dags/retailco_dag.py
[2026-05-31T16:20:16.976+0000] {logging_mixin.py:188} INFO - [2026-05-31T16:20:16.976+0000] {dag.py:3096} INFO - Sync 1 DAGs
[2026-05-31T16:20:17.001+0000] {logging_mixin.py:188} INFO - [2026-05-31T16:20:17.000+0000] {dag.py:3954} INFO - Setting next_dagrun for retailco_master_pipeline to 2026-05-31 00:00:00+00:00, run_after=2026-06-01 00:00:00+00:00
[2026-05-31T16:20:17.042+0000] {processor.py:183} INFO - Processing /opt/airflow/dags/retailco_dag.py took 0.140 seconds
[2026-05-31T16:20:47.344+0000] {processor.py:161} INFO - Started process (PID=1671) to work on /opt/airflow/dags/retailco_dag.py
[2026-05-31T16:20:47.345+0000] {processor.py:830} INFO - Processing file /opt/airflow/dags/retailco_dag.py for tasks to queue
[2026-05-31T16:20:47.347+0000] {logging_mixin.py:188} INFO - [2026-05-31T16:20:47.347+0000] {dagbag.py:545} INFO - Filling up the DagBag from /opt/airflow/dags/retailco_dag.py
[2026-05-31T16:20:47.400+0000] {processor.py:840} INFO - DAG(s) 'retailco_master_pipeline' retrieved from /opt/airflow/dags/retailco_dag.py
[2026-05-31T16:20:47.451+0000] {logging_mixin.py:188} INFO - [2026-05-31T16:20:47.451+0000] {dag.py:3096} INFO - Sync 1 DAGs
[2026-05-31T16:20:47.479+0000] {logging_mixin.py:188} INFO - [2026-05-31T16:20:47.478+0000] {dag.py:3954} INFO - Setting next_dagrun for retailco_master_pipeline to 2026-05-31 00:00:00+00:00, run_after=2026-06-01 00:00:00+00:00
[2026-05-31T16:20:47.511+0000] {processor.py:183} INFO - Processing /opt/airflow/dags/retailco_dag.py took 0.175 seconds
[2026-05-31T16:21:17.890+0000] {processor.py:161} INFO - Started process (PID=1676) to work on /opt/airflow/dags/retailco_dag.py
[2026-05-31T16:21:17.891+0000] {processor.py:830} INFO - Processing file /opt/airflow/dags/retailco_dag.py for tasks to queue
[2026-05-31T16:21:17.893+0000] {logging_mixin.py:188} INFO - [2026-05-31T16:21:17.893+0000] {dagbag.py:545} INFO - Filling up the DagBag from /opt/airflow/dags/retailco_dag.py
[2026-05-31T16:21:17.925+0000] {processor.py:840} INFO - DAG(s) 'retailco_master_pipeline' retrieved from /opt/airflow/dags/retailco_dag.py
[2026-05-31T16:21:17.967+0000] {logging_mixin.py:188} INFO - [2026-05-31T16:21:17.967+0000] {dag.py:3096} INFO - Sync 1 DAGs
[2026-05-31T16:21:17.996+0000] {logging_mixin.py:188} INFO - [2026-05-31T16:21:17.996+0000] {dag.py:3954} INFO - Setting next_dagrun for retailco_master_pipeline to 2026-05-31 00:00:00+00:00, run_after=2026-06-01 00:00:00+00:00
[2026-05-31T16:21:18.019+0000] {processor.py:183} INFO - Processing /opt/airflow/dags/retailco_dag.py took 0.136 seconds
[2026-05-31T16:21:48.342+0000] {processor.py:161} INFO - Started process (PID=1681) to work on /opt/airflow/dags/retailco_dag.py
[2026-05-31T16:21:48.344+0000] {processor.py:830} INFO - Processing file /opt/airflow/dags/retailco_dag.py for tasks to queue
[2026-05-31T16:21:48.346+0000] {logging_mixin.py:188} INFO - [2026-05-31T16:21:48.346+0000] {dagbag.py:545} INFO - Filling up the DagBag from /opt/airflow/dags/retailco_dag.py
[2026-05-31T16:21:48.376+0000] {processor.py:840} INFO - DAG(s) 'retailco_master_pipeline' retrieved from /opt/airflow/dags/retailco_dag.py
[2026-05-31T16:21:48.411+0000] {logging_mixin.py:188} INFO - [2026-05-31T16:21:48.411+0000] {dag.py:3096} INFO - Sync 1 DAGs
[2026-05-31T16:21:48.435+0000] {logging_mixin.py:188} INFO - [2026-05-31T16:21:48.435+0000] {dag.py:3954} INFO - Setting next_dagrun for retailco_master_pipeline to 2026-05-31 00:00:00+00:00, run_after=2026-06-01 00:00:00+00:00
[2026-05-31T16:21:48.464+0000] {processor.py:183} INFO - Processing /opt/airflow/dags/retailco_dag.py took 0.129 seconds
[2026-05-31T16:22:18.718+0000] {processor.py:161} INFO - Started process (PID=1686) to work on /opt/airflow/dags/retailco_dag.py
[2026-05-31T16:22:18.720+0000] {processor.py:830} INFO - Processing file /opt/airflow/dags/retailco_dag.py for tasks to queue
[2026-05-31T16:22:18.722+0000] {logging_mixin.py:188} INFO - [2026-05-31T16:22:18.722+0000] {dagbag.py:545} INFO - Filling up the DagBag from /opt/airflow/dags/retailco_dag.py
[2026-05-31T16:22:18.759+0000] {processor.py:840} INFO - DAG(s) 'retailco_master_pipeline' retrieved from /opt/airflow/dags/retailco_dag.py
[2026-05-31T16:22:18.798+0000] {logging_mixin.py:188} INFO - [2026-05-31T16:22:18.798+0000] {dag.py:3096} INFO - Sync 1 DAGs
[2026-05-31T16:22:18.830+0000] {logging_mixin.py:188} INFO - [2026-05-31T16:22:18.830+0000] {dag.py:3954} INFO - Setting next_dagrun for retailco_master_pipeline to 2026-05-31 00:00:00+00:00, run_after=2026-06-01 00:00:00+00:00
[2026-05-31T16:22:18.854+0000] {processor.py:183} INFO - Processing /opt/airflow/dags/retailco_dag.py took 0.147 seconds
[2026-05-31T16:22:49.189+0000] {processor.py:161} INFO - Started process (PID=1691) to work on /opt/airflow/dags/retailco_dag.py
[2026-05-31T16:22:49.190+0000] {processor.py:830} INFO - Processing file /opt/airflow/dags/retailco_dag.py for tasks to queue
[2026-05-31T16:22:49.193+0000] {logging_mixin.py:188} INFO - [2026-05-31T16:22:49.193+0000] {dagbag.py:545} INFO - Filling up the DagBag from /opt/airflow/dags/retailco_dag.py
[2026-05-31T16:22:49.236+0000] {processor.py:840} INFO - DAG(s) 'retailco_master_pipeline' retrieved from /opt/airflow/dags/retailco_dag.py
[2026-05-31T16:22:49.274+0000] {logging_mixin.py:188} INFO - [2026-05-31T16:22:49.273+0000] {dag.py:3096} INFO - Sync 1 DAGs
[2026-05-31T16:22:49.299+0000] {logging_mixin.py:188} INFO - [2026-05-31T16:22:49.299+0000] {dag.py:3954} INFO - Setting next_dagrun for retailco_master_pipeline to 2026-05-31 00:00:00+00:00, run_after=2026-06-01 00:00:00+00:00
[2026-05-31T16:22:49.330+0000] {processor.py:183} INFO - Processing /opt/airflow/dags/retailco_dag.py took 0.151 seconds
[2026-05-31T16:23:19.589+0000] {processor.py:161} INFO - Started process (PID=1696) to work on /opt/airflow/dags/retailco_dag.py
[2026-05-31T16:23:19.590+0000] {processor.py:830} INFO - Processing file /opt/airflow/dags/retailco_dag.py for tasks to queue
[2026-05-31T16:23:19.592+0000] {logging_mixin.py:188} INFO - [2026-05-31T16:23:19.592+0000] {dagbag.py:545} INFO - Filling up the DagBag from /opt/airflow/dags/retailco_dag.py
[2026-05-31T16:23:19.623+0000] {processor.py:840} INFO - DAG(s) 'retailco_master_pipeline' retrieved from /opt/airflow/dags/retailco_dag.py
[2026-05-31T16:23:19.657+0000] {logging_mixin.py:188} INFO - [2026-05-31T16:23:19.657+0000] {dag.py:3096} INFO - Sync 1 DAGs
[2026-05-31T16:23:19.686+0000] {logging_mixin.py:188} INFO - [2026-05-31T16:23:19.686+0000] {dag.py:3954} INFO - Setting next_dagrun for retailco_master_pipeline to 2026-05-31 00:00:00+00:00, run_after=2026-06-01 00:00:00+00:00
[2026-05-31T16:23:19.715+0000] {processor.py:183} INFO - Processing /opt/airflow/dags/retailco_dag.py took 0.133 seconds
[2026-05-31T16:23:50.071+0000] {processor.py:161} INFO - Started process (PID=1701) to work on /opt/airflow/dags/retailco_dag.py
[2026-05-31T16:23:50.073+0000] {processor.py:830} INFO - Processing file /opt/airflow/dags/retailco_dag.py for tasks to queue
[2026-05-31T16:23:50.076+0000] {logging_mixin.py:188} INFO - [2026-05-31T16:23:50.076+0000] {dagbag.py:545} INFO - Filling up the DagBag from /opt/airflow/dags/retailco_dag.py
[2026-05-31T16:23:50.114+0000] {processor.py:840} INFO - DAG(s) 'retailco_master_pipeline' retrieved from /opt/airflow/dags/retailco_dag.py
[2026-05-31T16:23:50.148+0000] {logging_mixin.py:188} INFO - [2026-05-31T16:23:50.147+0000] {dag.py:3096} INFO - Sync 1 DAGs
[2026-05-31T16:23:50.184+0000] {logging_mixin.py:188} INFO - [2026-05-31T16:23:50.184+0000] {dag.py:3954} INFO - Setting next_dagrun for retailco_master_pipeline to 2026-05-31 00:00:00+00:00, run_after=2026-06-01 00:00:00+00:00
[2026-05-31T16:23:50.213+0000] {processor.py:183} INFO - Processing /opt/airflow/dags/retailco_dag.py took 0.152 seconds
[2026-05-31T16:24:20.512+0000] {processor.py:161} INFO - Started process (PID=1706) to work on /opt/airflow/dags/retailco_dag.py
[2026-05-31T16:24:20.513+0000] {processor.py:830} INFO - Processing file /opt/airflow/dags/retailco_dag.py for tasks to queue
[2026-05-31T16:24:20.516+0000] {logging_mixin.py:188} INFO - [2026-05-31T16:24:20.515+0000] {dagbag.py:545} INFO - Filling up the DagBag from /opt/airflow/dags/retailco_dag.py
[2026-05-31T16:24:20.544+0000] {processor.py:840} INFO - DAG(s) 'retailco_master_pipeline' retrieved from /opt/airflow/dags/retailco_dag.py
[2026-05-31T16:24:20.583+0000] {logging_mixin.py:188} INFO - [2026-05-31T16:24:20.583+0000] {dag.py:3096} INFO - Sync 1 DAGs
[2026-05-31T16:24:20.611+0000] {logging_mixin.py:188} INFO - [2026-05-31T16:24:20.610+0000] {dag.py:3954} INFO - Setting next_dagrun for retailco_master_pipeline to 2026-05-31 00:00:00+00:00, run_after=2026-06-01 00:00:00+00:00
[2026-05-31T16:24:20.641+0000] {processor.py:183} INFO - Processing /opt/airflow/dags/retailco_dag.py took 0.135 seconds
[2026-05-31T16:24:50.984+0000] {processor.py:161} INFO - Started process (PID=1711) to work on /opt/airflow/dags/retailco_dag.py
[2026-05-31T16:24:50.986+0000] {processor.py:830} INFO - Processing file /opt/airflow/dags/retailco_dag.py for tasks to queue
[2026-05-31T16:24:50.988+0000] {logging_mixin.py:188} INFO - [2026-05-31T16:24:50.988+0000] {dagbag.py:545} INFO - Filling up the DagBag from /opt/airflow/dags/retailco_dag.py
[2026-05-31T16:24:51.029+0000] {processor.py:840} INFO - DAG(s) 'retailco_master_pipeline' retrieved from /opt/airflow/dags/retailco_dag.py
[2026-05-31T16:24:51.074+0000] {logging_mixin.py:188} INFO - [2026-05-31T16:24:51.074+0000] {dag.py:3096} INFO - Sync 1 DAGs
[2026-05-31T16:24:51.157+0000] {logging_mixin.py:188} INFO - [2026-05-31T16:24:51.156+0000] {dag.py:3954} INFO - Setting next_dagrun for retailco_master_pipeline to 2026-05-31 00:00:00+00:00, run_after=2026-06-01 00:00:00+00:00
[2026-05-31T16:24:51.339+0000] {processor.py:183} INFO - Processing /opt/airflow/dags/retailco_dag.py took 0.366 seconds
[2026-05-31T16:25:21.992+0000] {processor.py:161} INFO - Started process (PID=1716) to work on /opt/airflow/dags/retailco_dag.py
[2026-05-31T16:25:21.994+0000] {processor.py:830} INFO - Processing file /opt/airflow/dags/retailco_dag.py for tasks to queue
[2026-05-31T16:25:21.997+0000] {logging_mixin.py:188} INFO - [2026-05-31T16:25:21.996+0000] {dagbag.py:545} INFO - Filling up the DagBag from /opt/airflow/dags/retailco_dag.py
[2026-05-31T16:25:22.058+0000] {processor.py:840} INFO - DAG(s) 'retailco_master_pipeline' retrieved from /opt/airflow/dags/retailco_dag.py
[2026-05-31T16:25:22.112+0000] {logging_mixin.py:188} INFO - [2026-05-31T16:25:22.112+0000] {dag.py:3096} INFO - Sync 1 DAGs
[2026-05-31T16:25:22.141+0000] {logging_mixin.py:188} INFO - [2026-05-31T16:25:22.141+0000] {dag.py:3954} INFO - Setting next_dagrun for retailco_master_pipeline to 2026-05-31 00:00:00+00:00, run_after=2026-06-01 00:00:00+00:00
[2026-05-31T16:25:22.173+0000] {processor.py:183} INFO - Processing /opt/airflow/dags/retailco_dag.py took 0.187 seconds
[2026-05-31T16:25:52.345+0000] {processor.py:161} INFO - Started process (PID=1721) to work on /opt/airflow/dags/retailco_dag.py
[2026-05-31T16:25:52.346+0000] {processor.py:830} INFO - Processing file /opt/airflow/dags/retailco_dag.py for tasks to queue
[2026-05-31T16:25:52.348+0000] {logging_mixin.py:188} INFO - [2026-05-31T16:25:52.348+0000] {dagbag.py:545} INFO - Filling up the DagBag from /opt/airflow/dags/retailco_dag.py
[2026-05-31T16:25:52.377+0000] {processor.py:840} INFO - DAG(s) 'retailco_master_pipeline' retrieved from /opt/airflow/dags/retailco_dag.py
[2026-05-31T16:25:52.418+0000] {logging_mixin.py:188} INFO - [2026-05-31T16:25:52.418+0000] {dag.py:3096} INFO - Sync 1 DAGs
[2026-05-31T16:25:52.446+0000] {logging_mixin.py:188} INFO - [2026-05-31T16:25:52.446+0000] {dag.py:3954} INFO - Setting next_dagrun for retailco_master_pipeline to 2026-05-31 00:00:00+00:00, run_after=2026-06-01 00:00:00+00:00
[2026-05-31T16:25:52.472+0000] {processor.py:183} INFO - Processing /opt/airflow/dags/retailco_dag.py took 0.134 seconds
[2026-05-31T16:26:22.843+0000] {processor.py:161} INFO - Started process (PID=1726) to work on /opt/airflow/dags/retailco_dag.py
[2026-05-31T16:26:22.846+0000] {processor.py:830} INFO - Processing file /opt/airflow/dags/retailco_dag.py for tasks to queue
[2026-05-31T16:26:22.856+0000] {logging_mixin.py:188} INFO - [2026-05-31T16:26:22.856+0000] {dagbag.py:545} INFO - Filling up the DagBag from /opt/airflow/dags/retailco_dag.py
[2026-05-31T16:26:22.903+0000] {processor.py:840} INFO - DAG(s) 'retailco_master_pipeline' retrieved from /opt/airflow/dags/retailco_dag.py
[2026-05-31T16:26:22.950+0000] {logging_mixin.py:188} INFO - [2026-05-31T16:26:22.949+0000] {dag.py:3096} INFO - Sync 1 DAGs
[2026-05-31T16:26:22.978+0000] {logging_mixin.py:188} INFO - [2026-05-31T16:26:22.978+0000] {dag.py:3954} INFO - Setting next_dagrun for retailco_master_pipeline to 2026-05-31 00:00:00+00:00, run_after=2026-06-01 00:00:00+00:00
[2026-05-31T16:26:23.010+0000] {processor.py:183} INFO - Processing /opt/airflow/dags/retailco_dag.py took 0.195 seconds
[2026-05-31T16:26:53.230+0000] {processor.py:161} INFO - Started process (PID=1731) to work on /opt/airflow/dags/retailco_dag.py
[2026-05-31T16:26:53.233+0000] {processor.py:830} INFO - Processing file /opt/airflow/dags/retailco_dag.py for tasks to queue
[2026-05-31T16:26:53.236+0000] {logging_mixin.py:188} INFO - [2026-05-31T16:26:53.236+0000] {dagbag.py:545} INFO - Filling up the DagBag from /opt/airflow/dags/retailco_dag.py
[2026-05-31T16:26:53.299+0000] {processor.py:840} INFO - DAG(s) 'retailco_master_pipeline' retrieved from /opt/airflow/dags/retailco_dag.py
[2026-05-31T16:26:53.345+0000] {logging_mixin.py:188} INFO - [2026-05-31T16:26:53.344+0000] {dag.py:3096} INFO - Sync 1 DAGs
[2026-05-31T16:26:53.402+0000] {logging_mixin.py:188} INFO - [2026-05-31T16:26:53.401+0000] {dag.py:3954} INFO - Setting next_dagrun for retailco_master_pipeline to 2026-05-31 00:00:00+00:00, run_after=2026-06-01 00:00:00+00:00
[2026-05-31T16:26:53.436+0000] {processor.py:183} INFO - Processing /opt/airflow/dags/retailco_dag.py took 0.219 seconds
[2026-05-31T16:27:23.766+0000] {processor.py:161} INFO - Started process (PID=1736) to work on /opt/airflow/dags/retailco_dag.py
[2026-05-31T16:27:23.767+0000] {processor.py:830} INFO - Processing file /opt/airflow/dags/retailco_dag.py for tasks to queue
[2026-05-31T16:27:23.770+0000] {logging_mixin.py:188} INFO - [2026-05-31T16:27:23.769+0000] {dagbag.py:545} INFO - Filling up the DagBag from /opt/airflow/dags/retailco_dag.py
[2026-05-31T16:27:23.803+0000] {processor.py:840} INFO - DAG(s) 'retailco_master_pipeline' retrieved from /opt/airflow/dags/retailco_dag.py
[2026-05-31T16:27:23.841+0000] {logging_mixin.py:188} INFO - [2026-05-31T16:27:23.841+0000] {dag.py:3096} INFO - Sync 1 DAGs
[2026-05-31T16:27:23.866+0000] {logging_mixin.py:188} INFO - [2026-05-31T16:27:23.866+0000] {dag.py:3954} INFO - Setting next_dagrun for retailco_master_pipeline to 2026-05-31 00:00:00+00:00, run_after=2026-06-01 00:00:00+00:00
[2026-05-31T16:27:23.891+0000] {processor.py:183} INFO - Processing /opt/airflow/dags/retailco_dag.py took 0.131 seconds
[2026-05-31T16:27:54.294+0000] {processor.py:161} INFO - Started process (PID=1741) to work on /opt/airflow/dags/retailco_dag.py
[2026-05-31T16:27:54.296+0000] {processor.py:830} INFO - Processing file /opt/airflow/dags/retailco_dag.py for tasks to queue
[2026-05-31T16:27:54.298+0000] {logging_mixin.py:188} INFO - [2026-05-31T16:27:54.298+0000] {dagbag.py:545} INFO - Filling up the DagBag from /opt/airflow/dags/retailco_dag.py
[2026-05-31T16:27:54.333+0000] {processor.py:840} INFO - DAG(s) 'retailco_master_pipeline' retrieved from /opt/airflow/dags/retailco_dag.py
[2026-05-31T16:27:54.375+0000] {logging_mixin.py:188} INFO - [2026-05-31T16:27:54.374+0000] {dag.py:3096} INFO - Sync 1 DAGs
[2026-05-31T16:27:54.404+0000] {logging_mixin.py:188} INFO - [2026-05-31T16:27:54.403+0000] {dag.py:3954} INFO - Setting next_dagrun for retailco_master_pipeline to 2026-05-31 00:00:00+00:00, run_after=2026-06-01 00:00:00+00:00
[2026-05-31T16:27:54.434+0000] {processor.py:183} INFO - Processing /opt/airflow/dags/retailco_dag.py took 0.146 seconds
[2026-05-31T16:28:24.743+0000] {processor.py:161} INFO - Started process (PID=1746) to work on /opt/airflow/dags/retailco_dag.py
[2026-05-31T16:28:24.744+0000] {processor.py:830} INFO - Processing file /opt/airflow/dags/retailco_dag.py for tasks to queue
[2026-05-31T16:28:24.746+0000] {logging_mixin.py:188} INFO - [2026-05-31T16:28:24.745+0000] {dagbag.py:545} INFO - Filling up the DagBag from /opt/airflow/dags/retailco_dag.py
[2026-05-31T16:28:24.782+0000] {processor.py:840} INFO - DAG(s) 'retailco_master_pipeline' retrieved from /opt/airflow/dags/retailco_dag.py
[2026-05-31T16:28:24.817+0000] {logging_mixin.py:188} INFO - [2026-05-31T16:28:24.816+0000] {dag.py:3096} INFO - Sync 1 DAGs
[2026-05-31T16:28:24.840+0000] {logging_mixin.py:188} INFO - [2026-05-31T16:28:24.840+0000] {dag.py:3954} INFO - Setting next_dagrun for retailco_master_pipeline to 2026-05-31 00:00:00+00:00, run_after=2026-06-01 00:00:00+00:00
[2026-05-31T16:28:24.868+0000] {processor.py:183} INFO - Processing /opt/airflow/dags/retailco_dag.py took 0.133 seconds
[2026-05-31T16:28:55.270+0000] {processor.py:161} INFO - Started process (PID=1751) to work on /opt/airflow/dags/retailco_dag.py
[2026-05-31T16:28:55.273+0000] {processor.py:830} INFO - Processing file /opt/airflow/dags/retailco_dag.py for tasks to queue
[2026-05-31T16:28:55.279+0000] {logging_mixin.py:188} INFO - [2026-05-31T16:28:55.278+0000] {dagbag.py:545} INFO - Filling up the DagBag from /opt/airflow/dags/retailco_dag.py
[2026-05-31T16:28:55.329+0000] {processor.py:840} INFO - DAG(s) 'retailco_master_pipeline' retrieved from /opt/airflow/dags/retailco_dag.py
[2026-05-31T16:28:55.364+0000] {logging_mixin.py:188} INFO - [2026-05-31T16:28:55.364+0000] {dag.py:3096} INFO - Sync 1 DAGs
[2026-05-31T16:28:55.410+0000] {logging_mixin.py:188} INFO - [2026-05-31T16:28:55.410+0000] {dag.py:3954} INFO - Setting next_dagrun for retailco_master_pipeline to 2026-05-31 00:00:00+00:00, run_after=2026-06-01 00:00:00+00:00
[2026-05-31T16:28:55.442+0000] {processor.py:183} INFO - Processing /opt/airflow/dags/retailco_dag.py took 0.207 seconds
[2026-05-31T16:29:25.685+0000] {processor.py:161} INFO - Started process (PID=1756) to work on /opt/airflow/dags/retailco_dag.py
[2026-05-31T16:29:25.686+0000] {processor.py:830} INFO - Processing file /opt/airflow/dags/retailco_dag.py for tasks to queue
[2026-05-31T16:29:25.689+0000] {logging_mixin.py:188} INFO - [2026-05-31T16:29:25.688+0000] {dagbag.py:545} INFO - Filling up the DagBag from /opt/airflow/dags/retailco_dag.py
[2026-05-31T16:29:25.721+0000] {processor.py:840} INFO - DAG(s) 'retailco_master_pipeline' retrieved from /opt/airflow/dags/retailco_dag.py
[2026-05-31T16:29:25.760+0000] {logging_mixin.py:188} INFO - [2026-05-31T16:29:25.760+0000] {dag.py:3096} INFO - Sync 1 DAGs
[2026-05-31T16:29:25.790+0000] {logging_mixin.py:188} INFO - [2026-05-31T16:29:25.790+0000] {dag.py:3954} INFO - Setting next_dagrun for retailco_master_pipeline to 2026-05-31 00:00:00+00:00, run_after=2026-06-01 00:00:00+00:00
[2026-05-31T16:29:25.825+0000] {processor.py:183} INFO - Processing /opt/airflow/dags/retailco_dag.py took 0.148 seconds
[2026-05-31T16:29:56.276+0000] {processor.py:161} INFO - Started process (PID=1761) to work on /opt/airflow/dags/retailco_dag.py
[2026-05-31T16:29:56.277+0000] {processor.py:830} INFO - Processing file /opt/airflow/dags/retailco_dag.py for tasks to queue
[2026-05-31T16:29:56.280+0000] {logging_mixin.py:188} INFO - [2026-05-31T16:29:56.279+0000] {dagbag.py:545} INFO - Filling up the DagBag from /opt/airflow/dags/retailco_dag.py
[2026-05-31T16:29:56.314+0000] {processor.py:840} INFO - DAG(s) 'retailco_master_pipeline' retrieved from /opt/airflow/dags/retailco_dag.py
[2026-05-31T16:29:56.357+0000] {logging_mixin.py:188} INFO - [2026-05-31T16:29:56.356+0000] {dag.py:3096} INFO - Sync 1 DAGs
[2026-05-31T16:29:56.385+0000] {logging_mixin.py:188} INFO - [2026-05-31T16:29:56.384+0000] {dag.py:3954} INFO - Setting next_dagrun for retailco_master_pipeline to 2026-05-31 00:00:00+00:00, run_after=2026-06-01 00:00:00+00:00
[2026-05-31T16:29:56.415+0000] {processor.py:183} INFO - Processing /opt/airflow/dags/retailco_dag.py took 0.146 seconds
[2026-05-31T16:30:26.801+0000] {processor.py:161} INFO - Started process (PID=1766) to work on /opt/airflow/dags/retailco_dag.py
[2026-05-31T16:30:26.803+0000] {processor.py:830} INFO - Processing file /opt/airflow/dags/retailco_dag.py for tasks to queue
[2026-05-31T16:30:26.806+0000] {logging_mixin.py:188} INFO - [2026-05-31T16:30:26.806+0000] {dagbag.py:545} INFO - Filling up the DagBag from /opt/airflow/dags/retailco_dag.py
[2026-05-31T16:30:26.844+0000] {processor.py:840} INFO - DAG(s) 'retailco_master_pipeline' retrieved from /opt/airflow/dags/retailco_dag.py
[2026-05-31T16:30:26.887+0000] {logging_mixin.py:188} INFO - [2026-05-31T16:30:26.886+0000] {dag.py:3096} INFO - Sync 1 DAGs
[2026-05-31T16:30:26.925+0000] {logging_mixin.py:188} INFO - [2026-05-31T16:30:26.924+0000] {dag.py:3954} INFO - Setting next_dagrun for retailco_master_pipeline to 2026-05-31 00:00:00+00:00, run_after=2026-06-01 00:00:00+00:00
[2026-05-31T16:30:26.948+0000] {processor.py:183} INFO - Processing /opt/airflow/dags/retailco_dag.py took 0.155 seconds
[2026-05-31T16:30:57.056+0000] {processor.py:161} INFO - Started process (PID=1771) to work on /opt/airflow/dags/retailco_dag.py
[2026-05-31T16:30:57.058+0000] {processor.py:830} INFO - Processing file /opt/airflow/dags/retailco_dag.py for tasks to queue
[2026-05-31T16:30:57.065+0000] {logging_mixin.py:188} INFO - [2026-05-31T16:30:57.065+0000] {dagbag.py:545} INFO - Filling up the DagBag from /opt/airflow/dags/retailco_dag.py
[2026-05-31T16:30:57.104+0000] {processor.py:840} INFO - DAG(s) 'retailco_master_pipeline' retrieved from /opt/airflow/dags/retailco_dag.py
[2026-05-31T16:30:57.155+0000] {logging_mixin.py:188} INFO - [2026-05-31T16:30:57.155+0000] {dag.py:3096} INFO - Sync 1 DAGs
[2026-05-31T16:30:57.186+0000] {logging_mixin.py:188} INFO - [2026-05-31T16:30:57.186+0000] {dag.py:3954} INFO - Setting next_dagrun for retailco_master_pipeline to 2026-05-31 00:00:00+00:00, run_after=2026-06-01 00:00:00+00:00
[2026-05-31T16:30:57.218+0000] {processor.py:183} INFO - Processing /opt/airflow/dags/retailco_dag.py took 0.168 seconds
[2026-05-31T16:31:27.449+0000] {processor.py:161} INFO - Started process (PID=1776) to work on /opt/airflow/dags/retailco_dag.py
[2026-05-31T16:31:27.450+0000] {processor.py:830} INFO - Processing file /opt/airflow/dags/retailco_dag.py for tasks to queue
[2026-05-31T16:31:27.454+0000] {logging_mixin.py:188} INFO - [2026-05-31T16:31:27.453+0000] {dagbag.py:545} INFO - Filling up the DagBag from /opt/airflow/dags/retailco_dag.py
[2026-05-31T16:31:27.487+0000] {processor.py:840} INFO - DAG(s) 'retailco_master_pipeline' retrieved from /opt/airflow/dags/retailco_dag.py
[2026-05-31T16:31:27.527+0000] {logging_mixin.py:188} INFO - [2026-05-31T16:31:27.527+0000] {dag.py:3096} INFO - Sync 1 DAGs
[2026-05-31T16:31:27.570+0000] {logging_mixin.py:188} INFO - [2026-05-31T16:31:27.570+0000] {dag.py:3954} INFO - Setting next_dagrun for retailco_master_pipeline to 2026-05-31 00:00:00+00:00, run_after=2026-06-01 00:00:00+00:00
[2026-05-31T16:31:27.604+0000] {processor.py:183} INFO - Processing /opt/airflow/dags/retailco_dag.py took 0.163 seconds
[2026-05-31T16:31:57.767+0000] {processor.py:161} INFO - Started process (PID=1781) to work on /opt/airflow/dags/retailco_dag.py
[2026-05-31T16:31:57.769+0000] {processor.py:830} INFO - Processing file /opt/airflow/dags/retailco_dag.py for tasks to queue
[2026-05-31T16:31:57.773+0000] {logging_mixin.py:188} INFO - [2026-05-31T16:31:57.773+0000] {dagbag.py:545} INFO - Filling up the DagBag from /opt/airflow/dags/retailco_dag.py
[2026-05-31T16:31:57.823+0000] {processor.py:840} INFO - DAG(s) 'retailco_master_pipeline' retrieved from /opt/airflow/dags/retailco_dag.py
[2026-05-31T16:31:57.880+0000] {logging_mixin.py:188} INFO - [2026-05-31T16:31:57.880+0000] {dag.py:3096} INFO - Sync 1 DAGs
[2026-05-31T16:31:57.926+0000] {logging_mixin.py:188} INFO - [2026-05-31T16:31:57.926+0000] {dag.py:3954} INFO - Setting next_dagrun for retailco_master_pipeline to 2026-05-31 00:00:00+00:00, run_after=2026-06-01 00:00:00+00:00
[2026-05-31T16:31:57.957+0000] {processor.py:183} INFO - Processing /opt/airflow/dags/retailco_dag.py took 0.198 seconds
[2026-05-31T16:32:28.345+0000] {processor.py:161} INFO - Started process (PID=1786) to work on /opt/airflow/dags/retailco_dag.py
[2026-05-31T16:32:28.346+0000] {processor.py:830} INFO - Processing file /opt/airflow/dags/retailco_dag.py for tasks to queue
[2026-05-31T16:32:28.350+0000] {logging_mixin.py:188} INFO - [2026-05-31T16:32:28.350+0000] {dagbag.py:545} INFO - Filling up the DagBag from /opt/airflow/dags/retailco_dag.py
[2026-05-31T16:32:28.391+0000] {processor.py:840} INFO - DAG(s) 'retailco_master_pipeline' retrieved from /opt/airflow/dags/retailco_dag.py
[2026-05-31T16:32:28.433+0000] {logging_mixin.py:188} INFO - [2026-05-31T16:32:28.433+0000] {dag.py:3096} INFO - Sync 1 DAGs
[2026-05-31T16:32:28.465+0000] {logging_mixin.py:188} INFO - [2026-05-31T16:32:28.464+0000] {dag.py:3954} INFO - Setting next_dagrun for retailco_master_pipeline to 2026-05-31 00:00:00+00:00, run_after=2026-06-01 00:00:00+00:00
[2026-05-31T16:32:28.495+0000] {processor.py:183} INFO - Processing /opt/airflow/dags/retailco_dag.py took 0.157 seconds
[2026-05-31T16:32:58.988+0000] {processor.py:161} INFO - Started process (PID=1791) to work on /opt/airflow/dags/retailco_dag.py
[2026-05-31T16:32:58.989+0000] {processor.py:830} INFO - Processing file /opt/airflow/dags/retailco_dag.py for tasks to queue
[2026-05-31T16:32:58.994+0000] {logging_mixin.py:188} INFO - [2026-05-31T16:32:58.993+0000] {dagbag.py:545} INFO - Filling up the DagBag from /opt/airflow/dags/retailco_dag.py
[2026-05-31T16:32:59.038+0000] {processor.py:840} INFO - DAG(s) 'retailco_master_pipeline' retrieved from /opt/airflow/dags/retailco_dag.py
[2026-05-31T16:32:59.103+0000] {logging_mixin.py:188} INFO - [2026-05-31T16:32:59.102+0000] {dag.py:3096} INFO - Sync 1 DAGs
[2026-05-31T16:32:59.133+0000] {logging_mixin.py:188} INFO - [2026-05-31T16:32:59.133+0000] {dag.py:3954} INFO - Setting next_dagrun for retailco_master_pipeline to 2026-05-31 00:00:00+00:00, run_after=2026-06-01 00:00:00+00:00
[2026-05-31T16:32:59.165+0000] {processor.py:183} INFO - Processing /opt/airflow/dags/retailco_dag.py took 0.187 seconds
[2026-05-31T16:33:29.345+0000] {processor.py:161} INFO - Started process (PID=1796) to work on /opt/airflow/dags/retailco_dag.py
[2026-05-31T16:33:29.347+0000] {processor.py:830} INFO - Processing file /opt/airflow/dags/retailco_dag.py for tasks to queue
[2026-05-31T16:33:29.351+0000] {logging_mixin.py:188} INFO - [2026-05-31T16:33:29.350+0000] {dagbag.py:545} INFO - Filling up the DagBag from /opt/airflow/dags/retailco_dag.py
[2026-05-31T16:33:29.390+0000] {processor.py:840} INFO - DAG(s) 'retailco_master_pipeline' retrieved from /opt/airflow/dags/retailco_dag.py
[2026-05-31T16:33:29.430+0000] {logging_mixin.py:188} INFO - [2026-05-31T16:33:29.430+0000] {dag.py:3096} INFO - Sync 1 DAGs
[2026-05-31T16:33:29.473+0000] {logging_mixin.py:188} INFO - [2026-05-31T16:33:29.473+0000] {dag.py:3954} INFO - Setting next_dagrun for retailco_master_pipeline to 2026-05-31 00:00:00+00:00, run_after=2026-06-01 00:00:00+00:00
[2026-05-31T16:33:29.507+0000] {processor.py:183} INFO - Processing /opt/airflow/dags/retailco_dag.py took 0.169 seconds
[2026-05-31T16:33:59.657+0000] {processor.py:161} INFO - Started process (PID=1801) to work on /opt/airflow/dags/retailco_dag.py
[2026-05-31T16:33:59.658+0000] {processor.py:830} INFO - Processing file /opt/airflow/dags/retailco_dag.py for tasks to queue
[2026-05-31T16:33:59.662+0000] {logging_mixin.py:188} INFO - [2026-05-31T16:33:59.662+0000] {dagbag.py:545} INFO - Filling up the DagBag from /opt/airflow/dags/retailco_dag.py
[2026-05-31T16:33:59.704+0000] {processor.py:840} INFO - DAG(s) 'retailco_master_pipeline' retrieved from /opt/airflow/dags/retailco_dag.py
[2026-05-31T16:33:59.754+0000] {logging_mixin.py:188} INFO - [2026-05-31T16:33:59.753+0000] {dag.py:3096} INFO - Sync 1 DAGs
[2026-05-31T16:33:59.795+0000] {logging_mixin.py:188} INFO - [2026-05-31T16:33:59.795+0000] {dag.py:3954} INFO - Setting next_dagrun for retailco_master_pipeline to 2026-05-31 00:00:00+00:00, run_after=2026-06-01 00:00:00+00:00
[2026-05-31T16:33:59.831+0000] {processor.py:183} INFO - Processing /opt/airflow/dags/retailco_dag.py took 0.183 seconds
[2026-05-31T16:34:30.055+0000] {processor.py:161} INFO - Started process (PID=1806) to work on /opt/airflow/dags/retailco_dag.py
[2026-05-31T16:34:30.057+0000] {processor.py:830} INFO - Processing file /opt/airflow/dags/retailco_dag.py for tasks to queue
[2026-05-31T16:34:30.060+0000] {logging_mixin.py:188} INFO - [2026-05-31T16:34:30.060+0000] {dagbag.py:545} INFO - Filling up the DagBag from /opt/airflow/dags/retailco_dag.py
[2026-05-31T16:34:30.096+0000] {processor.py:840} INFO - DAG(s) 'retailco_master_pipeline' retrieved from /opt/airflow/dags/retailco_dag.py
[2026-05-31T16:34:30.158+0000] {logging_mixin.py:188} INFO - [2026-05-31T16:34:30.157+0000] {dag.py:3096} INFO - Sync 1 DAGs
[2026-05-31T16:34:30.204+0000] {logging_mixin.py:188} INFO - [2026-05-31T16:34:30.204+0000] {dag.py:3954} INFO - Setting next_dagrun for retailco_master_pipeline to 2026-05-31 00:00:00+00:00, run_after=2026-06-01 00:00:00+00:00
[2026-05-31T16:34:30.244+0000] {processor.py:183} INFO - Processing /opt/airflow/dags/retailco_dag.py took 0.202 seconds
[2026-05-31T16:35:00.388+0000] {processor.py:161} INFO - Started process (PID=1811) to work on /opt/airflow/dags/retailco_dag.py
[2026-05-31T16:35:00.389+0000] {processor.py:830} INFO - Processing file /opt/airflow/dags/retailco_dag.py for tasks to queue
[2026-05-31T16:35:00.393+0000] {logging_mixin.py:188} INFO - [2026-05-31T16:35:00.392+0000] {dagbag.py:545} INFO - Filling up the DagBag from /opt/airflow/dags/retailco_dag.py
[2026-05-31T16:35:00.435+0000] {processor.py:840} INFO - DAG(s) 'retailco_master_pipeline' retrieved from /opt/airflow/dags/retailco_dag.py
[2026-05-31T16:35:00.493+0000] {logging_mixin.py:188} INFO - [2026-05-31T16:35:00.492+0000] {dag.py:3096} INFO - Sync 1 DAGs
[2026-05-31T16:35:00.546+0000] {logging_mixin.py:188} INFO - [2026-05-31T16:35:00.545+0000] {dag.py:3954} INFO - Setting next_dagrun for retailco_master_pipeline to 2026-05-31 00:00:00+00:00, run_after=2026-06-01 00:00:00+00:00
[2026-05-31T16:35:00.581+0000] {processor.py:183} INFO - Processing /opt/airflow/dags/retailco_dag.py took 0.203 seconds
[2026-05-31T16:35:31.100+0000] {processor.py:161} INFO - Started process (PID=1816) to work on /opt/airflow/dags/retailco_dag.py
[2026-05-31T16:35:31.102+0000] {processor.py:830} INFO - Processing file /opt/airflow/dags/retailco_dag.py for tasks to queue
[2026-05-31T16:35:31.105+0000] {logging_mixin.py:188} INFO - [2026-05-31T16:35:31.105+0000] {dagbag.py:545} INFO - Filling up the DagBag from /opt/airflow/dags/retailco_dag.py
[2026-05-31T16:35:31.142+0000] {processor.py:840} INFO - DAG(s) 'retailco_master_pipeline' retrieved from /opt/airflow/dags/retailco_dag.py
[2026-05-31T16:35:31.198+0000] {logging_mixin.py:188} INFO - [2026-05-31T16:35:31.198+0000] {dag.py:3096} INFO - Sync 1 DAGs
[2026-05-31T16:35:31.235+0000] {logging_mixin.py:188} INFO - [2026-05-31T16:35:31.235+0000] {dag.py:3954} INFO - Setting next_dagrun for retailco_master_pipeline to 2026-05-31 00:00:00+00:00, run_after=2026-06-01 00:00:00+00:00
[2026-05-31T16:35:31.267+0000] {processor.py:183} INFO - Processing /opt/airflow/dags/retailco_dag.py took 0.175 seconds
[2026-05-31T16:36:01.450+0000] {processor.py:161} INFO - Started process (PID=1821) to work on /opt/airflow/dags/retailco_dag.py
[2026-05-31T16:36:01.452+0000] {processor.py:830} INFO - Processing file /opt/airflow/dags/retailco_dag.py for tasks to queue
[2026-05-31T16:36:01.456+0000] {logging_mixin.py:188} INFO - [2026-05-31T16:36:01.456+0000] {dagbag.py:545} INFO - Filling up the DagBag from /opt/airflow/dags/retailco_dag.py
[2026-05-31T16:36:01.501+0000] {processor.py:840} INFO - DAG(s) 'retailco_master_pipeline' retrieved from /opt/airflow/dags/retailco_dag.py
[2026-05-31T16:36:01.556+0000] {logging_mixin.py:188} INFO - [2026-05-31T16:36:01.556+0000] {dag.py:3096} INFO - Sync 1 DAGs
[2026-05-31T16:36:01.604+0000] {logging_mixin.py:188} INFO - [2026-05-31T16:36:01.604+0000] {dag.py:3954} INFO - Setting next_dagrun for retailco_master_pipeline to 2026-05-31 00:00:00+00:00, run_after=2026-06-01 00:00:00+00:00
[2026-05-31T16:36:01.642+0000] {processor.py:183} INFO - Processing /opt/airflow/dags/retailco_dag.py took 0.205 seconds
[2026-05-31T16:36:31.829+0000] {processor.py:161} INFO - Started process (PID=1826) to work on /opt/airflow/dags/retailco_dag.py
[2026-05-31T16:36:31.831+0000] {processor.py:830} INFO - Processing file /opt/airflow/dags/retailco_dag.py for tasks to queue
[2026-05-31T16:36:31.833+0000] {logging_mixin.py:188} INFO - [2026-05-31T16:36:31.833+0000] {dagbag.py:545} INFO - Filling up the DagBag from /opt/airflow/dags/retailco_dag.py
[2026-05-31T16:36:31.870+0000] {processor.py:840} INFO - DAG(s) 'retailco_master_pipeline' retrieved from /opt/airflow/dags/retailco_dag.py
[2026-05-31T16:36:31.927+0000] {logging_mixin.py:188} INFO - [2026-05-31T16:36:31.927+0000] {dag.py:3096} INFO - Sync 1 DAGs
[2026-05-31T16:36:31.962+0000] {logging_mixin.py:188} INFO - [2026-05-31T16:36:31.962+0000] {dag.py:3954} INFO - Setting next_dagrun for retailco_master_pipeline to 2026-05-31 00:00:00+00:00, run_after=2026-06-01 00:00:00+00:00
[2026-05-31T16:36:31.997+0000] {processor.py:183} INFO - Processing /opt/airflow/dags/retailco_dag.py took 0.177 seconds
[2026-05-31T16:37:02.227+0000] {processor.py:161} INFO - Started process (PID=1831) to work on /opt/airflow/dags/retailco_dag.py
[2026-05-31T16:37:02.229+0000] {processor.py:830} INFO - Processing file /opt/airflow/dags/retailco_dag.py for tasks to queue
[2026-05-31T16:37:02.232+0000] {logging_mixin.py:188} INFO - [2026-05-31T16:37:02.231+0000] {dagbag.py:545} INFO - Filling up the DagBag from /opt/airflow/dags/retailco_dag.py
[2026-05-31T16:37:02.284+0000] {processor.py:840} INFO - DAG(s) 'retailco_master_pipeline' retrieved from /opt/airflow/dags/retailco_dag.py
[2026-05-31T16:37:02.341+0000] {logging_mixin.py:188} INFO - [2026-05-31T16:37:02.341+0000] {dag.py:3096} INFO - Sync 1 DAGs
[2026-05-31T16:37:02.387+0000] {logging_mixin.py:188} INFO - [2026-05-31T16:37:02.387+0000] {dag.py:3954} INFO - Setting next_dagrun for retailco_master_pipeline to 2026-05-31 00:00:00+00:00, run_after=2026-06-01 00:00:00+00:00
[2026-05-31T16:37:02.423+0000] {processor.py:183} INFO - Processing /opt/airflow/dags/retailco_dag.py took 0.204 seconds
[2026-05-31T16:37:32.681+0000] {processor.py:161} INFO - Started process (PID=1836) to work on /opt/airflow/dags/retailco_dag.py
[2026-05-31T16:37:32.683+0000] {processor.py:830} INFO - Processing file /opt/airflow/dags/retailco_dag.py for tasks to queue
[2026-05-31T16:37:32.685+0000] {logging_mixin.py:188} INFO - [2026-05-31T16:37:32.685+0000] {dagbag.py:545} INFO - Filling up the DagBag from /opt/airflow/dags/retailco_dag.py
[2026-05-31T16:37:32.724+0000] {processor.py:840} INFO - DAG(s) 'retailco_master_pipeline' retrieved from /opt/airflow/dags/retailco_dag.py
[2026-05-31T16:37:32.760+0000] {logging_mixin.py:188} INFO - [2026-05-31T16:37:32.759+0000] {dag.py:3096} INFO - Sync 1 DAGs
[2026-05-31T16:37:32.786+0000] {logging_mixin.py:188} INFO - [2026-05-31T16:37:32.786+0000] {dag.py:3954} INFO - Setting next_dagrun for retailco_master_pipeline to 2026-05-31 00:00:00+00:00, run_after=2026-06-01 00:00:00+00:00
[2026-05-31T16:37:32.819+0000] {processor.py:183} INFO - Processing /opt/airflow/dags/retailco_dag.py took 0.148 seconds
[2026-05-31T16:38:03.251+0000] {processor.py:161} INFO - Started process (PID=1841) to work on /opt/airflow/dags/retailco_dag.py
[2026-05-31T16:38:03.253+0000] {processor.py:830} INFO - Processing file /opt/airflow/dags/retailco_dag.py for tasks to queue
[2026-05-31T16:38:03.255+0000] {logging_mixin.py:188} INFO - [2026-05-31T16:38:03.254+0000] {dagbag.py:545} INFO - Filling up the DagBag from /opt/airflow/dags/retailco_dag.py
[2026-05-31T16:38:03.285+0000] {processor.py:840} INFO - DAG(s) 'retailco_master_pipeline' retrieved from /opt/airflow/dags/retailco_dag.py
[2026-05-31T16:38:03.322+0000] {logging_mixin.py:188} INFO - [2026-05-31T16:38:03.322+0000] {dag.py:3096} INFO - Sync 1 DAGs
[2026-05-31T16:38:03.348+0000] {logging_mixin.py:188} INFO - [2026-05-31T16:38:03.348+0000] {dag.py:3954} INFO - Setting next_dagrun for retailco_master_pipeline to 2026-05-31 00:00:00+00:00, run_after=2026-06-01 00:00:00+00:00
[2026-05-31T16:38:03.382+0000] {processor.py:183} INFO - Processing /opt/airflow/dags/retailco_dag.py took 0.138 seconds
[2026-05-31T16:38:33.869+0000] {processor.py:161} INFO - Started process (PID=1846) to work on /opt/airflow/dags/retailco_dag.py
[2026-05-31T16:38:33.871+0000] {processor.py:830} INFO - Processing file /opt/airflow/dags/retailco_dag.py for tasks to queue
[2026-05-31T16:38:33.877+0000] {logging_mixin.py:188} INFO - [2026-05-31T16:38:33.875+0000] {dagbag.py:545} INFO - Filling up the DagBag from /opt/airflow/dags/retailco_dag.py
[2026-05-31T16:38:33.919+0000] {processor.py:840} INFO - DAG(s) 'retailco_master_pipeline' retrieved from /opt/airflow/dags/retailco_dag.py
[2026-05-31T16:38:33.958+0000] {logging_mixin.py:188} INFO - [2026-05-31T16:38:33.957+0000] {dag.py:3096} INFO - Sync 1 DAGs
[2026-05-31T16:38:33.984+0000] {logging_mixin.py:188} INFO - [2026-05-31T16:38:33.984+0000] {dag.py:3954} INFO - Setting next_dagrun for retailco_master_pipeline to 2026-05-31 00:00:00+00:00, run_after=2026-06-01 00:00:00+00:00
[2026-05-31T16:38:34.014+0000] {processor.py:183} INFO - Processing /opt/airflow/dags/retailco_dag.py took 0.161 seconds
[2026-05-31T16:39:04.293+0000] {processor.py:161} INFO - Started process (PID=1851) to work on /opt/airflow/dags/retailco_dag.py
[2026-05-31T16:39:04.294+0000] {processor.py:830} INFO - Processing file /opt/airflow/dags/retailco_dag.py for tasks to queue
[2026-05-31T16:39:04.296+0000] {logging_mixin.py:188} INFO - [2026-05-31T16:39:04.295+0000] {dagbag.py:545} INFO - Filling up the DagBag from /opt/airflow/dags/retailco_dag.py
[2026-05-31T16:39:04.331+0000] {processor.py:840} INFO - DAG(s) 'retailco_master_pipeline' retrieved from /opt/airflow/dags/retailco_dag.py
[2026-05-31T16:39:04.366+0000] {logging_mixin.py:188} INFO - [2026-05-31T16:39:04.366+0000] {dag.py:3096} INFO - Sync 1 DAGs
[2026-05-31T16:39:04.391+0000] {logging_mixin.py:188} INFO - [2026-05-31T16:39:04.391+0000] {dag.py:3954} INFO - Setting next_dagrun for retailco_master_pipeline to 2026-05-31 00:00:00+00:00, run_after=2026-06-01 00:00:00+00:00
[2026-05-31T16:39:04.425+0000] {processor.py:183} INFO - Processing /opt/airflow/dags/retailco_dag.py took 0.139 seconds
[2026-05-31T16:39:35.057+0000] {processor.py:161} INFO - Started process (PID=1856) to work on /opt/airflow/dags/retailco_dag.py
[2026-05-31T16:39:35.060+0000] {processor.py:830} INFO - Processing file /opt/airflow/dags/retailco_dag.py for tasks to queue
[2026-05-31T16:39:35.062+0000] {logging_mixin.py:188} INFO - [2026-05-31T16:39:35.062+0000] {dagbag.py:545} INFO - Filling up the DagBag from /opt/airflow/dags/retailco_dag.py
[2026-05-31T16:39:35.096+0000] {processor.py:840} INFO - DAG(s) 'retailco_master_pipeline' retrieved from /opt/airflow/dags/retailco_dag.py
[2026-05-31T16:39:35.139+0000] {logging_mixin.py:188} INFO - [2026-05-31T16:39:35.138+0000] {dag.py:3096} INFO - Sync 1 DAGs
[2026-05-31T16:39:35.165+0000] {logging_mixin.py:188} INFO - [2026-05-31T16:39:35.165+0000] {dag.py:3954} INFO - Setting next_dagrun for retailco_master_pipeline to 2026-05-31 00:00:00+00:00, run_after=2026-06-01 00:00:00+00:00
[2026-05-31T16:39:35.195+0000] {processor.py:183} INFO - Processing /opt/airflow/dags/retailco_dag.py took 0.145 seconds
[2026-05-31T16:40:05.524+0000] {processor.py:161} INFO - Started process (PID=1861) to work on /opt/airflow/dags/retailco_dag.py
[2026-05-31T16:40:05.526+0000] {processor.py:830} INFO - Processing file /opt/airflow/dags/retailco_dag.py for tasks to queue
[2026-05-31T16:40:05.529+0000] {logging_mixin.py:188} INFO - [2026-05-31T16:40:05.528+0000] {dagbag.py:545} INFO - Filling up the DagBag from /opt/airflow/dags/retailco_dag.py
[2026-05-31T16:40:05.567+0000] {processor.py:840} INFO - DAG(s) 'retailco_master_pipeline' retrieved from /opt/airflow/dags/retailco_dag.py
[2026-05-31T16:40:05.620+0000] {logging_mixin.py:188} INFO - [2026-05-31T16:40:05.619+0000] {dag.py:3096} INFO - Sync 1 DAGs
[2026-05-31T16:40:05.648+0000] {logging_mixin.py:188} INFO - [2026-05-31T16:40:05.647+0000] {dag.py:3954} INFO - Setting next_dagrun for retailco_master_pipeline to 2026-05-31 00:00:00+00:00, run_after=2026-06-01 00:00:00+00:00
[2026-05-31T16:40:05.683+0000] {processor.py:183} INFO - Processing /opt/airflow/dags/retailco_dag.py took 0.167 seconds
[2026-05-31T16:40:36.028+0000] {processor.py:161} INFO - Started process (PID=1866) to work on /opt/airflow/dags/retailco_dag.py
[2026-05-31T16:40:36.030+0000] {processor.py:830} INFO - Processing file /opt/airflow/dags/retailco_dag.py for tasks to queue
[2026-05-31T16:40:36.032+0000] {logging_mixin.py:188} INFO - [2026-05-31T16:40:36.032+0000] {dagbag.py:545} INFO - Filling up the DagBag from /opt/airflow/dags/retailco_dag.py
[2026-05-31T16:40:36.067+0000] {processor.py:840} INFO - DAG(s) 'retailco_master_pipeline' retrieved from /opt/airflow/dags/retailco_dag.py
[2026-05-31T16:40:36.107+0000] {logging_mixin.py:188} INFO - [2026-05-31T16:40:36.106+0000] {dag.py:3096} INFO - Sync 1 DAGs
[2026-05-31T16:40:36.142+0000] {logging_mixin.py:188} INFO - [2026-05-31T16:40:36.142+0000] {dag.py:3954} INFO - Setting next_dagrun for retailco_master_pipeline to 2026-05-31 00:00:00+00:00, run_after=2026-06-01 00:00:00+00:00
[2026-05-31T16:40:36.187+0000] {processor.py:183} INFO - Processing /opt/airflow/dags/retailco_dag.py took 0.166 seconds
[2026-05-31T16:41:06.736+0000] {processor.py:161} INFO - Started process (PID=1871) to work on /opt/airflow/dags/retailco_dag.py
[2026-05-31T16:41:06.738+0000] {processor.py:830} INFO - Processing file /opt/airflow/dags/retailco_dag.py for tasks to queue
[2026-05-31T16:41:06.740+0000] {logging_mixin.py:188} INFO - [2026-05-31T16:41:06.740+0000] {dagbag.py:545} INFO - Filling up the DagBag from /opt/airflow/dags/retailco_dag.py
[2026-05-31T16:41:06.770+0000] {processor.py:840} INFO - DAG(s) 'retailco_master_pipeline' retrieved from /opt/airflow/dags/retailco_dag.py
[2026-05-31T16:41:06.808+0000] {logging_mixin.py:188} INFO - [2026-05-31T16:41:06.807+0000] {dag.py:3096} INFO - Sync 1 DAGs
[2026-05-31T16:41:06.834+0000] {logging_mixin.py:188} INFO - [2026-05-31T16:41:06.833+0000] {dag.py:3954} INFO - Setting next_dagrun for retailco_master_pipeline to 2026-05-31 00:00:00+00:00, run_after=2026-06-01 00:00:00+00:00
[2026-05-31T16:41:06.862+0000] {processor.py:183} INFO - Processing /opt/airflow/dags/retailco_dag.py took 0.132 seconds
[2026-05-31T16:41:37.180+0000] {processor.py:161} INFO - Started process (PID=1876) to work on /opt/airflow/dags/retailco_dag.py
[2026-05-31T16:41:37.182+0000] {processor.py:830} INFO - Processing file /opt/airflow/dags/retailco_dag.py for tasks to queue
[2026-05-31T16:41:37.184+0000] {logging_mixin.py:188} INFO - [2026-05-31T16:41:37.183+0000] {dagbag.py:545} INFO - Filling up the DagBag from /opt/airflow/dags/retailco_dag.py
[2026-05-31T16:41:37.218+0000] {processor.py:840} INFO - DAG(s) 'retailco_master_pipeline' retrieved from /opt/airflow/dags/retailco_dag.py
[2026-05-31T16:41:37.252+0000] {logging_mixin.py:188} INFO - [2026-05-31T16:41:37.251+0000] {dag.py:3096} INFO - Sync 1 DAGs
[2026-05-31T16:41:37.280+0000] {logging_mixin.py:188} INFO - [2026-05-31T16:41:37.280+0000] {dag.py:3954} INFO - Setting next_dagrun for retailco_master_pipeline to 2026-05-31 00:00:00+00:00, run_after=2026-06-01 00:00:00+00:00
[2026-05-31T16:41:37.307+0000] {processor.py:183} INFO - Processing /opt/airflow/dags/retailco_dag.py took 0.135 seconds
[2026-05-31T16:42:07.832+0000] {processor.py:161} INFO - Started process (PID=1881) to work on /opt/airflow/dags/retailco_dag.py
[2026-05-31T16:42:07.833+0000] {processor.py:830} INFO - Processing file /opt/airflow/dags/retailco_dag.py for tasks to queue
[2026-05-31T16:42:07.835+0000] {logging_mixin.py:188} INFO - [2026-05-31T16:42:07.835+0000] {dagbag.py:545} INFO - Filling up the DagBag from /opt/airflow/dags/retailco_dag.py
[2026-05-31T16:42:07.867+0000] {processor.py:840} INFO - DAG(s) 'retailco_master_pipeline' retrieved from /opt/airflow/dags/retailco_dag.py
[2026-05-31T16:42:07.904+0000] {logging_mixin.py:188} INFO - [2026-05-31T16:42:07.904+0000] {dag.py:3096} INFO - Sync 1 DAGs
[2026-05-31T16:42:07.930+0000] {logging_mixin.py:188} INFO - [2026-05-31T16:42:07.930+0000] {dag.py:3954} INFO - Setting next_dagrun for retailco_master_pipeline to 2026-05-31 00:00:00+00:00, run_after=2026-06-01 00:00:00+00:00
[2026-05-31T16:42:07.965+0000] {processor.py:183} INFO - Processing /opt/airflow/dags/retailco_dag.py took 0.138 seconds
[2026-05-31T16:42:38.388+0000] {processor.py:161} INFO - Started process (PID=1886) to work on /opt/airflow/dags/retailco_dag.py
[2026-05-31T16:42:38.389+0000] {processor.py:830} INFO - Processing file /opt/airflow/dags/retailco_dag.py for tasks to queue
[2026-05-31T16:42:38.391+0000] {logging_mixin.py:188} INFO - [2026-05-31T16:42:38.391+0000] {dagbag.py:545} INFO - Filling up the DagBag from /opt/airflow/dags/retailco_dag.py
[2026-05-31T16:42:38.425+0000] {processor.py:840} INFO - DAG(s) 'retailco_master_pipeline' retrieved from /opt/airflow/dags/retailco_dag.py
[2026-05-31T16:42:38.458+0000] {logging_mixin.py:188} INFO - [2026-05-31T16:42:38.458+0000] {dag.py:3096} INFO - Sync 1 DAGs
[2026-05-31T16:42:38.484+0000] {logging_mixin.py:188} INFO - [2026-05-31T16:42:38.484+0000] {dag.py:3954} INFO - Setting next_dagrun for retailco_master_pipeline to 2026-05-31 00:00:00+00:00, run_after=2026-06-01 00:00:00+00:00
[2026-05-31T16:42:38.513+0000] {processor.py:183} INFO - Processing /opt/airflow/dags/retailco_dag.py took 0.133 seconds
[2026-05-31T16:43:08.887+0000] {processor.py:161} INFO - Started process (PID=1891) to work on /opt/airflow/dags/retailco_dag.py
[2026-05-31T16:43:08.889+0000] {processor.py:830} INFO - Processing file /opt/airflow/dags/retailco_dag.py for tasks to queue
[2026-05-31T16:43:08.891+0000] {logging_mixin.py:188} INFO - [2026-05-31T16:43:08.890+0000] {dagbag.py:545} INFO - Filling up the DagBag from /opt/airflow/dags/retailco_dag.py
[2026-05-31T16:43:08.920+0000] {processor.py:840} INFO - DAG(s) 'retailco_master_pipeline' retrieved from /opt/airflow/dags/retailco_dag.py
[2026-05-31T16:43:08.960+0000] {logging_mixin.py:188} INFO - [2026-05-31T16:43:08.960+0000] {dag.py:3096} INFO - Sync 1 DAGs
[2026-05-31T16:43:08.986+0000] {logging_mixin.py:188} INFO - [2026-05-31T16:43:08.986+0000] {dag.py:3954} INFO - Setting next_dagrun for retailco_master_pipeline to 2026-05-31 00:00:00+00:00, run_after=2026-06-01 00:00:00+00:00
[2026-05-31T16:43:09.017+0000] {processor.py:183} INFO - Processing /opt/airflow/dags/retailco_dag.py took 0.136 seconds
[2026-05-31T16:43:39.418+0000] {processor.py:161} INFO - Started process (PID=1896) to work on /opt/airflow/dags/retailco_dag.py
[2026-05-31T16:43:39.419+0000] {processor.py:830} INFO - Processing file /opt/airflow/dags/retailco_dag.py for tasks to queue
[2026-05-31T16:43:39.422+0000] {logging_mixin.py:188} INFO - [2026-05-31T16:43:39.421+0000] {dagbag.py:545} INFO - Filling up the DagBag from /opt/airflow/dags/retailco_dag.py
[2026-05-31T16:43:39.455+0000] {processor.py:840} INFO - DAG(s) 'retailco_master_pipeline' retrieved from /opt/airflow/dags/retailco_dag.py
[2026-05-31T16:43:39.489+0000] {logging_mixin.py:188} INFO - [2026-05-31T16:43:39.489+0000] {dag.py:3096} INFO - Sync 1 DAGs
[2026-05-31T16:43:39.513+0000] {logging_mixin.py:188} INFO - [2026-05-31T16:43:39.513+0000] {dag.py:3954} INFO - Setting next_dagrun for retailco_master_pipeline to 2026-05-31 00:00:00+00:00, run_after=2026-06-01 00:00:00+00:00
[2026-05-31T16:43:39.545+0000] {processor.py:183} INFO - Processing /opt/airflow/dags/retailco_dag.py took 0.135 seconds
[2026-05-31T16:44:09.875+0000] {processor.py:161} INFO - Started process (PID=1901) to work on /opt/airflow/dags/retailco_dag.py
[2026-05-31T16:44:09.877+0000] {processor.py:830} INFO - Processing file /opt/airflow/dags/retailco_dag.py for tasks to queue
[2026-05-31T16:44:09.880+0000] {logging_mixin.py:188} INFO - [2026-05-31T16:44:09.879+0000] {dagbag.py:545} INFO - Filling up the DagBag from /opt/airflow/dags/retailco_dag.py
[2026-05-31T16:44:09.924+0000] {processor.py:840} INFO - DAG(s) 'retailco_master_pipeline' retrieved from /opt/airflow/dags/retailco_dag.py
[2026-05-31T16:44:09.972+0000] {logging_mixin.py:188} INFO - [2026-05-31T16:44:09.971+0000] {dag.py:3096} INFO - Sync 1 DAGs
[2026-05-31T16:44:10.008+0000] {logging_mixin.py:188} INFO - [2026-05-31T16:44:10.008+0000] {dag.py:3954} INFO - Setting next_dagrun for retailco_master_pipeline to 2026-05-31 00:00:00+00:00, run_after=2026-06-01 00:00:00+00:00
[2026-05-31T16:44:10.044+0000] {processor.py:183} INFO - Processing /opt/airflow/dags/retailco_dag.py took 0.176 seconds
[2026-05-31T16:44:40.222+0000] {processor.py:161} INFO - Started process (PID=1906) to work on /opt/airflow/dags/retailco_dag.py
[2026-05-31T16:44:40.224+0000] {processor.py:830} INFO - Processing file /opt/airflow/dags/retailco_dag.py for tasks to queue
[2026-05-31T16:44:40.226+0000] {logging_mixin.py:188} INFO - [2026-05-31T16:44:40.226+0000] {dagbag.py:545} INFO - Filling up the DagBag from /opt/airflow/dags/retailco_dag.py
[2026-05-31T16:44:40.260+0000] {processor.py:840} INFO - DAG(s) 'retailco_master_pipeline' retrieved from /opt/airflow/dags/retailco_dag.py
[2026-05-31T16:44:40.301+0000] {logging_mixin.py:188} INFO - [2026-05-31T16:44:40.301+0000] {dag.py:3096} INFO - Sync 1 DAGs
[2026-05-31T16:44:40.327+0000] {logging_mixin.py:188} INFO - [2026-05-31T16:44:40.327+0000] {dag.py:3954} INFO - Setting next_dagrun for retailco_master_pipeline to 2026-05-31 00:00:00+00:00, run_after=2026-06-01 00:00:00+00:00
[2026-05-31T16:44:40.354+0000] {processor.py:183} INFO - Processing /opt/airflow/dags/retailco_dag.py took 0.139 seconds
[2026-05-31T16:45:10.699+0000] {processor.py:161} INFO - Started process (PID=1911) to work on /opt/airflow/dags/retailco_dag.py
[2026-05-31T16:45:10.701+0000] {processor.py:830} INFO - Processing file /opt/airflow/dags/retailco_dag.py for tasks to queue
[2026-05-31T16:45:10.704+0000] {logging_mixin.py:188} INFO - [2026-05-31T16:45:10.703+0000] {dagbag.py:545} INFO - Filling up the DagBag from /opt/airflow/dags/retailco_dag.py
[2026-05-31T16:45:10.733+0000] {processor.py:840} INFO - DAG(s) 'retailco_master_pipeline' retrieved from /opt/airflow/dags/retailco_dag.py
[2026-05-31T16:45:10.766+0000] {logging_mixin.py:188} INFO - [2026-05-31T16:45:10.766+0000] {dag.py:3096} INFO - Sync 1 DAGs
[2026-05-31T16:45:10.789+0000] {logging_mixin.py:188} INFO - [2026-05-31T16:45:10.789+0000] {dag.py:3954} INFO - Setting next_dagrun for retailco_master_pipeline to 2026-05-31 00:00:00+00:00, run_after=2026-06-01 00:00:00+00:00
[2026-05-31T16:45:10.820+0000] {processor.py:183} INFO - Processing /opt/airflow/dags/retailco_dag.py took 0.126 seconds
[2026-05-31T16:45:41.041+0000] {processor.py:161} INFO - Started process (PID=1916) to work on /opt/airflow/dags/retailco_dag.py
[2026-05-31T16:45:41.043+0000] {processor.py:830} INFO - Processing file /opt/airflow/dags/retailco_dag.py for tasks to queue
[2026-05-31T16:45:41.046+0000] {logging_mixin.py:188} INFO - [2026-05-31T16:45:41.046+0000] {dagbag.py:545} INFO - Filling up the DagBag from /opt/airflow/dags/retailco_dag.py
[2026-05-31T16:45:41.085+0000] {processor.py:840} INFO - DAG(s) 'retailco_master_pipeline' retrieved from /opt/airflow/dags/retailco_dag.py
[2026-05-31T16:45:41.127+0000] {logging_mixin.py:188} INFO - [2026-05-31T16:45:41.127+0000] {dag.py:3096} INFO - Sync 1 DAGs
[2026-05-31T16:45:41.154+0000] {logging_mixin.py:188} INFO - [2026-05-31T16:45:41.154+0000] {dag.py:3954} INFO - Setting next_dagrun for retailco_master_pipeline to 2026-05-31 00:00:00+00:00, run_after=2026-06-01 00:00:00+00:00
[2026-05-31T16:45:41.190+0000] {processor.py:183} INFO - Processing /opt/airflow/dags/retailco_dag.py took 0.156 seconds
[2026-05-31T16:46:11.373+0000] {processor.py:161} INFO - Started process (PID=1921) to work on /opt/airflow/dags/retailco_dag.py
[2026-05-31T16:46:11.375+0000] {processor.py:830} INFO - Processing file /opt/airflow/dags/retailco_dag.py for tasks to queue
[2026-05-31T16:46:11.378+0000] {logging_mixin.py:188} INFO - [2026-05-31T16:46:11.377+0000] {dagbag.py:545} INFO - Filling up the DagBag from /opt/airflow/dags/retailco_dag.py
[2026-05-31T16:46:11.410+0000] {processor.py:840} INFO - DAG(s) 'retailco_master_pipeline' retrieved from /opt/airflow/dags/retailco_dag.py
[2026-05-31T16:46:11.448+0000] {logging_mixin.py:188} INFO - [2026-05-31T16:46:11.447+0000] {dag.py:3096} INFO - Sync 1 DAGs
[2026-05-31T16:46:11.475+0000] {logging_mixin.py:188} INFO - [2026-05-31T16:46:11.475+0000] {dag.py:3954} INFO - Setting next_dagrun for retailco_master_pipeline to 2026-05-31 00:00:00+00:00, run_after=2026-06-01 00:00:00+00:00
[2026-05-31T16:46:11.520+0000] {processor.py:183} INFO - Processing /opt/airflow/dags/retailco_dag.py took 0.154 seconds
[2026-05-31T16:46:41.754+0000] {processor.py:161} INFO - Started process (PID=1926) to work on /opt/airflow/dags/retailco_dag.py
[2026-05-31T16:46:41.755+0000] {processor.py:830} INFO - Processing file /opt/airflow/dags/retailco_dag.py for tasks to queue
[2026-05-31T16:46:41.758+0000] {logging_mixin.py:188} INFO - [2026-05-31T16:46:41.757+0000] {dagbag.py:545} INFO - Filling up the DagBag from /opt/airflow/dags/retailco_dag.py
[2026-05-31T16:46:41.796+0000] {processor.py:840} INFO - DAG(s) 'retailco_master_pipeline' retrieved from /opt/airflow/dags/retailco_dag.py
[2026-05-31T16:46:41.829+0000] {logging_mixin.py:188} INFO - [2026-05-31T16:46:41.829+0000] {dag.py:3096} INFO - Sync 1 DAGs
[2026-05-31T16:46:41.856+0000] {logging_mixin.py:188} INFO - [2026-05-31T16:46:41.855+0000] {dag.py:3954} INFO - Setting next_dagrun for retailco_master_pipeline to 2026-05-31 00:00:00+00:00, run_after=2026-06-01 00:00:00+00:00
[2026-05-31T16:46:41.887+0000] {processor.py:183} INFO - Processing /opt/airflow/dags/retailco_dag.py took 0.139 seconds
[2026-05-31T16:47:12.085+0000] {processor.py:161} INFO - Started process (PID=1931) to work on /opt/airflow/dags/retailco_dag.py
[2026-05-31T16:47:12.088+0000] {processor.py:830} INFO - Processing file /opt/airflow/dags/retailco_dag.py for tasks to queue
[2026-05-31T16:47:12.090+0000] {logging_mixin.py:188} INFO - [2026-05-31T16:47:12.089+0000] {dagbag.py:545} INFO - Filling up the DagBag from /opt/airflow/dags/retailco_dag.py
[2026-05-31T16:47:12.124+0000] {processor.py:840} INFO - DAG(s) 'retailco_master_pipeline' retrieved from /opt/airflow/dags/retailco_dag.py
[2026-05-31T16:47:12.158+0000] {logging_mixin.py:188} INFO - [2026-05-31T16:47:12.157+0000] {dag.py:3096} INFO - Sync 1 DAGs
[2026-05-31T16:47:12.182+0000] {logging_mixin.py:188} INFO - [2026-05-31T16:47:12.182+0000] {dag.py:3954} INFO - Setting next_dagrun for retailco_master_pipeline to 2026-05-31 00:00:00+00:00, run_after=2026-06-01 00:00:00+00:00
[2026-05-31T16:47:12.210+0000] {processor.py:183} INFO - Processing /opt/airflow/dags/retailco_dag.py took 0.132 seconds
[2026-05-31T16:47:42.448+0000] {processor.py:161} INFO - Started process (PID=1936) to work on /opt/airflow/dags/retailco_dag.py
[2026-05-31T16:47:42.450+0000] {processor.py:830} INFO - Processing file /opt/airflow/dags/retailco_dag.py for tasks to queue
[2026-05-31T16:47:42.454+0000] {logging_mixin.py:188} INFO - [2026-05-31T16:47:42.453+0000] {dagbag.py:545} INFO - Filling up the DagBag from /opt/airflow/dags/retailco_dag.py
[2026-05-31T16:47:42.510+0000] {processor.py:840} INFO - DAG(s) 'retailco_master_pipeline' retrieved from /opt/airflow/dags/retailco_dag.py
[2026-05-31T16:47:42.574+0000] {logging_mixin.py:188} INFO - [2026-05-31T16:47:42.573+0000] {dag.py:3096} INFO - Sync 1 DAGs
[2026-05-31T16:47:42.613+0000] {logging_mixin.py:188} INFO - [2026-05-31T16:47:42.613+0000] {dag.py:3954} INFO - Setting next_dagrun for retailco_master_pipeline to 2026-05-31 00:00:00+00:00, run_after=2026-06-01 00:00:00+00:00
[2026-05-31T16:47:42.650+0000] {processor.py:183} INFO - Processing /opt/airflow/dags/retailco_dag.py took 0.211 seconds
[2026-05-31T16:48:12.803+0000] {processor.py:161} INFO - Started process (PID=1941) to work on /opt/airflow/dags/retailco_dag.py
[2026-05-31T16:48:12.805+0000] {processor.py:830} INFO - Processing file /opt/airflow/dags/retailco_dag.py for tasks to queue
[2026-05-31T16:48:12.808+0000] {logging_mixin.py:188} INFO - [2026-05-31T16:48:12.807+0000] {dagbag.py:545} INFO - Filling up the DagBag from /opt/airflow/dags/retailco_dag.py
[2026-05-31T16:48:12.844+0000] {processor.py:840} INFO - DAG(s) 'retailco_master_pipeline' retrieved from /opt/airflow/dags/retailco_dag.py
[2026-05-31T16:48:12.878+0000] {logging_mixin.py:188} INFO - [2026-05-31T16:48:12.878+0000] {dag.py:3096} INFO - Sync 1 DAGs
[2026-05-31T16:48:12.903+0000] {logging_mixin.py:188} INFO - [2026-05-31T16:48:12.903+0000] {dag.py:3954} INFO - Setting next_dagrun for retailco_master_pipeline to 2026-05-31 00:00:00+00:00, run_after=2026-06-01 00:00:00+00:00
[2026-05-31T16:48:12.929+0000] {processor.py:183} INFO - Processing /opt/airflow/dags/retailco_dag.py took 0.135 seconds
[2026-05-31T16:48:43.154+0000] {processor.py:161} INFO - Started process (PID=1946) to work on /opt/airflow/dags/retailco_dag.py
[2026-05-31T16:48:43.155+0000] {processor.py:830} INFO - Processing file /opt/airflow/dags/retailco_dag.py for tasks to queue
[2026-05-31T16:48:43.158+0000] {logging_mixin.py:188} INFO - [2026-05-31T16:48:43.158+0000] {dagbag.py:545} INFO - Filling up the DagBag from /opt/airflow/dags/retailco_dag.py
[2026-05-31T16:48:43.190+0000] {processor.py:840} INFO - DAG(s) 'retailco_master_pipeline' retrieved from /opt/airflow/dags/retailco_dag.py
[2026-05-31T16:48:43.232+0000] {logging_mixin.py:188} INFO - [2026-05-31T16:48:43.231+0000] {dag.py:3096} INFO - Sync 1 DAGs
[2026-05-31T16:48:43.262+0000] {logging_mixin.py:188} INFO - [2026-05-31T16:48:43.262+0000] {dag.py:3954} INFO - Setting next_dagrun for retailco_master_pipeline to 2026-05-31 00:00:00+00:00, run_after=2026-06-01 00:00:00+00:00
[2026-05-31T16:48:43.289+0000] {processor.py:183} INFO - Processing /opt/airflow/dags/retailco_dag.py took 0.141 seconds
[2026-05-31T16:49:13.533+0000] {processor.py:161} INFO - Started process (PID=1951) to work on /opt/airflow/dags/retailco_dag.py
[2026-05-31T16:49:13.535+0000] {processor.py:830} INFO - Processing file /opt/airflow/dags/retailco_dag.py for tasks to queue
[2026-05-31T16:49:13.539+0000] {logging_mixin.py:188} INFO - [2026-05-31T16:49:13.538+0000] {dagbag.py:545} INFO - Filling up the DagBag from /opt/airflow/dags/retailco_dag.py
[2026-05-31T16:49:13.576+0000] {processor.py:840} INFO - DAG(s) 'retailco_master_pipeline' retrieved from /opt/airflow/dags/retailco_dag.py
[2026-05-31T16:49:13.615+0000] {logging_mixin.py:188} INFO - [2026-05-31T16:49:13.615+0000] {dag.py:3096} INFO - Sync 1 DAGs
[2026-05-31T16:49:13.645+0000] {logging_mixin.py:188} INFO - [2026-05-31T16:49:13.645+0000] {dag.py:3954} INFO - Setting next_dagrun for retailco_master_pipeline to 2026-05-31 00:00:00+00:00, run_after=2026-06-01 00:00:00+00:00
[2026-05-31T16:49:13.679+0000] {processor.py:183} INFO - Processing /opt/airflow/dags/retailco_dag.py took 0.151 seconds
[2026-05-31T16:49:43.884+0000] {processor.py:161} INFO - Started process (PID=1956) to work on /opt/airflow/dags/retailco_dag.py
[2026-05-31T16:49:43.886+0000] {processor.py:830} INFO - Processing file /opt/airflow/dags/retailco_dag.py for tasks to queue
[2026-05-31T16:49:43.888+0000] {logging_mixin.py:188} INFO - [2026-05-31T16:49:43.888+0000] {dagbag.py:545} INFO - Filling up the DagBag from /opt/airflow/dags/retailco_dag.py
[2026-05-31T16:49:43.920+0000] {processor.py:840} INFO - DAG(s) 'retailco_master_pipeline' retrieved from /opt/airflow/dags/retailco_dag.py
[2026-05-31T16:49:43.958+0000] {logging_mixin.py:188} INFO - [2026-05-31T16:49:43.958+0000] {dag.py:3096} INFO - Sync 1 DAGs
[2026-05-31T16:49:43.989+0000] {logging_mixin.py:188} INFO - [2026-05-31T16:49:43.989+0000] {dag.py:3954} INFO - Setting next_dagrun for retailco_master_pipeline to 2026-05-31 00:00:00+00:00, run_after=2026-06-01 00:00:00+00:00
[2026-05-31T16:49:44.027+0000] {processor.py:183} INFO - Processing /opt/airflow/dags/retailco_dag.py took 0.154 seconds
[2026-05-31T16:50:14.368+0000] {processor.py:161} INFO - Started process (PID=1961) to work on /opt/airflow/dags/retailco_dag.py
[2026-05-31T16:50:14.370+0000] {processor.py:830} INFO - Processing file /opt/airflow/dags/retailco_dag.py for tasks to queue
[2026-05-31T16:50:14.374+0000] {logging_mixin.py:188} INFO - [2026-05-31T16:50:14.372+0000] {dagbag.py:545} INFO - Filling up the DagBag from /opt/airflow/dags/retailco_dag.py
[2026-05-31T16:50:14.414+0000] {processor.py:840} INFO - DAG(s) 'retailco_master_pipeline' retrieved from /opt/airflow/dags/retailco_dag.py
[2026-05-31T16:50:14.447+0000] {logging_mixin.py:188} INFO - [2026-05-31T16:50:14.446+0000] {dag.py:3096} INFO - Sync 1 DAGs
[2026-05-31T16:50:14.469+0000] {logging_mixin.py:188} INFO - [2026-05-31T16:50:14.469+0000] {dag.py:3954} INFO - Setting next_dagrun for retailco_master_pipeline to 2026-05-31 00:00:00+00:00, run_after=2026-06-01 00:00:00+00:00
[2026-05-31T16:50:14.501+0000] {processor.py:183} INFO - Processing /opt/airflow/dags/retailco_dag.py took 0.146 seconds
[2026-05-31T16:50:44.748+0000] {processor.py:161} INFO - Started process (PID=1966) to work on /opt/airflow/dags/retailco_dag.py
[2026-05-31T16:50:44.750+0000] {processor.py:830} INFO - Processing file /opt/airflow/dags/retailco_dag.py for tasks to queue
[2026-05-31T16:50:44.753+0000] {logging_mixin.py:188} INFO - [2026-05-31T16:50:44.752+0000] {dagbag.py:545} INFO - Filling up the DagBag from /opt/airflow/dags/retailco_dag.py
[2026-05-31T16:50:44.785+0000] {processor.py:840} INFO - DAG(s) 'retailco_master_pipeline' retrieved from /opt/airflow/dags/retailco_dag.py
[2026-05-31T16:50:44.822+0000] {logging_mixin.py:188} INFO - [2026-05-31T16:50:44.821+0000] {dag.py:3096} INFO - Sync 1 DAGs
[2026-05-31T16:50:44.846+0000] {logging_mixin.py:188} INFO - [2026-05-31T16:50:44.846+0000] {dag.py:3954} INFO - Setting next_dagrun for retailco_master_pipeline to 2026-05-31 00:00:00+00:00, run_after=2026-06-01 00:00:00+00:00
[2026-05-31T16:50:44.881+0000] {processor.py:183} INFO - Processing /opt/airflow/dags/retailco_dag.py took 0.138 seconds
[2026-05-31T16:51:15.157+0000] {processor.py:161} INFO - Started process (PID=1971) to work on /opt/airflow/dags/retailco_dag.py
[2026-05-31T16:51:15.159+0000] {processor.py:830} INFO - Processing file /opt/airflow/dags/retailco_dag.py for tasks to queue
[2026-05-31T16:51:15.162+0000] {logging_mixin.py:188} INFO - [2026-05-31T16:51:15.162+0000] {dagbag.py:545} INFO - Filling up the DagBag from /opt/airflow/dags/retailco_dag.py
[2026-05-31T16:51:15.198+0000] {processor.py:840} INFO - DAG(s) 'retailco_master_pipeline' retrieved from /opt/airflow/dags/retailco_dag.py
[2026-05-31T16:51:15.233+0000] {logging_mixin.py:188} INFO - [2026-05-31T16:51:15.233+0000] {dag.py:3096} INFO - Sync 1 DAGs
[2026-05-31T16:51:15.258+0000] {logging_mixin.py:188} INFO - [2026-05-31T16:51:15.258+0000] {dag.py:3954} INFO - Setting next_dagrun for retailco_master_pipeline to 2026-05-31 00:00:00+00:00, run_after=2026-06-01 00:00:00+00:00
[2026-05-31T16:51:15.297+0000] {processor.py:183} INFO - Processing /opt/airflow/dags/retailco_dag.py took 0.148 seconds
[2026-05-31T16:51:45.461+0000] {processor.py:161} INFO - Started process (PID=1976) to work on /opt/airflow/dags/retailco_dag.py
[2026-05-31T16:51:45.462+0000] {processor.py:830} INFO - Processing file /opt/airflow/dags/retailco_dag.py for tasks to queue
[2026-05-31T16:51:45.464+0000] {logging_mixin.py:188} INFO - [2026-05-31T16:51:45.464+0000] {dagbag.py:545} INFO - Filling up the DagBag from /opt/airflow/dags/retailco_dag.py
[2026-05-31T16:51:45.495+0000] {processor.py:840} INFO - DAG(s) 'retailco_master_pipeline' retrieved from /opt/airflow/dags/retailco_dag.py
[2026-05-31T16:51:45.528+0000] {logging_mixin.py:188} INFO - [2026-05-31T16:51:45.528+0000] {dag.py:3096} INFO - Sync 1 DAGs
[2026-05-31T16:51:45.555+0000] {logging_mixin.py:188} INFO - [2026-05-31T16:51:45.554+0000] {dag.py:3954} INFO - Setting next_dagrun for retailco_master_pipeline to 2026-05-31 00:00:00+00:00, run_after=2026-06-01 00:00:00+00:00
[2026-05-31T16:51:45.590+0000] {processor.py:183} INFO - Processing /opt/airflow/dags/retailco_dag.py took 0.135 seconds
[2026-05-31T16:52:15.924+0000] {processor.py:161} INFO - Started process (PID=1981) to work on /opt/airflow/dags/retailco_dag.py
[2026-05-31T16:52:15.925+0000] {processor.py:830} INFO - Processing file /opt/airflow/dags/retailco_dag.py for tasks to queue
[2026-05-31T16:52:15.928+0000] {logging_mixin.py:188} INFO - [2026-05-31T16:52:15.927+0000] {dagbag.py:545} INFO - Filling up the DagBag from /opt/airflow/dags/retailco_dag.py
[2026-05-31T16:52:15.969+0000] {processor.py:840} INFO - DAG(s) 'retailco_master_pipeline' retrieved from /opt/airflow/dags/retailco_dag.py
[2026-05-31T16:52:16.012+0000] {logging_mixin.py:188} INFO - [2026-05-31T16:52:16.011+0000] {dag.py:3096} INFO - Sync 1 DAGs
[2026-05-31T16:52:16.044+0000] {logging_mixin.py:188} INFO - [2026-05-31T16:52:16.043+0000] {dag.py:3954} INFO - Setting next_dagrun for retailco_master_pipeline to 2026-05-31 00:00:00+00:00, run_after=2026-06-01 00:00:00+00:00
[2026-05-31T16:52:16.093+0000] {processor.py:183} INFO - Processing /opt/airflow/dags/retailco_dag.py took 0.175 seconds
[2026-05-31T16:52:46.293+0000] {processor.py:161} INFO - Started process (PID=1986) to work on /opt/airflow/dags/retailco_dag.py
[2026-05-31T16:52:46.294+0000] {processor.py:830} INFO - Processing file /opt/airflow/dags/retailco_dag.py for tasks to queue
[2026-05-31T16:52:46.296+0000] {logging_mixin.py:188} INFO - [2026-05-31T16:52:46.296+0000] {dagbag.py:545} INFO - Filling up the DagBag from /opt/airflow/dags/retailco_dag.py
[2026-05-31T16:52:46.331+0000] {processor.py:840} INFO - DAG(s) 'retailco_master_pipeline' retrieved from /opt/airflow/dags/retailco_dag.py
[2026-05-31T16:52:46.369+0000] {logging_mixin.py:188} INFO - [2026-05-31T16:52:46.368+0000] {dag.py:3096} INFO - Sync 1 DAGs
[2026-05-31T16:52:46.397+0000] {logging_mixin.py:188} INFO - [2026-05-31T16:52:46.396+0000] {dag.py:3954} INFO - Setting next_dagrun for retailco_master_pipeline to 2026-05-31 00:00:00+00:00, run_after=2026-06-01 00:00:00+00:00
[2026-05-31T16:52:46.433+0000] {processor.py:183} INFO - Processing /opt/airflow/dags/retailco_dag.py took 0.150 seconds
[2026-05-31T16:53:16.757+0000] {processor.py:161} INFO - Started process (PID=1991) to work on /opt/airflow/dags/retailco_dag.py
[2026-05-31T16:53:16.758+0000] {processor.py:830} INFO - Processing file /opt/airflow/dags/retailco_dag.py for tasks to queue
[2026-05-31T16:53:16.760+0000] {logging_mixin.py:188} INFO - [2026-05-31T16:53:16.760+0000] {dagbag.py:545} INFO - Filling up the DagBag from /opt/airflow/dags/retailco_dag.py
[2026-05-31T16:53:16.792+0000] {processor.py:840} INFO - DAG(s) 'retailco_master_pipeline' retrieved from /opt/airflow/dags/retailco_dag.py
[2026-05-31T16:53:16.827+0000] {logging_mixin.py:188} INFO - [2026-05-31T16:53:16.826+0000] {dag.py:3096} INFO - Sync 1 DAGs
[2026-05-31T16:53:16.856+0000] {logging_mixin.py:188} INFO - [2026-05-31T16:53:16.855+0000] {dag.py:3954} INFO - Setting next_dagrun for retailco_master_pipeline to 2026-05-31 00:00:00+00:00, run_after=2026-06-01 00:00:00+00:00
[2026-05-31T16:53:16.888+0000] {processor.py:183} INFO - Processing /opt/airflow/dags/retailco_dag.py took 0.137 seconds
[2026-05-31T16:53:47.318+0000] {processor.py:161} INFO - Started process (PID=1996) to work on /opt/airflow/dags/retailco_dag.py
[2026-05-31T16:53:47.319+0000] {processor.py:830} INFO - Processing file /opt/airflow/dags/retailco_dag.py for tasks to queue
[2026-05-31T16:53:47.322+0000] {logging_mixin.py:188} INFO - [2026-05-31T16:53:47.322+0000] {dagbag.py:545} INFO - Filling up the DagBag from /opt/airflow/dags/retailco_dag.py
[2026-05-31T16:53:47.356+0000] {processor.py:840} INFO - DAG(s) 'retailco_master_pipeline' retrieved from /opt/airflow/dags/retailco_dag.py
[2026-05-31T16:53:47.392+0000] {logging_mixin.py:188} INFO - [2026-05-31T16:53:47.392+0000] {dag.py:3096} INFO - Sync 1 DAGs
[2026-05-31T16:53:47.419+0000] {logging_mixin.py:188} INFO - [2026-05-31T16:53:47.419+0000] {dag.py:3954} INFO - Setting next_dagrun for retailco_master_pipeline to 2026-05-31 00:00:00+00:00, run_after=2026-06-01 00:00:00+00:00
[2026-05-31T16:53:47.449+0000] {processor.py:183} INFO - Processing /opt/airflow/dags/retailco_dag.py took 0.137 seconds
[2026-05-31T16:54:17.859+0000] {processor.py:161} INFO - Started process (PID=2001) to work on /opt/airflow/dags/retailco_dag.py
[2026-05-31T16:54:17.860+0000] {processor.py:830} INFO - Processing file /opt/airflow/dags/retailco_dag.py for tasks to queue
[2026-05-31T16:54:17.862+0000] {logging_mixin.py:188} INFO - [2026-05-31T16:54:17.861+0000] {dagbag.py:545} INFO - Filling up the DagBag from /opt/airflow/dags/retailco_dag.py
[2026-05-31T16:54:17.888+0000] {processor.py:840} INFO - DAG(s) 'retailco_master_pipeline' retrieved from /opt/airflow/dags/retailco_dag.py
[2026-05-31T16:54:17.922+0000] {logging_mixin.py:188} INFO - [2026-05-31T16:54:17.922+0000] {dag.py:3096} INFO - Sync 1 DAGs
[2026-05-31T16:54:17.951+0000] {logging_mixin.py:188} INFO - [2026-05-31T16:54:17.950+0000] {dag.py:3954} INFO - Setting next_dagrun for retailco_master_pipeline to 2026-05-31 00:00:00+00:00, run_after=2026-06-01 00:00:00+00:00
[2026-05-31T16:54:17.984+0000] {processor.py:183} INFO - Processing /opt/airflow/dags/retailco_dag.py took 0.132 seconds
[2026-05-31T16:54:48.419+0000] {processor.py:161} INFO - Started process (PID=2006) to work on /opt/airflow/dags/retailco_dag.py
[2026-05-31T16:54:48.421+0000] {processor.py:830} INFO - Processing file /opt/airflow/dags/retailco_dag.py for tasks to queue
[2026-05-31T16:54:48.423+0000] {logging_mixin.py:188} INFO - [2026-05-31T16:54:48.422+0000] {dagbag.py:545} INFO - Filling up the DagBag from /opt/airflow/dags/retailco_dag.py
[2026-05-31T16:54:48.453+0000] {processor.py:840} INFO - DAG(s) 'retailco_master_pipeline' retrieved from /opt/airflow/dags/retailco_dag.py
[2026-05-31T16:54:48.486+0000] {logging_mixin.py:188} INFO - [2026-05-31T16:54:48.486+0000] {dag.py:3096} INFO - Sync 1 DAGs
[2026-05-31T16:54:48.511+0000] {logging_mixin.py:188} INFO - [2026-05-31T16:54:48.511+0000] {dag.py:3954} INFO - Setting next_dagrun for retailco_master_pipeline to 2026-05-31 00:00:00+00:00, run_after=2026-06-01 00:00:00+00:00
[2026-05-31T16:54:48.541+0000] {processor.py:183} INFO - Processing /opt/airflow/dags/retailco_dag.py took 0.128 seconds
[2026-05-31T16:55:18.916+0000] {processor.py:161} INFO - Started process (PID=2011) to work on /opt/airflow/dags/retailco_dag.py
[2026-05-31T16:55:18.917+0000] {processor.py:830} INFO - Processing file /opt/airflow/dags/retailco_dag.py for tasks to queue
[2026-05-31T16:55:18.919+0000] {logging_mixin.py:188} INFO - [2026-05-31T16:55:18.919+0000] {dagbag.py:545} INFO - Filling up the DagBag from /opt/airflow/dags/retailco_dag.py
[2026-05-31T16:55:18.953+0000] {processor.py:840} INFO - DAG(s) 'retailco_master_pipeline' retrieved from /opt/airflow/dags/retailco_dag.py
[2026-05-31T16:55:18.987+0000] {logging_mixin.py:188} INFO - [2026-05-31T16:55:18.987+0000] {dag.py:3096} INFO - Sync 1 DAGs
[2026-05-31T16:55:19.015+0000] {logging_mixin.py:188} INFO - [2026-05-31T16:55:19.015+0000] {dag.py:3954} INFO - Setting next_dagrun for retailco_master_pipeline to 2026-05-31 00:00:00+00:00, run_after=2026-06-01 00:00:00+00:00
[2026-05-31T16:55:19.045+0000] {processor.py:183} INFO - Processing /opt/airflow/dags/retailco_dag.py took 0.135 seconds
[2026-05-31T16:55:49.430+0000] {processor.py:161} INFO - Started process (PID=2016) to work on /opt/airflow/dags/retailco_dag.py
[2026-05-31T16:55:49.431+0000] {processor.py:830} INFO - Processing file /opt/airflow/dags/retailco_dag.py for tasks to queue
[2026-05-31T16:55:49.434+0000] {logging_mixin.py:188} INFO - [2026-05-31T16:55:49.433+0000] {dagbag.py:545} INFO - Filling up the DagBag from /opt/airflow/dags/retailco_dag.py
[2026-05-31T16:55:49.465+0000] {processor.py:840} INFO - DAG(s) 'retailco_master_pipeline' retrieved from /opt/airflow/dags/retailco_dag.py
[2026-05-31T16:55:49.499+0000] {logging_mixin.py:188} INFO - [2026-05-31T16:55:49.499+0000] {dag.py:3096} INFO - Sync 1 DAGs
[2026-05-31T16:55:49.527+0000] {logging_mixin.py:188} INFO - [2026-05-31T16:55:49.526+0000] {dag.py:3954} INFO - Setting next_dagrun for retailco_master_pipeline to 2026-05-31 00:00:00+00:00, run_after=2026-06-01 00:00:00+00:00
[2026-05-31T16:55:49.554+0000] {processor.py:183} INFO - Processing /opt/airflow/dags/retailco_dag.py took 0.131 seconds
[2026-05-31T16:56:20.100+0000] {processor.py:161} INFO - Started process (PID=2021) to work on /opt/airflow/dags/retailco_dag.py
[2026-05-31T16:56:20.101+0000] {processor.py:830} INFO - Processing file /opt/airflow/dags/retailco_dag.py for tasks to queue
[2026-05-31T16:56:20.103+0000] {logging_mixin.py:188} INFO - [2026-05-31T16:56:20.103+0000] {dagbag.py:545} INFO - Filling up the DagBag from /opt/airflow/dags/retailco_dag.py
[2026-05-31T16:56:20.141+0000] {processor.py:840} INFO - DAG(s) 'retailco_master_pipeline' retrieved from /opt/airflow/dags/retailco_dag.py
[2026-05-31T16:56:20.180+0000] {logging_mixin.py:188} INFO - [2026-05-31T16:56:20.180+0000] {dag.py:3096} INFO - Sync 1 DAGs
[2026-05-31T16:56:20.207+0000] {logging_mixin.py:188} INFO - [2026-05-31T16:56:20.206+0000] {dag.py:3954} INFO - Setting next_dagrun for retailco_master_pipeline to 2026-05-31 00:00:00+00:00, run_after=2026-06-01 00:00:00+00:00
[2026-05-31T16:56:20.237+0000] {processor.py:183} INFO - Processing /opt/airflow/dags/retailco_dag.py took 0.145 seconds
[2026-05-31T16:56:50.521+0000] {processor.py:161} INFO - Started process (PID=2026) to work on /opt/airflow/dags/retailco_dag.py
[2026-05-31T16:56:50.522+0000] {processor.py:830} INFO - Processing file /opt/airflow/dags/retailco_dag.py for tasks to queue
[2026-05-31T16:56:50.525+0000] {logging_mixin.py:188} INFO - [2026-05-31T16:56:50.524+0000] {dagbag.py:545} INFO - Filling up the DagBag from /opt/airflow/dags/retailco_dag.py
[2026-05-31T16:56:50.557+0000] {processor.py:840} INFO - DAG(s) 'retailco_master_pipeline' retrieved from /opt/airflow/dags/retailco_dag.py
[2026-05-31T16:56:50.593+0000] {logging_mixin.py:188} INFO - [2026-05-31T16:56:50.593+0000] {dag.py:3096} INFO - Sync 1 DAGs
[2026-05-31T16:56:50.620+0000] {logging_mixin.py:188} INFO - [2026-05-31T16:56:50.620+0000] {dag.py:3954} INFO - Setting next_dagrun for retailco_master_pipeline to 2026-05-31 00:00:00+00:00, run_after=2026-06-01 00:00:00+00:00
[2026-05-31T16:56:50.652+0000] {processor.py:183} INFO - Processing /opt/airflow/dags/retailco_dag.py took 0.137 seconds
[2026-05-31T16:57:20.864+0000] {processor.py:161} INFO - Started process (PID=2031) to work on /opt/airflow/dags/retailco_dag.py
[2026-05-31T16:57:20.865+0000] {processor.py:830} INFO - Processing file /opt/airflow/dags/retailco_dag.py for tasks to queue
[2026-05-31T16:57:20.868+0000] {logging_mixin.py:188} INFO - [2026-05-31T16:57:20.868+0000] {dagbag.py:545} INFO - Filling up the DagBag from /opt/airflow/dags/retailco_dag.py
[2026-05-31T16:57:20.903+0000] {processor.py:840} INFO - DAG(s) 'retailco_master_pipeline' retrieved from /opt/airflow/dags/retailco_dag.py
[2026-05-31T16:57:20.942+0000] {logging_mixin.py:188} INFO - [2026-05-31T16:57:20.941+0000] {dag.py:3096} INFO - Sync 1 DAGs
[2026-05-31T16:57:20.967+0000] {logging_mixin.py:188} INFO - [2026-05-31T16:57:20.967+0000] {dag.py:3954} INFO - Setting next_dagrun for retailco_master_pipeline to 2026-05-31 00:00:00+00:00, run_after=2026-06-01 00:00:00+00:00
[2026-05-31T16:57:20.995+0000] {processor.py:183} INFO - Processing /opt/airflow/dags/retailco_dag.py took 0.139 seconds
[2026-05-31T16:57:51.270+0000] {processor.py:161} INFO - Started process (PID=2036) to work on /opt/airflow/dags/retailco_dag.py
[2026-05-31T16:57:51.272+0000] {processor.py:830} INFO - Processing file /opt/airflow/dags/retailco_dag.py for tasks to queue
[2026-05-31T16:57:51.274+0000] {logging_mixin.py:188} INFO - [2026-05-31T16:57:51.273+0000] {dagbag.py:545} INFO - Filling up the DagBag from /opt/airflow/dags/retailco_dag.py
[2026-05-31T16:57:51.306+0000] {processor.py:840} INFO - DAG(s) 'retailco_master_pipeline' retrieved from /opt/airflow/dags/retailco_dag.py
[2026-05-31T16:57:51.349+0000] {logging_mixin.py:188} INFO - [2026-05-31T16:57:51.348+0000] {dag.py:3096} INFO - Sync 1 DAGs
[2026-05-31T16:57:51.378+0000] {logging_mixin.py:188} INFO - [2026-05-31T16:57:51.378+0000] {dag.py:3954} INFO - Setting next_dagrun for retailco_master_pipeline to 2026-05-31 00:00:00+00:00, run_after=2026-06-01 00:00:00+00:00
[2026-05-31T16:57:51.410+0000] {processor.py:183} INFO - Processing /opt/airflow/dags/retailco_dag.py took 0.146 seconds
[2026-05-31T16:58:21.794+0000] {processor.py:161} INFO - Started process (PID=2041) to work on /opt/airflow/dags/retailco_dag.py
[2026-05-31T16:58:21.796+0000] {processor.py:830} INFO - Processing file /opt/airflow/dags/retailco_dag.py for tasks to queue
[2026-05-31T16:58:21.798+0000] {logging_mixin.py:188} INFO - [2026-05-31T16:58:21.797+0000] {dagbag.py:545} INFO - Filling up the DagBag from /opt/airflow/dags/retailco_dag.py
[2026-05-31T16:58:21.828+0000] {processor.py:840} INFO - DAG(s) 'retailco_master_pipeline' retrieved from /opt/airflow/dags/retailco_dag.py
[2026-05-31T16:58:21.862+0000] {logging_mixin.py:188} INFO - [2026-05-31T16:58:21.862+0000] {dag.py:3096} INFO - Sync 1 DAGs
[2026-05-31T16:58:21.890+0000] {logging_mixin.py:188} INFO - [2026-05-31T16:58:21.890+0000] {dag.py:3954} INFO - Setting next_dagrun for retailco_master_pipeline to 2026-05-31 00:00:00+00:00, run_after=2026-06-01 00:00:00+00:00
[2026-05-31T16:58:21.925+0000] {processor.py:183} INFO - Processing /opt/airflow/dags/retailco_dag.py took 0.138 seconds
[2026-05-31T16:58:52.154+0000] {processor.py:161} INFO - Started process (PID=2046) to work on /opt/airflow/dags/retailco_dag.py
[2026-05-31T16:58:52.155+0000] {processor.py:830} INFO - Processing file /opt/airflow/dags/retailco_dag.py for tasks to queue
[2026-05-31T16:58:52.158+0000] {logging_mixin.py:188} INFO - [2026-05-31T16:58:52.157+0000] {dagbag.py:545} INFO - Filling up the DagBag from /opt/airflow/dags/retailco_dag.py
[2026-05-31T16:58:52.191+0000] {processor.py:840} INFO - DAG(s) 'retailco_master_pipeline' retrieved from /opt/airflow/dags/retailco_dag.py
[2026-05-31T16:58:52.229+0000] {logging_mixin.py:188} INFO - [2026-05-31T16:58:52.228+0000] {dag.py:3096} INFO - Sync 1 DAGs
[2026-05-31T16:58:52.255+0000] {logging_mixin.py:188} INFO - [2026-05-31T16:58:52.255+0000] {dag.py:3954} INFO - Setting next_dagrun for retailco_master_pipeline to 2026-05-31 00:00:00+00:00, run_after=2026-06-01 00:00:00+00:00
[2026-05-31T16:58:52.286+0000] {processor.py:183} INFO - Processing /opt/airflow/dags/retailco_dag.py took 0.139 seconds
[2026-05-31T16:59:22.573+0000] {processor.py:161} INFO - Started process (PID=2051) to work on /opt/airflow/dags/retailco_dag.py
[2026-05-31T16:59:22.575+0000] {processor.py:830} INFO - Processing file /opt/airflow/dags/retailco_dag.py for tasks to queue
[2026-05-31T16:59:22.577+0000] {logging_mixin.py:188} INFO - [2026-05-31T16:59:22.576+0000] {dagbag.py:545} INFO - Filling up the DagBag from /opt/airflow/dags/retailco_dag.py
[2026-05-31T16:59:22.609+0000] {processor.py:840} INFO - DAG(s) 'retailco_master_pipeline' retrieved from /opt/airflow/dags/retailco_dag.py
[2026-05-31T16:59:22.643+0000] {logging_mixin.py:188} INFO - [2026-05-31T16:59:22.643+0000] {dag.py:3096} INFO - Sync 1 DAGs
[2026-05-31T16:59:22.670+0000] {logging_mixin.py:188} INFO - [2026-05-31T16:59:22.670+0000] {dag.py:3954} INFO - Setting next_dagrun for retailco_master_pipeline to 2026-05-31 00:00:00+00:00, run_after=2026-06-01 00:00:00+00:00
[2026-05-31T16:59:22.696+0000] {processor.py:183} INFO - Processing /opt/airflow/dags/retailco_dag.py took 0.130 seconds
[2026-05-31T16:59:52.950+0000] {processor.py:161} INFO - Started process (PID=2056) to work on /opt/airflow/dags/retailco_dag.py
[2026-05-31T16:59:52.952+0000] {processor.py:830} INFO - Processing file /opt/airflow/dags/retailco_dag.py for tasks to queue
[2026-05-31T16:59:52.955+0000] {logging_mixin.py:188} INFO - [2026-05-31T16:59:52.954+0000] {dagbag.py:545} INFO - Filling up the DagBag from /opt/airflow/dags/retailco_dag.py
[2026-05-31T16:59:52.995+0000] {processor.py:840} INFO - DAG(s) 'retailco_master_pipeline' retrieved from /opt/airflow/dags/retailco_dag.py
[2026-05-31T16:59:53.053+0000] {logging_mixin.py:188} INFO - [2026-05-31T16:59:53.053+0000] {dag.py:3096} INFO - Sync 1 DAGs
[2026-05-31T16:59:53.089+0000] {logging_mixin.py:188} INFO - [2026-05-31T16:59:53.088+0000] {dag.py:3954} INFO - Setting next_dagrun for retailco_master_pipeline to 2026-05-31 00:00:00+00:00, run_after=2026-06-01 00:00:00+00:00
[2026-05-31T16:59:53.120+0000] {processor.py:183} INFO - Processing /opt/airflow/dags/retailco_dag.py took 0.181 seconds
[2026-05-31T17:00:23.432+0000] {processor.py:161} INFO - Started process (PID=2061) to work on /opt/airflow/dags/retailco_dag.py
[2026-05-31T17:00:23.433+0000] {processor.py:830} INFO - Processing file /opt/airflow/dags/retailco_dag.py for tasks to queue
[2026-05-31T17:00:23.436+0000] {logging_mixin.py:188} INFO - [2026-05-31T17:00:23.435+0000] {dagbag.py:545} INFO - Filling up the DagBag from /opt/airflow/dags/retailco_dag.py
[2026-05-31T17:00:23.466+0000] {processor.py:840} INFO - DAG(s) 'retailco_master_pipeline' retrieved from /opt/airflow/dags/retailco_dag.py
[2026-05-31T17:00:23.499+0000] {logging_mixin.py:188} INFO - [2026-05-31T17:00:23.499+0000] {dag.py:3096} INFO - Sync 1 DAGs
[2026-05-31T17:00:23.523+0000] {logging_mixin.py:188} INFO - [2026-05-31T17:00:23.523+0000] {dag.py:3954} INFO - Setting next_dagrun for retailco_master_pipeline to 2026-05-31 00:00:00+00:00, run_after=2026-06-01 00:00:00+00:00
[2026-05-31T17:00:23.549+0000] {processor.py:183} INFO - Processing /opt/airflow/dags/retailco_dag.py took 0.123 seconds
[2026-05-31T17:00:53.762+0000] {processor.py:161} INFO - Started process (PID=2066) to work on /opt/airflow/dags/retailco_dag.py
[2026-05-31T17:00:53.764+0000] {processor.py:830} INFO - Processing file /opt/airflow/dags/retailco_dag.py for tasks to queue
[2026-05-31T17:00:53.768+0000] {logging_mixin.py:188} INFO - [2026-05-31T17:00:53.767+0000] {dagbag.py:545} INFO - Filling up the DagBag from /opt/airflow/dags/retailco_dag.py
[2026-05-31T17:00:53.803+0000] {processor.py:840} INFO - DAG(s) 'retailco_master_pipeline' retrieved from /opt/airflow/dags/retailco_dag.py
[2026-05-31T17:00:53.840+0000] {logging_mixin.py:188} INFO - [2026-05-31T17:00:53.840+0000] {dag.py:3096} INFO - Sync 1 DAGs
[2026-05-31T17:00:53.868+0000] {logging_mixin.py:188} INFO - [2026-05-31T17:00:53.868+0000] {dag.py:3954} INFO - Setting next_dagrun for retailco_master_pipeline to 2026-05-31 00:00:00+00:00, run_after=2026-06-01 00:00:00+00:00
[2026-05-31T17:00:53.897+0000] {processor.py:183} INFO - Processing /opt/airflow/dags/retailco_dag.py took 0.141 seconds
[2026-05-31T17:01:24.111+0000] {processor.py:161} INFO - Started process (PID=2071) to work on /opt/airflow/dags/retailco_dag.py
[2026-05-31T17:01:24.113+0000] {processor.py:830} INFO - Processing file /opt/airflow/dags/retailco_dag.py for tasks to queue
[2026-05-31T17:01:24.116+0000] {logging_mixin.py:188} INFO - [2026-05-31T17:01:24.115+0000] {dagbag.py:545} INFO - Filling up the DagBag from /opt/airflow/dags/retailco_dag.py
[2026-05-31T17:01:24.147+0000] {processor.py:840} INFO - DAG(s) 'retailco_master_pipeline' retrieved from /opt/airflow/dags/retailco_dag.py
[2026-05-31T17:01:24.180+0000] {logging_mixin.py:188} INFO - [2026-05-31T17:01:24.180+0000] {dag.py:3096} INFO - Sync 1 DAGs
[2026-05-31T17:01:24.206+0000] {logging_mixin.py:188} INFO - [2026-05-31T17:01:24.205+0000] {dag.py:3954} INFO - Setting next_dagrun for retailco_master_pipeline to 2026-05-31 00:00:00+00:00, run_after=2026-06-01 00:00:00+00:00
[2026-05-31T17:01:24.232+0000] {processor.py:183} INFO - Processing /opt/airflow/dags/retailco_dag.py took 0.130 seconds
[2026-05-31T17:01:54.638+0000] {processor.py:161} INFO - Started process (PID=2076) to work on /opt/airflow/dags/retailco_dag.py
[2026-05-31T17:01:54.639+0000] {processor.py:830} INFO - Processing file /opt/airflow/dags/retailco_dag.py for tasks to queue
[2026-05-31T17:01:54.641+0000] {logging_mixin.py:188} INFO - [2026-05-31T17:01:54.641+0000] {dagbag.py:545} INFO - Filling up the DagBag from /opt/airflow/dags/retailco_dag.py
[2026-05-31T17:01:54.675+0000] {processor.py:840} INFO - DAG(s) 'retailco_master_pipeline' retrieved from /opt/airflow/dags/retailco_dag.py
[2026-05-31T17:01:54.708+0000] {logging_mixin.py:188} INFO - [2026-05-31T17:01:54.708+0000] {dag.py:3096} INFO - Sync 1 DAGs
[2026-05-31T17:01:54.751+0000] {logging_mixin.py:188} INFO - [2026-05-31T17:01:54.751+0000] {dag.py:3954} INFO - Setting next_dagrun for retailco_master_pipeline to 2026-05-31 00:00:00+00:00, run_after=2026-06-01 00:00:00+00:00
[2026-05-31T17:01:54.793+0000] {processor.py:183} INFO - Processing /opt/airflow/dags/retailco_dag.py took 0.161 seconds
[2026-05-31T17:02:24.970+0000] {processor.py:161} INFO - Started process (PID=2081) to work on /opt/airflow/dags/retailco_dag.py
[2026-05-31T17:02:24.971+0000] {processor.py:830} INFO - Processing file /opt/airflow/dags/retailco_dag.py for tasks to queue
[2026-05-31T17:02:24.973+0000] {logging_mixin.py:188} INFO - [2026-05-31T17:02:24.973+0000] {dagbag.py:545} INFO - Filling up the DagBag from /opt/airflow/dags/retailco_dag.py
[2026-05-31T17:02:24.997+0000] {processor.py:840} INFO - DAG(s) 'retailco_master_pipeline' retrieved from /opt/airflow/dags/retailco_dag.py
[2026-05-31T17:02:25.032+0000] {logging_mixin.py:188} INFO - [2026-05-31T17:02:25.031+0000] {dag.py:3096} INFO - Sync 1 DAGs
[2026-05-31T17:02:25.056+0000] {logging_mixin.py:188} INFO - [2026-05-31T17:02:25.055+0000] {dag.py:3954} INFO - Setting next_dagrun for retailco_master_pipeline to 2026-05-31 00:00:00+00:00, run_after=2026-06-01 00:00:00+00:00
[2026-05-31T17:02:25.084+0000] {processor.py:183} INFO - Processing /opt/airflow/dags/retailco_dag.py took 0.121 seconds
[2026-05-31T17:02:55.339+0000] {processor.py:161} INFO - Started process (PID=2086) to work on /opt/airflow/dags/retailco_dag.py
[2026-05-31T17:02:55.340+0000] {processor.py:830} INFO - Processing file /opt/airflow/dags/retailco_dag.py for tasks to queue
[2026-05-31T17:02:55.342+0000] {logging_mixin.py:188} INFO - [2026-05-31T17:02:55.342+0000] {dagbag.py:545} INFO - Filling up the DagBag from /opt/airflow/dags/retailco_dag.py
[2026-05-31T17:02:55.376+0000] {processor.py:840} INFO - DAG(s) 'retailco_master_pipeline' retrieved from /opt/airflow/dags/retailco_dag.py
[2026-05-31T17:02:55.411+0000] {logging_mixin.py:188} INFO - [2026-05-31T17:02:55.411+0000] {dag.py:3096} INFO - Sync 1 DAGs
[2026-05-31T17:02:55.437+0000] {logging_mixin.py:188} INFO - [2026-05-31T17:02:55.436+0000] {dag.py:3954} INFO - Setting next_dagrun for retailco_master_pipeline to 2026-05-31 00:00:00+00:00, run_after=2026-06-01 00:00:00+00:00
[2026-05-31T17:02:55.467+0000] {processor.py:183} INFO - Processing /opt/airflow/dags/retailco_dag.py took 0.138 seconds
[2026-05-31T17:03:25.744+0000] {processor.py:161} INFO - Started process (PID=2091) to work on /opt/airflow/dags/retailco_dag.py
[2026-05-31T17:03:25.746+0000] {processor.py:830} INFO - Processing file /opt/airflow/dags/retailco_dag.py for tasks to queue
[2026-05-31T17:03:25.748+0000] {logging_mixin.py:188} INFO - [2026-05-31T17:03:25.748+0000] {dagbag.py:545} INFO - Filling up the DagBag from /opt/airflow/dags/retailco_dag.py
[2026-05-31T17:03:25.784+0000] {processor.py:840} INFO - DAG(s) 'retailco_master_pipeline' retrieved from /opt/airflow/dags/retailco_dag.py
[2026-05-31T17:03:25.819+0000] {logging_mixin.py:188} INFO - [2026-05-31T17:03:25.819+0000] {dag.py:3096} INFO - Sync 1 DAGs
[2026-05-31T17:03:25.845+0000] {logging_mixin.py:188} INFO - [2026-05-31T17:03:25.845+0000] {dag.py:3954} INFO - Setting next_dagrun for retailco_master_pipeline to 2026-05-31 00:00:00+00:00, run_after=2026-06-01 00:00:00+00:00
[2026-05-31T17:03:25.874+0000] {processor.py:183} INFO - Processing /opt/airflow/dags/retailco_dag.py took 0.139 seconds
[2026-05-31T17:03:56.153+0000] {processor.py:161} INFO - Started process (PID=2096) to work on /opt/airflow/dags/retailco_dag.py
[2026-05-31T17:03:56.156+0000] {processor.py:830} INFO - Processing file /opt/airflow/dags/retailco_dag.py for tasks to queue
[2026-05-31T17:03:56.159+0000] {logging_mixin.py:188} INFO - [2026-05-31T17:03:56.159+0000] {dagbag.py:545} INFO - Filling up the DagBag from /opt/airflow/dags/retailco_dag.py
[2026-05-31T17:03:56.194+0000] {processor.py:840} INFO - DAG(s) 'retailco_master_pipeline' retrieved from /opt/airflow/dags/retailco_dag.py
[2026-05-31T17:03:56.234+0000] {logging_mixin.py:188} INFO - [2026-05-31T17:03:56.233+0000] {dag.py:3096} INFO - Sync 1 DAGs
[2026-05-31T17:03:56.262+0000] {logging_mixin.py:188} INFO - [2026-05-31T17:03:56.261+0000] {dag.py:3954} INFO - Setting next_dagrun for retailco_master_pipeline to 2026-05-31 00:00:00+00:00, run_after=2026-06-01 00:00:00+00:00
[2026-05-31T17:03:56.320+0000] {processor.py:183} INFO - Processing /opt/airflow/dags/retailco_dag.py took 0.176 seconds
[2026-05-31T17:04:26.565+0000] {processor.py:161} INFO - Started process (PID=2101) to work on /opt/airflow/dags/retailco_dag.py
[2026-05-31T17:04:26.567+0000] {processor.py:830} INFO - Processing file /opt/airflow/dags/retailco_dag.py for tasks to queue
[2026-05-31T17:04:26.569+0000] {logging_mixin.py:188} INFO - [2026-05-31T17:04:26.568+0000] {dagbag.py:545} INFO - Filling up the DagBag from /opt/airflow/dags/retailco_dag.py
[2026-05-31T17:04:26.624+0000] {processor.py:840} INFO - DAG(s) 'retailco_master_pipeline' retrieved from /opt/airflow/dags/retailco_dag.py
[2026-05-31T17:04:26.657+0000] {logging_mixin.py:188} INFO - [2026-05-31T17:04:26.656+0000] {dag.py:3096} INFO - Sync 1 DAGs
[2026-05-31T17:04:26.685+0000] {logging_mixin.py:188} INFO - [2026-05-31T17:04:26.685+0000] {dag.py:3954} INFO - Setting next_dagrun for retailco_master_pipeline to 2026-05-31 00:00:00+00:00, run_after=2026-06-01 00:00:00+00:00
[2026-05-31T17:04:26.713+0000] {processor.py:183} INFO - Processing /opt/airflow/dags/retailco_dag.py took 0.157 seconds
[2026-05-31T17:04:57.033+0000] {processor.py:161} INFO - Started process (PID=2106) to work on /opt/airflow/dags/retailco_dag.py
[2026-05-31T17:04:57.034+0000] {processor.py:830} INFO - Processing file /opt/airflow/dags/retailco_dag.py for tasks to queue
[2026-05-31T17:04:57.036+0000] {logging_mixin.py:188} INFO - [2026-05-31T17:04:57.036+0000] {dagbag.py:545} INFO - Filling up the DagBag from /opt/airflow/dags/retailco_dag.py
[2026-05-31T17:04:57.086+0000] {processor.py:840} INFO - DAG(s) 'retailco_master_pipeline' retrieved from /opt/airflow/dags/retailco_dag.py
[2026-05-31T17:04:57.134+0000] {logging_mixin.py:188} INFO - [2026-05-31T17:04:57.134+0000] {dag.py:3096} INFO - Sync 1 DAGs
[2026-05-31T17:04:57.165+0000] {logging_mixin.py:188} INFO - [2026-05-31T17:04:57.164+0000] {dag.py:3954} INFO - Setting next_dagrun for retailco_master_pipeline to 2026-05-31 00:00:00+00:00, run_after=2026-06-01 00:00:00+00:00
[2026-05-31T17:04:57.197+0000] {processor.py:183} INFO - Processing /opt/airflow/dags/retailco_dag.py took 0.171 seconds
[2026-05-31T17:05:27.551+0000] {processor.py:161} INFO - Started process (PID=2111) to work on /opt/airflow/dags/retailco_dag.py
[2026-05-31T17:05:27.553+0000] {processor.py:830} INFO - Processing file /opt/airflow/dags/retailco_dag.py for tasks to queue
[2026-05-31T17:05:27.555+0000] {logging_mixin.py:188} INFO - [2026-05-31T17:05:27.555+0000] {dagbag.py:545} INFO - Filling up the DagBag from /opt/airflow/dags/retailco_dag.py
[2026-05-31T17:05:27.586+0000] {processor.py:840} INFO - DAG(s) 'retailco_master_pipeline' retrieved from /opt/airflow/dags/retailco_dag.py
[2026-05-31T17:05:27.627+0000] {logging_mixin.py:188} INFO - [2026-05-31T17:05:27.627+0000] {dag.py:3096} INFO - Sync 1 DAGs
[2026-05-31T17:05:27.657+0000] {logging_mixin.py:188} INFO - [2026-05-31T17:05:27.656+0000] {dag.py:3954} INFO - Setting next_dagrun for retailco_master_pipeline to 2026-05-31 00:00:00+00:00, run_after=2026-06-01 00:00:00+00:00
[2026-05-31T17:05:27.685+0000] {processor.py:183} INFO - Processing /opt/airflow/dags/retailco_dag.py took 0.147 seconds
[2026-05-31T17:05:57.923+0000] {processor.py:161} INFO - Started process (PID=2116) to work on /opt/airflow/dags/retailco_dag.py
[2026-05-31T17:05:57.924+0000] {processor.py:830} INFO - Processing file /opt/airflow/dags/retailco_dag.py for tasks to queue
[2026-05-31T17:05:57.927+0000] {logging_mixin.py:188} INFO - [2026-05-31T17:05:57.926+0000] {dagbag.py:545} INFO - Filling up the DagBag from /opt/airflow/dags/retailco_dag.py
[2026-05-31T17:05:57.958+0000] {processor.py:840} INFO - DAG(s) 'retailco_master_pipeline' retrieved from /opt/airflow/dags/retailco_dag.py
[2026-05-31T17:05:57.993+0000] {logging_mixin.py:188} INFO - [2026-05-31T17:05:57.992+0000] {dag.py:3096} INFO - Sync 1 DAGs
[2026-05-31T17:05:58.017+0000] {logging_mixin.py:188} INFO - [2026-05-31T17:05:58.017+0000] {dag.py:3954} INFO - Setting next_dagrun for retailco_master_pipeline to 2026-05-31 00:00:00+00:00, run_after=2026-06-01 00:00:00+00:00
[2026-05-31T17:05:58.045+0000] {processor.py:183} INFO - Processing /opt/airflow/dags/retailco_dag.py took 0.131 seconds
[2026-05-31T17:06:28.381+0000] {processor.py:161} INFO - Started process (PID=2121) to work on /opt/airflow/dags/retailco_dag.py
[2026-05-31T17:06:28.383+0000] {processor.py:830} INFO - Processing file /opt/airflow/dags/retailco_dag.py for tasks to queue
[2026-05-31T17:06:28.386+0000] {logging_mixin.py:188} INFO - [2026-05-31T17:06:28.385+0000] {dagbag.py:545} INFO - Filling up the DagBag from /opt/airflow/dags/retailco_dag.py
[2026-05-31T17:06:28.411+0000] {processor.py:840} INFO - DAG(s) 'retailco_master_pipeline' retrieved from /opt/airflow/dags/retailco_dag.py
[2026-05-31T17:06:28.447+0000] {logging_mixin.py:188} INFO - [2026-05-31T17:06:28.446+0000] {dag.py:3096} INFO - Sync 1 DAGs
[2026-05-31T17:06:28.472+0000] {logging_mixin.py:188} INFO - [2026-05-31T17:06:28.472+0000] {dag.py:3954} INFO - Setting next_dagrun for retailco_master_pipeline to 2026-05-31 00:00:00+00:00, run_after=2026-06-01 00:00:00+00:00
[2026-05-31T17:06:28.502+0000] {processor.py:183} INFO - Processing /opt/airflow/dags/retailco_dag.py took 0.126 seconds
[2026-05-31T17:06:58.824+0000] {processor.py:161} INFO - Started process (PID=2126) to work on /opt/airflow/dags/retailco_dag.py
[2026-05-31T17:06:58.825+0000] {processor.py:830} INFO - Processing file /opt/airflow/dags/retailco_dag.py for tasks to queue
[2026-05-31T17:06:58.828+0000] {logging_mixin.py:188} INFO - [2026-05-31T17:06:58.827+0000] {dagbag.py:545} INFO - Filling up the DagBag from /opt/airflow/dags/retailco_dag.py
[2026-05-31T17:06:58.856+0000] {processor.py:840} INFO - DAG(s) 'retailco_master_pipeline' retrieved from /opt/airflow/dags/retailco_dag.py
[2026-05-31T17:06:58.897+0000] {logging_mixin.py:188} INFO - [2026-05-31T17:06:58.896+0000] {dag.py:3096} INFO - Sync 1 DAGs
[2026-05-31T17:06:58.925+0000] {logging_mixin.py:188} INFO - [2026-05-31T17:06:58.925+0000] {dag.py:3954} INFO - Setting next_dagrun for retailco_master_pipeline to 2026-05-31 00:00:00+00:00, run_after=2026-06-01 00:00:00+00:00
[2026-05-31T17:06:58.958+0000] {processor.py:183} INFO - Processing /opt/airflow/dags/retailco_dag.py took 0.141 seconds
[2026-05-31T17:07:29.237+0000] {processor.py:161} INFO - Started process (PID=2131) to work on /opt/airflow/dags/retailco_dag.py
[2026-05-31T17:07:29.239+0000] {processor.py:830} INFO - Processing file /opt/airflow/dags/retailco_dag.py for tasks to queue
[2026-05-31T17:07:29.242+0000] {logging_mixin.py:188} INFO - [2026-05-31T17:07:29.241+0000] {dagbag.py:545} INFO - Filling up the DagBag from /opt/airflow/dags/retailco_dag.py
[2026-05-31T17:07:29.278+0000] {processor.py:840} INFO - DAG(s) 'retailco_master_pipeline' retrieved from /opt/airflow/dags/retailco_dag.py
[2026-05-31T17:07:29.328+0000] {logging_mixin.py:188} INFO - [2026-05-31T17:07:29.327+0000] {dag.py:3096} INFO - Sync 1 DAGs
[2026-05-31T17:07:29.358+0000] {logging_mixin.py:188} INFO - [2026-05-31T17:07:29.358+0000] {dag.py:3954} INFO - Setting next_dagrun for retailco_master_pipeline to 2026-05-31 00:00:00+00:00, run_after=2026-06-01 00:00:00+00:00
[2026-05-31T17:07:29.383+0000] {processor.py:183} INFO - Processing /opt/airflow/dags/retailco_dag.py took 0.155 seconds
[2026-05-31T17:07:59.747+0000] {processor.py:161} INFO - Started process (PID=2136) to work on /opt/airflow/dags/retailco_dag.py
[2026-05-31T17:07:59.748+0000] {processor.py:830} INFO - Processing file /opt/airflow/dags/retailco_dag.py for tasks to queue
[2026-05-31T17:07:59.751+0000] {logging_mixin.py:188} INFO - [2026-05-31T17:07:59.750+0000] {dagbag.py:545} INFO - Filling up the DagBag from /opt/airflow/dags/retailco_dag.py
[2026-05-31T17:07:59.780+0000] {processor.py:840} INFO - DAG(s) 'retailco_master_pipeline' retrieved from /opt/airflow/dags/retailco_dag.py
[2026-05-31T17:07:59.817+0000] {logging_mixin.py:188} INFO - [2026-05-31T17:07:59.817+0000] {dag.py:3096} INFO - Sync 1 DAGs
[2026-05-31T17:07:59.846+0000] {logging_mixin.py:188} INFO - [2026-05-31T17:07:59.846+0000] {dag.py:3954} INFO - Setting next_dagrun for retailco_master_pipeline to 2026-05-31 00:00:00+00:00, run_after=2026-06-01 00:00:00+00:00
[2026-05-31T17:07:59.879+0000] {processor.py:183} INFO - Processing /opt/airflow/dags/retailco_dag.py took 0.137 seconds
[2026-05-31T17:08:30.141+0000] {processor.py:161} INFO - Started process (PID=2141) to work on /opt/airflow/dags/retailco_dag.py
[2026-05-31T17:08:30.142+0000] {processor.py:830} INFO - Processing file /opt/airflow/dags/retailco_dag.py for tasks to queue
[2026-05-31T17:08:30.144+0000] {logging_mixin.py:188} INFO - [2026-05-31T17:08:30.144+0000] {dagbag.py:545} INFO - Filling up the DagBag from /opt/airflow/dags/retailco_dag.py
[2026-05-31T17:08:30.186+0000] {processor.py:840} INFO - DAG(s) 'retailco_master_pipeline' retrieved from /opt/airflow/dags/retailco_dag.py
[2026-05-31T17:08:30.223+0000] {logging_mixin.py:188} INFO - [2026-05-31T17:08:30.222+0000] {dag.py:3096} INFO - Sync 1 DAGs
[2026-05-31T17:08:30.302+0000] {logging_mixin.py:188} INFO - [2026-05-31T17:08:30.299+0000] {dag.py:3954} INFO - Setting next_dagrun for retailco_master_pipeline to 2026-05-31 00:00:00+00:00, run_after=2026-06-01 00:00:00+00:00
[2026-05-31T17:08:30.342+0000] {processor.py:183} INFO - Processing /opt/airflow/dags/retailco_dag.py took 0.209 seconds
[2026-05-31T17:09:00.539+0000] {processor.py:161} INFO - Started process (PID=2146) to work on /opt/airflow/dags/retailco_dag.py
[2026-05-31T17:09:00.540+0000] {processor.py:830} INFO - Processing file /opt/airflow/dags/retailco_dag.py for tasks to queue
[2026-05-31T17:09:00.542+0000] {logging_mixin.py:188} INFO - [2026-05-31T17:09:00.542+0000] {dagbag.py:545} INFO - Filling up the DagBag from /opt/airflow/dags/retailco_dag.py
[2026-05-31T17:09:00.572+0000] {processor.py:840} INFO - DAG(s) 'retailco_master_pipeline' retrieved from /opt/airflow/dags/retailco_dag.py
[2026-05-31T17:09:00.610+0000] {logging_mixin.py:188} INFO - [2026-05-31T17:09:00.609+0000] {dag.py:3096} INFO - Sync 1 DAGs
[2026-05-31T17:09:00.637+0000] {logging_mixin.py:188} INFO - [2026-05-31T17:09:00.636+0000] {dag.py:3954} INFO - Setting next_dagrun for retailco_master_pipeline to 2026-05-31 00:00:00+00:00, run_after=2026-06-01 00:00:00+00:00
[2026-05-31T17:09:00.665+0000] {processor.py:183} INFO - Processing /opt/airflow/dags/retailco_dag.py took 0.133 seconds
[2026-05-31T17:09:31.068+0000] {processor.py:161} INFO - Started process (PID=2151) to work on /opt/airflow/dags/retailco_dag.py
[2026-05-31T17:09:31.069+0000] {processor.py:830} INFO - Processing file /opt/airflow/dags/retailco_dag.py for tasks to queue
[2026-05-31T17:09:31.071+0000] {logging_mixin.py:188} INFO - [2026-05-31T17:09:31.070+0000] {dagbag.py:545} INFO - Filling up the DagBag from /opt/airflow/dags/retailco_dag.py
[2026-05-31T17:09:31.102+0000] {processor.py:840} INFO - DAG(s) 'retailco_master_pipeline' retrieved from /opt/airflow/dags/retailco_dag.py
[2026-05-31T17:09:31.135+0000] {logging_mixin.py:188} INFO - [2026-05-31T17:09:31.135+0000] {dag.py:3096} INFO - Sync 1 DAGs
[2026-05-31T17:09:31.159+0000] {logging_mixin.py:188} INFO - [2026-05-31T17:09:31.159+0000] {dag.py:3954} INFO - Setting next_dagrun for retailco_master_pipeline to 2026-05-31 00:00:00+00:00, run_after=2026-06-01 00:00:00+00:00
[2026-05-31T17:09:31.184+0000] {processor.py:183} INFO - Processing /opt/airflow/dags/retailco_dag.py took 0.122 seconds
[2026-05-31T17:10:01.443+0000] {processor.py:161} INFO - Started process (PID=2156) to work on /opt/airflow/dags/retailco_dag.py
[2026-05-31T17:10:01.445+0000] {processor.py:830} INFO - Processing file /opt/airflow/dags/retailco_dag.py for tasks to queue
[2026-05-31T17:10:01.447+0000] {logging_mixin.py:188} INFO - [2026-05-31T17:10:01.447+0000] {dagbag.py:545} INFO - Filling up the DagBag from /opt/airflow/dags/retailco_dag.py
[2026-05-31T17:10:01.477+0000] {processor.py:840} INFO - DAG(s) 'retailco_master_pipeline' retrieved from /opt/airflow/dags/retailco_dag.py
[2026-05-31T17:10:01.517+0000] {logging_mixin.py:188} INFO - [2026-05-31T17:10:01.517+0000] {dag.py:3096} INFO - Sync 1 DAGs
[2026-05-31T17:10:01.541+0000] {logging_mixin.py:188} INFO - [2026-05-31T17:10:01.541+0000] {dag.py:3954} INFO - Setting next_dagrun for retailco_master_pipeline to 2026-05-31 00:00:00+00:00, run_after=2026-06-01 00:00:00+00:00
[2026-05-31T17:10:01.572+0000] {processor.py:183} INFO - Processing /opt/airflow/dags/retailco_dag.py took 0.135 seconds
[2026-05-31T17:10:31.967+0000] {processor.py:161} INFO - Started process (PID=2161) to work on /opt/airflow/dags/retailco_dag.py
[2026-05-31T17:10:31.969+0000] {processor.py:830} INFO - Processing file /opt/airflow/dags/retailco_dag.py for tasks to queue
[2026-05-31T17:10:31.970+0000] {logging_mixin.py:188} INFO - [2026-05-31T17:10:31.970+0000] {dagbag.py:545} INFO - Filling up the DagBag from /opt/airflow/dags/retailco_dag.py
[2026-05-31T17:10:32.005+0000] {processor.py:840} INFO - DAG(s) 'retailco_master_pipeline' retrieved from /opt/airflow/dags/retailco_dag.py
[2026-05-31T17:10:32.037+0000] {logging_mixin.py:188} INFO - [2026-05-31T17:10:32.037+0000] {dag.py:3096} INFO - Sync 1 DAGs
[2026-05-31T17:10:32.062+0000] {logging_mixin.py:188} INFO - [2026-05-31T17:10:32.062+0000] {dag.py:3954} INFO - Setting next_dagrun for retailco_master_pipeline to 2026-05-31 00:00:00+00:00, run_after=2026-06-01 00:00:00+00:00
[2026-05-31T17:10:32.087+0000] {processor.py:183} INFO - Processing /opt/airflow/dags/retailco_dag.py took 0.125 seconds
[2026-05-31T17:11:02.370+0000] {processor.py:161} INFO - Started process (PID=2166) to work on /opt/airflow/dags/retailco_dag.py
[2026-05-31T17:11:02.372+0000] {processor.py:830} INFO - Processing file /opt/airflow/dags/retailco_dag.py for tasks to queue
[2026-05-31T17:11:02.374+0000] {logging_mixin.py:188} INFO - [2026-05-31T17:11:02.374+0000] {dagbag.py:545} INFO - Filling up the DagBag from /opt/airflow/dags/retailco_dag.py
[2026-05-31T17:11:02.406+0000] {processor.py:840} INFO - DAG(s) 'retailco_master_pipeline' retrieved from /opt/airflow/dags/retailco_dag.py
[2026-05-31T17:11:02.444+0000] {logging_mixin.py:188} INFO - [2026-05-31T17:11:02.444+0000] {dag.py:3096} INFO - Sync 1 DAGs
[2026-05-31T17:11:02.473+0000] {logging_mixin.py:188} INFO - [2026-05-31T17:11:02.473+0000] {dag.py:3954} INFO - Setting next_dagrun for retailco_master_pipeline to 2026-05-31 00:00:00+00:00, run_after=2026-06-01 00:00:00+00:00
[2026-05-31T17:11:02.504+0000] {processor.py:183} INFO - Processing /opt/airflow/dags/retailco_dag.py took 0.142 seconds
[2026-05-31T17:11:32.750+0000] {processor.py:161} INFO - Started process (PID=2171) to work on /opt/airflow/dags/retailco_dag.py
[2026-05-31T17:11:32.752+0000] {processor.py:830} INFO - Processing file /opt/airflow/dags/retailco_dag.py for tasks to queue
[2026-05-31T17:11:32.754+0000] {logging_mixin.py:188} INFO - [2026-05-31T17:11:32.754+0000] {dagbag.py:545} INFO - Filling up the DagBag from /opt/airflow/dags/retailco_dag.py
[2026-05-31T17:11:32.788+0000] {processor.py:840} INFO - DAG(s) 'retailco_master_pipeline' retrieved from /opt/airflow/dags/retailco_dag.py
[2026-05-31T17:11:32.823+0000] {logging_mixin.py:188} INFO - [2026-05-31T17:11:32.823+0000] {dag.py:3096} INFO - Sync 1 DAGs
[2026-05-31T17:11:32.851+0000] {logging_mixin.py:188} INFO - [2026-05-31T17:11:32.850+0000] {dag.py:3954} INFO - Setting next_dagrun for retailco_master_pipeline to 2026-05-31 00:00:00+00:00, run_after=2026-06-01 00:00:00+00:00
[2026-05-31T17:11:32.878+0000] {processor.py:183} INFO - Processing /opt/airflow/dags/retailco_dag.py took 0.136 seconds
[2026-05-31T17:12:03.139+0000] {processor.py:161} INFO - Started process (PID=2176) to work on /opt/airflow/dags/retailco_dag.py
[2026-05-31T17:12:03.140+0000] {processor.py:830} INFO - Processing file /opt/airflow/dags/retailco_dag.py for tasks to queue
[2026-05-31T17:12:03.142+0000] {logging_mixin.py:188} INFO - [2026-05-31T17:12:03.142+0000] {dagbag.py:545} INFO - Filling up the DagBag from /opt/airflow/dags/retailco_dag.py
[2026-05-31T17:12:03.176+0000] {processor.py:840} INFO - DAG(s) 'retailco_master_pipeline' retrieved from /opt/airflow/dags/retailco_dag.py
[2026-05-31T17:12:03.210+0000] {logging_mixin.py:188} INFO - [2026-05-31T17:12:03.209+0000] {dag.py:3096} INFO - Sync 1 DAGs
[2026-05-31T17:12:03.241+0000] {logging_mixin.py:188} INFO - [2026-05-31T17:12:03.241+0000] {dag.py:3954} INFO - Setting next_dagrun for retailco_master_pipeline to 2026-05-31 00:00:00+00:00, run_after=2026-06-01 00:00:00+00:00
[2026-05-31T17:12:03.266+0000] {processor.py:183} INFO - Processing /opt/airflow/dags/retailco_dag.py took 0.134 seconds
[2026-05-31T17:12:33.498+0000] {processor.py:161} INFO - Started process (PID=2181) to work on /opt/airflow/dags/retailco_dag.py
[2026-05-31T17:12:33.499+0000] {processor.py:830} INFO - Processing file /opt/airflow/dags/retailco_dag.py for tasks to queue
[2026-05-31T17:12:33.501+0000] {logging_mixin.py:188} INFO - [2026-05-31T17:12:33.501+0000] {dagbag.py:545} INFO - Filling up the DagBag from /opt/airflow/dags/retailco_dag.py
[2026-05-31T17:12:33.533+0000] {processor.py:840} INFO - DAG(s) 'retailco_master_pipeline' retrieved from /opt/airflow/dags/retailco_dag.py
[2026-05-31T17:12:33.572+0000] {logging_mixin.py:188} INFO - [2026-05-31T17:12:33.572+0000] {dag.py:3096} INFO - Sync 1 DAGs
[2026-05-31T17:12:33.597+0000] {logging_mixin.py:188} INFO - [2026-05-31T17:12:33.596+0000] {dag.py:3954} INFO - Setting next_dagrun for retailco_master_pipeline to 2026-05-31 00:00:00+00:00, run_after=2026-06-01 00:00:00+00:00
[2026-05-31T17:12:33.624+0000] {processor.py:183} INFO - Processing /opt/airflow/dags/retailco_dag.py took 0.133 seconds
[2026-05-31T17:13:03.812+0000] {processor.py:161} INFO - Started process (PID=2186) to work on /opt/airflow/dags/retailco_dag.py
[2026-05-31T17:13:03.813+0000] {processor.py:830} INFO - Processing file /opt/airflow/dags/retailco_dag.py for tasks to queue
[2026-05-31T17:13:03.815+0000] {logging_mixin.py:188} INFO - [2026-05-31T17:13:03.815+0000] {dagbag.py:545} INFO - Filling up the DagBag from /opt/airflow/dags/retailco_dag.py
[2026-05-31T17:13:03.847+0000] {processor.py:840} INFO - DAG(s) 'retailco_master_pipeline' retrieved from /opt/airflow/dags/retailco_dag.py
[2026-05-31T17:13:03.880+0000] {logging_mixin.py:188} INFO - [2026-05-31T17:13:03.880+0000] {dag.py:3096} INFO - Sync 1 DAGs
[2026-05-31T17:13:03.905+0000] {logging_mixin.py:188} INFO - [2026-05-31T17:13:03.904+0000] {dag.py:3954} INFO - Setting next_dagrun for retailco_master_pipeline to 2026-05-31 00:00:00+00:00, run_after=2026-06-01 00:00:00+00:00
[2026-05-31T17:13:03.936+0000] {processor.py:183} INFO - Processing /opt/airflow/dags/retailco_dag.py took 0.130 seconds
[2026-05-31T17:13:34.356+0000] {processor.py:161} INFO - Started process (PID=2191) to work on /opt/airflow/dags/retailco_dag.py
[2026-05-31T17:13:34.357+0000] {processor.py:830} INFO - Processing file /opt/airflow/dags/retailco_dag.py for tasks to queue
[2026-05-31T17:13:34.359+0000] {logging_mixin.py:188} INFO - [2026-05-31T17:13:34.359+0000] {dagbag.py:545} INFO - Filling up the DagBag from /opt/airflow/dags/retailco_dag.py
[2026-05-31T17:13:34.392+0000] {processor.py:840} INFO - DAG(s) 'retailco_master_pipeline' retrieved from /opt/airflow/dags/retailco_dag.py
[2026-05-31T17:13:34.425+0000] {logging_mixin.py:188} INFO - [2026-05-31T17:13:34.425+0000] {dag.py:3096} INFO - Sync 1 DAGs
[2026-05-31T17:13:34.452+0000] {logging_mixin.py:188} INFO - [2026-05-31T17:13:34.451+0000] {dag.py:3954} INFO - Setting next_dagrun for retailco_master_pipeline to 2026-05-31 00:00:00+00:00, run_after=2026-06-01 00:00:00+00:00
[2026-05-31T17:13:34.478+0000] {processor.py:183} INFO - Processing /opt/airflow/dags/retailco_dag.py took 0.127 seconds
[2026-05-31T17:14:04.686+0000] {processor.py:161} INFO - Started process (PID=2196) to work on /opt/airflow/dags/retailco_dag.py
[2026-05-31T17:14:04.688+0000] {processor.py:830} INFO - Processing file /opt/airflow/dags/retailco_dag.py for tasks to queue
[2026-05-31T17:14:04.692+0000] {logging_mixin.py:188} INFO - [2026-05-31T17:14:04.691+0000] {dagbag.py:545} INFO - Filling up the DagBag from /opt/airflow/dags/retailco_dag.py
[2026-05-31T17:14:04.724+0000] {processor.py:840} INFO - DAG(s) 'retailco_master_pipeline' retrieved from /opt/airflow/dags/retailco_dag.py
[2026-05-31T17:14:04.761+0000] {logging_mixin.py:188} INFO - [2026-05-31T17:14:04.761+0000] {dag.py:3096} INFO - Sync 1 DAGs
[2026-05-31T17:14:04.790+0000] {logging_mixin.py:188} INFO - [2026-05-31T17:14:04.789+0000] {dag.py:3954} INFO - Setting next_dagrun for retailco_master_pipeline to 2026-05-31 00:00:00+00:00, run_after=2026-06-01 00:00:00+00:00
[2026-05-31T17:14:04.817+0000] {processor.py:183} INFO - Processing /opt/airflow/dags/retailco_dag.py took 0.139 seconds
[2026-05-31T17:14:35.153+0000] {processor.py:161} INFO - Started process (PID=2201) to work on /opt/airflow/dags/retailco_dag.py
[2026-05-31T17:14:35.154+0000] {processor.py:830} INFO - Processing file /opt/airflow/dags/retailco_dag.py for tasks to queue
[2026-05-31T17:14:35.156+0000] {logging_mixin.py:188} INFO - [2026-05-31T17:14:35.155+0000] {dagbag.py:545} INFO - Filling up the DagBag from /opt/airflow/dags/retailco_dag.py
[2026-05-31T17:14:35.214+0000] {processor.py:840} INFO - DAG(s) 'retailco_master_pipeline' retrieved from /opt/airflow/dags/retailco_dag.py
[2026-05-31T17:14:35.257+0000] {logging_mixin.py:188} INFO - [2026-05-31T17:14:35.256+0000] {dag.py:3096} INFO - Sync 1 DAGs
[2026-05-31T17:14:35.280+0000] {logging_mixin.py:188} INFO - [2026-05-31T17:14:35.279+0000] {dag.py:3954} INFO - Setting next_dagrun for retailco_master_pipeline to 2026-05-31 00:00:00+00:00, run_after=2026-06-01 00:00:00+00:00
[2026-05-31T17:14:35.308+0000] {processor.py:183} INFO - Processing /opt/airflow/dags/retailco_dag.py took 0.162 seconds
[2026-05-31T17:15:05.478+0000] {processor.py:161} INFO - Started process (PID=2206) to work on /opt/airflow/dags/retailco_dag.py
[2026-05-31T17:15:05.480+0000] {processor.py:830} INFO - Processing file /opt/airflow/dags/retailco_dag.py for tasks to queue
[2026-05-31T17:15:05.484+0000] {logging_mixin.py:188} INFO - [2026-05-31T17:15:05.482+0000] {dagbag.py:545} INFO - Filling up the DagBag from /opt/airflow/dags/retailco_dag.py
[2026-05-31T17:15:05.535+0000] {processor.py:840} INFO - DAG(s) 'retailco_master_pipeline' retrieved from /opt/airflow/dags/retailco_dag.py
[2026-05-31T17:15:05.585+0000] {logging_mixin.py:188} INFO - [2026-05-31T17:15:05.584+0000] {dag.py:3096} INFO - Sync 1 DAGs
[2026-05-31T17:15:05.612+0000] {logging_mixin.py:188} INFO - [2026-05-31T17:15:05.611+0000] {dag.py:3954} INFO - Setting next_dagrun for retailco_master_pipeline to 2026-05-31 00:00:00+00:00, run_after=2026-06-01 00:00:00+00:00
[2026-05-31T17:15:05.635+0000] {processor.py:183} INFO - Processing /opt/airflow/dags/retailco_dag.py took 0.168 seconds
[2026-05-31T17:15:35.994+0000] {processor.py:161} INFO - Started process (PID=2211) to work on /opt/airflow/dags/retailco_dag.py
[2026-05-31T17:15:35.995+0000] {processor.py:830} INFO - Processing file /opt/airflow/dags/retailco_dag.py for tasks to queue
[2026-05-31T17:15:35.998+0000] {logging_mixin.py:188} INFO - [2026-05-31T17:15:35.997+0000] {dagbag.py:545} INFO - Filling up the DagBag from /opt/airflow/dags/retailco_dag.py
[2026-05-31T17:15:36.028+0000] {processor.py:840} INFO - DAG(s) 'retailco_master_pipeline' retrieved from /opt/airflow/dags/retailco_dag.py
[2026-05-31T17:15:36.065+0000] {logging_mixin.py:188} INFO - [2026-05-31T17:15:36.065+0000] {dag.py:3096} INFO - Sync 1 DAGs
[2026-05-31T17:15:36.089+0000] {logging_mixin.py:188} INFO - [2026-05-31T17:15:36.089+0000] {dag.py:3954} INFO - Setting next_dagrun for retailco_master_pipeline to 2026-05-31 00:00:00+00:00, run_after=2026-06-01 00:00:00+00:00
[2026-05-31T17:15:36.117+0000] {processor.py:183} INFO - Processing /opt/airflow/dags/retailco_dag.py took 0.128 seconds
[2026-05-31T17:16:06.344+0000] {processor.py:161} INFO - Started process (PID=2216) to work on /opt/airflow/dags/retailco_dag.py
[2026-05-31T17:16:06.345+0000] {processor.py:830} INFO - Processing file /opt/airflow/dags/retailco_dag.py for tasks to queue
[2026-05-31T17:16:06.348+0000] {logging_mixin.py:188} INFO - [2026-05-31T17:16:06.348+0000] {dagbag.py:545} INFO - Filling up the DagBag from /opt/airflow/dags/retailco_dag.py
[2026-05-31T17:16:06.382+0000] {processor.py:840} INFO - DAG(s) 'retailco_master_pipeline' retrieved from /opt/airflow/dags/retailco_dag.py
[2026-05-31T17:16:06.418+0000] {logging_mixin.py:188} INFO - [2026-05-31T17:16:06.418+0000] {dag.py:3096} INFO - Sync 1 DAGs
[2026-05-31T17:16:06.445+0000] {logging_mixin.py:188} INFO - [2026-05-31T17:16:06.445+0000] {dag.py:3954} INFO - Setting next_dagrun for retailco_master_pipeline to 2026-05-31 00:00:00+00:00, run_after=2026-06-01 00:00:00+00:00
[2026-05-31T17:16:06.469+0000] {processor.py:183} INFO - Processing /opt/airflow/dags/retailco_dag.py took 0.132 seconds
[2026-05-31T17:16:36.760+0000] {processor.py:161} INFO - Started process (PID=2221) to work on /opt/airflow/dags/retailco_dag.py
[2026-05-31T17:16:36.761+0000] {processor.py:830} INFO - Processing file /opt/airflow/dags/retailco_dag.py for tasks to queue
[2026-05-31T17:16:36.763+0000] {logging_mixin.py:188} INFO - [2026-05-31T17:16:36.763+0000] {dagbag.py:545} INFO - Filling up the DagBag from /opt/airflow/dags/retailco_dag.py
[2026-05-31T17:16:36.793+0000] {processor.py:840} INFO - DAG(s) 'retailco_master_pipeline' retrieved from /opt/airflow/dags/retailco_dag.py
[2026-05-31T17:16:36.834+0000] {logging_mixin.py:188} INFO - [2026-05-31T17:16:36.834+0000] {dag.py:3096} INFO - Sync 1 DAGs
[2026-05-31T17:16:36.864+0000] {logging_mixin.py:188} INFO - [2026-05-31T17:16:36.864+0000] {dag.py:3954} INFO - Setting next_dagrun for retailco_master_pipeline to 2026-05-31 00:00:00+00:00, run_after=2026-06-01 00:00:00+00:00
[2026-05-31T17:16:36.888+0000] {processor.py:183} INFO - Processing /opt/airflow/dags/retailco_dag.py took 0.135 seconds
[2026-05-31T17:17:07.142+0000] {processor.py:161} INFO - Started process (PID=2226) to work on /opt/airflow/dags/retailco_dag.py
[2026-05-31T17:17:07.143+0000] {processor.py:830} INFO - Processing file /opt/airflow/dags/retailco_dag.py for tasks to queue
[2026-05-31T17:17:07.146+0000] {logging_mixin.py:188} INFO - [2026-05-31T17:17:07.145+0000] {dagbag.py:545} INFO - Filling up the DagBag from /opt/airflow/dags/retailco_dag.py
[2026-05-31T17:17:07.184+0000] {processor.py:840} INFO - DAG(s) 'retailco_master_pipeline' retrieved from /opt/airflow/dags/retailco_dag.py
[2026-05-31T17:17:07.217+0000] {logging_mixin.py:188} INFO - [2026-05-31T17:17:07.217+0000] {dag.py:3096} INFO - Sync 1 DAGs
[2026-05-31T17:17:07.243+0000] {logging_mixin.py:188} INFO - [2026-05-31T17:17:07.242+0000] {dag.py:3954} INFO - Setting next_dagrun for retailco_master_pipeline to 2026-05-31 00:00:00+00:00, run_after=2026-06-01 00:00:00+00:00
[2026-05-31T17:17:07.272+0000] {processor.py:183} INFO - Processing /opt/airflow/dags/retailco_dag.py took 0.138 seconds
[2026-05-31T17:17:37.586+0000] {processor.py:161} INFO - Started process (PID=2231) to work on /opt/airflow/dags/retailco_dag.py
[2026-05-31T17:17:37.587+0000] {processor.py:830} INFO - Processing file /opt/airflow/dags/retailco_dag.py for tasks to queue
[2026-05-31T17:17:37.589+0000] {logging_mixin.py:188} INFO - [2026-05-31T17:17:37.589+0000] {dagbag.py:545} INFO - Filling up the DagBag from /opt/airflow/dags/retailco_dag.py
[2026-05-31T17:17:37.617+0000] {processor.py:840} INFO - DAG(s) 'retailco_master_pipeline' retrieved from /opt/airflow/dags/retailco_dag.py
[2026-05-31T17:17:37.649+0000] {logging_mixin.py:188} INFO - [2026-05-31T17:17:37.649+0000] {dag.py:3096} INFO - Sync 1 DAGs
[2026-05-31T17:17:37.671+0000] {logging_mixin.py:188} INFO - [2026-05-31T17:17:37.671+0000] {dag.py:3954} INFO - Setting next_dagrun for retailco_master_pipeline to 2026-05-31 00:00:00+00:00, run_after=2026-06-01 00:00:00+00:00
[2026-05-31T17:17:37.711+0000] {processor.py:183} INFO - Processing /opt/airflow/dags/retailco_dag.py took 0.131 seconds
[2026-05-31T17:18:07.970+0000] {processor.py:161} INFO - Started process (PID=2236) to work on /opt/airflow/dags/retailco_dag.py
[2026-05-31T17:18:07.971+0000] {processor.py:830} INFO - Processing file /opt/airflow/dags/retailco_dag.py for tasks to queue
[2026-05-31T17:18:07.973+0000] {logging_mixin.py:188} INFO - [2026-05-31T17:18:07.973+0000] {dagbag.py:545} INFO - Filling up the DagBag from /opt/airflow/dags/retailco_dag.py
[2026-05-31T17:18:08.004+0000] {processor.py:840} INFO - DAG(s) 'retailco_master_pipeline' retrieved from /opt/airflow/dags/retailco_dag.py
[2026-05-31T17:18:08.039+0000] {logging_mixin.py:188} INFO - [2026-05-31T17:18:08.039+0000] {dag.py:3096} INFO - Sync 1 DAGs
[2026-05-31T17:18:08.066+0000] {logging_mixin.py:188} INFO - [2026-05-31T17:18:08.065+0000] {dag.py:3954} INFO - Setting next_dagrun for retailco_master_pipeline to 2026-05-31 00:00:00+00:00, run_after=2026-06-01 00:00:00+00:00
[2026-05-31T17:18:08.093+0000] {processor.py:183} INFO - Processing /opt/airflow/dags/retailco_dag.py took 0.132 seconds
[2026-05-31T17:18:38.395+0000] {processor.py:161} INFO - Started process (PID=2241) to work on /opt/airflow/dags/retailco_dag.py
[2026-05-31T17:18:38.397+0000] {processor.py:830} INFO - Processing file /opt/airflow/dags/retailco_dag.py for tasks to queue
[2026-05-31T17:18:38.399+0000] {logging_mixin.py:188} INFO - [2026-05-31T17:18:38.399+0000] {dagbag.py:545} INFO - Filling up the DagBag from /opt/airflow/dags/retailco_dag.py
[2026-05-31T17:18:38.427+0000] {processor.py:840} INFO - DAG(s) 'retailco_master_pipeline' retrieved from /opt/airflow/dags/retailco_dag.py
[2026-05-31T17:18:38.474+0000] {logging_mixin.py:188} INFO - [2026-05-31T17:18:38.474+0000] {dag.py:3096} INFO - Sync 1 DAGs
[2026-05-31T17:18:38.501+0000] {logging_mixin.py:188} INFO - [2026-05-31T17:18:38.501+0000] {dag.py:3954} INFO - Setting next_dagrun for retailco_master_pipeline to 2026-05-31 00:00:00+00:00, run_after=2026-06-01 00:00:00+00:00
[2026-05-31T17:18:38.532+0000] {processor.py:183} INFO - Processing /opt/airflow/dags/retailco_dag.py took 0.148 seconds
[2026-05-31T17:19:08.786+0000] {processor.py:161} INFO - Started process (PID=2246) to work on /opt/airflow/dags/retailco_dag.py
[2026-05-31T17:19:08.788+0000] {processor.py:830} INFO - Processing file /opt/airflow/dags/retailco_dag.py for tasks to queue
[2026-05-31T17:19:08.790+0000] {logging_mixin.py:188} INFO - [2026-05-31T17:19:08.790+0000] {dagbag.py:545} INFO - Filling up the DagBag from /opt/airflow/dags/retailco_dag.py
[2026-05-31T17:19:08.823+0000] {processor.py:840} INFO - DAG(s) 'retailco_master_pipeline' retrieved from /opt/airflow/dags/retailco_dag.py
[2026-05-31T17:19:08.859+0000] {logging_mixin.py:188} INFO - [2026-05-31T17:19:08.858+0000] {dag.py:3096} INFO - Sync 1 DAGs
[2026-05-31T17:19:08.886+0000] {logging_mixin.py:188} INFO - [2026-05-31T17:19:08.885+0000] {dag.py:3954} INFO - Setting next_dagrun for retailco_master_pipeline to 2026-05-31 00:00:00+00:00, run_after=2026-06-01 00:00:00+00:00
[2026-05-31T17:19:08.915+0000] {processor.py:183} INFO - Processing /opt/airflow/dags/retailco_dag.py took 0.138 seconds
[2026-05-31T17:19:39.214+0000] {processor.py:161} INFO - Started process (PID=2251) to work on /opt/airflow/dags/retailco_dag.py
[2026-05-31T17:19:39.215+0000] {processor.py:830} INFO - Processing file /opt/airflow/dags/retailco_dag.py for tasks to queue
[2026-05-31T17:19:39.217+0000] {logging_mixin.py:188} INFO - [2026-05-31T17:19:39.217+0000] {dagbag.py:545} INFO - Filling up the DagBag from /opt/airflow/dags/retailco_dag.py
[2026-05-31T17:19:39.247+0000] {processor.py:840} INFO - DAG(s) 'retailco_master_pipeline' retrieved from /opt/airflow/dags/retailco_dag.py
[2026-05-31T17:19:39.287+0000] {logging_mixin.py:188} INFO - [2026-05-31T17:19:39.287+0000] {dag.py:3096} INFO - Sync 1 DAGs
[2026-05-31T17:19:39.314+0000] {logging_mixin.py:188} INFO - [2026-05-31T17:19:39.314+0000] {dag.py:3954} INFO - Setting next_dagrun for retailco_master_pipeline to 2026-05-31 00:00:00+00:00, run_after=2026-06-01 00:00:00+00:00
[2026-05-31T17:19:39.344+0000] {processor.py:183} INFO - Processing /opt/airflow/dags/retailco_dag.py took 0.137 seconds
[2026-05-31T17:20:09.606+0000] {processor.py:161} INFO - Started process (PID=2256) to work on /opt/airflow/dags/retailco_dag.py
[2026-05-31T17:20:09.608+0000] {processor.py:830} INFO - Processing file /opt/airflow/dags/retailco_dag.py for tasks to queue
[2026-05-31T17:20:09.610+0000] {logging_mixin.py:188} INFO - [2026-05-31T17:20:09.610+0000] {dagbag.py:545} INFO - Filling up the DagBag from /opt/airflow/dags/retailco_dag.py
[2026-05-31T17:20:09.645+0000] {processor.py:840} INFO - DAG(s) 'retailco_master_pipeline' retrieved from /opt/airflow/dags/retailco_dag.py
[2026-05-31T17:20:09.679+0000] {logging_mixin.py:188} INFO - [2026-05-31T17:20:09.679+0000] {dag.py:3096} INFO - Sync 1 DAGs
[2026-05-31T17:20:09.705+0000] {logging_mixin.py:188} INFO - [2026-05-31T17:20:09.705+0000] {dag.py:3954} INFO - Setting next_dagrun for retailco_master_pipeline to 2026-05-31 00:00:00+00:00, run_after=2026-06-01 00:00:00+00:00
[2026-05-31T17:20:09.730+0000] {processor.py:183} INFO - Processing /opt/airflow/dags/retailco_dag.py took 0.131 seconds
[2026-05-31T17:20:40.031+0000] {processor.py:161} INFO - Started process (PID=2261) to work on /opt/airflow/dags/retailco_dag.py
[2026-05-31T17:20:40.032+0000] {processor.py:830} INFO - Processing file /opt/airflow/dags/retailco_dag.py for tasks to queue
[2026-05-31T17:20:40.035+0000] {logging_mixin.py:188} INFO - [2026-05-31T17:20:40.035+0000] {dagbag.py:545} INFO - Filling up the DagBag from /opt/airflow/dags/retailco_dag.py
[2026-05-31T17:20:40.067+0000] {processor.py:840} INFO - DAG(s) 'retailco_master_pipeline' retrieved from /opt/airflow/dags/retailco_dag.py
[2026-05-31T17:20:40.101+0000] {logging_mixin.py:188} INFO - [2026-05-31T17:20:40.101+0000] {dag.py:3096} INFO - Sync 1 DAGs
[2026-05-31T17:20:40.125+0000] {logging_mixin.py:188} INFO - [2026-05-31T17:20:40.125+0000] {dag.py:3954} INFO - Setting next_dagrun for retailco_master_pipeline to 2026-05-31 00:00:00+00:00, run_after=2026-06-01 00:00:00+00:00
[2026-05-31T17:20:40.148+0000] {processor.py:183} INFO - Processing /opt/airflow/dags/retailco_dag.py took 0.127 seconds
[2026-05-31T17:21:10.429+0000] {processor.py:161} INFO - Started process (PID=2266) to work on /opt/airflow/dags/retailco_dag.py
[2026-05-31T17:21:10.430+0000] {processor.py:830} INFO - Processing file /opt/airflow/dags/retailco_dag.py for tasks to queue
[2026-05-31T17:21:10.432+0000] {logging_mixin.py:188} INFO - [2026-05-31T17:21:10.432+0000] {dagbag.py:545} INFO - Filling up the DagBag from /opt/airflow/dags/retailco_dag.py
[2026-05-31T17:21:10.462+0000] {processor.py:840} INFO - DAG(s) 'retailco_master_pipeline' retrieved from /opt/airflow/dags/retailco_dag.py
[2026-05-31T17:21:10.497+0000] {logging_mixin.py:188} INFO - [2026-05-31T17:21:10.497+0000] {dag.py:3096} INFO - Sync 1 DAGs
[2026-05-31T17:21:10.522+0000] {logging_mixin.py:188} INFO - [2026-05-31T17:21:10.522+0000] {dag.py:3954} INFO - Setting next_dagrun for retailco_master_pipeline to 2026-05-31 00:00:00+00:00, run_after=2026-06-01 00:00:00+00:00
[2026-05-31T17:21:10.551+0000] {processor.py:183} INFO - Processing /opt/airflow/dags/retailco_dag.py took 0.127 seconds
[2026-05-31T17:21:40.816+0000] {processor.py:161} INFO - Started process (PID=2271) to work on /opt/airflow/dags/retailco_dag.py
[2026-05-31T17:21:40.817+0000] {processor.py:830} INFO - Processing file /opt/airflow/dags/retailco_dag.py for tasks to queue
[2026-05-31T17:21:40.819+0000] {logging_mixin.py:188} INFO - [2026-05-31T17:21:40.818+0000] {dagbag.py:545} INFO - Filling up the DagBag from /opt/airflow/dags/retailco_dag.py
[2026-05-31T17:21:40.849+0000] {processor.py:840} INFO - DAG(s) 'retailco_master_pipeline' retrieved from /opt/airflow/dags/retailco_dag.py
[2026-05-31T17:21:40.882+0000] {logging_mixin.py:188} INFO - [2026-05-31T17:21:40.882+0000] {dag.py:3096} INFO - Sync 1 DAGs
[2026-05-31T17:21:40.910+0000] {logging_mixin.py:188} INFO - [2026-05-31T17:21:40.910+0000] {dag.py:3954} INFO - Setting next_dagrun for retailco_master_pipeline to 2026-05-31 00:00:00+00:00, run_after=2026-06-01 00:00:00+00:00
[2026-05-31T17:21:40.938+0000] {processor.py:183} INFO - Processing /opt/airflow/dags/retailco_dag.py took 0.130 seconds
[2026-05-31T17:22:11.173+0000] {processor.py:161} INFO - Started process (PID=2276) to work on /opt/airflow/dags/retailco_dag.py
[2026-05-31T17:22:11.175+0000] {processor.py:830} INFO - Processing file /opt/airflow/dags/retailco_dag.py for tasks to queue
[2026-05-31T17:22:11.177+0000] {logging_mixin.py:188} INFO - [2026-05-31T17:22:11.177+0000] {dagbag.py:545} INFO - Filling up the DagBag from /opt/airflow/dags/retailco_dag.py
[2026-05-31T17:22:11.208+0000] {processor.py:840} INFO - DAG(s) 'retailco_master_pipeline' retrieved from /opt/airflow/dags/retailco_dag.py
[2026-05-31T17:22:11.244+0000] {logging_mixin.py:188} INFO - [2026-05-31T17:22:11.243+0000] {dag.py:3096} INFO - Sync 1 DAGs
[2026-05-31T17:22:11.277+0000] {logging_mixin.py:188} INFO - [2026-05-31T17:22:11.277+0000] {dag.py:3954} INFO - Setting next_dagrun for retailco_master_pipeline to 2026-05-31 00:00:00+00:00, run_after=2026-06-01 00:00:00+00:00
[2026-05-31T17:22:11.305+0000] {processor.py:183} INFO - Processing /opt/airflow/dags/retailco_dag.py took 0.139 seconds
[2026-05-31T17:22:41.522+0000] {processor.py:161} INFO - Started process (PID=2281) to work on /opt/airflow/dags/retailco_dag.py
[2026-05-31T17:22:41.523+0000] {processor.py:830} INFO - Processing file /opt/airflow/dags/retailco_dag.py for tasks to queue
[2026-05-31T17:22:41.525+0000] {logging_mixin.py:188} INFO - [2026-05-31T17:22:41.525+0000] {dagbag.py:545} INFO - Filling up the DagBag from /opt/airflow/dags/retailco_dag.py
[2026-05-31T17:22:41.556+0000] {processor.py:840} INFO - DAG(s) 'retailco_master_pipeline' retrieved from /opt/airflow/dags/retailco_dag.py
[2026-05-31T17:22:41.594+0000] {logging_mixin.py:188} INFO - [2026-05-31T17:22:41.594+0000] {dag.py:3096} INFO - Sync 1 DAGs
[2026-05-31T17:22:41.621+0000] {logging_mixin.py:188} INFO - [2026-05-31T17:22:41.621+0000] {dag.py:3954} INFO - Setting next_dagrun for retailco_master_pipeline to 2026-05-31 00:00:00+00:00, run_after=2026-06-01 00:00:00+00:00
[2026-05-31T17:22:41.645+0000] {processor.py:183} INFO - Processing /opt/airflow/dags/retailco_dag.py took 0.129 seconds
[2026-05-31T17:23:11.976+0000] {processor.py:161} INFO - Started process (PID=2286) to work on /opt/airflow/dags/retailco_dag.py
[2026-05-31T17:23:11.977+0000] {processor.py:830} INFO - Processing file /opt/airflow/dags/retailco_dag.py for tasks to queue
[2026-05-31T17:23:11.979+0000] {logging_mixin.py:188} INFO - [2026-05-31T17:23:11.979+0000] {dagbag.py:545} INFO - Filling up the DagBag from /opt/airflow/dags/retailco_dag.py
[2026-05-31T17:23:12.010+0000] {processor.py:840} INFO - DAG(s) 'retailco_master_pipeline' retrieved from /opt/airflow/dags/retailco_dag.py
[2026-05-31T17:23:12.045+0000] {logging_mixin.py:188} INFO - [2026-05-31T17:23:12.045+0000] {dag.py:3096} INFO - Sync 1 DAGs
[2026-05-31T17:23:12.068+0000] {logging_mixin.py:188} INFO - [2026-05-31T17:23:12.068+0000] {dag.py:3954} INFO - Setting next_dagrun for retailco_master_pipeline to 2026-05-31 00:00:00+00:00, run_after=2026-06-01 00:00:00+00:00
[2026-05-31T17:23:12.099+0000] {processor.py:183} INFO - Processing /opt/airflow/dags/retailco_dag.py took 0.129 seconds
[2026-05-31T17:23:42.312+0000] {processor.py:161} INFO - Started process (PID=2291) to work on /opt/airflow/dags/retailco_dag.py
[2026-05-31T17:23:42.313+0000] {processor.py:830} INFO - Processing file /opt/airflow/dags/retailco_dag.py for tasks to queue
[2026-05-31T17:23:42.316+0000] {logging_mixin.py:188} INFO - [2026-05-31T17:23:42.316+0000] {dagbag.py:545} INFO - Filling up the DagBag from /opt/airflow/dags/retailco_dag.py
[2026-05-31T17:23:42.345+0000] {processor.py:840} INFO - DAG(s) 'retailco_master_pipeline' retrieved from /opt/airflow/dags/retailco_dag.py
[2026-05-31T17:23:42.385+0000] {logging_mixin.py:188} INFO - [2026-05-31T17:23:42.384+0000] {dag.py:3096} INFO - Sync 1 DAGs
[2026-05-31T17:23:42.409+0000] {logging_mixin.py:188} INFO - [2026-05-31T17:23:42.409+0000] {dag.py:3954} INFO - Setting next_dagrun for retailco_master_pipeline to 2026-05-31 00:00:00+00:00, run_after=2026-06-01 00:00:00+00:00
[2026-05-31T17:23:42.439+0000] {processor.py:183} INFO - Processing /opt/airflow/dags/retailco_dag.py took 0.134 seconds
[2026-05-31T17:24:12.588+0000] {processor.py:161} INFO - Started process (PID=2296) to work on /opt/airflow/dags/retailco_dag.py
[2026-05-31T17:24:12.590+0000] {processor.py:830} INFO - Processing file /opt/airflow/dags/retailco_dag.py for tasks to queue
[2026-05-31T17:24:12.593+0000] {logging_mixin.py:188} INFO - [2026-05-31T17:24:12.592+0000] {dagbag.py:545} INFO - Filling up the DagBag from /opt/airflow/dags/retailco_dag.py
[2026-05-31T17:24:12.618+0000] {processor.py:840} INFO - DAG(s) 'retailco_master_pipeline' retrieved from /opt/airflow/dags/retailco_dag.py
[2026-05-31T17:24:12.651+0000] {logging_mixin.py:188} INFO - [2026-05-31T17:24:12.651+0000] {dag.py:3096} INFO - Sync 1 DAGs
[2026-05-31T17:24:12.674+0000] {logging_mixin.py:188} INFO - [2026-05-31T17:24:12.674+0000] {dag.py:3954} INFO - Setting next_dagrun for retailco_master_pipeline to 2026-05-31 00:00:00+00:00, run_after=2026-06-01 00:00:00+00:00
[2026-05-31T17:24:12.700+0000] {processor.py:183} INFO - Processing /opt/airflow/dags/retailco_dag.py took 0.119 seconds
[2026-05-31T17:24:42.909+0000] {processor.py:161} INFO - Started process (PID=2301) to work on /opt/airflow/dags/retailco_dag.py
[2026-05-31T17:24:42.910+0000] {processor.py:830} INFO - Processing file /opt/airflow/dags/retailco_dag.py for tasks to queue
[2026-05-31T17:24:42.912+0000] {logging_mixin.py:188} INFO - [2026-05-31T17:24:42.912+0000] {dagbag.py:545} INFO - Filling up the DagBag from /opt/airflow/dags/retailco_dag.py
[2026-05-31T17:24:42.944+0000] {processor.py:840} INFO - DAG(s) 'retailco_master_pipeline' retrieved from /opt/airflow/dags/retailco_dag.py
[2026-05-31T17:24:42.980+0000] {logging_mixin.py:188} INFO - [2026-05-31T17:24:42.980+0000] {dag.py:3096} INFO - Sync 1 DAGs
[2026-05-31T17:24:43.005+0000] {logging_mixin.py:188} INFO - [2026-05-31T17:24:43.005+0000] {dag.py:3954} INFO - Setting next_dagrun for retailco_master_pipeline to 2026-05-31 00:00:00+00:00, run_after=2026-06-01 00:00:00+00:00
[2026-05-31T17:24:43.033+0000] {processor.py:183} INFO - Processing /opt/airflow/dags/retailco_dag.py took 0.130 seconds
[2026-05-31T17:25:13.503+0000] {processor.py:161} INFO - Started process (PID=2306) to work on /opt/airflow/dags/retailco_dag.py
[2026-05-31T17:25:13.504+0000] {processor.py:830} INFO - Processing file /opt/airflow/dags/retailco_dag.py for tasks to queue
[2026-05-31T17:25:13.506+0000] {logging_mixin.py:188} INFO - [2026-05-31T17:25:13.506+0000] {dagbag.py:545} INFO - Filling up the DagBag from /opt/airflow/dags/retailco_dag.py
[2026-05-31T17:25:13.535+0000] {processor.py:840} INFO - DAG(s) 'retailco_master_pipeline' retrieved from /opt/airflow/dags/retailco_dag.py
[2026-05-31T17:25:13.571+0000] {logging_mixin.py:188} INFO - [2026-05-31T17:25:13.571+0000] {dag.py:3096} INFO - Sync 1 DAGs
[2026-05-31T17:25:13.598+0000] {logging_mixin.py:188} INFO - [2026-05-31T17:25:13.597+0000] {dag.py:3954} INFO - Setting next_dagrun for retailco_master_pipeline to 2026-05-31 00:00:00+00:00, run_after=2026-06-01 00:00:00+00:00
[2026-05-31T17:25:13.672+0000] {processor.py:183} INFO - Processing /opt/airflow/dags/retailco_dag.py took 0.175 seconds
[2026-05-31T17:25:43.915+0000] {processor.py:161} INFO - Started process (PID=2311) to work on /opt/airflow/dags/retailco_dag.py
[2026-05-31T17:25:43.916+0000] {processor.py:830} INFO - Processing file /opt/airflow/dags/retailco_dag.py for tasks to queue
[2026-05-31T17:25:43.919+0000] {logging_mixin.py:188} INFO - [2026-05-31T17:25:43.918+0000] {dagbag.py:545} INFO - Filling up the DagBag from /opt/airflow/dags/retailco_dag.py
[2026-05-31T17:25:43.949+0000] {processor.py:840} INFO - DAG(s) 'retailco_master_pipeline' retrieved from /opt/airflow/dags/retailco_dag.py
[2026-05-31T17:25:43.986+0000] {logging_mixin.py:188} INFO - [2026-05-31T17:25:43.985+0000] {dag.py:3096} INFO - Sync 1 DAGs
[2026-05-31T17:25:44.012+0000] {logging_mixin.py:188} INFO - [2026-05-31T17:25:44.012+0000] {dag.py:3954} INFO - Setting next_dagrun for retailco_master_pipeline to 2026-05-31 00:00:00+00:00, run_after=2026-06-01 00:00:00+00:00
[2026-05-31T17:25:44.044+0000] {processor.py:183} INFO - Processing /opt/airflow/dags/retailco_dag.py took 0.137 seconds
[2026-05-31T17:26:14.195+0000] {processor.py:161} INFO - Started process (PID=2316) to work on /opt/airflow/dags/retailco_dag.py
[2026-05-31T17:26:14.197+0000] {processor.py:830} INFO - Processing file /opt/airflow/dags/retailco_dag.py for tasks to queue
[2026-05-31T17:26:14.199+0000] {logging_mixin.py:188} INFO - [2026-05-31T17:26:14.199+0000] {dagbag.py:545} INFO - Filling up the DagBag from /opt/airflow/dags/retailco_dag.py
[2026-05-31T17:26:14.232+0000] {processor.py:840} INFO - DAG(s) 'retailco_master_pipeline' retrieved from /opt/airflow/dags/retailco_dag.py
[2026-05-31T17:26:14.272+0000] {logging_mixin.py:188} INFO - [2026-05-31T17:26:14.272+0000] {dag.py:3096} INFO - Sync 1 DAGs
[2026-05-31T17:26:14.299+0000] {logging_mixin.py:188} INFO - [2026-05-31T17:26:14.299+0000] {dag.py:3954} INFO - Setting next_dagrun for retailco_master_pipeline to 2026-05-31 00:00:00+00:00, run_after=2026-06-01 00:00:00+00:00
[2026-05-31T17:26:14.330+0000] {processor.py:183} INFO - Processing /opt/airflow/dags/retailco_dag.py took 0.142 seconds
[2026-05-31T17:26:44.693+0000] {processor.py:161} INFO - Started process (PID=2321) to work on /opt/airflow/dags/retailco_dag.py
[2026-05-31T17:26:44.695+0000] {processor.py:830} INFO - Processing file /opt/airflow/dags/retailco_dag.py for tasks to queue
[2026-05-31T17:26:44.697+0000] {logging_mixin.py:188} INFO - [2026-05-31T17:26:44.696+0000] {dagbag.py:545} INFO - Filling up the DagBag from /opt/airflow/dags/retailco_dag.py
[2026-05-31T17:26:44.725+0000] {processor.py:840} INFO - DAG(s) 'retailco_master_pipeline' retrieved from /opt/airflow/dags/retailco_dag.py
[2026-05-31T17:26:44.763+0000] {logging_mixin.py:188} INFO - [2026-05-31T17:26:44.762+0000] {dag.py:3096} INFO - Sync 1 DAGs
[2026-05-31T17:26:44.789+0000] {logging_mixin.py:188} INFO - [2026-05-31T17:26:44.788+0000] {dag.py:3954} INFO - Setting next_dagrun for retailco_master_pipeline to 2026-05-31 00:00:00+00:00, run_after=2026-06-01 00:00:00+00:00
[2026-05-31T17:26:44.815+0000] {processor.py:183} INFO - Processing /opt/airflow/dags/retailco_dag.py took 0.128 seconds
[2026-05-31T17:27:15.055+0000] {processor.py:161} INFO - Started process (PID=2326) to work on /opt/airflow/dags/retailco_dag.py
[2026-05-31T17:27:15.056+0000] {processor.py:830} INFO - Processing file /opt/airflow/dags/retailco_dag.py for tasks to queue
[2026-05-31T17:27:15.058+0000] {logging_mixin.py:188} INFO - [2026-05-31T17:27:15.057+0000] {dagbag.py:545} INFO - Filling up the DagBag from /opt/airflow/dags/retailco_dag.py
[2026-05-31T17:27:15.089+0000] {processor.py:840} INFO - DAG(s) 'retailco_master_pipeline' retrieved from /opt/airflow/dags/retailco_dag.py
[2026-05-31T17:27:15.123+0000] {logging_mixin.py:188} INFO - [2026-05-31T17:27:15.123+0000] {dag.py:3096} INFO - Sync 1 DAGs
[2026-05-31T17:27:15.150+0000] {logging_mixin.py:188} INFO - [2026-05-31T17:27:15.150+0000] {dag.py:3954} INFO - Setting next_dagrun for retailco_master_pipeline to 2026-05-31 00:00:00+00:00, run_after=2026-06-01 00:00:00+00:00
[2026-05-31T17:27:15.181+0000] {processor.py:183} INFO - Processing /opt/airflow/dags/retailco_dag.py took 0.134 seconds
[2026-05-31T17:27:45.563+0000] {processor.py:161} INFO - Started process (PID=2331) to work on /opt/airflow/dags/retailco_dag.py
[2026-05-31T17:27:45.564+0000] {processor.py:830} INFO - Processing file /opt/airflow/dags/retailco_dag.py for tasks to queue
[2026-05-31T17:27:45.566+0000] {logging_mixin.py:188} INFO - [2026-05-31T17:27:45.566+0000] {dagbag.py:545} INFO - Filling up the DagBag from /opt/airflow/dags/retailco_dag.py
[2026-05-31T17:27:45.597+0000] {processor.py:840} INFO - DAG(s) 'retailco_master_pipeline' retrieved from /opt/airflow/dags/retailco_dag.py
[2026-05-31T17:27:45.631+0000] {logging_mixin.py:188} INFO - [2026-05-31T17:27:45.630+0000] {dag.py:3096} INFO - Sync 1 DAGs
[2026-05-31T17:27:45.655+0000] {logging_mixin.py:188} INFO - [2026-05-31T17:27:45.655+0000] {dag.py:3954} INFO - Setting next_dagrun for retailco_master_pipeline to 2026-05-31 00:00:00+00:00, run_after=2026-06-01 00:00:00+00:00
[2026-05-31T17:27:45.683+0000] {processor.py:183} INFO - Processing /opt/airflow/dags/retailco_dag.py took 0.125 seconds
[2026-05-31T17:28:15.901+0000] {processor.py:161} INFO - Started process (PID=2336) to work on /opt/airflow/dags/retailco_dag.py
[2026-05-31T17:28:15.902+0000] {processor.py:830} INFO - Processing file /opt/airflow/dags/retailco_dag.py for tasks to queue
[2026-05-31T17:28:15.905+0000] {logging_mixin.py:188} INFO - [2026-05-31T17:28:15.904+0000] {dagbag.py:545} INFO - Filling up the DagBag from /opt/airflow/dags/retailco_dag.py
[2026-05-31T17:28:15.933+0000] {processor.py:840} INFO - DAG(s) 'retailco_master_pipeline' retrieved from /opt/airflow/dags/retailco_dag.py
[2026-05-31T17:28:15.968+0000] {logging_mixin.py:188} INFO - [2026-05-31T17:28:15.968+0000] {dag.py:3096} INFO - Sync 1 DAGs
[2026-05-31T17:28:15.992+0000] {logging_mixin.py:188} INFO - [2026-05-31T17:28:15.992+0000] {dag.py:3954} INFO - Setting next_dagrun for retailco_master_pipeline to 2026-05-31 00:00:00+00:00, run_after=2026-06-01 00:00:00+00:00
[2026-05-31T17:28:16.035+0000] {processor.py:183} INFO - Processing /opt/airflow/dags/retailco_dag.py took 0.142 seconds
[2026-05-31T17:28:46.290+0000] {processor.py:161} INFO - Started process (PID=2341) to work on /opt/airflow/dags/retailco_dag.py
[2026-05-31T17:28:46.291+0000] {processor.py:830} INFO - Processing file /opt/airflow/dags/retailco_dag.py for tasks to queue
[2026-05-31T17:28:46.293+0000] {logging_mixin.py:188} INFO - [2026-05-31T17:28:46.293+0000] {dagbag.py:545} INFO - Filling up the DagBag from /opt/airflow/dags/retailco_dag.py
[2026-05-31T17:28:46.321+0000] {processor.py:840} INFO - DAG(s) 'retailco_master_pipeline' retrieved from /opt/airflow/dags/retailco_dag.py
[2026-05-31T17:28:46.353+0000] {logging_mixin.py:188} INFO - [2026-05-31T17:28:46.353+0000] {dag.py:3096} INFO - Sync 1 DAGs
[2026-05-31T17:28:46.378+0000] {logging_mixin.py:188} INFO - [2026-05-31T17:28:46.378+0000] {dag.py:3954} INFO - Setting next_dagrun for retailco_master_pipeline to 2026-05-31 00:00:00+00:00, run_after=2026-06-01 00:00:00+00:00
[2026-05-31T17:28:46.403+0000] {processor.py:183} INFO - Processing /opt/airflow/dags/retailco_dag.py took 0.119 seconds
[2026-05-31T17:29:16.671+0000] {processor.py:161} INFO - Started process (PID=2346) to work on /opt/airflow/dags/retailco_dag.py
[2026-05-31T17:29:16.672+0000] {processor.py:830} INFO - Processing file /opt/airflow/dags/retailco_dag.py for tasks to queue
[2026-05-31T17:29:16.676+0000] {logging_mixin.py:188} INFO - [2026-05-31T17:29:16.676+0000] {dagbag.py:545} INFO - Filling up the DagBag from /opt/airflow/dags/retailco_dag.py
[2026-05-31T17:29:16.720+0000] {processor.py:840} INFO - DAG(s) 'retailco_master_pipeline' retrieved from /opt/airflow/dags/retailco_dag.py
[2026-05-31T17:29:16.762+0000] {logging_mixin.py:188} INFO - [2026-05-31T17:29:16.762+0000] {dag.py:3096} INFO - Sync 1 DAGs
[2026-05-31T17:29:16.795+0000] {logging_mixin.py:188} INFO - [2026-05-31T17:29:16.794+0000] {dag.py:3954} INFO - Setting next_dagrun for retailco_master_pipeline to 2026-05-31 00:00:00+00:00, run_after=2026-06-01 00:00:00+00:00
[2026-05-31T17:29:16.827+0000] {processor.py:183} INFO - Processing /opt/airflow/dags/retailco_dag.py took 0.164 seconds
[2026-05-31T17:29:47.112+0000] {processor.py:161} INFO - Started process (PID=2351) to work on /opt/airflow/dags/retailco_dag.py
[2026-05-31T17:29:47.114+0000] {processor.py:830} INFO - Processing file /opt/airflow/dags/retailco_dag.py for tasks to queue
[2026-05-31T17:29:47.116+0000] {logging_mixin.py:188} INFO - [2026-05-31T17:29:47.116+0000] {dagbag.py:545} INFO - Filling up the DagBag from /opt/airflow/dags/retailco_dag.py
[2026-05-31T17:29:47.150+0000] {processor.py:840} INFO - DAG(s) 'retailco_master_pipeline' retrieved from /opt/airflow/dags/retailco_dag.py
[2026-05-31T17:29:47.188+0000] {logging_mixin.py:188} INFO - [2026-05-31T17:29:47.187+0000] {dag.py:3096} INFO - Sync 1 DAGs
[2026-05-31T17:29:47.213+0000] {logging_mixin.py:188} INFO - [2026-05-31T17:29:47.213+0000] {dag.py:3954} INFO - Setting next_dagrun for retailco_master_pipeline to 2026-05-31 00:00:00+00:00, run_after=2026-06-01 00:00:00+00:00
[2026-05-31T17:29:47.243+0000] {processor.py:183} INFO - Processing /opt/airflow/dags/retailco_dag.py took 0.137 seconds
[2026-05-31T17:30:17.529+0000] {processor.py:161} INFO - Started process (PID=2356) to work on /opt/airflow/dags/retailco_dag.py
[2026-05-31T17:30:17.532+0000] {processor.py:830} INFO - Processing file /opt/airflow/dags/retailco_dag.py for tasks to queue
[2026-05-31T17:30:17.537+0000] {logging_mixin.py:188} INFO - [2026-05-31T17:30:17.537+0000] {dagbag.py:545} INFO - Filling up the DagBag from /opt/airflow/dags/retailco_dag.py
[2026-05-31T17:30:17.682+0000] {processor.py:840} INFO - DAG(s) 'retailco_master_pipeline' retrieved from /opt/airflow/dags/retailco_dag.py
[2026-05-31T17:30:17.867+0000] {logging_mixin.py:188} INFO - [2026-05-31T17:30:17.865+0000] {dag.py:3096} INFO - Sync 1 DAGs
[2026-05-31T17:30:17.920+0000] {logging_mixin.py:188} INFO - [2026-05-31T17:30:17.919+0000] {dag.py:3954} INFO - Setting next_dagrun for retailco_master_pipeline to 2026-05-31 00:00:00+00:00, run_after=2026-06-01 00:00:00+00:00
[2026-05-31T17:30:17.955+0000] {processor.py:183} INFO - Processing /opt/airflow/dags/retailco_dag.py took 0.536 seconds
[2026-05-31T17:30:48.031+0000] {processor.py:161} INFO - Started process (PID=2361) to work on /opt/airflow/dags/retailco_dag.py
[2026-05-31T17:30:48.033+0000] {processor.py:830} INFO - Processing file /opt/airflow/dags/retailco_dag.py for tasks to queue
[2026-05-31T17:30:48.035+0000] {logging_mixin.py:188} INFO - [2026-05-31T17:30:48.035+0000] {dagbag.py:545} INFO - Filling up the DagBag from /opt/airflow/dags/retailco_dag.py
[2026-05-31T17:30:48.070+0000] {processor.py:840} INFO - DAG(s) 'retailco_master_pipeline' retrieved from /opt/airflow/dags/retailco_dag.py
[2026-05-31T17:30:48.108+0000] {logging_mixin.py:188} INFO - [2026-05-31T17:30:48.108+0000] {dag.py:3096} INFO - Sync 1 DAGs
[2026-05-31T17:30:48.132+0000] {logging_mixin.py:188} INFO - [2026-05-31T17:30:48.131+0000] {dag.py:3954} INFO - Setting next_dagrun for retailco_master_pipeline to 2026-05-31 00:00:00+00:00, run_after=2026-06-01 00:00:00+00:00
[2026-05-31T17:30:48.161+0000] {processor.py:183} INFO - Processing /opt/airflow/dags/retailco_dag.py took 0.136 seconds
[2026-05-31T17:31:18.384+0000] {processor.py:161} INFO - Started process (PID=2366) to work on /opt/airflow/dags/retailco_dag.py
[2026-05-31T17:31:18.385+0000] {processor.py:830} INFO - Processing file /opt/airflow/dags/retailco_dag.py for tasks to queue
[2026-05-31T17:31:18.388+0000] {logging_mixin.py:188} INFO - [2026-05-31T17:31:18.388+0000] {dagbag.py:545} INFO - Filling up the DagBag from /opt/airflow/dags/retailco_dag.py
[2026-05-31T17:31:18.463+0000] {processor.py:840} INFO - DAG(s) 'retailco_master_pipeline' retrieved from /opt/airflow/dags/retailco_dag.py
[2026-05-31T17:31:18.514+0000] {logging_mixin.py:188} INFO - [2026-05-31T17:31:18.514+0000] {dag.py:3096} INFO - Sync 1 DAGs
[2026-05-31T17:31:18.547+0000] {logging_mixin.py:188} INFO - [2026-05-31T17:31:18.547+0000] {dag.py:3954} INFO - Setting next_dagrun for retailco_master_pipeline to 2026-05-31 00:00:00+00:00, run_after=2026-06-01 00:00:00+00:00
[2026-05-31T17:31:18.582+0000] {processor.py:183} INFO - Processing /opt/airflow/dags/retailco_dag.py took 0.205 seconds
[2026-05-31T17:31:48.919+0000] {processor.py:161} INFO - Started process (PID=2371) to work on /opt/airflow/dags/retailco_dag.py
[2026-05-31T17:31:48.921+0000] {processor.py:830} INFO - Processing file /opt/airflow/dags/retailco_dag.py for tasks to queue
[2026-05-31T17:31:48.925+0000] {logging_mixin.py:188} INFO - [2026-05-31T17:31:48.924+0000] {dagbag.py:545} INFO - Filling up the DagBag from /opt/airflow/dags/retailco_dag.py
[2026-05-31T17:31:48.953+0000] {processor.py:840} INFO - DAG(s) 'retailco_master_pipeline' retrieved from /opt/airflow/dags/retailco_dag.py
[2026-05-31T17:31:48.990+0000] {logging_mixin.py:188} INFO - [2026-05-31T17:31:48.990+0000] {dag.py:3096} INFO - Sync 1 DAGs
[2026-05-31T17:31:49.016+0000] {logging_mixin.py:188} INFO - [2026-05-31T17:31:49.016+0000] {dag.py:3954} INFO - Setting next_dagrun for retailco_master_pipeline to 2026-05-31 00:00:00+00:00, run_after=2026-06-01 00:00:00+00:00
[2026-05-31T17:31:49.041+0000] {processor.py:183} INFO - Processing /opt/airflow/dags/retailco_dag.py took 0.131 seconds
[2026-05-31T17:32:19.263+0000] {processor.py:161} INFO - Started process (PID=2376) to work on /opt/airflow/dags/retailco_dag.py
[2026-05-31T17:32:19.265+0000] {processor.py:830} INFO - Processing file /opt/airflow/dags/retailco_dag.py for tasks to queue
[2026-05-31T17:32:19.267+0000] {logging_mixin.py:188} INFO - [2026-05-31T17:32:19.267+0000] {dagbag.py:545} INFO - Filling up the DagBag from /opt/airflow/dags/retailco_dag.py
[2026-05-31T17:32:19.298+0000] {processor.py:840} INFO - DAG(s) 'retailco_master_pipeline' retrieved from /opt/airflow/dags/retailco_dag.py
[2026-05-31T17:32:19.333+0000] {logging_mixin.py:188} INFO - [2026-05-31T17:32:19.332+0000] {dag.py:3096} INFO - Sync 1 DAGs
[2026-05-31T17:32:19.357+0000] {logging_mixin.py:188} INFO - [2026-05-31T17:32:19.356+0000] {dag.py:3954} INFO - Setting next_dagrun for retailco_master_pipeline to 2026-05-31 00:00:00+00:00, run_after=2026-06-01 00:00:00+00:00
[2026-05-31T17:32:19.384+0000] {processor.py:183} INFO - Processing /opt/airflow/dags/retailco_dag.py took 0.128 seconds
[2026-05-31T17:32:49.661+0000] {processor.py:161} INFO - Started process (PID=2381) to work on /opt/airflow/dags/retailco_dag.py
[2026-05-31T17:32:49.662+0000] {processor.py:830} INFO - Processing file /opt/airflow/dags/retailco_dag.py for tasks to queue
[2026-05-31T17:32:49.665+0000] {logging_mixin.py:188} INFO - [2026-05-31T17:32:49.664+0000] {dagbag.py:545} INFO - Filling up the DagBag from /opt/airflow/dags/retailco_dag.py
[2026-05-31T17:32:49.700+0000] {processor.py:840} INFO - DAG(s) 'retailco_master_pipeline' retrieved from /opt/airflow/dags/retailco_dag.py
[2026-05-31T17:32:49.744+0000] {logging_mixin.py:188} INFO - [2026-05-31T17:32:49.744+0000] {dag.py:3096} INFO - Sync 1 DAGs
[2026-05-31T17:32:49.775+0000] {logging_mixin.py:188} INFO - [2026-05-31T17:32:49.775+0000] {dag.py:3954} INFO - Setting next_dagrun for retailco_master_pipeline to 2026-05-31 00:00:00+00:00, run_after=2026-06-01 00:00:00+00:00
[2026-05-31T17:32:49.803+0000] {processor.py:183} INFO - Processing /opt/airflow/dags/retailco_dag.py took 0.149 seconds
[2026-05-31T17:33:20.038+0000] {processor.py:161} INFO - Started process (PID=2386) to work on /opt/airflow/dags/retailco_dag.py
[2026-05-31T17:33:20.039+0000] {processor.py:830} INFO - Processing file /opt/airflow/dags/retailco_dag.py for tasks to queue
[2026-05-31T17:33:20.042+0000] {logging_mixin.py:188} INFO - [2026-05-31T17:33:20.042+0000] {dagbag.py:545} INFO - Filling up the DagBag from /opt/airflow/dags/retailco_dag.py
[2026-05-31T17:33:20.076+0000] {processor.py:840} INFO - DAG(s) 'retailco_master_pipeline' retrieved from /opt/airflow/dags/retailco_dag.py
[2026-05-31T17:33:20.112+0000] {logging_mixin.py:188} INFO - [2026-05-31T17:33:20.112+0000] {dag.py:3096} INFO - Sync 1 DAGs
[2026-05-31T17:33:20.141+0000] {logging_mixin.py:188} INFO - [2026-05-31T17:33:20.141+0000] {dag.py:3954} INFO - Setting next_dagrun for retailco_master_pipeline to 2026-05-31 00:00:00+00:00, run_after=2026-06-01 00:00:00+00:00
[2026-05-31T17:33:20.166+0000] {processor.py:183} INFO - Processing /opt/airflow/dags/retailco_dag.py took 0.136 seconds
[2026-05-31T17:33:50.540+0000] {processor.py:161} INFO - Started process (PID=2391) to work on /opt/airflow/dags/retailco_dag.py
[2026-05-31T17:33:50.542+0000] {processor.py:830} INFO - Processing file /opt/airflow/dags/retailco_dag.py for tasks to queue
[2026-05-31T17:33:50.545+0000] {logging_mixin.py:188} INFO - [2026-05-31T17:33:50.545+0000] {dagbag.py:545} INFO - Filling up the DagBag from /opt/airflow/dags/retailco_dag.py
[2026-05-31T17:33:50.581+0000] {processor.py:840} INFO - DAG(s) 'retailco_master_pipeline' retrieved from /opt/airflow/dags/retailco_dag.py
[2026-05-31T17:33:50.617+0000] {logging_mixin.py:188} INFO - [2026-05-31T17:33:50.617+0000] {dag.py:3096} INFO - Sync 1 DAGs
[2026-05-31T17:33:50.644+0000] {logging_mixin.py:188} INFO - [2026-05-31T17:33:50.643+0000] {dag.py:3954} INFO - Setting next_dagrun for retailco_master_pipeline to 2026-05-31 00:00:00+00:00, run_after=2026-06-01 00:00:00+00:00
[2026-05-31T17:33:50.674+0000] {processor.py:183} INFO - Processing /opt/airflow/dags/retailco_dag.py took 0.141 seconds
[2026-05-31T17:34:20.891+0000] {processor.py:161} INFO - Started process (PID=2396) to work on /opt/airflow/dags/retailco_dag.py
[2026-05-31T17:34:20.892+0000] {processor.py:830} INFO - Processing file /opt/airflow/dags/retailco_dag.py for tasks to queue
[2026-05-31T17:34:20.894+0000] {logging_mixin.py:188} INFO - [2026-05-31T17:34:20.894+0000] {dagbag.py:545} INFO - Filling up the DagBag from /opt/airflow/dags/retailco_dag.py
[2026-05-31T17:34:20.926+0000] {processor.py:840} INFO - DAG(s) 'retailco_master_pipeline' retrieved from /opt/airflow/dags/retailco_dag.py
[2026-05-31T17:34:20.963+0000] {logging_mixin.py:188} INFO - [2026-05-31T17:34:20.963+0000] {dag.py:3096} INFO - Sync 1 DAGs
[2026-05-31T17:34:20.991+0000] {logging_mixin.py:188} INFO - [2026-05-31T17:34:20.991+0000] {dag.py:3954} INFO - Setting next_dagrun for retailco_master_pipeline to 2026-05-31 00:00:00+00:00, run_after=2026-06-01 00:00:00+00:00
[2026-05-31T17:34:21.020+0000] {processor.py:183} INFO - Processing /opt/airflow/dags/retailco_dag.py took 0.136 seconds
[2026-05-31T17:34:51.287+0000] {processor.py:161} INFO - Started process (PID=2401) to work on /opt/airflow/dags/retailco_dag.py
[2026-05-31T17:34:51.288+0000] {processor.py:830} INFO - Processing file /opt/airflow/dags/retailco_dag.py for tasks to queue
[2026-05-31T17:34:51.290+0000] {logging_mixin.py:188} INFO - [2026-05-31T17:34:51.290+0000] {dagbag.py:545} INFO - Filling up the DagBag from /opt/airflow/dags/retailco_dag.py
[2026-05-31T17:34:51.318+0000] {processor.py:840} INFO - DAG(s) 'retailco_master_pipeline' retrieved from /opt/airflow/dags/retailco_dag.py
[2026-05-31T17:34:51.353+0000] {logging_mixin.py:188} INFO - [2026-05-31T17:34:51.353+0000] {dag.py:3096} INFO - Sync 1 DAGs
[2026-05-31T17:34:51.380+0000] {logging_mixin.py:188} INFO - [2026-05-31T17:34:51.380+0000] {dag.py:3954} INFO - Setting next_dagrun for retailco_master_pipeline to 2026-05-31 00:00:00+00:00, run_after=2026-06-01 00:00:00+00:00
[2026-05-31T17:34:51.410+0000] {processor.py:183} INFO - Processing /opt/airflow/dags/retailco_dag.py took 0.130 seconds
[2026-05-31T17:35:21.764+0000] {processor.py:161} INFO - Started process (PID=2406) to work on /opt/airflow/dags/retailco_dag.py
[2026-05-31T17:35:21.765+0000] {processor.py:830} INFO - Processing file /opt/airflow/dags/retailco_dag.py for tasks to queue
[2026-05-31T17:35:21.768+0000] {logging_mixin.py:188} INFO - [2026-05-31T17:35:21.767+0000] {dagbag.py:545} INFO - Filling up the DagBag from /opt/airflow/dags/retailco_dag.py
[2026-05-31T17:35:21.798+0000] {processor.py:840} INFO - DAG(s) 'retailco_master_pipeline' retrieved from /opt/airflow/dags/retailco_dag.py
[2026-05-31T17:35:21.834+0000] {logging_mixin.py:188} INFO - [2026-05-31T17:35:21.834+0000] {dag.py:3096} INFO - Sync 1 DAGs
[2026-05-31T17:35:21.859+0000] {logging_mixin.py:188} INFO - [2026-05-31T17:35:21.859+0000] {dag.py:3954} INFO - Setting next_dagrun for retailco_master_pipeline to 2026-05-31 00:00:00+00:00, run_after=2026-06-01 00:00:00+00:00
[2026-05-31T17:35:21.888+0000] {processor.py:183} INFO - Processing /opt/airflow/dags/retailco_dag.py took 0.130 seconds
[2026-05-31T17:35:52.150+0000] {processor.py:161} INFO - Started process (PID=2411) to work on /opt/airflow/dags/retailco_dag.py
[2026-05-31T17:35:52.152+0000] {processor.py:830} INFO - Processing file /opt/airflow/dags/retailco_dag.py for tasks to queue
[2026-05-31T17:35:52.154+0000] {logging_mixin.py:188} INFO - [2026-05-31T17:35:52.153+0000] {dagbag.py:545} INFO - Filling up the DagBag from /opt/airflow/dags/retailco_dag.py
[2026-05-31T17:35:52.182+0000] {processor.py:840} INFO - DAG(s) 'retailco_master_pipeline' retrieved from /opt/airflow/dags/retailco_dag.py
[2026-05-31T17:35:52.217+0000] {logging_mixin.py:188} INFO - [2026-05-31T17:35:52.216+0000] {dag.py:3096} INFO - Sync 1 DAGs
[2026-05-31T17:35:52.239+0000] {logging_mixin.py:188} INFO - [2026-05-31T17:35:52.239+0000] {dag.py:3954} INFO - Setting next_dagrun for retailco_master_pipeline to 2026-05-31 00:00:00+00:00, run_after=2026-06-01 00:00:00+00:00
[2026-05-31T17:35:52.269+0000] {processor.py:183} INFO - Processing /opt/airflow/dags/retailco_dag.py took 0.127 seconds
[2026-05-31T17:36:22.558+0000] {processor.py:161} INFO - Started process (PID=2416) to work on /opt/airflow/dags/retailco_dag.py
[2026-05-31T17:36:22.559+0000] {processor.py:830} INFO - Processing file /opt/airflow/dags/retailco_dag.py for tasks to queue
[2026-05-31T17:36:22.561+0000] {logging_mixin.py:188} INFO - [2026-05-31T17:36:22.561+0000] {dagbag.py:545} INFO - Filling up the DagBag from /opt/airflow/dags/retailco_dag.py
[2026-05-31T17:36:22.593+0000] {processor.py:840} INFO - DAG(s) 'retailco_master_pipeline' retrieved from /opt/airflow/dags/retailco_dag.py
[2026-05-31T17:36:22.630+0000] {logging_mixin.py:188} INFO - [2026-05-31T17:36:22.630+0000] {dag.py:3096} INFO - Sync 1 DAGs
[2026-05-31T17:36:22.659+0000] {logging_mixin.py:188} INFO - [2026-05-31T17:36:22.659+0000] {dag.py:3954} INFO - Setting next_dagrun for retailco_master_pipeline to 2026-05-31 00:00:00+00:00, run_after=2026-06-01 00:00:00+00:00
[2026-05-31T17:36:22.684+0000] {processor.py:183} INFO - Processing /opt/airflow/dags/retailco_dag.py took 0.133 seconds
[2026-05-31T17:36:52.931+0000] {processor.py:161} INFO - Started process (PID=2421) to work on /opt/airflow/dags/retailco_dag.py
[2026-05-31T17:36:52.933+0000] {processor.py:830} INFO - Processing file /opt/airflow/dags/retailco_dag.py for tasks to queue
[2026-05-31T17:36:52.935+0000] {logging_mixin.py:188} INFO - [2026-05-31T17:36:52.934+0000] {dagbag.py:545} INFO - Filling up the DagBag from /opt/airflow/dags/retailco_dag.py
[2026-05-31T17:36:52.966+0000] {processor.py:840} INFO - DAG(s) 'retailco_master_pipeline' retrieved from /opt/airflow/dags/retailco_dag.py
[2026-05-31T17:36:53.001+0000] {logging_mixin.py:188} INFO - [2026-05-31T17:36:53.001+0000] {dag.py:3096} INFO - Sync 1 DAGs
[2026-05-31T17:36:53.026+0000] {logging_mixin.py:188} INFO - [2026-05-31T17:36:53.026+0000] {dag.py:3954} INFO - Setting next_dagrun for retailco_master_pipeline to 2026-05-31 00:00:00+00:00, run_after=2026-06-01 00:00:00+00:00
[2026-05-31T17:36:53.055+0000] {processor.py:183} INFO - Processing /opt/airflow/dags/retailco_dag.py took 0.131 seconds
[2026-05-31T17:37:23.391+0000] {processor.py:161} INFO - Started process (PID=2426) to work on /opt/airflow/dags/retailco_dag.py
[2026-05-31T17:37:23.393+0000] {processor.py:830} INFO - Processing file /opt/airflow/dags/retailco_dag.py for tasks to queue
[2026-05-31T17:37:23.395+0000] {logging_mixin.py:188} INFO - [2026-05-31T17:37:23.394+0000] {dagbag.py:545} INFO - Filling up the DagBag from /opt/airflow/dags/retailco_dag.py
[2026-05-31T17:37:23.425+0000] {processor.py:840} INFO - DAG(s) 'retailco_master_pipeline' retrieved from /opt/airflow/dags/retailco_dag.py
[2026-05-31T17:37:23.458+0000] {logging_mixin.py:188} INFO - [2026-05-31T17:37:23.458+0000] {dag.py:3096} INFO - Sync 1 DAGs
[2026-05-31T17:37:23.485+0000] {logging_mixin.py:188} INFO - [2026-05-31T17:37:23.485+0000] {dag.py:3954} INFO - Setting next_dagrun for retailco_master_pipeline to 2026-05-31 00:00:00+00:00, run_after=2026-06-01 00:00:00+00:00
[2026-05-31T17:37:23.515+0000] {processor.py:183} INFO - Processing /opt/airflow/dags/retailco_dag.py took 0.130 seconds
[2026-05-31T17:37:53.755+0000] {processor.py:161} INFO - Started process (PID=2431) to work on /opt/airflow/dags/retailco_dag.py
[2026-05-31T17:37:53.756+0000] {processor.py:830} INFO - Processing file /opt/airflow/dags/retailco_dag.py for tasks to queue
[2026-05-31T17:37:53.758+0000] {logging_mixin.py:188} INFO - [2026-05-31T17:37:53.758+0000] {dagbag.py:545} INFO - Filling up the DagBag from /opt/airflow/dags/retailco_dag.py
[2026-05-31T17:37:53.788+0000] {processor.py:840} INFO - DAG(s) 'retailco_master_pipeline' retrieved from /opt/airflow/dags/retailco_dag.py
[2026-05-31T17:37:53.827+0000] {logging_mixin.py:188} INFO - [2026-05-31T17:37:53.827+0000] {dag.py:3096} INFO - Sync 1 DAGs
[2026-05-31T17:37:53.854+0000] {logging_mixin.py:188} INFO - [2026-05-31T17:37:53.854+0000] {dag.py:3954} INFO - Setting next_dagrun for retailco_master_pipeline to 2026-05-31 00:00:00+00:00, run_after=2026-06-01 00:00:00+00:00
[2026-05-31T17:37:53.885+0000] {processor.py:183} INFO - Processing /opt/airflow/dags/retailco_dag.py took 0.137 seconds
[2026-05-31T17:38:24.135+0000] {processor.py:161} INFO - Started process (PID=2436) to work on /opt/airflow/dags/retailco_dag.py
[2026-05-31T17:38:24.137+0000] {processor.py:830} INFO - Processing file /opt/airflow/dags/retailco_dag.py for tasks to queue
[2026-05-31T17:38:24.139+0000] {logging_mixin.py:188} INFO - [2026-05-31T17:38:24.138+0000] {dagbag.py:545} INFO - Filling up the DagBag from /opt/airflow/dags/retailco_dag.py
[2026-05-31T17:38:24.168+0000] {processor.py:840} INFO - DAG(s) 'retailco_master_pipeline' retrieved from /opt/airflow/dags/retailco_dag.py
[2026-05-31T17:38:24.203+0000] {logging_mixin.py:188} INFO - [2026-05-31T17:38:24.203+0000] {dag.py:3096} INFO - Sync 1 DAGs
[2026-05-31T17:38:24.228+0000] {logging_mixin.py:188} INFO - [2026-05-31T17:38:24.228+0000] {dag.py:3954} INFO - Setting next_dagrun for retailco_master_pipeline to 2026-05-31 00:00:00+00:00, run_after=2026-06-01 00:00:00+00:00
[2026-05-31T17:38:24.255+0000] {processor.py:183} INFO - Processing /opt/airflow/dags/retailco_dag.py took 0.127 seconds
[2026-05-31T17:38:54.515+0000] {processor.py:161} INFO - Started process (PID=2441) to work on /opt/airflow/dags/retailco_dag.py
[2026-05-31T17:38:54.516+0000] {processor.py:830} INFO - Processing file /opt/airflow/dags/retailco_dag.py for tasks to queue
[2026-05-31T17:38:54.518+0000] {logging_mixin.py:188} INFO - [2026-05-31T17:38:54.518+0000] {dagbag.py:545} INFO - Filling up the DagBag from /opt/airflow/dags/retailco_dag.py
[2026-05-31T17:38:54.551+0000] {processor.py:840} INFO - DAG(s) 'retailco_master_pipeline' retrieved from /opt/airflow/dags/retailco_dag.py
[2026-05-31T17:38:54.584+0000] {logging_mixin.py:188} INFO - [2026-05-31T17:38:54.584+0000] {dag.py:3096} INFO - Sync 1 DAGs
[2026-05-31T17:38:54.608+0000] {logging_mixin.py:188} INFO - [2026-05-31T17:38:54.608+0000] {dag.py:3954} INFO - Setting next_dagrun for retailco_master_pipeline to 2026-05-31 00:00:00+00:00, run_after=2026-06-01 00:00:00+00:00
[2026-05-31T17:38:54.638+0000] {processor.py:183} INFO - Processing /opt/airflow/dags/retailco_dag.py took 0.130 seconds
[2026-05-31T17:39:24.979+0000] {processor.py:161} INFO - Started process (PID=2446) to work on /opt/airflow/dags/retailco_dag.py
[2026-05-31T17:39:24.981+0000] {processor.py:830} INFO - Processing file /opt/airflow/dags/retailco_dag.py for tasks to queue
[2026-05-31T17:39:24.983+0000] {logging_mixin.py:188} INFO - [2026-05-31T17:39:24.983+0000] {dagbag.py:545} INFO - Filling up the DagBag from /opt/airflow/dags/retailco_dag.py
[2026-05-31T17:39:25.010+0000] {processor.py:840} INFO - DAG(s) 'retailco_master_pipeline' retrieved from /opt/airflow/dags/retailco_dag.py
[2026-05-31T17:39:25.043+0000] {logging_mixin.py:188} INFO - [2026-05-31T17:39:25.042+0000] {dag.py:3096} INFO - Sync 1 DAGs
[2026-05-31T17:39:25.066+0000] {logging_mixin.py:188} INFO - [2026-05-31T17:39:25.066+0000] {dag.py:3954} INFO - Setting next_dagrun for retailco_master_pipeline to 2026-05-31 00:00:00+00:00, run_after=2026-06-01 00:00:00+00:00
[2026-05-31T17:39:25.095+0000] {processor.py:183} INFO - Processing /opt/airflow/dags/retailco_dag.py took 0.123 seconds
[2026-05-31T17:39:55.549+0000] {processor.py:161} INFO - Started process (PID=2451) to work on /opt/airflow/dags/retailco_dag.py
[2026-05-31T17:39:55.550+0000] {processor.py:830} INFO - Processing file /opt/airflow/dags/retailco_dag.py for tasks to queue
[2026-05-31T17:39:55.552+0000] {logging_mixin.py:188} INFO - [2026-05-31T17:39:55.552+0000] {dagbag.py:545} INFO - Filling up the DagBag from /opt/airflow/dags/retailco_dag.py
[2026-05-31T17:39:55.585+0000] {processor.py:840} INFO - DAG(s) 'retailco_master_pipeline' retrieved from /opt/airflow/dags/retailco_dag.py
[2026-05-31T17:39:55.624+0000] {logging_mixin.py:188} INFO - [2026-05-31T17:39:55.623+0000] {dag.py:3096} INFO - Sync 1 DAGs
[2026-05-31T17:39:55.646+0000] {logging_mixin.py:188} INFO - [2026-05-31T17:39:55.646+0000] {dag.py:3954} INFO - Setting next_dagrun for retailco_master_pipeline to 2026-05-31 00:00:00+00:00, run_after=2026-06-01 00:00:00+00:00
[2026-05-31T17:39:55.678+0000] {processor.py:183} INFO - Processing /opt/airflow/dags/retailco_dag.py took 0.136 seconds
[2026-05-31T17:40:26.048+0000] {processor.py:161} INFO - Started process (PID=2456) to work on /opt/airflow/dags/retailco_dag.py
[2026-05-31T17:40:26.049+0000] {processor.py:830} INFO - Processing file /opt/airflow/dags/retailco_dag.py for tasks to queue
[2026-05-31T17:40:26.052+0000] {logging_mixin.py:188} INFO - [2026-05-31T17:40:26.052+0000] {dagbag.py:545} INFO - Filling up the DagBag from /opt/airflow/dags/retailco_dag.py
[2026-05-31T17:40:26.083+0000] {processor.py:840} INFO - DAG(s) 'retailco_master_pipeline' retrieved from /opt/airflow/dags/retailco_dag.py
[2026-05-31T17:40:26.118+0000] {logging_mixin.py:188} INFO - [2026-05-31T17:40:26.117+0000] {dag.py:3096} INFO - Sync 1 DAGs
[2026-05-31T17:40:26.142+0000] {logging_mixin.py:188} INFO - [2026-05-31T17:40:26.142+0000] {dag.py:3954} INFO - Setting next_dagrun for retailco_master_pipeline to 2026-05-31 00:00:00+00:00, run_after=2026-06-01 00:00:00+00:00
[2026-05-31T17:40:26.170+0000] {processor.py:183} INFO - Processing /opt/airflow/dags/retailco_dag.py took 0.130 seconds
[2026-05-31T17:40:56.574+0000] {processor.py:161} INFO - Started process (PID=2461) to work on /opt/airflow/dags/retailco_dag.py
[2026-05-31T17:40:56.576+0000] {processor.py:830} INFO - Processing file /opt/airflow/dags/retailco_dag.py for tasks to queue
[2026-05-31T17:40:56.578+0000] {logging_mixin.py:188} INFO - [2026-05-31T17:40:56.578+0000] {dagbag.py:545} INFO - Filling up the DagBag from /opt/airflow/dags/retailco_dag.py
[2026-05-31T17:40:56.610+0000] {processor.py:840} INFO - DAG(s) 'retailco_master_pipeline' retrieved from /opt/airflow/dags/retailco_dag.py
[2026-05-31T17:40:56.643+0000] {logging_mixin.py:188} INFO - [2026-05-31T17:40:56.643+0000] {dag.py:3096} INFO - Sync 1 DAGs
[2026-05-31T17:40:56.669+0000] {logging_mixin.py:188} INFO - [2026-05-31T17:40:56.669+0000] {dag.py:3954} INFO - Setting next_dagrun for retailco_master_pipeline to 2026-05-31 00:00:00+00:00, run_after=2026-06-01 00:00:00+00:00
[2026-05-31T17:40:56.698+0000] {processor.py:183} INFO - Processing /opt/airflow/dags/retailco_dag.py took 0.130 seconds
[2026-05-31T17:41:27.181+0000] {processor.py:161} INFO - Started process (PID=2466) to work on /opt/airflow/dags/retailco_dag.py
[2026-05-31T17:41:27.183+0000] {processor.py:830} INFO - Processing file /opt/airflow/dags/retailco_dag.py for tasks to queue
[2026-05-31T17:41:27.185+0000] {logging_mixin.py:188} INFO - [2026-05-31T17:41:27.185+0000] {dagbag.py:545} INFO - Filling up the DagBag from /opt/airflow/dags/retailco_dag.py
[2026-05-31T17:41:27.213+0000] {processor.py:840} INFO - DAG(s) 'retailco_master_pipeline' retrieved from /opt/airflow/dags/retailco_dag.py
[2026-05-31T17:41:27.247+0000] {logging_mixin.py:188} INFO - [2026-05-31T17:41:27.246+0000] {dag.py:3096} INFO - Sync 1 DAGs
[2026-05-31T17:41:27.272+0000] {logging_mixin.py:188} INFO - [2026-05-31T17:41:27.272+0000] {dag.py:3954} INFO - Setting next_dagrun for retailco_master_pipeline to 2026-05-31 00:00:00+00:00, run_after=2026-06-01 00:00:00+00:00
[2026-05-31T17:41:27.301+0000] {processor.py:183} INFO - Processing /opt/airflow/dags/retailco_dag.py took 0.125 seconds
[2026-05-31T17:41:57.630+0000] {processor.py:161} INFO - Started process (PID=2471) to work on /opt/airflow/dags/retailco_dag.py
[2026-05-31T17:41:57.632+0000] {processor.py:830} INFO - Processing file /opt/airflow/dags/retailco_dag.py for tasks to queue
[2026-05-31T17:41:57.635+0000] {logging_mixin.py:188} INFO - [2026-05-31T17:41:57.635+0000] {dagbag.py:545} INFO - Filling up the DagBag from /opt/airflow/dags/retailco_dag.py
[2026-05-31T17:41:57.671+0000] {processor.py:840} INFO - DAG(s) 'retailco_master_pipeline' retrieved from /opt/airflow/dags/retailco_dag.py
[2026-05-31T17:41:57.707+0000] {logging_mixin.py:188} INFO - [2026-05-31T17:41:57.706+0000] {dag.py:3096} INFO - Sync 1 DAGs
[2026-05-31T17:41:57.730+0000] {logging_mixin.py:188} INFO - [2026-05-31T17:41:57.730+0000] {dag.py:3954} INFO - Setting next_dagrun for retailco_master_pipeline to 2026-05-31 00:00:00+00:00, run_after=2026-06-01 00:00:00+00:00
[2026-05-31T17:41:57.754+0000] {processor.py:183} INFO - Processing /opt/airflow/dags/retailco_dag.py took 0.134 seconds
[2026-05-31T17:42:28.031+0000] {processor.py:161} INFO - Started process (PID=2476) to work on /opt/airflow/dags/retailco_dag.py
[2026-05-31T17:42:28.033+0000] {processor.py:830} INFO - Processing file /opt/airflow/dags/retailco_dag.py for tasks to queue
[2026-05-31T17:42:28.035+0000] {logging_mixin.py:188} INFO - [2026-05-31T17:42:28.035+0000] {dagbag.py:545} INFO - Filling up the DagBag from /opt/airflow/dags/retailco_dag.py
[2026-05-31T17:42:28.065+0000] {processor.py:840} INFO - DAG(s) 'retailco_master_pipeline' retrieved from /opt/airflow/dags/retailco_dag.py
[2026-05-31T17:42:28.099+0000] {logging_mixin.py:188} INFO - [2026-05-31T17:42:28.098+0000] {dag.py:3096} INFO - Sync 1 DAGs
[2026-05-31T17:42:28.125+0000] {logging_mixin.py:188} INFO - [2026-05-31T17:42:28.125+0000] {dag.py:3954} INFO - Setting next_dagrun for retailco_master_pipeline to 2026-05-31 00:00:00+00:00, run_after=2026-06-01 00:00:00+00:00
[2026-05-31T17:42:28.155+0000] {processor.py:183} INFO - Processing /opt/airflow/dags/retailco_dag.py took 0.130 seconds
[2026-05-31T17:42:58.443+0000] {processor.py:161} INFO - Started process (PID=2481) to work on /opt/airflow/dags/retailco_dag.py
[2026-05-31T17:42:58.445+0000] {processor.py:830} INFO - Processing file /opt/airflow/dags/retailco_dag.py for tasks to queue
[2026-05-31T17:42:58.447+0000] {logging_mixin.py:188} INFO - [2026-05-31T17:42:58.447+0000] {dagbag.py:545} INFO - Filling up the DagBag from /opt/airflow/dags/retailco_dag.py
[2026-05-31T17:42:58.578+0000] {processor.py:840} INFO - DAG(s) 'retailco_master_pipeline' retrieved from /opt/airflow/dags/retailco_dag.py
[2026-05-31T17:42:58.617+0000] {logging_mixin.py:188} INFO - [2026-05-31T17:42:58.617+0000] {dag.py:3096} INFO - Sync 1 DAGs
[2026-05-31T17:42:58.647+0000] {logging_mixin.py:188} INFO - [2026-05-31T17:42:58.647+0000] {dag.py:3954} INFO - Setting next_dagrun for retailco_master_pipeline to 2026-05-31 00:00:00+00:00, run_after=2026-06-01 00:00:00+00:00
[2026-05-31T17:42:58.678+0000] {processor.py:183} INFO - Processing /opt/airflow/dags/retailco_dag.py took 0.243 seconds
[2026-05-31T17:43:28.942+0000] {processor.py:161} INFO - Started process (PID=2486) to work on /opt/airflow/dags/retailco_dag.py
[2026-05-31T17:43:28.944+0000] {processor.py:830} INFO - Processing file /opt/airflow/dags/retailco_dag.py for tasks to queue
[2026-05-31T17:43:28.948+0000] {logging_mixin.py:188} INFO - [2026-05-31T17:43:28.947+0000] {dagbag.py:545} INFO - Filling up the DagBag from /opt/airflow/dags/retailco_dag.py
[2026-05-31T17:43:28.984+0000] {processor.py:840} INFO - DAG(s) 'retailco_master_pipeline' retrieved from /opt/airflow/dags/retailco_dag.py
[2026-05-31T17:43:29.018+0000] {logging_mixin.py:188} INFO - [2026-05-31T17:43:29.018+0000] {dag.py:3096} INFO - Sync 1 DAGs
[2026-05-31T17:43:29.061+0000] {logging_mixin.py:188} INFO - [2026-05-31T17:43:29.059+0000] {dag.py:3954} INFO - Setting next_dagrun for retailco_master_pipeline to 2026-05-31 00:00:00+00:00, run_after=2026-06-01 00:00:00+00:00
[2026-05-31T17:43:29.101+0000] {processor.py:183} INFO - Processing /opt/airflow/dags/retailco_dag.py took 0.166 seconds
[2026-05-31T17:43:59.343+0000] {processor.py:161} INFO - Started process (PID=2491) to work on /opt/airflow/dags/retailco_dag.py
[2026-05-31T17:43:59.344+0000] {processor.py:830} INFO - Processing file /opt/airflow/dags/retailco_dag.py for tasks to queue
[2026-05-31T17:43:59.346+0000] {logging_mixin.py:188} INFO - [2026-05-31T17:43:59.346+0000] {dagbag.py:545} INFO - Filling up the DagBag from /opt/airflow/dags/retailco_dag.py
[2026-05-31T17:43:59.378+0000] {processor.py:840} INFO - DAG(s) 'retailco_master_pipeline' retrieved from /opt/airflow/dags/retailco_dag.py
[2026-05-31T17:43:59.421+0000] {logging_mixin.py:188} INFO - [2026-05-31T17:43:59.420+0000] {dag.py:3096} INFO - Sync 1 DAGs
[2026-05-31T17:43:59.448+0000] {logging_mixin.py:188} INFO - [2026-05-31T17:43:59.448+0000] {dag.py:3954} INFO - Setting next_dagrun for retailco_master_pipeline to 2026-05-31 00:00:00+00:00, run_after=2026-06-01 00:00:00+00:00
[2026-05-31T17:43:59.480+0000] {processor.py:183} INFO - Processing /opt/airflow/dags/retailco_dag.py took 0.144 seconds
[2026-05-31T17:44:29.756+0000] {processor.py:161} INFO - Started process (PID=2496) to work on /opt/airflow/dags/retailco_dag.py
[2026-05-31T17:44:29.758+0000] {processor.py:830} INFO - Processing file /opt/airflow/dags/retailco_dag.py for tasks to queue
[2026-05-31T17:44:29.760+0000] {logging_mixin.py:188} INFO - [2026-05-31T17:44:29.759+0000] {dagbag.py:545} INFO - Filling up the DagBag from /opt/airflow/dags/retailco_dag.py
[2026-05-31T17:44:29.790+0000] {processor.py:840} INFO - DAG(s) 'retailco_master_pipeline' retrieved from /opt/airflow/dags/retailco_dag.py
[2026-05-31T17:44:29.825+0000] {logging_mixin.py:188} INFO - [2026-05-31T17:44:29.825+0000] {dag.py:3096} INFO - Sync 1 DAGs
[2026-05-31T17:44:29.851+0000] {logging_mixin.py:188} INFO - [2026-05-31T17:44:29.851+0000] {dag.py:3954} INFO - Setting next_dagrun for retailco_master_pipeline to 2026-05-31 00:00:00+00:00, run_after=2026-06-01 00:00:00+00:00
[2026-05-31T17:44:29.883+0000] {processor.py:183} INFO - Processing /opt/airflow/dags/retailco_dag.py took 0.133 seconds
[2026-05-31T17:45:00.071+0000] {processor.py:161} INFO - Started process (PID=2501) to work on /opt/airflow/dags/retailco_dag.py
[2026-05-31T17:45:00.073+0000] {processor.py:830} INFO - Processing file /opt/airflow/dags/retailco_dag.py for tasks to queue
[2026-05-31T17:45:00.075+0000] {logging_mixin.py:188} INFO - [2026-05-31T17:45:00.075+0000] {dagbag.py:545} INFO - Filling up the DagBag from /opt/airflow/dags/retailco_dag.py
[2026-05-31T17:45:00.104+0000] {processor.py:840} INFO - DAG(s) 'retailco_master_pipeline' retrieved from /opt/airflow/dags/retailco_dag.py
[2026-05-31T17:45:00.145+0000] {logging_mixin.py:188} INFO - [2026-05-31T17:45:00.144+0000] {dag.py:3096} INFO - Sync 1 DAGs
[2026-05-31T17:45:00.171+0000] {logging_mixin.py:188} INFO - [2026-05-31T17:45:00.170+0000] {dag.py:3954} INFO - Setting next_dagrun for retailco_master_pipeline to 2026-05-31 00:00:00+00:00, run_after=2026-06-01 00:00:00+00:00
[2026-05-31T17:45:00.198+0000] {processor.py:183} INFO - Processing /opt/airflow/dags/retailco_dag.py took 0.134 seconds
[2026-05-31T17:45:30.642+0000] {processor.py:161} INFO - Started process (PID=2506) to work on /opt/airflow/dags/retailco_dag.py
[2026-05-31T17:45:30.644+0000] {processor.py:830} INFO - Processing file /opt/airflow/dags/retailco_dag.py for tasks to queue
[2026-05-31T17:45:30.647+0000] {logging_mixin.py:188} INFO - [2026-05-31T17:45:30.646+0000] {dagbag.py:545} INFO - Filling up the DagBag from /opt/airflow/dags/retailco_dag.py
[2026-05-31T17:45:30.677+0000] {processor.py:840} INFO - DAG(s) 'retailco_master_pipeline' retrieved from /opt/airflow/dags/retailco_dag.py
[2026-05-31T17:45:30.712+0000] {logging_mixin.py:188} INFO - [2026-05-31T17:45:30.712+0000] {dag.py:3096} INFO - Sync 1 DAGs
[2026-05-31T17:45:30.738+0000] {logging_mixin.py:188} INFO - [2026-05-31T17:45:30.737+0000] {dag.py:3954} INFO - Setting next_dagrun for retailco_master_pipeline to 2026-05-31 00:00:00+00:00, run_after=2026-06-01 00:00:00+00:00
[2026-05-31T17:45:30.766+0000] {processor.py:183} INFO - Processing /opt/airflow/dags/retailco_dag.py took 0.131 seconds
[2026-05-31T17:46:00.968+0000] {processor.py:161} INFO - Started process (PID=2511) to work on /opt/airflow/dags/retailco_dag.py
[2026-05-31T17:46:00.969+0000] {processor.py:830} INFO - Processing file /opt/airflow/dags/retailco_dag.py for tasks to queue
[2026-05-31T17:46:00.971+0000] {logging_mixin.py:188} INFO - [2026-05-31T17:46:00.971+0000] {dagbag.py:545} INFO - Filling up the DagBag from /opt/airflow/dags/retailco_dag.py
[2026-05-31T17:46:01.000+0000] {processor.py:840} INFO - DAG(s) 'retailco_master_pipeline' retrieved from /opt/airflow/dags/retailco_dag.py
[2026-05-31T17:46:01.034+0000] {logging_mixin.py:188} INFO - [2026-05-31T17:46:01.033+0000] {dag.py:3096} INFO - Sync 1 DAGs
[2026-05-31T17:46:01.059+0000] {logging_mixin.py:188} INFO - [2026-05-31T17:46:01.058+0000] {dag.py:3954} INFO - Setting next_dagrun for retailco_master_pipeline to 2026-05-31 00:00:00+00:00, run_after=2026-06-01 00:00:00+00:00
[2026-05-31T17:46:01.083+0000] {processor.py:183} INFO - Processing /opt/airflow/dags/retailco_dag.py took 0.121 seconds
[2026-05-31T17:46:31.385+0000] {processor.py:161} INFO - Started process (PID=2516) to work on /opt/airflow/dags/retailco_dag.py
[2026-05-31T17:46:31.387+0000] {processor.py:830} INFO - Processing file /opt/airflow/dags/retailco_dag.py for tasks to queue
[2026-05-31T17:46:31.389+0000] {logging_mixin.py:188} INFO - [2026-05-31T17:46:31.389+0000] {dagbag.py:545} INFO - Filling up the DagBag from /opt/airflow/dags/retailco_dag.py
[2026-05-31T17:46:31.420+0000] {processor.py:840} INFO - DAG(s) 'retailco_master_pipeline' retrieved from /opt/airflow/dags/retailco_dag.py
[2026-05-31T17:46:31.457+0000] {logging_mixin.py:188} INFO - [2026-05-31T17:46:31.456+0000] {dag.py:3096} INFO - Sync 1 DAGs
[2026-05-31T17:46:31.481+0000] {logging_mixin.py:188} INFO - [2026-05-31T17:46:31.481+0000] {dag.py:3954} INFO - Setting next_dagrun for retailco_master_pipeline to 2026-05-31 00:00:00+00:00, run_after=2026-06-01 00:00:00+00:00
[2026-05-31T17:46:31.510+0000] {processor.py:183} INFO - Processing /opt/airflow/dags/retailco_dag.py took 0.132 seconds
[2026-05-31T17:47:01.705+0000] {processor.py:161} INFO - Started process (PID=2521) to work on /opt/airflow/dags/retailco_dag.py
[2026-05-31T17:47:01.707+0000] {processor.py:830} INFO - Processing file /opt/airflow/dags/retailco_dag.py for tasks to queue
[2026-05-31T17:47:01.710+0000] {logging_mixin.py:188} INFO - [2026-05-31T17:47:01.710+0000] {dagbag.py:545} INFO - Filling up the DagBag from /opt/airflow/dags/retailco_dag.py
[2026-05-31T17:47:01.740+0000] {processor.py:840} INFO - DAG(s) 'retailco_master_pipeline' retrieved from /opt/airflow/dags/retailco_dag.py
[2026-05-31T17:47:01.779+0000] {logging_mixin.py:188} INFO - [2026-05-31T17:47:01.779+0000] {dag.py:3096} INFO - Sync 1 DAGs
[2026-05-31T17:47:01.805+0000] {logging_mixin.py:188} INFO - [2026-05-31T17:47:01.805+0000] {dag.py:3954} INFO - Setting next_dagrun for retailco_master_pipeline to 2026-05-31 00:00:00+00:00, run_after=2026-06-01 00:00:00+00:00
[2026-05-31T17:47:01.834+0000] {processor.py:183} INFO - Processing /opt/airflow/dags/retailco_dag.py took 0.135 seconds
[2026-05-31T17:47:32.157+0000] {processor.py:161} INFO - Started process (PID=2526) to work on /opt/airflow/dags/retailco_dag.py
[2026-05-31T17:47:32.159+0000] {processor.py:830} INFO - Processing file /opt/airflow/dags/retailco_dag.py for tasks to queue
[2026-05-31T17:47:32.160+0000] {logging_mixin.py:188} INFO - [2026-05-31T17:47:32.160+0000] {dagbag.py:545} INFO - Filling up the DagBag from /opt/airflow/dags/retailco_dag.py
[2026-05-31T17:47:32.190+0000] {processor.py:840} INFO - DAG(s) 'retailco_master_pipeline' retrieved from /opt/airflow/dags/retailco_dag.py
[2026-05-31T17:47:32.223+0000] {logging_mixin.py:188} INFO - [2026-05-31T17:47:32.223+0000] {dag.py:3096} INFO - Sync 1 DAGs
[2026-05-31T17:47:32.248+0000] {logging_mixin.py:188} INFO - [2026-05-31T17:47:32.247+0000] {dag.py:3954} INFO - Setting next_dagrun for retailco_master_pipeline to 2026-05-31 00:00:00+00:00, run_after=2026-06-01 00:00:00+00:00
[2026-05-31T17:47:32.278+0000] {processor.py:183} INFO - Processing /opt/airflow/dags/retailco_dag.py took 0.127 seconds
[2026-05-31T17:48:02.466+0000] {processor.py:161} INFO - Started process (PID=2531) to work on /opt/airflow/dags/retailco_dag.py
[2026-05-31T17:48:02.467+0000] {processor.py:830} INFO - Processing file /opt/airflow/dags/retailco_dag.py for tasks to queue
[2026-05-31T17:48:02.469+0000] {logging_mixin.py:188} INFO - [2026-05-31T17:48:02.469+0000] {dagbag.py:545} INFO - Filling up the DagBag from /opt/airflow/dags/retailco_dag.py
[2026-05-31T17:48:02.500+0000] {processor.py:840} INFO - DAG(s) 'retailco_master_pipeline' retrieved from /opt/airflow/dags/retailco_dag.py
[2026-05-31T17:48:02.537+0000] {logging_mixin.py:188} INFO - [2026-05-31T17:48:02.537+0000] {dag.py:3096} INFO - Sync 1 DAGs
[2026-05-31T17:48:02.560+0000] {logging_mixin.py:188} INFO - [2026-05-31T17:48:02.560+0000] {dag.py:3954} INFO - Setting next_dagrun for retailco_master_pipeline to 2026-05-31 00:00:00+00:00, run_after=2026-06-01 00:00:00+00:00
[2026-05-31T17:48:02.585+0000] {processor.py:183} INFO - Processing /opt/airflow/dags/retailco_dag.py took 0.127 seconds
[2026-05-31T17:48:32.916+0000] {processor.py:161} INFO - Started process (PID=2536) to work on /opt/airflow/dags/retailco_dag.py
[2026-05-31T17:48:32.918+0000] {processor.py:830} INFO - Processing file /opt/airflow/dags/retailco_dag.py for tasks to queue
[2026-05-31T17:48:32.921+0000] {logging_mixin.py:188} INFO - [2026-05-31T17:48:32.921+0000] {dagbag.py:545} INFO - Filling up the DagBag from /opt/airflow/dags/retailco_dag.py
[2026-05-31T17:48:32.955+0000] {processor.py:840} INFO - DAG(s) 'retailco_master_pipeline' retrieved from /opt/airflow/dags/retailco_dag.py
[2026-05-31T17:48:32.994+0000] {logging_mixin.py:188} INFO - [2026-05-31T17:48:32.993+0000] {dag.py:3096} INFO - Sync 1 DAGs
[2026-05-31T17:48:33.020+0000] {logging_mixin.py:188} INFO - [2026-05-31T17:48:33.020+0000] {dag.py:3954} INFO - Setting next_dagrun for retailco_master_pipeline to 2026-05-31 00:00:00+00:00, run_after=2026-06-01 00:00:00+00:00
[2026-05-31T17:48:33.051+0000] {processor.py:183} INFO - Processing /opt/airflow/dags/retailco_dag.py took 0.140 seconds
[2026-05-31T17:49:03.282+0000] {processor.py:161} INFO - Started process (PID=2541) to work on /opt/airflow/dags/retailco_dag.py
[2026-05-31T17:49:03.284+0000] {processor.py:830} INFO - Processing file /opt/airflow/dags/retailco_dag.py for tasks to queue
[2026-05-31T17:49:03.287+0000] {logging_mixin.py:188} INFO - [2026-05-31T17:49:03.286+0000] {dagbag.py:545} INFO - Filling up the DagBag from /opt/airflow/dags/retailco_dag.py
[2026-05-31T17:49:03.315+0000] {processor.py:840} INFO - DAG(s) 'retailco_master_pipeline' retrieved from /opt/airflow/dags/retailco_dag.py
[2026-05-31T17:49:03.351+0000] {logging_mixin.py:188} INFO - [2026-05-31T17:49:03.351+0000] {dag.py:3096} INFO - Sync 1 DAGs
[2026-05-31T17:49:03.377+0000] {logging_mixin.py:188} INFO - [2026-05-31T17:49:03.377+0000] {dag.py:3954} INFO - Setting next_dagrun for retailco_master_pipeline to 2026-05-31 00:00:00+00:00, run_after=2026-06-01 00:00:00+00:00
[2026-05-31T17:49:03.406+0000] {processor.py:183} INFO - Processing /opt/airflow/dags/retailco_dag.py took 0.131 seconds
[2026-05-31T17:49:33.725+0000] {processor.py:161} INFO - Started process (PID=2546) to work on /opt/airflow/dags/retailco_dag.py
[2026-05-31T17:49:33.726+0000] {processor.py:830} INFO - Processing file /opt/airflow/dags/retailco_dag.py for tasks to queue
[2026-05-31T17:49:33.728+0000] {logging_mixin.py:188} INFO - [2026-05-31T17:49:33.728+0000] {dagbag.py:545} INFO - Filling up the DagBag from /opt/airflow/dags/retailco_dag.py
[2026-05-31T17:49:33.763+0000] {processor.py:840} INFO - DAG(s) 'retailco_master_pipeline' retrieved from /opt/airflow/dags/retailco_dag.py
[2026-05-31T17:49:33.800+0000] {logging_mixin.py:188} INFO - [2026-05-31T17:49:33.799+0000] {dag.py:3096} INFO - Sync 1 DAGs
[2026-05-31T17:49:33.830+0000] {logging_mixin.py:188} INFO - [2026-05-31T17:49:33.830+0000] {dag.py:3954} INFO - Setting next_dagrun for retailco_master_pipeline to 2026-05-31 00:00:00+00:00, run_after=2026-06-01 00:00:00+00:00
[2026-05-31T17:49:33.860+0000] {processor.py:183} INFO - Processing /opt/airflow/dags/retailco_dag.py took 0.143 seconds
[2026-05-31T17:50:04.092+0000] {processor.py:161} INFO - Started process (PID=2551) to work on /opt/airflow/dags/retailco_dag.py
[2026-05-31T17:50:04.094+0000] {processor.py:830} INFO - Processing file /opt/airflow/dags/retailco_dag.py for tasks to queue
[2026-05-31T17:50:04.096+0000] {logging_mixin.py:188} INFO - [2026-05-31T17:50:04.095+0000] {dagbag.py:545} INFO - Filling up the DagBag from /opt/airflow/dags/retailco_dag.py
[2026-05-31T17:50:04.125+0000] {processor.py:840} INFO - DAG(s) 'retailco_master_pipeline' retrieved from /opt/airflow/dags/retailco_dag.py
[2026-05-31T17:50:04.162+0000] {logging_mixin.py:188} INFO - [2026-05-31T17:50:04.161+0000] {dag.py:3096} INFO - Sync 1 DAGs
[2026-05-31T17:50:04.189+0000] {logging_mixin.py:188} INFO - [2026-05-31T17:50:04.189+0000] {dag.py:3954} INFO - Setting next_dagrun for retailco_master_pipeline to 2026-05-31 00:00:00+00:00, run_after=2026-06-01 00:00:00+00:00
[2026-05-31T17:50:04.218+0000] {processor.py:183} INFO - Processing /opt/airflow/dags/retailco_dag.py took 0.133 seconds
[2026-05-31T17:50:34.451+0000] {processor.py:161} INFO - Started process (PID=2556) to work on /opt/airflow/dags/retailco_dag.py
[2026-05-31T17:50:34.453+0000] {processor.py:830} INFO - Processing file /opt/airflow/dags/retailco_dag.py for tasks to queue
[2026-05-31T17:50:34.455+0000] {logging_mixin.py:188} INFO - [2026-05-31T17:50:34.454+0000] {dagbag.py:545} INFO - Filling up the DagBag from /opt/airflow/dags/retailco_dag.py
[2026-05-31T17:50:34.489+0000] {processor.py:840} INFO - DAG(s) 'retailco_master_pipeline' retrieved from /opt/airflow/dags/retailco_dag.py
[2026-05-31T17:50:34.529+0000] {logging_mixin.py:188} INFO - [2026-05-31T17:50:34.529+0000] {dag.py:3096} INFO - Sync 1 DAGs
[2026-05-31T17:50:34.555+0000] {logging_mixin.py:188} INFO - [2026-05-31T17:50:34.555+0000] {dag.py:3954} INFO - Setting next_dagrun for retailco_master_pipeline to 2026-05-31 00:00:00+00:00, run_after=2026-06-01 00:00:00+00:00
[2026-05-31T17:50:34.584+0000] {processor.py:183} INFO - Processing /opt/airflow/dags/retailco_dag.py took 0.138 seconds
[2026-05-31T17:51:04.946+0000] {processor.py:161} INFO - Started process (PID=2561) to work on /opt/airflow/dags/retailco_dag.py
[2026-05-31T17:51:04.948+0000] {processor.py:830} INFO - Processing file /opt/airflow/dags/retailco_dag.py for tasks to queue
[2026-05-31T17:51:04.950+0000] {logging_mixin.py:188} INFO - [2026-05-31T17:51:04.950+0000] {dagbag.py:545} INFO - Filling up the DagBag from /opt/airflow/dags/retailco_dag.py
[2026-05-31T17:51:04.977+0000] {processor.py:840} INFO - DAG(s) 'retailco_master_pipeline' retrieved from /opt/airflow/dags/retailco_dag.py
[2026-05-31T17:51:05.011+0000] {logging_mixin.py:188} INFO - [2026-05-31T17:51:05.010+0000] {dag.py:3096} INFO - Sync 1 DAGs
[2026-05-31T17:51:05.037+0000] {logging_mixin.py:188} INFO - [2026-05-31T17:51:05.036+0000] {dag.py:3954} INFO - Setting next_dagrun for retailco_master_pipeline to 2026-05-31 00:00:00+00:00, run_after=2026-06-01 00:00:00+00:00
[2026-05-31T17:51:05.066+0000] {processor.py:183} INFO - Processing /opt/airflow/dags/retailco_dag.py took 0.125 seconds
[2026-05-31T17:51:35.281+0000] {processor.py:161} INFO - Started process (PID=2566) to work on /opt/airflow/dags/retailco_dag.py
[2026-05-31T17:51:35.283+0000] {processor.py:830} INFO - Processing file /opt/airflow/dags/retailco_dag.py for tasks to queue
[2026-05-31T17:51:35.285+0000] {logging_mixin.py:188} INFO - [2026-05-31T17:51:35.284+0000] {dagbag.py:545} INFO - Filling up the DagBag from /opt/airflow/dags/retailco_dag.py
[2026-05-31T17:51:35.314+0000] {processor.py:840} INFO - DAG(s) 'retailco_master_pipeline' retrieved from /opt/airflow/dags/retailco_dag.py
[2026-05-31T17:51:35.350+0000] {logging_mixin.py:188} INFO - [2026-05-31T17:51:35.349+0000] {dag.py:3096} INFO - Sync 1 DAGs
[2026-05-31T17:51:35.379+0000] {logging_mixin.py:188} INFO - [2026-05-31T17:51:35.379+0000] {dag.py:3954} INFO - Setting next_dagrun for retailco_master_pipeline to 2026-05-31 00:00:00+00:00, run_after=2026-06-01 00:00:00+00:00
[2026-05-31T17:51:35.407+0000] {processor.py:183} INFO - Processing /opt/airflow/dags/retailco_dag.py took 0.132 seconds
[2026-05-31T17:52:05.579+0000] {processor.py:161} INFO - Started process (PID=2571) to work on /opt/airflow/dags/retailco_dag.py
[2026-05-31T17:52:05.580+0000] {processor.py:830} INFO - Processing file /opt/airflow/dags/retailco_dag.py for tasks to queue
[2026-05-31T17:52:05.582+0000] {logging_mixin.py:188} INFO - [2026-05-31T17:52:05.582+0000] {dagbag.py:545} INFO - Filling up the DagBag from /opt/airflow/dags/retailco_dag.py
[2026-05-31T17:52:05.619+0000] {processor.py:840} INFO - DAG(s) 'retailco_master_pipeline' retrieved from /opt/airflow/dags/retailco_dag.py
[2026-05-31T17:52:05.657+0000] {logging_mixin.py:188} INFO - [2026-05-31T17:52:05.656+0000] {dag.py:3096} INFO - Sync 1 DAGs
[2026-05-31T17:52:05.683+0000] {logging_mixin.py:188} INFO - [2026-05-31T17:52:05.683+0000] {dag.py:3954} INFO - Setting next_dagrun for retailco_master_pipeline to 2026-05-31 00:00:00+00:00, run_after=2026-06-01 00:00:00+00:00
[2026-05-31T17:52:05.711+0000] {processor.py:183} INFO - Processing /opt/airflow/dags/retailco_dag.py took 0.139 seconds
[2026-05-31T17:52:36.040+0000] {processor.py:161} INFO - Started process (PID=2576) to work on /opt/airflow/dags/retailco_dag.py
[2026-05-31T17:52:36.041+0000] {processor.py:830} INFO - Processing file /opt/airflow/dags/retailco_dag.py for tasks to queue
[2026-05-31T17:52:36.043+0000] {logging_mixin.py:188} INFO - [2026-05-31T17:52:36.043+0000] {dagbag.py:545} INFO - Filling up the DagBag from /opt/airflow/dags/retailco_dag.py
[2026-05-31T17:52:36.075+0000] {processor.py:840} INFO - DAG(s) 'retailco_master_pipeline' retrieved from /opt/airflow/dags/retailco_dag.py
[2026-05-31T17:52:36.108+0000] {logging_mixin.py:188} INFO - [2026-05-31T17:52:36.108+0000] {dag.py:3096} INFO - Sync 1 DAGs
[2026-05-31T17:52:36.135+0000] {logging_mixin.py:188} INFO - [2026-05-31T17:52:36.135+0000] {dag.py:3954} INFO - Setting next_dagrun for retailco_master_pipeline to 2026-05-31 00:00:00+00:00, run_after=2026-06-01 00:00:00+00:00
[2026-05-31T17:52:36.164+0000] {processor.py:183} INFO - Processing /opt/airflow/dags/retailco_dag.py took 0.130 seconds
[2026-05-31T17:53:06.418+0000] {processor.py:161} INFO - Started process (PID=2581) to work on /opt/airflow/dags/retailco_dag.py
[2026-05-31T17:53:06.419+0000] {processor.py:830} INFO - Processing file /opt/airflow/dags/retailco_dag.py for tasks to queue
[2026-05-31T17:53:06.422+0000] {logging_mixin.py:188} INFO - [2026-05-31T17:53:06.421+0000] {dagbag.py:545} INFO - Filling up the DagBag from /opt/airflow/dags/retailco_dag.py
[2026-05-31T17:53:06.452+0000] {processor.py:840} INFO - DAG(s) 'retailco_master_pipeline' retrieved from /opt/airflow/dags/retailco_dag.py
[2026-05-31T17:53:06.494+0000] {logging_mixin.py:188} INFO - [2026-05-31T17:53:06.493+0000] {dag.py:3096} INFO - Sync 1 DAGs
[2026-05-31T17:53:06.519+0000] {logging_mixin.py:188} INFO - [2026-05-31T17:53:06.518+0000] {dag.py:3954} INFO - Setting next_dagrun for retailco_master_pipeline to 2026-05-31 00:00:00+00:00, run_after=2026-06-01 00:00:00+00:00
[2026-05-31T17:53:06.548+0000] {processor.py:183} INFO - Processing /opt/airflow/dags/retailco_dag.py took 0.136 seconds
[2026-05-31T17:53:36.866+0000] {processor.py:161} INFO - Started process (PID=2586) to work on /opt/airflow/dags/retailco_dag.py
[2026-05-31T17:53:36.867+0000] {processor.py:830} INFO - Processing file /opt/airflow/dags/retailco_dag.py for tasks to queue
[2026-05-31T17:53:36.869+0000] {logging_mixin.py:188} INFO - [2026-05-31T17:53:36.869+0000] {dagbag.py:545} INFO - Filling up the DagBag from /opt/airflow/dags/retailco_dag.py
[2026-05-31T17:53:36.899+0000] {processor.py:840} INFO - DAG(s) 'retailco_master_pipeline' retrieved from /opt/airflow/dags/retailco_dag.py
[2026-05-31T17:53:36.937+0000] {logging_mixin.py:188} INFO - [2026-05-31T17:53:36.937+0000] {dag.py:3096} INFO - Sync 1 DAGs
[2026-05-31T17:53:36.966+0000] {logging_mixin.py:188} INFO - [2026-05-31T17:53:36.965+0000] {dag.py:3954} INFO - Setting next_dagrun for retailco_master_pipeline to 2026-05-31 00:00:00+00:00, run_after=2026-06-01 00:00:00+00:00
[2026-05-31T17:53:36.995+0000] {processor.py:183} INFO - Processing /opt/airflow/dags/retailco_dag.py took 0.136 seconds
[2026-05-31T17:54:07.268+0000] {processor.py:161} INFO - Started process (PID=2591) to work on /opt/airflow/dags/retailco_dag.py
[2026-05-31T17:54:07.269+0000] {processor.py:830} INFO - Processing file /opt/airflow/dags/retailco_dag.py for tasks to queue
[2026-05-31T17:54:07.271+0000] {logging_mixin.py:188} INFO - [2026-05-31T17:54:07.271+0000] {dagbag.py:545} INFO - Filling up the DagBag from /opt/airflow/dags/retailco_dag.py
[2026-05-31T17:54:07.302+0000] {processor.py:840} INFO - DAG(s) 'retailco_master_pipeline' retrieved from /opt/airflow/dags/retailco_dag.py
[2026-05-31T17:54:07.334+0000] {logging_mixin.py:188} INFO - [2026-05-31T17:54:07.334+0000] {dag.py:3096} INFO - Sync 1 DAGs
[2026-05-31T17:54:07.362+0000] {logging_mixin.py:188} INFO - [2026-05-31T17:54:07.361+0000] {dag.py:3954} INFO - Setting next_dagrun for retailco_master_pipeline to 2026-05-31 00:00:00+00:00, run_after=2026-06-01 00:00:00+00:00
[2026-05-31T17:54:07.405+0000] {processor.py:183} INFO - Processing /opt/airflow/dags/retailco_dag.py took 0.144 seconds
[2026-05-31T17:54:37.633+0000] {processor.py:161} INFO - Started process (PID=2596) to work on /opt/airflow/dags/retailco_dag.py
[2026-05-31T17:54:37.635+0000] {processor.py:830} INFO - Processing file /opt/airflow/dags/retailco_dag.py for tasks to queue
[2026-05-31T17:54:37.637+0000] {logging_mixin.py:188} INFO - [2026-05-31T17:54:37.637+0000] {dagbag.py:545} INFO - Filling up the DagBag from /opt/airflow/dags/retailco_dag.py
[2026-05-31T17:54:37.661+0000] {processor.py:840} INFO - DAG(s) 'retailco_master_pipeline' retrieved from /opt/airflow/dags/retailco_dag.py
[2026-05-31T17:54:37.692+0000] {logging_mixin.py:188} INFO - [2026-05-31T17:54:37.692+0000] {dag.py:3096} INFO - Sync 1 DAGs
[2026-05-31T17:54:37.717+0000] {logging_mixin.py:188} INFO - [2026-05-31T17:54:37.717+0000] {dag.py:3954} INFO - Setting next_dagrun for retailco_master_pipeline to 2026-05-31 00:00:00+00:00, run_after=2026-06-01 00:00:00+00:00
[2026-05-31T17:54:37.758+0000] {processor.py:183} INFO - Processing /opt/airflow/dags/retailco_dag.py took 0.132 seconds
[2026-05-31T17:55:08.099+0000] {processor.py:161} INFO - Started process (PID=2601) to work on /opt/airflow/dags/retailco_dag.py
[2026-05-31T17:55:08.100+0000] {processor.py:830} INFO - Processing file /opt/airflow/dags/retailco_dag.py for tasks to queue
[2026-05-31T17:55:08.103+0000] {logging_mixin.py:188} INFO - [2026-05-31T17:55:08.102+0000] {dagbag.py:545} INFO - Filling up the DagBag from /opt/airflow/dags/retailco_dag.py
[2026-05-31T17:55:08.134+0000] {processor.py:840} INFO - DAG(s) 'retailco_master_pipeline' retrieved from /opt/airflow/dags/retailco_dag.py
[2026-05-31T17:55:08.169+0000] {logging_mixin.py:188} INFO - [2026-05-31T17:55:08.168+0000] {dag.py:3096} INFO - Sync 1 DAGs
[2026-05-31T17:55:08.196+0000] {logging_mixin.py:188} INFO - [2026-05-31T17:55:08.196+0000] {dag.py:3954} INFO - Setting next_dagrun for retailco_master_pipeline to 2026-05-31 00:00:00+00:00, run_after=2026-06-01 00:00:00+00:00
[2026-05-31T17:55:08.224+0000] {processor.py:183} INFO - Processing /opt/airflow/dags/retailco_dag.py took 0.133 seconds
[2026-05-31T17:55:38.575+0000] {processor.py:161} INFO - Started process (PID=2606) to work on /opt/airflow/dags/retailco_dag.py
[2026-05-31T17:55:38.576+0000] {processor.py:830} INFO - Processing file /opt/airflow/dags/retailco_dag.py for tasks to queue
[2026-05-31T17:55:38.579+0000] {logging_mixin.py:188} INFO - [2026-05-31T17:55:38.578+0000] {dagbag.py:545} INFO - Filling up the DagBag from /opt/airflow/dags/retailco_dag.py
[2026-05-31T17:55:38.611+0000] {processor.py:840} INFO - DAG(s) 'retailco_master_pipeline' retrieved from /opt/airflow/dags/retailco_dag.py
[2026-05-31T17:55:38.658+0000] {logging_mixin.py:188} INFO - [2026-05-31T17:55:38.658+0000] {dag.py:3096} INFO - Sync 1 DAGs
[2026-05-31T17:55:38.688+0000] {logging_mixin.py:188} INFO - [2026-05-31T17:55:38.688+0000] {dag.py:3954} INFO - Setting next_dagrun for retailco_master_pipeline to 2026-05-31 00:00:00+00:00, run_after=2026-06-01 00:00:00+00:00
[2026-05-31T17:55:38.718+0000] {processor.py:183} INFO - Processing /opt/airflow/dags/retailco_dag.py took 0.148 seconds
[2026-05-31T17:56:08.901+0000] {processor.py:161} INFO - Started process (PID=2611) to work on /opt/airflow/dags/retailco_dag.py
[2026-05-31T17:56:08.902+0000] {processor.py:830} INFO - Processing file /opt/airflow/dags/retailco_dag.py for tasks to queue
[2026-05-31T17:56:08.904+0000] {logging_mixin.py:188} INFO - [2026-05-31T17:56:08.904+0000] {dagbag.py:545} INFO - Filling up the DagBag from /opt/airflow/dags/retailco_dag.py
[2026-05-31T17:56:08.934+0000] {processor.py:840} INFO - DAG(s) 'retailco_master_pipeline' retrieved from /opt/airflow/dags/retailco_dag.py
[2026-05-31T17:56:08.972+0000] {logging_mixin.py:188} INFO - [2026-05-31T17:56:08.971+0000] {dag.py:3096} INFO - Sync 1 DAGs
[2026-05-31T17:56:08.996+0000] {logging_mixin.py:188} INFO - [2026-05-31T17:56:08.996+0000] {dag.py:3954} INFO - Setting next_dagrun for retailco_master_pipeline to 2026-05-31 00:00:00+00:00, run_after=2026-06-01 00:00:00+00:00
[2026-05-31T17:56:09.022+0000] {processor.py:183} INFO - Processing /opt/airflow/dags/retailco_dag.py took 0.129 seconds
[2026-05-31T17:56:39.416+0000] {processor.py:161} INFO - Started process (PID=2616) to work on /opt/airflow/dags/retailco_dag.py
[2026-05-31T17:56:39.417+0000] {processor.py:830} INFO - Processing file /opt/airflow/dags/retailco_dag.py for tasks to queue
[2026-05-31T17:56:39.419+0000] {logging_mixin.py:188} INFO - [2026-05-31T17:56:39.418+0000] {dagbag.py:545} INFO - Filling up the DagBag from /opt/airflow/dags/retailco_dag.py
[2026-05-31T17:56:39.451+0000] {processor.py:840} INFO - DAG(s) 'retailco_master_pipeline' retrieved from /opt/airflow/dags/retailco_dag.py
[2026-05-31T17:56:39.485+0000] {logging_mixin.py:188} INFO - [2026-05-31T17:56:39.484+0000] {dag.py:3096} INFO - Sync 1 DAGs
[2026-05-31T17:56:39.510+0000] {logging_mixin.py:188} INFO - [2026-05-31T17:56:39.510+0000] {dag.py:3954} INFO - Setting next_dagrun for retailco_master_pipeline to 2026-05-31 00:00:00+00:00, run_after=2026-06-01 00:00:00+00:00
[2026-05-31T17:56:39.537+0000] {processor.py:183} INFO - Processing /opt/airflow/dags/retailco_dag.py took 0.127 seconds
[2026-05-31T17:57:09.790+0000] {processor.py:161} INFO - Started process (PID=2621) to work on /opt/airflow/dags/retailco_dag.py
[2026-05-31T17:57:09.791+0000] {processor.py:830} INFO - Processing file /opt/airflow/dags/retailco_dag.py for tasks to queue
[2026-05-31T17:57:09.793+0000] {logging_mixin.py:188} INFO - [2026-05-31T17:57:09.793+0000] {dagbag.py:545} INFO - Filling up the DagBag from /opt/airflow/dags/retailco_dag.py
[2026-05-31T17:57:09.828+0000] {processor.py:840} INFO - DAG(s) 'retailco_master_pipeline' retrieved from /opt/airflow/dags/retailco_dag.py
[2026-05-31T17:57:09.875+0000] {logging_mixin.py:188} INFO - [2026-05-31T17:57:09.874+0000] {dag.py:3096} INFO - Sync 1 DAGs
[2026-05-31T17:57:09.909+0000] {logging_mixin.py:188} INFO - [2026-05-31T17:57:09.908+0000] {dag.py:3954} INFO - Setting next_dagrun for retailco_master_pipeline to 2026-05-31 00:00:00+00:00, run_after=2026-06-01 00:00:00+00:00
[2026-05-31T17:57:09.946+0000] {processor.py:183} INFO - Processing /opt/airflow/dags/retailco_dag.py took 0.163 seconds
[2026-05-31T17:57:40.210+0000] {processor.py:161} INFO - Started process (PID=2626) to work on /opt/airflow/dags/retailco_dag.py
[2026-05-31T17:57:40.212+0000] {processor.py:830} INFO - Processing file /opt/airflow/dags/retailco_dag.py for tasks to queue
[2026-05-31T17:57:40.214+0000] {logging_mixin.py:188} INFO - [2026-05-31T17:57:40.214+0000] {dagbag.py:545} INFO - Filling up the DagBag from /opt/airflow/dags/retailco_dag.py
[2026-05-31T17:57:40.246+0000] {processor.py:840} INFO - DAG(s) 'retailco_master_pipeline' retrieved from /opt/airflow/dags/retailco_dag.py
[2026-05-31T17:57:40.279+0000] {logging_mixin.py:188} INFO - [2026-05-31T17:57:40.279+0000] {dag.py:3096} INFO - Sync 1 DAGs
[2026-05-31T17:57:40.301+0000] {logging_mixin.py:188} INFO - [2026-05-31T17:57:40.301+0000] {dag.py:3954} INFO - Setting next_dagrun for retailco_master_pipeline to 2026-05-31 00:00:00+00:00, run_after=2026-06-01 00:00:00+00:00
[2026-05-31T17:57:40.328+0000] {processor.py:183} INFO - Processing /opt/airflow/dags/retailco_dag.py took 0.127 seconds
[2026-05-31T17:58:10.558+0000] {processor.py:161} INFO - Started process (PID=2631) to work on /opt/airflow/dags/retailco_dag.py
[2026-05-31T17:58:10.559+0000] {processor.py:830} INFO - Processing file /opt/airflow/dags/retailco_dag.py for tasks to queue
[2026-05-31T17:58:10.562+0000] {logging_mixin.py:188} INFO - [2026-05-31T17:58:10.561+0000] {dagbag.py:545} INFO - Filling up the DagBag from /opt/airflow/dags/retailco_dag.py
[2026-05-31T17:58:10.595+0000] {processor.py:840} INFO - DAG(s) 'retailco_master_pipeline' retrieved from /opt/airflow/dags/retailco_dag.py
[2026-05-31T17:58:10.631+0000] {logging_mixin.py:188} INFO - [2026-05-31T17:58:10.630+0000] {dag.py:3096} INFO - Sync 1 DAGs
[2026-05-31T17:58:10.658+0000] {logging_mixin.py:188} INFO - [2026-05-31T17:58:10.658+0000] {dag.py:3954} INFO - Setting next_dagrun for retailco_master_pipeline to 2026-05-31 00:00:00+00:00, run_after=2026-06-01 00:00:00+00:00
[2026-05-31T17:58:10.688+0000] {processor.py:183} INFO - Processing /opt/airflow/dags/retailco_dag.py took 0.138 seconds
[2026-05-31T17:58:40.991+0000] {processor.py:161} INFO - Started process (PID=2636) to work on /opt/airflow/dags/retailco_dag.py
[2026-05-31T17:58:40.993+0000] {processor.py:830} INFO - Processing file /opt/airflow/dags/retailco_dag.py for tasks to queue
[2026-05-31T17:58:40.995+0000] {logging_mixin.py:188} INFO - [2026-05-31T17:58:40.995+0000] {dagbag.py:545} INFO - Filling up the DagBag from /opt/airflow/dags/retailco_dag.py
[2026-05-31T17:58:41.024+0000] {processor.py:840} INFO - DAG(s) 'retailco_master_pipeline' retrieved from /opt/airflow/dags/retailco_dag.py
[2026-05-31T17:58:41.058+0000] {logging_mixin.py:188} INFO - [2026-05-31T17:58:41.058+0000] {dag.py:3096} INFO - Sync 1 DAGs
[2026-05-31T17:58:41.087+0000] {logging_mixin.py:188} INFO - [2026-05-31T17:58:41.087+0000] {dag.py:3954} INFO - Setting next_dagrun for retailco_master_pipeline to 2026-05-31 00:00:00+00:00, run_after=2026-06-01 00:00:00+00:00
[2026-05-31T17:58:41.119+0000] {processor.py:183} INFO - Processing /opt/airflow/dags/retailco_dag.py took 0.134 seconds
[2026-05-31T17:59:11.342+0000] {processor.py:161} INFO - Started process (PID=2641) to work on /opt/airflow/dags/retailco_dag.py
[2026-05-31T17:59:11.343+0000] {processor.py:830} INFO - Processing file /opt/airflow/dags/retailco_dag.py for tasks to queue
[2026-05-31T17:59:11.346+0000] {logging_mixin.py:188} INFO - [2026-05-31T17:59:11.345+0000] {dagbag.py:545} INFO - Filling up the DagBag from /opt/airflow/dags/retailco_dag.py
[2026-05-31T17:59:11.382+0000] {processor.py:840} INFO - DAG(s) 'retailco_master_pipeline' retrieved from /opt/airflow/dags/retailco_dag.py
[2026-05-31T17:59:11.425+0000] {logging_mixin.py:188} INFO - [2026-05-31T17:59:11.425+0000] {dag.py:3096} INFO - Sync 1 DAGs
[2026-05-31T17:59:11.457+0000] {logging_mixin.py:188} INFO - [2026-05-31T17:59:11.456+0000] {dag.py:3954} INFO - Setting next_dagrun for retailco_master_pipeline to 2026-05-31 00:00:00+00:00, run_after=2026-06-01 00:00:00+00:00
[2026-05-31T17:59:11.494+0000] {processor.py:183} INFO - Processing /opt/airflow/dags/retailco_dag.py took 0.161 seconds
[2026-05-31T17:59:41.818+0000] {processor.py:161} INFO - Started process (PID=2646) to work on /opt/airflow/dags/retailco_dag.py
[2026-05-31T17:59:41.819+0000] {processor.py:830} INFO - Processing file /opt/airflow/dags/retailco_dag.py for tasks to queue
[2026-05-31T17:59:41.821+0000] {logging_mixin.py:188} INFO - [2026-05-31T17:59:41.821+0000] {dagbag.py:545} INFO - Filling up the DagBag from /opt/airflow/dags/retailco_dag.py
[2026-05-31T17:59:41.853+0000] {processor.py:840} INFO - DAG(s) 'retailco_master_pipeline' retrieved from /opt/airflow/dags/retailco_dag.py
[2026-05-31T17:59:41.897+0000] {logging_mixin.py:188} INFO - [2026-05-31T17:59:41.896+0000] {dag.py:3096} INFO - Sync 1 DAGs
[2026-05-31T17:59:41.928+0000] {logging_mixin.py:188} INFO - [2026-05-31T17:59:41.928+0000] {dag.py:3954} INFO - Setting next_dagrun for retailco_master_pipeline to 2026-05-31 00:00:00+00:00, run_after=2026-06-01 00:00:00+00:00
[2026-05-31T17:59:41.959+0000] {processor.py:183} INFO - Processing /opt/airflow/dags/retailco_dag.py took 0.147 seconds
[2026-05-31T18:00:12.117+0000] {processor.py:161} INFO - Started process (PID=2651) to work on /opt/airflow/dags/retailco_dag.py
[2026-05-31T18:00:12.119+0000] {processor.py:830} INFO - Processing file /opt/airflow/dags/retailco_dag.py for tasks to queue
[2026-05-31T18:00:12.122+0000] {logging_mixin.py:188} INFO - [2026-05-31T18:00:12.122+0000] {dagbag.py:545} INFO - Filling up the DagBag from /opt/airflow/dags/retailco_dag.py
[2026-05-31T18:00:12.152+0000] {processor.py:840} INFO - DAG(s) 'retailco_master_pipeline' retrieved from /opt/airflow/dags/retailco_dag.py
[2026-05-31T18:00:12.186+0000] {logging_mixin.py:188} INFO - [2026-05-31T18:00:12.185+0000] {dag.py:3096} INFO - Sync 1 DAGs
[2026-05-31T18:00:12.211+0000] {logging_mixin.py:188} INFO - [2026-05-31T18:00:12.211+0000] {dag.py:3954} INFO - Setting next_dagrun for retailco_master_pipeline to 2026-05-31 00:00:00+00:00, run_after=2026-06-01 00:00:00+00:00
[2026-05-31T18:00:12.241+0000] {processor.py:183} INFO - Processing /opt/airflow/dags/retailco_dag.py took 0.130 seconds
[2026-05-31T18:00:42.448+0000] {processor.py:161} INFO - Started process (PID=2656) to work on /opt/airflow/dags/retailco_dag.py
[2026-05-31T18:00:42.449+0000] {processor.py:830} INFO - Processing file /opt/airflow/dags/retailco_dag.py for tasks to queue
[2026-05-31T18:00:42.452+0000] {logging_mixin.py:188} INFO - [2026-05-31T18:00:42.451+0000] {dagbag.py:545} INFO - Filling up the DagBag from /opt/airflow/dags/retailco_dag.py
[2026-05-31T18:00:42.483+0000] {processor.py:840} INFO - DAG(s) 'retailco_master_pipeline' retrieved from /opt/airflow/dags/retailco_dag.py
[2026-05-31T18:00:42.520+0000] {logging_mixin.py:188} INFO - [2026-05-31T18:00:42.520+0000] {dag.py:3096} INFO - Sync 1 DAGs
[2026-05-31T18:00:42.551+0000] {logging_mixin.py:188} INFO - [2026-05-31T18:00:42.551+0000] {dag.py:3954} INFO - Setting next_dagrun for retailco_master_pipeline to 2026-05-31 00:00:00+00:00, run_after=2026-06-01 00:00:00+00:00
[2026-05-31T18:00:42.582+0000] {processor.py:183} INFO - Processing /opt/airflow/dags/retailco_dag.py took 0.142 seconds
[2026-05-31T18:01:12.912+0000] {processor.py:161} INFO - Started process (PID=2661) to work on /opt/airflow/dags/retailco_dag.py
[2026-05-31T18:01:12.913+0000] {processor.py:830} INFO - Processing file /opt/airflow/dags/retailco_dag.py for tasks to queue
[2026-05-31T18:01:12.916+0000] {logging_mixin.py:188} INFO - [2026-05-31T18:01:12.915+0000] {dagbag.py:545} INFO - Filling up the DagBag from /opt/airflow/dags/retailco_dag.py
[2026-05-31T18:01:12.951+0000] {processor.py:840} INFO - DAG(s) 'retailco_master_pipeline' retrieved from /opt/airflow/dags/retailco_dag.py
[2026-05-31T18:01:12.986+0000] {logging_mixin.py:188} INFO - [2026-05-31T18:01:12.986+0000] {dag.py:3096} INFO - Sync 1 DAGs
[2026-05-31T18:01:13.012+0000] {logging_mixin.py:188} INFO - [2026-05-31T18:01:13.012+0000] {dag.py:3954} INFO - Setting next_dagrun for retailco_master_pipeline to 2026-05-31 00:00:00+00:00, run_after=2026-06-01 00:00:00+00:00
[2026-05-31T18:01:13.040+0000] {processor.py:183} INFO - Processing /opt/airflow/dags/retailco_dag.py took 0.135 seconds
[2026-05-31T18:01:43.307+0000] {processor.py:161} INFO - Started process (PID=2666) to work on /opt/airflow/dags/retailco_dag.py
[2026-05-31T18:01:43.308+0000] {processor.py:830} INFO - Processing file /opt/airflow/dags/retailco_dag.py for tasks to queue
[2026-05-31T18:01:43.311+0000] {logging_mixin.py:188} INFO - [2026-05-31T18:01:43.311+0000] {dagbag.py:545} INFO - Filling up the DagBag from /opt/airflow/dags/retailco_dag.py
[2026-05-31T18:01:43.338+0000] {processor.py:840} INFO - DAG(s) 'retailco_master_pipeline' retrieved from /opt/airflow/dags/retailco_dag.py
[2026-05-31T18:01:43.371+0000] {logging_mixin.py:188} INFO - [2026-05-31T18:01:43.371+0000] {dag.py:3096} INFO - Sync 1 DAGs
[2026-05-31T18:01:43.395+0000] {logging_mixin.py:188} INFO - [2026-05-31T18:01:43.395+0000] {dag.py:3954} INFO - Setting next_dagrun for retailco_master_pipeline to 2026-05-31 00:00:00+00:00, run_after=2026-06-01 00:00:00+00:00
[2026-05-31T18:01:43.425+0000] {processor.py:183} INFO - Processing /opt/airflow/dags/retailco_dag.py took 0.125 seconds
[2026-05-31T18:02:13.666+0000] {processor.py:161} INFO - Started process (PID=2671) to work on /opt/airflow/dags/retailco_dag.py
[2026-05-31T18:02:13.668+0000] {processor.py:830} INFO - Processing file /opt/airflow/dags/retailco_dag.py for tasks to queue
[2026-05-31T18:02:13.670+0000] {logging_mixin.py:188} INFO - [2026-05-31T18:02:13.669+0000] {dagbag.py:545} INFO - Filling up the DagBag from /opt/airflow/dags/retailco_dag.py
[2026-05-31T18:02:13.699+0000] {processor.py:840} INFO - DAG(s) 'retailco_master_pipeline' retrieved from /opt/airflow/dags/retailco_dag.py
[2026-05-31T18:02:13.736+0000] {logging_mixin.py:188} INFO - [2026-05-31T18:02:13.736+0000] {dag.py:3096} INFO - Sync 1 DAGs
[2026-05-31T18:02:13.763+0000] {logging_mixin.py:188} INFO - [2026-05-31T18:02:13.763+0000] {dag.py:3954} INFO - Setting next_dagrun for retailco_master_pipeline to 2026-05-31 00:00:00+00:00, run_after=2026-06-01 00:00:00+00:00
[2026-05-31T18:02:13.788+0000] {processor.py:183} INFO - Processing /opt/airflow/dags/retailco_dag.py took 0.128 seconds
[2026-05-31T18:02:44.116+0000] {processor.py:161} INFO - Started process (PID=2676) to work on /opt/airflow/dags/retailco_dag.py
[2026-05-31T18:02:44.118+0000] {processor.py:830} INFO - Processing file /opt/airflow/dags/retailco_dag.py for tasks to queue
[2026-05-31T18:02:44.120+0000] {logging_mixin.py:188} INFO - [2026-05-31T18:02:44.119+0000] {dagbag.py:545} INFO - Filling up the DagBag from /opt/airflow/dags/retailco_dag.py
[2026-05-31T18:02:44.150+0000] {processor.py:840} INFO - DAG(s) 'retailco_master_pipeline' retrieved from /opt/airflow/dags/retailco_dag.py
[2026-05-31T18:02:44.184+0000] {logging_mixin.py:188} INFO - [2026-05-31T18:02:44.183+0000] {dag.py:3096} INFO - Sync 1 DAGs
[2026-05-31T18:02:44.211+0000] {logging_mixin.py:188} INFO - [2026-05-31T18:02:44.211+0000] {dag.py:3954} INFO - Setting next_dagrun for retailco_master_pipeline to 2026-05-31 00:00:00+00:00, run_after=2026-06-01 00:00:00+00:00
[2026-05-31T18:02:44.244+0000] {processor.py:183} INFO - Processing /opt/airflow/dags/retailco_dag.py took 0.135 seconds
[2026-05-31T18:03:14.658+0000] {processor.py:161} INFO - Started process (PID=2681) to work on /opt/airflow/dags/retailco_dag.py
[2026-05-31T18:03:14.659+0000] {processor.py:830} INFO - Processing file /opt/airflow/dags/retailco_dag.py for tasks to queue
[2026-05-31T18:03:14.662+0000] {logging_mixin.py:188} INFO - [2026-05-31T18:03:14.662+0000] {dagbag.py:545} INFO - Filling up the DagBag from /opt/airflow/dags/retailco_dag.py
[2026-05-31T18:03:14.693+0000] {processor.py:840} INFO - DAG(s) 'retailco_master_pipeline' retrieved from /opt/airflow/dags/retailco_dag.py
[2026-05-31T18:03:14.729+0000] {logging_mixin.py:188} INFO - [2026-05-31T18:03:14.729+0000] {dag.py:3096} INFO - Sync 1 DAGs
[2026-05-31T18:03:14.756+0000] {logging_mixin.py:188} INFO - [2026-05-31T18:03:14.755+0000] {dag.py:3954} INFO - Setting next_dagrun for retailco_master_pipeline to 2026-05-31 00:00:00+00:00, run_after=2026-06-01 00:00:00+00:00
[2026-05-31T18:03:14.787+0000] {processor.py:183} INFO - Processing /opt/airflow/dags/retailco_dag.py took 0.139 seconds
[2026-05-31T18:03:45.179+0000] {processor.py:161} INFO - Started process (PID=2686) to work on /opt/airflow/dags/retailco_dag.py
[2026-05-31T18:03:45.181+0000] {processor.py:830} INFO - Processing file /opt/airflow/dags/retailco_dag.py for tasks to queue
[2026-05-31T18:03:45.185+0000] {logging_mixin.py:188} INFO - [2026-05-31T18:03:45.184+0000] {dagbag.py:545} INFO - Filling up the DagBag from /opt/airflow/dags/retailco_dag.py
[2026-05-31T18:03:45.215+0000] {processor.py:840} INFO - DAG(s) 'retailco_master_pipeline' retrieved from /opt/airflow/dags/retailco_dag.py
[2026-05-31T18:03:45.251+0000] {logging_mixin.py:188} INFO - [2026-05-31T18:03:45.251+0000] {dag.py:3096} INFO - Sync 1 DAGs
[2026-05-31T18:03:45.276+0000] {logging_mixin.py:188} INFO - [2026-05-31T18:03:45.275+0000] {dag.py:3954} INFO - Setting next_dagrun for retailco_master_pipeline to 2026-05-31 00:00:00+00:00, run_after=2026-06-01 00:00:00+00:00
[2026-05-31T18:03:45.303+0000] {processor.py:183} INFO - Processing /opt/airflow/dags/retailco_dag.py took 0.132 seconds
[2026-05-31T18:04:15.555+0000] {processor.py:161} INFO - Started process (PID=2691) to work on /opt/airflow/dags/retailco_dag.py
[2026-05-31T18:04:15.556+0000] {processor.py:830} INFO - Processing file /opt/airflow/dags/retailco_dag.py for tasks to queue
[2026-05-31T18:04:15.558+0000] {logging_mixin.py:188} INFO - [2026-05-31T18:04:15.558+0000] {dagbag.py:545} INFO - Filling up the DagBag from /opt/airflow/dags/retailco_dag.py
[2026-05-31T18:04:15.591+0000] {processor.py:840} INFO - DAG(s) 'retailco_master_pipeline' retrieved from /opt/airflow/dags/retailco_dag.py
[2026-05-31T18:04:15.630+0000] {logging_mixin.py:188} INFO - [2026-05-31T18:04:15.629+0000] {dag.py:3096} INFO - Sync 1 DAGs
[2026-05-31T18:04:15.655+0000] {logging_mixin.py:188} INFO - [2026-05-31T18:04:15.655+0000] {dag.py:3954} INFO - Setting next_dagrun for retailco_master_pipeline to 2026-05-31 00:00:00+00:00, run_after=2026-06-01 00:00:00+00:00
[2026-05-31T18:04:15.683+0000] {processor.py:183} INFO - Processing /opt/airflow/dags/retailco_dag.py took 0.137 seconds
[2026-05-31T18:04:46.130+0000] {processor.py:161} INFO - Started process (PID=2696) to work on /opt/airflow/dags/retailco_dag.py
[2026-05-31T18:04:46.131+0000] {processor.py:830} INFO - Processing file /opt/airflow/dags/retailco_dag.py for tasks to queue
[2026-05-31T18:04:46.133+0000] {logging_mixin.py:188} INFO - [2026-05-31T18:04:46.133+0000] {dagbag.py:545} INFO - Filling up the DagBag from /opt/airflow/dags/retailco_dag.py
[2026-05-31T18:04:46.163+0000] {processor.py:840} INFO - DAG(s) 'retailco_master_pipeline' retrieved from /opt/airflow/dags/retailco_dag.py
[2026-05-31T18:04:46.202+0000] {logging_mixin.py:188} INFO - [2026-05-31T18:04:46.202+0000] {dag.py:3096} INFO - Sync 1 DAGs
[2026-05-31T18:04:46.231+0000] {logging_mixin.py:188} INFO - [2026-05-31T18:04:46.231+0000] {dag.py:3954} INFO - Setting next_dagrun for retailco_master_pipeline to 2026-05-31 00:00:00+00:00, run_after=2026-06-01 00:00:00+00:00
[2026-05-31T18:04:46.261+0000] {processor.py:183} INFO - Processing /opt/airflow/dags/retailco_dag.py took 0.137 seconds
[2026-05-31T18:05:16.756+0000] {processor.py:161} INFO - Started process (PID=2701) to work on /opt/airflow/dags/retailco_dag.py
[2026-05-31T18:05:16.757+0000] {processor.py:830} INFO - Processing file /opt/airflow/dags/retailco_dag.py for tasks to queue
[2026-05-31T18:05:16.760+0000] {logging_mixin.py:188} INFO - [2026-05-31T18:05:16.759+0000] {dagbag.py:545} INFO - Filling up the DagBag from /opt/airflow/dags/retailco_dag.py
[2026-05-31T18:05:16.791+0000] {processor.py:840} INFO - DAG(s) 'retailco_master_pipeline' retrieved from /opt/airflow/dags/retailco_dag.py
[2026-05-31T18:05:16.831+0000] {logging_mixin.py:188} INFO - [2026-05-31T18:05:16.830+0000] {dag.py:3096} INFO - Sync 1 DAGs
[2026-05-31T18:05:16.859+0000] {logging_mixin.py:188} INFO - [2026-05-31T18:05:16.858+0000] {dag.py:3954} INFO - Setting next_dagrun for retailco_master_pipeline to 2026-05-31 00:00:00+00:00, run_after=2026-06-01 00:00:00+00:00
[2026-05-31T18:05:16.893+0000] {processor.py:183} INFO - Processing /opt/airflow/dags/retailco_dag.py took 0.144 seconds
[2026-05-31T18:05:47.268+0000] {processor.py:161} INFO - Started process (PID=2706) to work on /opt/airflow/dags/retailco_dag.py
[2026-05-31T18:05:47.269+0000] {processor.py:830} INFO - Processing file /opt/airflow/dags/retailco_dag.py for tasks to queue
[2026-05-31T18:05:47.272+0000] {logging_mixin.py:188} INFO - [2026-05-31T18:05:47.271+0000] {dagbag.py:545} INFO - Filling up the DagBag from /opt/airflow/dags/retailco_dag.py
[2026-05-31T18:05:47.304+0000] {processor.py:840} INFO - DAG(s) 'retailco_master_pipeline' retrieved from /opt/airflow/dags/retailco_dag.py
[2026-05-31T18:05:47.339+0000] {logging_mixin.py:188} INFO - [2026-05-31T18:05:47.338+0000] {dag.py:3096} INFO - Sync 1 DAGs
[2026-05-31T18:05:47.363+0000] {logging_mixin.py:188} INFO - [2026-05-31T18:05:47.363+0000] {dag.py:3954} INFO - Setting next_dagrun for retailco_master_pipeline to 2026-05-31 00:00:00+00:00, run_after=2026-06-01 00:00:00+00:00
[2026-05-31T18:05:47.390+0000] {processor.py:183} INFO - Processing /opt/airflow/dags/retailco_dag.py took 0.131 seconds
[2026-05-31T18:06:17.763+0000] {processor.py:161} INFO - Started process (PID=2711) to work on /opt/airflow/dags/retailco_dag.py
[2026-05-31T18:06:17.764+0000] {processor.py:830} INFO - Processing file /opt/airflow/dags/retailco_dag.py for tasks to queue
[2026-05-31T18:06:17.766+0000] {logging_mixin.py:188} INFO - [2026-05-31T18:06:17.766+0000] {dagbag.py:545} INFO - Filling up the DagBag from /opt/airflow/dags/retailco_dag.py
[2026-05-31T18:06:17.797+0000] {processor.py:840} INFO - DAG(s) 'retailco_master_pipeline' retrieved from /opt/airflow/dags/retailco_dag.py
[2026-05-31T18:06:17.831+0000] {logging_mixin.py:188} INFO - [2026-05-31T18:06:17.831+0000] {dag.py:3096} INFO - Sync 1 DAGs
[2026-05-31T18:06:17.853+0000] {logging_mixin.py:188} INFO - [2026-05-31T18:06:17.853+0000] {dag.py:3954} INFO - Setting next_dagrun for retailco_master_pipeline to 2026-05-31 00:00:00+00:00, run_after=2026-06-01 00:00:00+00:00
[2026-05-31T18:06:17.880+0000] {processor.py:183} INFO - Processing /opt/airflow/dags/retailco_dag.py took 0.124 seconds
[2026-05-31T18:06:48.244+0000] {processor.py:161} INFO - Started process (PID=2716) to work on /opt/airflow/dags/retailco_dag.py
[2026-05-31T18:06:48.245+0000] {processor.py:830} INFO - Processing file /opt/airflow/dags/retailco_dag.py for tasks to queue
[2026-05-31T18:06:48.247+0000] {logging_mixin.py:188} INFO - [2026-05-31T18:06:48.246+0000] {dagbag.py:545} INFO - Filling up the DagBag from /opt/airflow/dags/retailco_dag.py
[2026-05-31T18:06:48.271+0000] {processor.py:840} INFO - DAG(s) 'retailco_master_pipeline' retrieved from /opt/airflow/dags/retailco_dag.py
[2026-05-31T18:06:48.308+0000] {logging_mixin.py:188} INFO - [2026-05-31T18:06:48.308+0000] {dag.py:3096} INFO - Sync 1 DAGs
[2026-05-31T18:06:48.335+0000] {logging_mixin.py:188} INFO - [2026-05-31T18:06:48.335+0000] {dag.py:3954} INFO - Setting next_dagrun for retailco_master_pipeline to 2026-05-31 00:00:00+00:00, run_after=2026-06-01 00:00:00+00:00
[2026-05-31T18:06:48.365+0000] {processor.py:183} INFO - Processing /opt/airflow/dags/retailco_dag.py took 0.128 seconds
[2026-05-31T18:07:18.863+0000] {processor.py:161} INFO - Started process (PID=2721) to work on /opt/airflow/dags/retailco_dag.py
[2026-05-31T18:07:18.864+0000] {processor.py:830} INFO - Processing file /opt/airflow/dags/retailco_dag.py for tasks to queue
[2026-05-31T18:07:18.866+0000] {logging_mixin.py:188} INFO - [2026-05-31T18:07:18.866+0000] {dagbag.py:545} INFO - Filling up the DagBag from /opt/airflow/dags/retailco_dag.py
[2026-05-31T18:07:18.895+0000] {processor.py:840} INFO - DAG(s) 'retailco_master_pipeline' retrieved from /opt/airflow/dags/retailco_dag.py
[2026-05-31T18:07:18.932+0000] {logging_mixin.py:188} INFO - [2026-05-31T18:07:18.931+0000] {dag.py:3096} INFO - Sync 1 DAGs
[2026-05-31T18:07:18.958+0000] {logging_mixin.py:188} INFO - [2026-05-31T18:07:18.958+0000] {dag.py:3954} INFO - Setting next_dagrun for retailco_master_pipeline to 2026-05-31 00:00:00+00:00, run_after=2026-06-01 00:00:00+00:00
[2026-05-31T18:07:18.987+0000] {processor.py:183} INFO - Processing /opt/airflow/dags/retailco_dag.py took 0.130 seconds
[2026-05-31T18:07:49.302+0000] {processor.py:161} INFO - Started process (PID=2726) to work on /opt/airflow/dags/retailco_dag.py
[2026-05-31T18:07:49.303+0000] {processor.py:830} INFO - Processing file /opt/airflow/dags/retailco_dag.py for tasks to queue
[2026-05-31T18:07:49.305+0000] {logging_mixin.py:188} INFO - [2026-05-31T18:07:49.305+0000] {dagbag.py:545} INFO - Filling up the DagBag from /opt/airflow/dags/retailco_dag.py
[2026-05-31T18:07:49.337+0000] {processor.py:840} INFO - DAG(s) 'retailco_master_pipeline' retrieved from /opt/airflow/dags/retailco_dag.py
[2026-05-31T18:07:49.374+0000] {logging_mixin.py:188} INFO - [2026-05-31T18:07:49.373+0000] {dag.py:3096} INFO - Sync 1 DAGs
[2026-05-31T18:07:49.398+0000] {logging_mixin.py:188} INFO - [2026-05-31T18:07:49.398+0000] {dag.py:3954} INFO - Setting next_dagrun for retailco_master_pipeline to 2026-05-31 00:00:00+00:00, run_after=2026-06-01 00:00:00+00:00
[2026-05-31T18:07:49.428+0000] {processor.py:183} INFO - Processing /opt/airflow/dags/retailco_dag.py took 0.133 seconds
[2026-05-31T18:08:19.898+0000] {processor.py:161} INFO - Started process (PID=2731) to work on /opt/airflow/dags/retailco_dag.py
[2026-05-31T18:08:19.899+0000] {processor.py:830} INFO - Processing file /opt/airflow/dags/retailco_dag.py for tasks to queue
[2026-05-31T18:08:19.901+0000] {logging_mixin.py:188} INFO - [2026-05-31T18:08:19.901+0000] {dagbag.py:545} INFO - Filling up the DagBag from /opt/airflow/dags/retailco_dag.py
[2026-05-31T18:08:19.932+0000] {processor.py:840} INFO - DAG(s) 'retailco_master_pipeline' retrieved from /opt/airflow/dags/retailco_dag.py
[2026-05-31T18:08:19.972+0000] {logging_mixin.py:188} INFO - [2026-05-31T18:08:19.972+0000] {dag.py:3096} INFO - Sync 1 DAGs
[2026-05-31T18:08:20.000+0000] {logging_mixin.py:188} INFO - [2026-05-31T18:08:20.000+0000] {dag.py:3954} INFO - Setting next_dagrun for retailco_master_pipeline to 2026-05-31 00:00:00+00:00, run_after=2026-06-01 00:00:00+00:00
[2026-05-31T18:08:20.029+0000] {processor.py:183} INFO - Processing /opt/airflow/dags/retailco_dag.py took 0.140 seconds
[2026-05-31T18:08:50.394+0000] {processor.py:161} INFO - Started process (PID=2736) to work on /opt/airflow/dags/retailco_dag.py
[2026-05-31T18:08:50.395+0000] {processor.py:830} INFO - Processing file /opt/airflow/dags/retailco_dag.py for tasks to queue
[2026-05-31T18:08:50.397+0000] {logging_mixin.py:188} INFO - [2026-05-31T18:08:50.397+0000] {dagbag.py:545} INFO - Filling up the DagBag from /opt/airflow/dags/retailco_dag.py
[2026-05-31T18:08:50.426+0000] {processor.py:840} INFO - DAG(s) 'retailco_master_pipeline' retrieved from /opt/airflow/dags/retailco_dag.py
[2026-05-31T18:08:50.461+0000] {logging_mixin.py:188} INFO - [2026-05-31T18:08:50.461+0000] {dag.py:3096} INFO - Sync 1 DAGs
[2026-05-31T18:08:50.488+0000] {logging_mixin.py:188} INFO - [2026-05-31T18:08:50.488+0000] {dag.py:3954} INFO - Setting next_dagrun for retailco_master_pipeline to 2026-05-31 00:00:00+00:00, run_after=2026-06-01 00:00:00+00:00
[2026-05-31T18:08:50.517+0000] {processor.py:183} INFO - Processing /opt/airflow/dags/retailco_dag.py took 0.130 seconds
[2026-05-31T18:09:21.018+0000] {processor.py:161} INFO - Started process (PID=2741) to work on /opt/airflow/dags/retailco_dag.py
[2026-05-31T18:09:21.020+0000] {processor.py:830} INFO - Processing file /opt/airflow/dags/retailco_dag.py for tasks to queue
[2026-05-31T18:09:21.022+0000] {logging_mixin.py:188} INFO - [2026-05-31T18:09:21.022+0000] {dagbag.py:545} INFO - Filling up the DagBag from /opt/airflow/dags/retailco_dag.py
[2026-05-31T18:09:21.060+0000] {processor.py:840} INFO - DAG(s) 'retailco_master_pipeline' retrieved from /opt/airflow/dags/retailco_dag.py
[2026-05-31T18:09:21.096+0000] {logging_mixin.py:188} INFO - [2026-05-31T18:09:21.096+0000] {dag.py:3096} INFO - Sync 1 DAGs
[2026-05-31T18:09:21.123+0000] {logging_mixin.py:188} INFO - [2026-05-31T18:09:21.123+0000] {dag.py:3954} INFO - Setting next_dagrun for retailco_master_pipeline to 2026-05-31 00:00:00+00:00, run_after=2026-06-01 00:00:00+00:00
[2026-05-31T18:09:21.157+0000] {processor.py:183} INFO - Processing /opt/airflow/dags/retailco_dag.py took 0.146 seconds
[2026-05-31T18:09:51.513+0000] {processor.py:161} INFO - Started process (PID=2746) to work on /opt/airflow/dags/retailco_dag.py
[2026-05-31T18:09:51.515+0000] {processor.py:830} INFO - Processing file /opt/airflow/dags/retailco_dag.py for tasks to queue
[2026-05-31T18:09:51.517+0000] {logging_mixin.py:188} INFO - [2026-05-31T18:09:51.517+0000] {dagbag.py:545} INFO - Filling up the DagBag from /opt/airflow/dags/retailco_dag.py
[2026-05-31T18:09:51.554+0000] {processor.py:840} INFO - DAG(s) 'retailco_master_pipeline' retrieved from /opt/airflow/dags/retailco_dag.py
[2026-05-31T18:09:51.591+0000] {logging_mixin.py:188} INFO - [2026-05-31T18:09:51.591+0000] {dag.py:3096} INFO - Sync 1 DAGs
[2026-05-31T18:09:51.617+0000] {logging_mixin.py:188} INFO - [2026-05-31T18:09:51.617+0000] {dag.py:3954} INFO - Setting next_dagrun for retailco_master_pipeline to 2026-05-31 00:00:00+00:00, run_after=2026-06-01 00:00:00+00:00
[2026-05-31T18:09:51.647+0000] {processor.py:183} INFO - Processing /opt/airflow/dags/retailco_dag.py took 0.141 seconds
[2026-05-31T18:10:22.084+0000] {processor.py:161} INFO - Started process (PID=2751) to work on /opt/airflow/dags/retailco_dag.py
[2026-05-31T18:10:22.086+0000] {processor.py:830} INFO - Processing file /opt/airflow/dags/retailco_dag.py for tasks to queue
[2026-05-31T18:10:22.088+0000] {logging_mixin.py:188} INFO - [2026-05-31T18:10:22.088+0000] {dagbag.py:545} INFO - Filling up the DagBag from /opt/airflow/dags/retailco_dag.py
[2026-05-31T18:10:22.118+0000] {processor.py:840} INFO - DAG(s) 'retailco_master_pipeline' retrieved from /opt/airflow/dags/retailco_dag.py
[2026-05-31T18:10:22.157+0000] {logging_mixin.py:188} INFO - [2026-05-31T18:10:22.157+0000] {dag.py:3096} INFO - Sync 1 DAGs
[2026-05-31T18:10:22.185+0000] {logging_mixin.py:188} INFO - [2026-05-31T18:10:22.185+0000] {dag.py:3954} INFO - Setting next_dagrun for retailco_master_pipeline to 2026-05-31 00:00:00+00:00, run_after=2026-06-01 00:00:00+00:00
[2026-05-31T18:10:22.218+0000] {processor.py:183} INFO - Processing /opt/airflow/dags/retailco_dag.py took 0.140 seconds
[2026-05-31T18:10:52.629+0000] {processor.py:161} INFO - Started process (PID=2756) to work on /opt/airflow/dags/retailco_dag.py
[2026-05-31T18:10:52.630+0000] {processor.py:830} INFO - Processing file /opt/airflow/dags/retailco_dag.py for tasks to queue
[2026-05-31T18:10:52.632+0000] {logging_mixin.py:188} INFO - [2026-05-31T18:10:52.632+0000] {dagbag.py:545} INFO - Filling up the DagBag from /opt/airflow/dags/retailco_dag.py
[2026-05-31T18:10:52.665+0000] {processor.py:840} INFO - DAG(s) 'retailco_master_pipeline' retrieved from /opt/airflow/dags/retailco_dag.py
[2026-05-31T18:10:52.702+0000] {logging_mixin.py:188} INFO - [2026-05-31T18:10:52.701+0000] {dag.py:3096} INFO - Sync 1 DAGs
[2026-05-31T18:10:52.730+0000] {logging_mixin.py:188} INFO - [2026-05-31T18:10:52.730+0000] {dag.py:3954} INFO - Setting next_dagrun for retailco_master_pipeline to 2026-05-31 00:00:00+00:00, run_after=2026-06-01 00:00:00+00:00
[2026-05-31T18:10:52.764+0000] {processor.py:183} INFO - Processing /opt/airflow/dags/retailco_dag.py took 0.141 seconds
[2026-05-31T18:11:23.167+0000] {processor.py:161} INFO - Started process (PID=2761) to work on /opt/airflow/dags/retailco_dag.py
[2026-05-31T18:11:23.168+0000] {processor.py:830} INFO - Processing file /opt/airflow/dags/retailco_dag.py for tasks to queue
[2026-05-31T18:11:23.170+0000] {logging_mixin.py:188} INFO - [2026-05-31T18:11:23.170+0000] {dagbag.py:545} INFO - Filling up the DagBag from /opt/airflow/dags/retailco_dag.py
[2026-05-31T18:11:23.198+0000] {processor.py:840} INFO - DAG(s) 'retailco_master_pipeline' retrieved from /opt/airflow/dags/retailco_dag.py
[2026-05-31T18:11:23.234+0000] {logging_mixin.py:188} INFO - [2026-05-31T18:11:23.233+0000] {dag.py:3096} INFO - Sync 1 DAGs
[2026-05-31T18:11:23.261+0000] {logging_mixin.py:188} INFO - [2026-05-31T18:11:23.261+0000] {dag.py:3954} INFO - Setting next_dagrun for retailco_master_pipeline to 2026-05-31 00:00:00+00:00, run_after=2026-06-01 00:00:00+00:00
[2026-05-31T18:11:23.291+0000] {processor.py:183} INFO - Processing /opt/airflow/dags/retailco_dag.py took 0.132 seconds
[2026-05-31T18:11:53.871+0000] {processor.py:161} INFO - Started process (PID=2766) to work on /opt/airflow/dags/retailco_dag.py
[2026-05-31T18:11:53.872+0000] {processor.py:830} INFO - Processing file /opt/airflow/dags/retailco_dag.py for tasks to queue
[2026-05-31T18:11:53.874+0000] {logging_mixin.py:188} INFO - [2026-05-31T18:11:53.874+0000] {dagbag.py:545} INFO - Filling up the DagBag from /opt/airflow/dags/retailco_dag.py
[2026-05-31T18:11:53.911+0000] {processor.py:840} INFO - DAG(s) 'retailco_master_pipeline' retrieved from /opt/airflow/dags/retailco_dag.py
[2026-05-31T18:11:53.945+0000] {logging_mixin.py:188} INFO - [2026-05-31T18:11:53.944+0000] {dag.py:3096} INFO - Sync 1 DAGs
[2026-05-31T18:11:53.972+0000] {logging_mixin.py:188} INFO - [2026-05-31T18:11:53.972+0000] {dag.py:3954} INFO - Setting next_dagrun for retailco_master_pipeline to 2026-05-31 00:00:00+00:00, run_after=2026-06-01 00:00:00+00:00
[2026-05-31T18:11:54.000+0000] {processor.py:183} INFO - Processing /opt/airflow/dags/retailco_dag.py took 0.135 seconds
[2026-05-31T18:12:24.255+0000] {processor.py:161} INFO - Started process (PID=2771) to work on /opt/airflow/dags/retailco_dag.py
[2026-05-31T18:12:24.256+0000] {processor.py:830} INFO - Processing file /opt/airflow/dags/retailco_dag.py for tasks to queue
[2026-05-31T18:12:24.258+0000] {logging_mixin.py:188} INFO - [2026-05-31T18:12:24.257+0000] {dagbag.py:545} INFO - Filling up the DagBag from /opt/airflow/dags/retailco_dag.py
[2026-05-31T18:12:24.282+0000] {processor.py:840} INFO - DAG(s) 'retailco_master_pipeline' retrieved from /opt/airflow/dags/retailco_dag.py
[2026-05-31T18:12:24.318+0000] {logging_mixin.py:188} INFO - [2026-05-31T18:12:24.318+0000] {dag.py:3096} INFO - Sync 1 DAGs
[2026-05-31T18:12:24.349+0000] {logging_mixin.py:188} INFO - [2026-05-31T18:12:24.349+0000] {dag.py:3954} INFO - Setting next_dagrun for retailco_master_pipeline to 2026-05-31 00:00:00+00:00, run_after=2026-06-01 00:00:00+00:00
[2026-05-31T18:12:24.380+0000] {processor.py:183} INFO - Processing /opt/airflow/dags/retailco_dag.py took 0.132 seconds
[2026-05-31T18:12:54.870+0000] {processor.py:161} INFO - Started process (PID=2776) to work on /opt/airflow/dags/retailco_dag.py
[2026-05-31T18:12:54.872+0000] {processor.py:830} INFO - Processing file /opt/airflow/dags/retailco_dag.py for tasks to queue
[2026-05-31T18:12:54.874+0000] {logging_mixin.py:188} INFO - [2026-05-31T18:12:54.874+0000] {dagbag.py:545} INFO - Filling up the DagBag from /opt/airflow/dags/retailco_dag.py
[2026-05-31T18:12:54.907+0000] {processor.py:840} INFO - DAG(s) 'retailco_master_pipeline' retrieved from /opt/airflow/dags/retailco_dag.py
[2026-05-31T18:12:54.939+0000] {logging_mixin.py:188} INFO - [2026-05-31T18:12:54.939+0000] {dag.py:3096} INFO - Sync 1 DAGs
[2026-05-31T18:12:54.962+0000] {logging_mixin.py:188} INFO - [2026-05-31T18:12:54.962+0000] {dag.py:3954} INFO - Setting next_dagrun for retailco_master_pipeline to 2026-05-31 00:00:00+00:00, run_after=2026-06-01 00:00:00+00:00
[2026-05-31T18:12:54.993+0000] {processor.py:183} INFO - Processing /opt/airflow/dags/retailco_dag.py took 0.130 seconds
[2026-05-31T18:13:25.401+0000] {processor.py:161} INFO - Started process (PID=2781) to work on /opt/airflow/dags/retailco_dag.py
[2026-05-31T18:13:25.402+0000] {processor.py:830} INFO - Processing file /opt/airflow/dags/retailco_dag.py for tasks to queue
[2026-05-31T18:13:25.404+0000] {logging_mixin.py:188} INFO - [2026-05-31T18:13:25.404+0000] {dagbag.py:545} INFO - Filling up the DagBag from /opt/airflow/dags/retailco_dag.py
[2026-05-31T18:13:25.436+0000] {processor.py:840} INFO - DAG(s) 'retailco_master_pipeline' retrieved from /opt/airflow/dags/retailco_dag.py
[2026-05-31T18:13:25.470+0000] {logging_mixin.py:188} INFO - [2026-05-31T18:13:25.470+0000] {dag.py:3096} INFO - Sync 1 DAGs
[2026-05-31T18:13:25.495+0000] {logging_mixin.py:188} INFO - [2026-05-31T18:13:25.495+0000] {dag.py:3954} INFO - Setting next_dagrun for retailco_master_pipeline to 2026-05-31 00:00:00+00:00, run_after=2026-06-01 00:00:00+00:00
[2026-05-31T18:13:25.519+0000] {processor.py:183} INFO - Processing /opt/airflow/dags/retailco_dag.py took 0.124 seconds
[2026-05-31T18:13:55.922+0000] {processor.py:161} INFO - Started process (PID=2786) to work on /opt/airflow/dags/retailco_dag.py
[2026-05-31T18:13:55.924+0000] {processor.py:830} INFO - Processing file /opt/airflow/dags/retailco_dag.py for tasks to queue
[2026-05-31T18:13:55.926+0000] {logging_mixin.py:188} INFO - [2026-05-31T18:13:55.926+0000] {dagbag.py:545} INFO - Filling up the DagBag from /opt/airflow/dags/retailco_dag.py
[2026-05-31T18:13:55.958+0000] {processor.py:840} INFO - DAG(s) 'retailco_master_pipeline' retrieved from /opt/airflow/dags/retailco_dag.py
[2026-05-31T18:13:55.991+0000] {logging_mixin.py:188} INFO - [2026-05-31T18:13:55.991+0000] {dag.py:3096} INFO - Sync 1 DAGs
[2026-05-31T18:13:56.015+0000] {logging_mixin.py:188} INFO - [2026-05-31T18:13:56.014+0000] {dag.py:3954} INFO - Setting next_dagrun for retailco_master_pipeline to 2026-05-31 00:00:00+00:00, run_after=2026-06-01 00:00:00+00:00
[2026-05-31T18:13:56.043+0000] {processor.py:183} INFO - Processing /opt/airflow/dags/retailco_dag.py took 0.129 seconds
[2026-05-31T18:14:26.437+0000] {processor.py:161} INFO - Started process (PID=2791) to work on /opt/airflow/dags/retailco_dag.py
[2026-05-31T18:14:26.439+0000] {processor.py:830} INFO - Processing file /opt/airflow/dags/retailco_dag.py for tasks to queue
[2026-05-31T18:14:26.441+0000] {logging_mixin.py:188} INFO - [2026-05-31T18:14:26.441+0000] {dagbag.py:545} INFO - Filling up the DagBag from /opt/airflow/dags/retailco_dag.py
[2026-05-31T18:14:26.469+0000] {processor.py:840} INFO - DAG(s) 'retailco_master_pipeline' retrieved from /opt/airflow/dags/retailco_dag.py
[2026-05-31T18:14:26.503+0000] {logging_mixin.py:188} INFO - [2026-05-31T18:14:26.502+0000] {dag.py:3096} INFO - Sync 1 DAGs
[2026-05-31T18:14:26.525+0000] {logging_mixin.py:188} INFO - [2026-05-31T18:14:26.525+0000] {dag.py:3954} INFO - Setting next_dagrun for retailco_master_pipeline to 2026-05-31 00:00:00+00:00, run_after=2026-06-01 00:00:00+00:00
[2026-05-31T18:14:26.549+0000] {processor.py:183} INFO - Processing /opt/airflow/dags/retailco_dag.py took 0.119 seconds
[2026-05-31T18:14:56.903+0000] {processor.py:161} INFO - Started process (PID=2796) to work on /opt/airflow/dags/retailco_dag.py
[2026-05-31T18:14:56.905+0000] {processor.py:830} INFO - Processing file /opt/airflow/dags/retailco_dag.py for tasks to queue
[2026-05-31T18:14:56.908+0000] {logging_mixin.py:188} INFO - [2026-05-31T18:14:56.908+0000] {dagbag.py:545} INFO - Filling up the DagBag from /opt/airflow/dags/retailco_dag.py
[2026-05-31T18:14:56.943+0000] {processor.py:840} INFO - DAG(s) 'retailco_master_pipeline' retrieved from /opt/airflow/dags/retailco_dag.py
[2026-05-31T18:14:56.976+0000] {logging_mixin.py:188} INFO - [2026-05-31T18:14:56.976+0000] {dag.py:3096} INFO - Sync 1 DAGs
[2026-05-31T18:14:57.003+0000] {logging_mixin.py:188} INFO - [2026-05-31T18:14:57.002+0000] {dag.py:3954} INFO - Setting next_dagrun for retailco_master_pipeline to 2026-05-31 00:00:00+00:00, run_after=2026-06-01 00:00:00+00:00
[2026-05-31T18:14:57.028+0000] {processor.py:183} INFO - Processing /opt/airflow/dags/retailco_dag.py took 0.134 seconds
[2026-05-31T18:15:27.594+0000] {processor.py:161} INFO - Started process (PID=2801) to work on /opt/airflow/dags/retailco_dag.py
[2026-05-31T18:15:27.596+0000] {processor.py:830} INFO - Processing file /opt/airflow/dags/retailco_dag.py for tasks to queue
[2026-05-31T18:15:27.599+0000] {logging_mixin.py:188} INFO - [2026-05-31T18:15:27.598+0000] {dagbag.py:545} INFO - Filling up the DagBag from /opt/airflow/dags/retailco_dag.py
[2026-05-31T18:15:27.633+0000] {processor.py:840} INFO - DAG(s) 'retailco_master_pipeline' retrieved from /opt/airflow/dags/retailco_dag.py
[2026-05-31T18:15:27.669+0000] {logging_mixin.py:188} INFO - [2026-05-31T18:15:27.669+0000] {dag.py:3096} INFO - Sync 1 DAGs
[2026-05-31T18:15:27.693+0000] {logging_mixin.py:188} INFO - [2026-05-31T18:15:27.693+0000] {dag.py:3954} INFO - Setting next_dagrun for retailco_master_pipeline to 2026-05-31 00:00:00+00:00, run_after=2026-06-01 00:00:00+00:00
[2026-05-31T18:15:27.720+0000] {processor.py:183} INFO - Processing /opt/airflow/dags/retailco_dag.py took 0.133 seconds
[2026-05-31T18:15:58.123+0000] {processor.py:161} INFO - Started process (PID=2806) to work on /opt/airflow/dags/retailco_dag.py
[2026-05-31T18:15:58.125+0000] {processor.py:830} INFO - Processing file /opt/airflow/dags/retailco_dag.py for tasks to queue
[2026-05-31T18:15:58.128+0000] {logging_mixin.py:188} INFO - [2026-05-31T18:15:58.128+0000] {dagbag.py:545} INFO - Filling up the DagBag from /opt/airflow/dags/retailco_dag.py
[2026-05-31T18:15:58.160+0000] {processor.py:840} INFO - DAG(s) 'retailco_master_pipeline' retrieved from /opt/airflow/dags/retailco_dag.py
[2026-05-31T18:15:58.193+0000] {logging_mixin.py:188} INFO - [2026-05-31T18:15:58.193+0000] {dag.py:3096} INFO - Sync 1 DAGs
[2026-05-31T18:15:58.217+0000] {logging_mixin.py:188} INFO - [2026-05-31T18:15:58.217+0000] {dag.py:3954} INFO - Setting next_dagrun for retailco_master_pipeline to 2026-05-31 00:00:00+00:00, run_after=2026-06-01 00:00:00+00:00
[2026-05-31T18:15:58.247+0000] {processor.py:183} INFO - Processing /opt/airflow/dags/retailco_dag.py took 0.131 seconds
[2026-05-31T18:16:28.586+0000] {processor.py:161} INFO - Started process (PID=2811) to work on /opt/airflow/dags/retailco_dag.py
[2026-05-31T18:16:28.588+0000] {processor.py:830} INFO - Processing file /opt/airflow/dags/retailco_dag.py for tasks to queue
[2026-05-31T18:16:28.591+0000] {logging_mixin.py:188} INFO - [2026-05-31T18:16:28.591+0000] {dagbag.py:545} INFO - Filling up the DagBag from /opt/airflow/dags/retailco_dag.py
[2026-05-31T18:16:28.656+0000] {processor.py:840} INFO - DAG(s) 'retailco_master_pipeline' retrieved from /opt/airflow/dags/retailco_dag.py
[2026-05-31T18:16:28.705+0000] {logging_mixin.py:188} INFO - [2026-05-31T18:16:28.705+0000] {dag.py:3096} INFO - Sync 1 DAGs
[2026-05-31T18:16:28.755+0000] {logging_mixin.py:188} INFO - [2026-05-31T18:16:28.755+0000] {dag.py:3954} INFO - Setting next_dagrun for retailco_master_pipeline to 2026-05-31 00:00:00+00:00, run_after=2026-06-01 00:00:00+00:00
[2026-05-31T18:16:28.778+0000] {processor.py:183} INFO - Processing /opt/airflow/dags/retailco_dag.py took 0.208 seconds
[2026-05-31T18:16:59.154+0000] {processor.py:161} INFO - Started process (PID=2816) to work on /opt/airflow/dags/retailco_dag.py
[2026-05-31T18:16:59.156+0000] {processor.py:830} INFO - Processing file /opt/airflow/dags/retailco_dag.py for tasks to queue
[2026-05-31T18:16:59.161+0000] {logging_mixin.py:188} INFO - [2026-05-31T18:16:59.160+0000] {dagbag.py:545} INFO - Filling up the DagBag from /opt/airflow/dags/retailco_dag.py
[2026-05-31T18:16:59.199+0000] {processor.py:840} INFO - DAG(s) 'retailco_master_pipeline' retrieved from /opt/airflow/dags/retailco_dag.py
[2026-05-31T18:16:59.240+0000] {logging_mixin.py:188} INFO - [2026-05-31T18:16:59.240+0000] {dag.py:3096} INFO - Sync 1 DAGs
[2026-05-31T18:16:59.268+0000] {logging_mixin.py:188} INFO - [2026-05-31T18:16:59.268+0000] {dag.py:3954} INFO - Setting next_dagrun for retailco_master_pipeline to 2026-05-31 00:00:00+00:00, run_after=2026-06-01 00:00:00+00:00
[2026-05-31T18:16:59.298+0000] {processor.py:183} INFO - Processing /opt/airflow/dags/retailco_dag.py took 0.160 seconds
[2026-05-31T18:17:29.731+0000] {processor.py:161} INFO - Started process (PID=2821) to work on /opt/airflow/dags/retailco_dag.py
[2026-05-31T18:17:29.732+0000] {processor.py:830} INFO - Processing file /opt/airflow/dags/retailco_dag.py for tasks to queue
[2026-05-31T18:17:29.734+0000] {logging_mixin.py:188} INFO - [2026-05-31T18:17:29.733+0000] {dagbag.py:545} INFO - Filling up the DagBag from /opt/airflow/dags/retailco_dag.py
[2026-05-31T18:17:29.764+0000] {processor.py:840} INFO - DAG(s) 'retailco_master_pipeline' retrieved from /opt/airflow/dags/retailco_dag.py
[2026-05-31T18:17:29.803+0000] {logging_mixin.py:188} INFO - [2026-05-31T18:17:29.803+0000] {dag.py:3096} INFO - Sync 1 DAGs
[2026-05-31T18:17:29.831+0000] {logging_mixin.py:188} INFO - [2026-05-31T18:17:29.830+0000] {dag.py:3954} INFO - Setting next_dagrun for retailco_master_pipeline to 2026-05-31 00:00:00+00:00, run_after=2026-06-01 00:00:00+00:00
[2026-05-31T18:17:29.861+0000] {processor.py:183} INFO - Processing /opt/airflow/dags/retailco_dag.py took 0.138 seconds
[2026-05-31T18:18:00.372+0000] {processor.py:161} INFO - Started process (PID=2826) to work on /opt/airflow/dags/retailco_dag.py
[2026-05-31T18:18:00.373+0000] {processor.py:830} INFO - Processing file /opt/airflow/dags/retailco_dag.py for tasks to queue
[2026-05-31T18:18:00.376+0000] {logging_mixin.py:188} INFO - [2026-05-31T18:18:00.375+0000] {dagbag.py:545} INFO - Filling up the DagBag from /opt/airflow/dags/retailco_dag.py
[2026-05-31T18:18:00.412+0000] {processor.py:840} INFO - DAG(s) 'retailco_master_pipeline' retrieved from /opt/airflow/dags/retailco_dag.py
[2026-05-31T18:18:00.450+0000] {logging_mixin.py:188} INFO - [2026-05-31T18:18:00.449+0000] {dag.py:3096} INFO - Sync 1 DAGs
[2026-05-31T18:18:00.478+0000] {logging_mixin.py:188} INFO - [2026-05-31T18:18:00.478+0000] {dag.py:3954} INFO - Setting next_dagrun for retailco_master_pipeline to 2026-05-31 00:00:00+00:00, run_after=2026-06-01 00:00:00+00:00
[2026-05-31T18:18:00.503+0000] {processor.py:183} INFO - Processing /opt/airflow/dags/retailco_dag.py took 0.141 seconds
[2026-05-31T18:18:30.802+0000] {processor.py:161} INFO - Started process (PID=2831) to work on /opt/airflow/dags/retailco_dag.py
[2026-05-31T18:18:30.803+0000] {processor.py:830} INFO - Processing file /opt/airflow/dags/retailco_dag.py for tasks to queue
[2026-05-31T18:18:30.806+0000] {logging_mixin.py:188} INFO - [2026-05-31T18:18:30.805+0000] {dagbag.py:545} INFO - Filling up the DagBag from /opt/airflow/dags/retailco_dag.py
[2026-05-31T18:18:30.838+0000] {processor.py:840} INFO - DAG(s) 'retailco_master_pipeline' retrieved from /opt/airflow/dags/retailco_dag.py
[2026-05-31T18:18:30.890+0000] {logging_mixin.py:188} INFO - [2026-05-31T18:18:30.889+0000] {dag.py:3096} INFO - Sync 1 DAGs
[2026-05-31T18:18:30.919+0000] {logging_mixin.py:188} INFO - [2026-05-31T18:18:30.919+0000] {dag.py:3954} INFO - Setting next_dagrun for retailco_master_pipeline to 2026-05-31 00:00:00+00:00, run_after=2026-06-01 00:00:00+00:00
[2026-05-31T18:18:30.953+0000] {processor.py:183} INFO - Processing /opt/airflow/dags/retailco_dag.py took 0.161 seconds
[2026-05-31T18:19:01.338+0000] {processor.py:161} INFO - Started process (PID=2836) to work on /opt/airflow/dags/retailco_dag.py
[2026-05-31T18:19:01.340+0000] {processor.py:830} INFO - Processing file /opt/airflow/dags/retailco_dag.py for tasks to queue
[2026-05-31T18:19:01.342+0000] {logging_mixin.py:188} INFO - [2026-05-31T18:19:01.342+0000] {dagbag.py:545} INFO - Filling up the DagBag from /opt/airflow/dags/retailco_dag.py
[2026-05-31T18:19:01.371+0000] {processor.py:840} INFO - DAG(s) 'retailco_master_pipeline' retrieved from /opt/airflow/dags/retailco_dag.py
[2026-05-31T18:19:01.411+0000] {logging_mixin.py:188} INFO - [2026-05-31T18:19:01.410+0000] {dag.py:3096} INFO - Sync 1 DAGs
[2026-05-31T18:19:01.438+0000] {logging_mixin.py:188} INFO - [2026-05-31T18:19:01.438+0000] {dag.py:3954} INFO - Setting next_dagrun for retailco_master_pipeline to 2026-05-31 00:00:00+00:00, run_after=2026-06-01 00:00:00+00:00
[2026-05-31T18:19:01.468+0000] {processor.py:183} INFO - Processing /opt/airflow/dags/retailco_dag.py took 0.137 seconds
[2026-05-31T18:19:32.000+0000] {processor.py:161} INFO - Started process (PID=2841) to work on /opt/airflow/dags/retailco_dag.py
[2026-05-31T18:19:32.002+0000] {processor.py:830} INFO - Processing file /opt/airflow/dags/retailco_dag.py for tasks to queue
[2026-05-31T18:19:32.005+0000] {logging_mixin.py:188} INFO - [2026-05-31T18:19:32.004+0000] {dagbag.py:545} INFO - Filling up the DagBag from /opt/airflow/dags/retailco_dag.py
[2026-05-31T18:19:32.040+0000] {processor.py:840} INFO - DAG(s) 'retailco_master_pipeline' retrieved from /opt/airflow/dags/retailco_dag.py
[2026-05-31T18:19:32.077+0000] {logging_mixin.py:188} INFO - [2026-05-31T18:19:32.077+0000] {dag.py:3096} INFO - Sync 1 DAGs
[2026-05-31T18:19:32.107+0000] {logging_mixin.py:188} INFO - [2026-05-31T18:19:32.107+0000] {dag.py:3954} INFO - Setting next_dagrun for retailco_master_pipeline to 2026-05-31 00:00:00+00:00, run_after=2026-06-01 00:00:00+00:00
[2026-05-31T18:19:32.137+0000] {processor.py:183} INFO - Processing /opt/airflow/dags/retailco_dag.py took 0.146 seconds
[2026-05-31T18:20:02.500+0000] {processor.py:161} INFO - Started process (PID=2846) to work on /opt/airflow/dags/retailco_dag.py
[2026-05-31T18:20:02.501+0000] {processor.py:830} INFO - Processing file /opt/airflow/dags/retailco_dag.py for tasks to queue
[2026-05-31T18:20:02.504+0000] {logging_mixin.py:188} INFO - [2026-05-31T18:20:02.503+0000] {dagbag.py:545} INFO - Filling up the DagBag from /opt/airflow/dags/retailco_dag.py
[2026-05-31T18:20:02.537+0000] {processor.py:840} INFO - DAG(s) 'retailco_master_pipeline' retrieved from /opt/airflow/dags/retailco_dag.py
[2026-05-31T18:20:02.576+0000] {logging_mixin.py:188} INFO - [2026-05-31T18:20:02.576+0000] {dag.py:3096} INFO - Sync 1 DAGs
[2026-05-31T18:20:02.607+0000] {logging_mixin.py:188} INFO - [2026-05-31T18:20:02.607+0000] {dag.py:3954} INFO - Setting next_dagrun for retailco_master_pipeline to 2026-05-31 00:00:00+00:00, run_after=2026-06-01 00:00:00+00:00
[2026-05-31T18:20:02.633+0000] {processor.py:183} INFO - Processing /opt/airflow/dags/retailco_dag.py took 0.141 seconds
[2026-05-31T18:20:33.040+0000] {processor.py:161} INFO - Started process (PID=2851) to work on /opt/airflow/dags/retailco_dag.py
[2026-05-31T18:20:33.041+0000] {processor.py:830} INFO - Processing file /opt/airflow/dags/retailco_dag.py for tasks to queue
[2026-05-31T18:20:33.043+0000] {logging_mixin.py:188} INFO - [2026-05-31T18:20:33.043+0000] {dagbag.py:545} INFO - Filling up the DagBag from /opt/airflow/dags/retailco_dag.py
[2026-05-31T18:20:33.071+0000] {processor.py:840} INFO - DAG(s) 'retailco_master_pipeline' retrieved from /opt/airflow/dags/retailco_dag.py
[2026-05-31T18:20:33.107+0000] {logging_mixin.py:188} INFO - [2026-05-31T18:20:33.106+0000] {dag.py:3096} INFO - Sync 1 DAGs
[2026-05-31T18:20:33.133+0000] {logging_mixin.py:188} INFO - [2026-05-31T18:20:33.133+0000] {dag.py:3954} INFO - Setting next_dagrun for retailco_master_pipeline to 2026-05-31 00:00:00+00:00, run_after=2026-06-01 00:00:00+00:00
[2026-05-31T18:20:33.164+0000] {processor.py:183} INFO - Processing /opt/airflow/dags/retailco_dag.py took 0.131 seconds
[2026-05-31T18:21:03.592+0000] {processor.py:161} INFO - Started process (PID=2856) to work on /opt/airflow/dags/retailco_dag.py
[2026-05-31T18:21:03.593+0000] {processor.py:830} INFO - Processing file /opt/airflow/dags/retailco_dag.py for tasks to queue
[2026-05-31T18:21:03.595+0000] {logging_mixin.py:188} INFO - [2026-05-31T18:21:03.595+0000] {dagbag.py:545} INFO - Filling up the DagBag from /opt/airflow/dags/retailco_dag.py
[2026-05-31T18:21:03.623+0000] {processor.py:840} INFO - DAG(s) 'retailco_master_pipeline' retrieved from /opt/airflow/dags/retailco_dag.py
[2026-05-31T18:21:03.660+0000] {logging_mixin.py:188} INFO - [2026-05-31T18:21:03.660+0000] {dag.py:3096} INFO - Sync 1 DAGs
[2026-05-31T18:21:03.687+0000] {logging_mixin.py:188} INFO - [2026-05-31T18:21:03.687+0000] {dag.py:3954} INFO - Setting next_dagrun for retailco_master_pipeline to 2026-05-31 00:00:00+00:00, run_after=2026-06-01 00:00:00+00:00
[2026-05-31T18:21:03.718+0000] {processor.py:183} INFO - Processing /opt/airflow/dags/retailco_dag.py took 0.132 seconds
[2026-05-31T18:21:34.078+0000] {processor.py:161} INFO - Started process (PID=2861) to work on /opt/airflow/dags/retailco_dag.py
[2026-05-31T18:21:34.079+0000] {processor.py:830} INFO - Processing file /opt/airflow/dags/retailco_dag.py for tasks to queue
[2026-05-31T18:21:34.082+0000] {logging_mixin.py:188} INFO - [2026-05-31T18:21:34.082+0000] {dagbag.py:545} INFO - Filling up the DagBag from /opt/airflow/dags/retailco_dag.py
[2026-05-31T18:21:34.113+0000] {processor.py:840} INFO - DAG(s) 'retailco_master_pipeline' retrieved from /opt/airflow/dags/retailco_dag.py
[2026-05-31T18:21:34.156+0000] {logging_mixin.py:188} INFO - [2026-05-31T18:21:34.156+0000] {dag.py:3096} INFO - Sync 1 DAGs
[2026-05-31T18:21:34.184+0000] {logging_mixin.py:188} INFO - [2026-05-31T18:21:34.184+0000] {dag.py:3954} INFO - Setting next_dagrun for retailco_master_pipeline to 2026-05-31 00:00:00+00:00, run_after=2026-06-01 00:00:00+00:00
[2026-05-31T18:21:34.212+0000] {processor.py:183} INFO - Processing /opt/airflow/dags/retailco_dag.py took 0.142 seconds
[2026-05-31T18:22:04.600+0000] {processor.py:161} INFO - Started process (PID=2866) to work on /opt/airflow/dags/retailco_dag.py
[2026-05-31T18:22:04.601+0000] {processor.py:830} INFO - Processing file /opt/airflow/dags/retailco_dag.py for tasks to queue
[2026-05-31T18:22:04.603+0000] {logging_mixin.py:188} INFO - [2026-05-31T18:22:04.603+0000] {dagbag.py:545} INFO - Filling up the DagBag from /opt/airflow/dags/retailco_dag.py
[2026-05-31T18:22:04.634+0000] {processor.py:840} INFO - DAG(s) 'retailco_master_pipeline' retrieved from /opt/airflow/dags/retailco_dag.py
[2026-05-31T18:22:04.672+0000] {logging_mixin.py:188} INFO - [2026-05-31T18:22:04.672+0000] {dag.py:3096} INFO - Sync 1 DAGs
[2026-05-31T18:22:04.703+0000] {logging_mixin.py:188} INFO - [2026-05-31T18:22:04.703+0000] {dag.py:3954} INFO - Setting next_dagrun for retailco_master_pipeline to 2026-05-31 00:00:00+00:00, run_after=2026-06-01 00:00:00+00:00
[2026-05-31T18:22:04.726+0000] {processor.py:183} INFO - Processing /opt/airflow/dags/retailco_dag.py took 0.133 seconds
[2026-05-31T18:22:35.131+0000] {processor.py:161} INFO - Started process (PID=2871) to work on /opt/airflow/dags/retailco_dag.py
[2026-05-31T18:22:35.132+0000] {processor.py:830} INFO - Processing file /opt/airflow/dags/retailco_dag.py for tasks to queue
[2026-05-31T18:22:35.134+0000] {logging_mixin.py:188} INFO - [2026-05-31T18:22:35.134+0000] {dagbag.py:545} INFO - Filling up the DagBag from /opt/airflow/dags/retailco_dag.py
[2026-05-31T18:22:35.163+0000] {processor.py:840} INFO - DAG(s) 'retailco_master_pipeline' retrieved from /opt/airflow/dags/retailco_dag.py
[2026-05-31T18:22:35.205+0000] {logging_mixin.py:188} INFO - [2026-05-31T18:22:35.205+0000] {dag.py:3096} INFO - Sync 1 DAGs
[2026-05-31T18:22:35.234+0000] {logging_mixin.py:188} INFO - [2026-05-31T18:22:35.234+0000] {dag.py:3954} INFO - Setting next_dagrun for retailco_master_pipeline to 2026-05-31 00:00:00+00:00, run_after=2026-06-01 00:00:00+00:00
[2026-05-31T18:22:35.262+0000] {processor.py:183} INFO - Processing /opt/airflow/dags/retailco_dag.py took 0.137 seconds
[2026-05-31T18:23:05.641+0000] {processor.py:161} INFO - Started process (PID=2876) to work on /opt/airflow/dags/retailco_dag.py
[2026-05-31T18:23:05.642+0000] {processor.py:830} INFO - Processing file /opt/airflow/dags/retailco_dag.py for tasks to queue
[2026-05-31T18:23:05.644+0000] {logging_mixin.py:188} INFO - [2026-05-31T18:23:05.643+0000] {dagbag.py:545} INFO - Filling up the DagBag from /opt/airflow/dags/retailco_dag.py
[2026-05-31T18:23:05.677+0000] {processor.py:840} INFO - DAG(s) 'retailco_master_pipeline' retrieved from /opt/airflow/dags/retailco_dag.py
[2026-05-31T18:23:05.715+0000] {logging_mixin.py:188} INFO - [2026-05-31T18:23:05.715+0000] {dag.py:3096} INFO - Sync 1 DAGs
[2026-05-31T18:23:05.742+0000] {logging_mixin.py:188} INFO - [2026-05-31T18:23:05.742+0000] {dag.py:3954} INFO - Setting next_dagrun for retailco_master_pipeline to 2026-05-31 00:00:00+00:00, run_after=2026-06-01 00:00:00+00:00
[2026-05-31T18:23:05.771+0000] {processor.py:183} INFO - Processing /opt/airflow/dags/retailco_dag.py took 0.136 seconds
[2026-05-31T18:30:21.382+0000] {processor.py:161} INFO - Started process (PID=2881) to work on /opt/airflow/dags/retailco_dag.py
[2026-05-31T18:30:21.405+0000] {processor.py:830} INFO - Processing file /opt/airflow/dags/retailco_dag.py for tasks to queue
[2026-05-31T18:30:21.478+0000] {logging_mixin.py:188} INFO - [2026-05-31T18:30:21.474+0000] {dagbag.py:545} INFO - Filling up the DagBag from /opt/airflow/dags/retailco_dag.py
[2026-05-31T18:30:21.745+0000] {processor.py:840} INFO - DAG(s) 'retailco_master_pipeline' retrieved from /opt/airflow/dags/retailco_dag.py
[2026-05-31T18:30:21.980+0000] {logging_mixin.py:188} INFO - [2026-05-31T18:30:21.979+0000] {dag.py:3096} INFO - Sync 1 DAGs
[2026-05-31T18:30:22.160+0000] {logging_mixin.py:188} INFO - [2026-05-31T18:30:22.159+0000] {dag.py:3954} INFO - Setting next_dagrun for retailco_master_pipeline to 2026-05-31 00:00:00+00:00, run_after=2026-06-01 00:00:00+00:00
[2026-05-31T18:30:22.281+0000] {processor.py:183} INFO - Processing /opt/airflow/dags/retailco_dag.py took 0.973 seconds
[2026-05-31T18:30:52.649+0000] {processor.py:161} INFO - Started process (PID=2886) to work on /opt/airflow/dags/retailco_dag.py
[2026-05-31T18:30:52.652+0000] {processor.py:830} INFO - Processing file /opt/airflow/dags/retailco_dag.py for tasks to queue
[2026-05-31T18:30:52.654+0000] {logging_mixin.py:188} INFO - [2026-05-31T18:30:52.654+0000] {dagbag.py:545} INFO - Filling up the DagBag from /opt/airflow/dags/retailco_dag.py
[2026-05-31T18:30:52.690+0000] {processor.py:840} INFO - DAG(s) 'retailco_master_pipeline' retrieved from /opt/airflow/dags/retailco_dag.py
[2026-05-31T18:30:52.723+0000] {logging_mixin.py:188} INFO - [2026-05-31T18:30:52.723+0000] {dag.py:3096} INFO - Sync 1 DAGs
[2026-05-31T18:30:52.751+0000] {logging_mixin.py:188} INFO - [2026-05-31T18:30:52.751+0000] {dag.py:3954} INFO - Setting next_dagrun for retailco_master_pipeline to 2026-05-31 00:00:00+00:00, run_after=2026-06-01 00:00:00+00:00
[2026-05-31T18:30:52.774+0000] {processor.py:183} INFO - Processing /opt/airflow/dags/retailco_dag.py took 0.134 seconds
[2026-05-31T18:31:22.861+0000] {processor.py:161} INFO - Started process (PID=2891) to work on /opt/airflow/dags/retailco_dag.py
[2026-05-31T18:31:22.862+0000] {processor.py:830} INFO - Processing file /opt/airflow/dags/retailco_dag.py for tasks to queue
[2026-05-31T18:31:22.864+0000] {logging_mixin.py:188} INFO - [2026-05-31T18:31:22.864+0000] {dagbag.py:545} INFO - Filling up the DagBag from /opt/airflow/dags/retailco_dag.py
[2026-05-31T18:31:22.893+0000] {processor.py:840} INFO - DAG(s) 'retailco_master_pipeline' retrieved from /opt/airflow/dags/retailco_dag.py
[2026-05-31T18:31:22.930+0000] {logging_mixin.py:188} INFO - [2026-05-31T18:31:22.930+0000] {dag.py:3096} INFO - Sync 1 DAGs
[2026-05-31T18:31:22.956+0000] {logging_mixin.py:188} INFO - [2026-05-31T18:31:22.956+0000] {dag.py:3954} INFO - Setting next_dagrun for retailco_master_pipeline to 2026-05-31 00:00:00+00:00, run_after=2026-06-01 00:00:00+00:00
[2026-05-31T18:31:22.983+0000] {processor.py:183} INFO - Processing /opt/airflow/dags/retailco_dag.py took 0.130 seconds
[2026-05-31T18:31:53.094+0000] {processor.py:161} INFO - Started process (PID=2896) to work on /opt/airflow/dags/retailco_dag.py
[2026-05-31T18:31:53.096+0000] {processor.py:830} INFO - Processing file /opt/airflow/dags/retailco_dag.py for tasks to queue
[2026-05-31T18:31:53.099+0000] {logging_mixin.py:188} INFO - [2026-05-31T18:31:53.099+0000] {dagbag.py:545} INFO - Filling up the DagBag from /opt/airflow/dags/retailco_dag.py
[2026-05-31T18:31:53.133+0000] {processor.py:840} INFO - DAG(s) 'retailco_master_pipeline' retrieved from /opt/airflow/dags/retailco_dag.py
[2026-05-31T18:31:53.181+0000] {logging_mixin.py:188} INFO - [2026-05-31T18:31:53.181+0000] {dag.py:3096} INFO - Sync 1 DAGs
[2026-05-31T18:31:53.214+0000] {logging_mixin.py:188} INFO - [2026-05-31T18:31:53.213+0000] {dag.py:3954} INFO - Setting next_dagrun for retailco_master_pipeline to 2026-05-31 00:00:00+00:00, run_after=2026-06-01 00:00:00+00:00
[2026-05-31T18:31:53.258+0000] {processor.py:183} INFO - Processing /opt/airflow/dags/retailco_dag.py took 0.171 seconds
[2026-05-31T18:32:23.679+0000] {processor.py:161} INFO - Started process (PID=2901) to work on /opt/airflow/dags/retailco_dag.py
[2026-05-31T18:32:23.680+0000] {processor.py:830} INFO - Processing file /opt/airflow/dags/retailco_dag.py for tasks to queue
[2026-05-31T18:32:23.682+0000] {logging_mixin.py:188} INFO - [2026-05-31T18:32:23.681+0000] {dagbag.py:545} INFO - Filling up the DagBag from /opt/airflow/dags/retailco_dag.py
[2026-05-31T18:32:23.711+0000] {processor.py:840} INFO - DAG(s) 'retailco_master_pipeline' retrieved from /opt/airflow/dags/retailco_dag.py
[2026-05-31T18:32:23.749+0000] {logging_mixin.py:188} INFO - [2026-05-31T18:32:23.749+0000] {dag.py:3096} INFO - Sync 1 DAGs
[2026-05-31T18:32:23.782+0000] {logging_mixin.py:188} INFO - [2026-05-31T18:32:23.782+0000] {dag.py:3954} INFO - Setting next_dagrun for retailco_master_pipeline to 2026-05-31 00:00:00+00:00, run_after=2026-06-01 00:00:00+00:00
[2026-05-31T18:32:23.813+0000] {processor.py:183} INFO - Processing /opt/airflow/dags/retailco_dag.py took 0.140 seconds
[2026-05-31T18:32:54.144+0000] {processor.py:161} INFO - Started process (PID=2906) to work on /opt/airflow/dags/retailco_dag.py
[2026-05-31T18:32:54.145+0000] {processor.py:830} INFO - Processing file /opt/airflow/dags/retailco_dag.py for tasks to queue
[2026-05-31T18:32:54.148+0000] {logging_mixin.py:188} INFO - [2026-05-31T18:32:54.147+0000] {dagbag.py:545} INFO - Filling up the DagBag from /opt/airflow/dags/retailco_dag.py
[2026-05-31T18:32:54.188+0000] {processor.py:840} INFO - DAG(s) 'retailco_master_pipeline' retrieved from /opt/airflow/dags/retailco_dag.py
[2026-05-31T18:32:54.226+0000] {logging_mixin.py:188} INFO - [2026-05-31T18:32:54.225+0000] {dag.py:3096} INFO - Sync 1 DAGs
[2026-05-31T18:32:54.252+0000] {logging_mixin.py:188} INFO - [2026-05-31T18:32:54.252+0000] {dag.py:3954} INFO - Setting next_dagrun for retailco_master_pipeline to 2026-05-31 00:00:00+00:00, run_after=2026-06-01 00:00:00+00:00
[2026-05-31T18:32:54.283+0000] {processor.py:183} INFO - Processing /opt/airflow/dags/retailco_dag.py took 0.146 seconds
[2026-05-31T18:33:24.754+0000] {processor.py:161} INFO - Started process (PID=2911) to work on /opt/airflow/dags/retailco_dag.py
[2026-05-31T18:33:24.755+0000] {processor.py:830} INFO - Processing file /opt/airflow/dags/retailco_dag.py for tasks to queue
[2026-05-31T18:33:24.757+0000] {logging_mixin.py:188} INFO - [2026-05-31T18:33:24.757+0000] {dagbag.py:545} INFO - Filling up the DagBag from /opt/airflow/dags/retailco_dag.py
[2026-05-31T18:33:24.788+0000] {processor.py:840} INFO - DAG(s) 'retailco_master_pipeline' retrieved from /opt/airflow/dags/retailco_dag.py
[2026-05-31T18:33:24.822+0000] {logging_mixin.py:188} INFO - [2026-05-31T18:33:24.822+0000] {dag.py:3096} INFO - Sync 1 DAGs
[2026-05-31T18:33:24.847+0000] {logging_mixin.py:188} INFO - [2026-05-31T18:33:24.847+0000] {dag.py:3954} INFO - Setting next_dagrun for retailco_master_pipeline to 2026-05-31 00:00:00+00:00, run_after=2026-06-01 00:00:00+00:00
[2026-05-31T18:33:24.877+0000] {processor.py:183} INFO - Processing /opt/airflow/dags/retailco_dag.py took 0.130 seconds
[2026-05-31T18:33:55.132+0000] {processor.py:161} INFO - Started process (PID=2916) to work on /opt/airflow/dags/retailco_dag.py
[2026-05-31T18:33:55.134+0000] {processor.py:830} INFO - Processing file /opt/airflow/dags/retailco_dag.py for tasks to queue
[2026-05-31T18:33:55.137+0000] {logging_mixin.py:188} INFO - [2026-05-31T18:33:55.136+0000] {dagbag.py:545} INFO - Filling up the DagBag from /opt/airflow/dags/retailco_dag.py
[2026-05-31T18:33:55.169+0000] {processor.py:840} INFO - DAG(s) 'retailco_master_pipeline' retrieved from /opt/airflow/dags/retailco_dag.py
[2026-05-31T18:33:55.223+0000] {logging_mixin.py:188} INFO - [2026-05-31T18:33:55.223+0000] {dag.py:3096} INFO - Sync 1 DAGs
[2026-05-31T18:33:55.252+0000] {logging_mixin.py:188} INFO - [2026-05-31T18:33:55.252+0000] {dag.py:3954} INFO - Setting next_dagrun for retailco_master_pipeline to 2026-05-31 00:00:00+00:00, run_after=2026-06-01 00:00:00+00:00
[2026-05-31T18:33:55.283+0000] {processor.py:183} INFO - Processing /opt/airflow/dags/retailco_dag.py took 0.160 seconds
[2026-05-31T18:34:25.619+0000] {processor.py:161} INFO - Started process (PID=2921) to work on /opt/airflow/dags/retailco_dag.py
[2026-05-31T18:34:25.620+0000] {processor.py:830} INFO - Processing file /opt/airflow/dags/retailco_dag.py for tasks to queue
[2026-05-31T18:34:25.622+0000] {logging_mixin.py:188} INFO - [2026-05-31T18:34:25.622+0000] {dagbag.py:545} INFO - Filling up the DagBag from /opt/airflow/dags/retailco_dag.py
[2026-05-31T18:34:25.652+0000] {processor.py:840} INFO - DAG(s) 'retailco_master_pipeline' retrieved from /opt/airflow/dags/retailco_dag.py
[2026-05-31T18:34:25.686+0000] {logging_mixin.py:188} INFO - [2026-05-31T18:34:25.686+0000] {dag.py:3096} INFO - Sync 1 DAGs
[2026-05-31T18:34:25.713+0000] {logging_mixin.py:188} INFO - [2026-05-31T18:34:25.713+0000] {dag.py:3954} INFO - Setting next_dagrun for retailco_master_pipeline to 2026-05-31 00:00:00+00:00, run_after=2026-06-01 00:00:00+00:00
[2026-05-31T18:34:25.740+0000] {processor.py:183} INFO - Processing /opt/airflow/dags/retailco_dag.py took 0.127 seconds
[2026-05-31T18:34:56.123+0000] {processor.py:161} INFO - Started process (PID=2926) to work on /opt/airflow/dags/retailco_dag.py
[2026-05-31T18:34:56.124+0000] {processor.py:830} INFO - Processing file /opt/airflow/dags/retailco_dag.py for tasks to queue
[2026-05-31T18:34:56.127+0000] {logging_mixin.py:188} INFO - [2026-05-31T18:34:56.127+0000] {dagbag.py:545} INFO - Filling up the DagBag from /opt/airflow/dags/retailco_dag.py
[2026-05-31T18:34:56.161+0000] {processor.py:840} INFO - DAG(s) 'retailco_master_pipeline' retrieved from /opt/airflow/dags/retailco_dag.py
[2026-05-31T18:34:56.201+0000] {logging_mixin.py:188} INFO - [2026-05-31T18:34:56.200+0000] {dag.py:3096} INFO - Sync 1 DAGs
[2026-05-31T18:34:56.228+0000] {logging_mixin.py:188} INFO - [2026-05-31T18:34:56.228+0000] {dag.py:3954} INFO - Setting next_dagrun for retailco_master_pipeline to 2026-05-31 00:00:00+00:00, run_after=2026-06-01 00:00:00+00:00
[2026-05-31T18:34:56.260+0000] {processor.py:183} INFO - Processing /opt/airflow/dags/retailco_dag.py took 0.149 seconds
[2026-05-31T18:35:26.747+0000] {processor.py:161} INFO - Started process (PID=2931) to work on /opt/airflow/dags/retailco_dag.py
[2026-05-31T18:35:26.748+0000] {processor.py:830} INFO - Processing file /opt/airflow/dags/retailco_dag.py for tasks to queue
[2026-05-31T18:35:26.750+0000] {logging_mixin.py:188} INFO - [2026-05-31T18:35:26.750+0000] {dagbag.py:545} INFO - Filling up the DagBag from /opt/airflow/dags/retailco_dag.py
[2026-05-31T18:35:26.785+0000] {processor.py:840} INFO - DAG(s) 'retailco_master_pipeline' retrieved from /opt/airflow/dags/retailco_dag.py
[2026-05-31T18:35:26.824+0000] {logging_mixin.py:188} INFO - [2026-05-31T18:35:26.824+0000] {dag.py:3096} INFO - Sync 1 DAGs
[2026-05-31T18:35:26.851+0000] {logging_mixin.py:188} INFO - [2026-05-31T18:35:26.851+0000] {dag.py:3954} INFO - Setting next_dagrun for retailco_master_pipeline to 2026-05-31 00:00:00+00:00, run_after=2026-06-01 00:00:00+00:00
[2026-05-31T18:35:26.881+0000] {processor.py:183} INFO - Processing /opt/airflow/dags/retailco_dag.py took 0.140 seconds
[2026-05-31T18:35:57.232+0000] {processor.py:161} INFO - Started process (PID=2936) to work on /opt/airflow/dags/retailco_dag.py
[2026-05-31T18:35:57.234+0000] {processor.py:830} INFO - Processing file /opt/airflow/dags/retailco_dag.py for tasks to queue
[2026-05-31T18:35:57.238+0000] {logging_mixin.py:188} INFO - [2026-05-31T18:35:57.237+0000] {dagbag.py:545} INFO - Filling up the DagBag from /opt/airflow/dags/retailco_dag.py
[2026-05-31T18:35:57.275+0000] {processor.py:840} INFO - DAG(s) 'retailco_master_pipeline' retrieved from /opt/airflow/dags/retailco_dag.py
[2026-05-31T18:35:57.323+0000] {logging_mixin.py:188} INFO - [2026-05-31T18:35:57.322+0000] {dag.py:3096} INFO - Sync 1 DAGs
[2026-05-31T18:35:57.346+0000] {logging_mixin.py:188} INFO - [2026-05-31T18:35:57.346+0000] {dag.py:3954} INFO - Setting next_dagrun for retailco_master_pipeline to 2026-05-31 00:00:00+00:00, run_after=2026-06-01 00:00:00+00:00
[2026-05-31T18:35:57.371+0000] {processor.py:183} INFO - Processing /opt/airflow/dags/retailco_dag.py took 0.146 seconds
[2026-05-31T18:36:27.698+0000] {processor.py:161} INFO - Started process (PID=2941) to work on /opt/airflow/dags/retailco_dag.py
[2026-05-31T18:36:27.700+0000] {processor.py:830} INFO - Processing file /opt/airflow/dags/retailco_dag.py for tasks to queue
[2026-05-31T18:36:27.702+0000] {logging_mixin.py:188} INFO - [2026-05-31T18:36:27.702+0000] {dagbag.py:545} INFO - Filling up the DagBag from /opt/airflow/dags/retailco_dag.py
[2026-05-31T18:36:27.744+0000] {processor.py:840} INFO - DAG(s) 'retailco_master_pipeline' retrieved from /opt/airflow/dags/retailco_dag.py
[2026-05-31T18:36:27.808+0000] {logging_mixin.py:188} INFO - [2026-05-31T18:36:27.808+0000] {dag.py:3096} INFO - Sync 1 DAGs
[2026-05-31T18:36:27.852+0000] {logging_mixin.py:188} INFO - [2026-05-31T18:36:27.852+0000] {dag.py:3954} INFO - Setting next_dagrun for retailco_master_pipeline to 2026-05-31 00:00:00+00:00, run_after=2026-06-01 00:00:00+00:00
[2026-05-31T18:36:27.897+0000] {processor.py:183} INFO - Processing /opt/airflow/dags/retailco_dag.py took 0.211 seconds
[2026-05-31T18:36:58.214+0000] {processor.py:161} INFO - Started process (PID=2946) to work on /opt/airflow/dags/retailco_dag.py
[2026-05-31T18:36:58.216+0000] {processor.py:830} INFO - Processing file /opt/airflow/dags/retailco_dag.py for tasks to queue
[2026-05-31T18:36:58.219+0000] {logging_mixin.py:188} INFO - [2026-05-31T18:36:58.219+0000] {dagbag.py:545} INFO - Filling up the DagBag from /opt/airflow/dags/retailco_dag.py
[2026-05-31T18:36:58.255+0000] {processor.py:840} INFO - DAG(s) 'retailco_master_pipeline' retrieved from /opt/airflow/dags/retailco_dag.py
[2026-05-31T18:36:58.296+0000] {logging_mixin.py:188} INFO - [2026-05-31T18:36:58.296+0000] {dag.py:3096} INFO - Sync 1 DAGs
[2026-05-31T18:36:58.323+0000] {logging_mixin.py:188} INFO - [2026-05-31T18:36:58.323+0000] {dag.py:3954} INFO - Setting next_dagrun for retailco_master_pipeline to 2026-05-31 00:00:00+00:00, run_after=2026-06-01 00:00:00+00:00
[2026-05-31T18:36:58.356+0000] {processor.py:183} INFO - Processing /opt/airflow/dags/retailco_dag.py took 0.154 seconds
[2026-05-31T18:37:28.817+0000] {processor.py:161} INFO - Started process (PID=2951) to work on /opt/airflow/dags/retailco_dag.py
[2026-05-31T18:37:28.819+0000] {processor.py:830} INFO - Processing file /opt/airflow/dags/retailco_dag.py for tasks to queue
[2026-05-31T18:37:28.820+0000] {logging_mixin.py:188} INFO - [2026-05-31T18:37:28.820+0000] {dagbag.py:545} INFO - Filling up the DagBag from /opt/airflow/dags/retailco_dag.py
[2026-05-31T18:37:28.858+0000] {processor.py:840} INFO - DAG(s) 'retailco_master_pipeline' retrieved from /opt/airflow/dags/retailco_dag.py
[2026-05-31T18:37:28.890+0000] {logging_mixin.py:188} INFO - [2026-05-31T18:37:28.890+0000] {dag.py:3096} INFO - Sync 1 DAGs
[2026-05-31T18:37:28.917+0000] {logging_mixin.py:188} INFO - [2026-05-31T18:37:28.917+0000] {dag.py:3954} INFO - Setting next_dagrun for retailco_master_pipeline to 2026-05-31 00:00:00+00:00, run_after=2026-06-01 00:00:00+00:00
[2026-05-31T18:37:28.952+0000] {processor.py:183} INFO - Processing /opt/airflow/dags/retailco_dag.py took 0.141 seconds
[2026-05-31T18:37:59.248+0000] {processor.py:161} INFO - Started process (PID=2956) to work on /opt/airflow/dags/retailco_dag.py
[2026-05-31T18:37:59.249+0000] {processor.py:830} INFO - Processing file /opt/airflow/dags/retailco_dag.py for tasks to queue
[2026-05-31T18:37:59.252+0000] {logging_mixin.py:188} INFO - [2026-05-31T18:37:59.251+0000] {dagbag.py:545} INFO - Filling up the DagBag from /opt/airflow/dags/retailco_dag.py
[2026-05-31T18:37:59.281+0000] {processor.py:840} INFO - DAG(s) 'retailco_master_pipeline' retrieved from /opt/airflow/dags/retailco_dag.py
[2026-05-31T18:37:59.325+0000] {logging_mixin.py:188} INFO - [2026-05-31T18:37:59.324+0000] {dag.py:3096} INFO - Sync 1 DAGs
[2026-05-31T18:37:59.356+0000] {logging_mixin.py:188} INFO - [2026-05-31T18:37:59.355+0000] {dag.py:3954} INFO - Setting next_dagrun for retailco_master_pipeline to 2026-05-31 00:00:00+00:00, run_after=2026-06-01 00:00:00+00:00
[2026-05-31T18:37:59.384+0000] {processor.py:183} INFO - Processing /opt/airflow/dags/retailco_dag.py took 0.143 seconds
[2026-05-31T18:38:29.677+0000] {processor.py:161} INFO - Started process (PID=2961) to work on /opt/airflow/dags/retailco_dag.py
[2026-05-31T18:38:29.678+0000] {processor.py:830} INFO - Processing file /opt/airflow/dags/retailco_dag.py for tasks to queue
[2026-05-31T18:38:29.681+0000] {logging_mixin.py:188} INFO - [2026-05-31T18:38:29.680+0000] {dagbag.py:545} INFO - Filling up the DagBag from /opt/airflow/dags/retailco_dag.py
[2026-05-31T18:38:29.709+0000] {processor.py:840} INFO - DAG(s) 'retailco_master_pipeline' retrieved from /opt/airflow/dags/retailco_dag.py
[2026-05-31T18:38:29.747+0000] {logging_mixin.py:188} INFO - [2026-05-31T18:38:29.747+0000] {dag.py:3096} INFO - Sync 1 DAGs
[2026-05-31T18:38:29.772+0000] {logging_mixin.py:188} INFO - [2026-05-31T18:38:29.772+0000] {dag.py:3954} INFO - Setting next_dagrun for retailco_master_pipeline to 2026-05-31 00:00:00+00:00, run_after=2026-06-01 00:00:00+00:00
[2026-05-31T18:38:29.802+0000] {processor.py:183} INFO - Processing /opt/airflow/dags/retailco_dag.py took 0.131 seconds
[2026-05-31T18:39:00.122+0000] {processor.py:161} INFO - Started process (PID=2966) to work on /opt/airflow/dags/retailco_dag.py
[2026-05-31T18:39:00.123+0000] {processor.py:830} INFO - Processing file /opt/airflow/dags/retailco_dag.py for tasks to queue
[2026-05-31T18:39:00.127+0000] {logging_mixin.py:188} INFO - [2026-05-31T18:39:00.126+0000] {dagbag.py:545} INFO - Filling up the DagBag from /opt/airflow/dags/retailco_dag.py
[2026-05-31T18:39:00.165+0000] {processor.py:840} INFO - DAG(s) 'retailco_master_pipeline' retrieved from /opt/airflow/dags/retailco_dag.py
[2026-05-31T18:39:00.204+0000] {logging_mixin.py:188} INFO - [2026-05-31T18:39:00.204+0000] {dag.py:3096} INFO - Sync 1 DAGs
[2026-05-31T18:39:00.234+0000] {logging_mixin.py:188} INFO - [2026-05-31T18:39:00.234+0000] {dag.py:3954} INFO - Setting next_dagrun for retailco_master_pipeline to 2026-05-31 00:00:00+00:00, run_after=2026-06-01 00:00:00+00:00
[2026-05-31T18:39:00.269+0000] {processor.py:183} INFO - Processing /opt/airflow/dags/retailco_dag.py took 0.156 seconds
[2026-05-31T18:39:30.664+0000] {processor.py:161} INFO - Started process (PID=2971) to work on /opt/airflow/dags/retailco_dag.py
[2026-05-31T18:39:30.665+0000] {processor.py:830} INFO - Processing file /opt/airflow/dags/retailco_dag.py for tasks to queue
[2026-05-31T18:39:30.667+0000] {logging_mixin.py:188} INFO - [2026-05-31T18:39:30.667+0000] {dagbag.py:545} INFO - Filling up the DagBag from /opt/airflow/dags/retailco_dag.py
[2026-05-31T18:39:30.700+0000] {processor.py:840} INFO - DAG(s) 'retailco_master_pipeline' retrieved from /opt/airflow/dags/retailco_dag.py
[2026-05-31T18:39:30.732+0000] {logging_mixin.py:188} INFO - [2026-05-31T18:39:30.732+0000] {dag.py:3096} INFO - Sync 1 DAGs
[2026-05-31T18:39:30.759+0000] {logging_mixin.py:188} INFO - [2026-05-31T18:39:30.759+0000] {dag.py:3954} INFO - Setting next_dagrun for retailco_master_pipeline to 2026-05-31 00:00:00+00:00, run_after=2026-06-01 00:00:00+00:00
[2026-05-31T18:39:30.788+0000] {processor.py:183} INFO - Processing /opt/airflow/dags/retailco_dag.py took 0.130 seconds
[2026-05-31T18:40:01.173+0000] {processor.py:161} INFO - Started process (PID=2976) to work on /opt/airflow/dags/retailco_dag.py
[2026-05-31T18:40:01.175+0000] {processor.py:830} INFO - Processing file /opt/airflow/dags/retailco_dag.py for tasks to queue
[2026-05-31T18:40:01.177+0000] {logging_mixin.py:188} INFO - [2026-05-31T18:40:01.177+0000] {dagbag.py:545} INFO - Filling up the DagBag from /opt/airflow/dags/retailco_dag.py
[2026-05-31T18:40:01.206+0000] {processor.py:840} INFO - DAG(s) 'retailco_master_pipeline' retrieved from /opt/airflow/dags/retailco_dag.py
[2026-05-31T18:40:01.250+0000] {logging_mixin.py:188} INFO - [2026-05-31T18:40:01.249+0000] {dag.py:3096} INFO - Sync 1 DAGs
[2026-05-31T18:40:01.274+0000] {logging_mixin.py:188} INFO - [2026-05-31T18:40:01.274+0000] {dag.py:3954} INFO - Setting next_dagrun for retailco_master_pipeline to 2026-05-31 00:00:00+00:00, run_after=2026-06-01 00:00:00+00:00
[2026-05-31T18:40:01.301+0000] {processor.py:183} INFO - Processing /opt/airflow/dags/retailco_dag.py took 0.136 seconds
[2026-05-31T18:40:31.625+0000] {processor.py:161} INFO - Started process (PID=2981) to work on /opt/airflow/dags/retailco_dag.py
[2026-05-31T18:40:31.626+0000] {processor.py:830} INFO - Processing file /opt/airflow/dags/retailco_dag.py for tasks to queue
[2026-05-31T18:40:31.629+0000] {logging_mixin.py:188} INFO - [2026-05-31T18:40:31.629+0000] {dagbag.py:545} INFO - Filling up the DagBag from /opt/airflow/dags/retailco_dag.py
[2026-05-31T18:40:31.659+0000] {processor.py:840} INFO - DAG(s) 'retailco_master_pipeline' retrieved from /opt/airflow/dags/retailco_dag.py
[2026-05-31T18:40:31.692+0000] {logging_mixin.py:188} INFO - [2026-05-31T18:40:31.692+0000] {dag.py:3096} INFO - Sync 1 DAGs
[2026-05-31T18:40:31.719+0000] {logging_mixin.py:188} INFO - [2026-05-31T18:40:31.718+0000] {dag.py:3954} INFO - Setting next_dagrun for retailco_master_pipeline to 2026-05-31 00:00:00+00:00, run_after=2026-06-01 00:00:00+00:00
[2026-05-31T18:40:31.748+0000] {processor.py:183} INFO - Processing /opt/airflow/dags/retailco_dag.py took 0.130 seconds
[2026-05-31T18:41:02.126+0000] {processor.py:161} INFO - Started process (PID=2986) to work on /opt/airflow/dags/retailco_dag.py
[2026-05-31T18:41:02.127+0000] {processor.py:830} INFO - Processing file /opt/airflow/dags/retailco_dag.py for tasks to queue
[2026-05-31T18:41:02.131+0000] {logging_mixin.py:188} INFO - [2026-05-31T18:41:02.131+0000] {dagbag.py:545} INFO - Filling up the DagBag from /opt/airflow/dags/retailco_dag.py
[2026-05-31T18:41:02.161+0000] {processor.py:840} INFO - DAG(s) 'retailco_master_pipeline' retrieved from /opt/airflow/dags/retailco_dag.py
[2026-05-31T18:41:02.201+0000] {logging_mixin.py:188} INFO - [2026-05-31T18:41:02.200+0000] {dag.py:3096} INFO - Sync 1 DAGs
[2026-05-31T18:41:02.227+0000] {logging_mixin.py:188} INFO - [2026-05-31T18:41:02.227+0000] {dag.py:3954} INFO - Setting next_dagrun for retailco_master_pipeline to 2026-05-31 00:00:00+00:00, run_after=2026-06-01 00:00:00+00:00
[2026-05-31T18:41:02.254+0000] {processor.py:183} INFO - Processing /opt/airflow/dags/retailco_dag.py took 0.135 seconds
[2026-05-31T18:41:32.752+0000] {processor.py:161} INFO - Started process (PID=2991) to work on /opt/airflow/dags/retailco_dag.py
[2026-05-31T18:41:32.754+0000] {processor.py:830} INFO - Processing file /opt/airflow/dags/retailco_dag.py for tasks to queue
[2026-05-31T18:41:32.756+0000] {logging_mixin.py:188} INFO - [2026-05-31T18:41:32.756+0000] {dagbag.py:545} INFO - Filling up the DagBag from /opt/airflow/dags/retailco_dag.py
[2026-05-31T18:41:32.792+0000] {processor.py:840} INFO - DAG(s) 'retailco_master_pipeline' retrieved from /opt/airflow/dags/retailco_dag.py
[2026-05-31T18:41:32.828+0000] {logging_mixin.py:188} INFO - [2026-05-31T18:41:32.828+0000] {dag.py:3096} INFO - Sync 1 DAGs
[2026-05-31T18:41:32.854+0000] {logging_mixin.py:188} INFO - [2026-05-31T18:41:32.854+0000] {dag.py:3954} INFO - Setting next_dagrun for retailco_master_pipeline to 2026-05-31 00:00:00+00:00, run_after=2026-06-01 00:00:00+00:00
[2026-05-31T18:41:32.882+0000] {processor.py:183} INFO - Processing /opt/airflow/dags/retailco_dag.py took 0.136 seconds
[2026-05-31T18:42:03.109+0000] {processor.py:161} INFO - Started process (PID=2996) to work on /opt/airflow/dags/retailco_dag.py
[2026-05-31T18:42:03.110+0000] {processor.py:830} INFO - Processing file /opt/airflow/dags/retailco_dag.py for tasks to queue
[2026-05-31T18:42:03.112+0000] {logging_mixin.py:188} INFO - [2026-05-31T18:42:03.112+0000] {dagbag.py:545} INFO - Filling up the DagBag from /opt/airflow/dags/retailco_dag.py
[2026-05-31T18:42:03.142+0000] {processor.py:840} INFO - DAG(s) 'retailco_master_pipeline' retrieved from /opt/airflow/dags/retailco_dag.py
[2026-05-31T18:42:03.179+0000] {logging_mixin.py:188} INFO - [2026-05-31T18:42:03.179+0000] {dag.py:3096} INFO - Sync 1 DAGs
[2026-05-31T18:42:03.208+0000] {logging_mixin.py:188} INFO - [2026-05-31T18:42:03.208+0000] {dag.py:3954} INFO - Setting next_dagrun for retailco_master_pipeline to 2026-05-31 00:00:00+00:00, run_after=2026-06-01 00:00:00+00:00
[2026-05-31T18:42:03.238+0000] {processor.py:183} INFO - Processing /opt/airflow/dags/retailco_dag.py took 0.136 seconds
[2026-05-31T18:42:33.509+0000] {processor.py:161} INFO - Started process (PID=3001) to work on /opt/airflow/dags/retailco_dag.py
[2026-05-31T18:42:33.511+0000] {processor.py:830} INFO - Processing file /opt/airflow/dags/retailco_dag.py for tasks to queue
[2026-05-31T18:42:33.513+0000] {logging_mixin.py:188} INFO - [2026-05-31T18:42:33.513+0000] {dagbag.py:545} INFO - Filling up the DagBag from /opt/airflow/dags/retailco_dag.py
[2026-05-31T18:42:33.545+0000] {processor.py:840} INFO - DAG(s) 'retailco_master_pipeline' retrieved from /opt/airflow/dags/retailco_dag.py
[2026-05-31T18:42:33.582+0000] {logging_mixin.py:188} INFO - [2026-05-31T18:42:33.582+0000] {dag.py:3096} INFO - Sync 1 DAGs
[2026-05-31T18:42:33.610+0000] {logging_mixin.py:188} INFO - [2026-05-31T18:42:33.609+0000] {dag.py:3954} INFO - Setting next_dagrun for retailco_master_pipeline to 2026-05-31 00:00:00+00:00, run_after=2026-06-01 00:00:00+00:00
[2026-05-31T18:42:33.636+0000] {processor.py:183} INFO - Processing /opt/airflow/dags/retailco_dag.py took 0.138 seconds
[2026-05-31T18:43:03.919+0000] {processor.py:161} INFO - Started process (PID=3006) to work on /opt/airflow/dags/retailco_dag.py
[2026-05-31T18:43:03.920+0000] {processor.py:830} INFO - Processing file /opt/airflow/dags/retailco_dag.py for tasks to queue
[2026-05-31T18:43:03.922+0000] {logging_mixin.py:188} INFO - [2026-05-31T18:43:03.922+0000] {dagbag.py:545} INFO - Filling up the DagBag from /opt/airflow/dags/retailco_dag.py
[2026-05-31T18:43:03.954+0000] {processor.py:840} INFO - DAG(s) 'retailco_master_pipeline' retrieved from /opt/airflow/dags/retailco_dag.py
[2026-05-31T18:43:03.989+0000] {logging_mixin.py:188} INFO - [2026-05-31T18:43:03.989+0000] {dag.py:3096} INFO - Sync 1 DAGs
[2026-05-31T18:43:04.013+0000] {logging_mixin.py:188} INFO - [2026-05-31T18:43:04.013+0000] {dag.py:3954} INFO - Setting next_dagrun for retailco_master_pipeline to 2026-05-31 00:00:00+00:00, run_after=2026-06-01 00:00:00+00:00
[2026-05-31T18:43:04.041+0000] {processor.py:183} INFO - Processing /opt/airflow/dags/retailco_dag.py took 0.131 seconds
[2026-05-31T18:43:34.259+0000] {processor.py:161} INFO - Started process (PID=3011) to work on /opt/airflow/dags/retailco_dag.py
[2026-05-31T18:43:34.260+0000] {processor.py:830} INFO - Processing file /opt/airflow/dags/retailco_dag.py for tasks to queue
[2026-05-31T18:43:34.263+0000] {logging_mixin.py:188} INFO - [2026-05-31T18:43:34.262+0000] {dagbag.py:545} INFO - Filling up the DagBag from /opt/airflow/dags/retailco_dag.py
[2026-05-31T18:43:34.292+0000] {processor.py:840} INFO - DAG(s) 'retailco_master_pipeline' retrieved from /opt/airflow/dags/retailco_dag.py
[2026-05-31T18:43:34.329+0000] {logging_mixin.py:188} INFO - [2026-05-31T18:43:34.328+0000] {dag.py:3096} INFO - Sync 1 DAGs
[2026-05-31T18:43:34.355+0000] {logging_mixin.py:188} INFO - [2026-05-31T18:43:34.354+0000] {dag.py:3954} INFO - Setting next_dagrun for retailco_master_pipeline to 2026-05-31 00:00:00+00:00, run_after=2026-06-01 00:00:00+00:00
[2026-05-31T18:43:34.386+0000] {processor.py:183} INFO - Processing /opt/airflow/dags/retailco_dag.py took 0.136 seconds
[2026-05-31T18:44:04.627+0000] {processor.py:161} INFO - Started process (PID=3016) to work on /opt/airflow/dags/retailco_dag.py
[2026-05-31T18:44:04.629+0000] {processor.py:830} INFO - Processing file /opt/airflow/dags/retailco_dag.py for tasks to queue
[2026-05-31T18:44:04.630+0000] {logging_mixin.py:188} INFO - [2026-05-31T18:44:04.630+0000] {dagbag.py:545} INFO - Filling up the DagBag from /opt/airflow/dags/retailco_dag.py
[2026-05-31T18:44:04.660+0000] {processor.py:840} INFO - DAG(s) 'retailco_master_pipeline' retrieved from /opt/airflow/dags/retailco_dag.py
[2026-05-31T18:44:04.697+0000] {logging_mixin.py:188} INFO - [2026-05-31T18:44:04.697+0000] {dag.py:3096} INFO - Sync 1 DAGs
[2026-05-31T18:44:04.727+0000] {logging_mixin.py:188} INFO - [2026-05-31T18:44:04.726+0000] {dag.py:3954} INFO - Setting next_dagrun for retailco_master_pipeline to 2026-05-31 00:00:00+00:00, run_after=2026-06-01 00:00:00+00:00
[2026-05-31T18:44:04.757+0000] {processor.py:183} INFO - Processing /opt/airflow/dags/retailco_dag.py took 0.137 seconds
[2026-05-31T18:44:35.030+0000] {processor.py:161} INFO - Started process (PID=3021) to work on /opt/airflow/dags/retailco_dag.py
[2026-05-31T18:44:35.032+0000] {processor.py:830} INFO - Processing file /opt/airflow/dags/retailco_dag.py for tasks to queue
[2026-05-31T18:44:35.034+0000] {logging_mixin.py:188} INFO - [2026-05-31T18:44:35.033+0000] {dagbag.py:545} INFO - Filling up the DagBag from /opt/airflow/dags/retailco_dag.py
[2026-05-31T18:44:35.069+0000] {processor.py:840} INFO - DAG(s) 'retailco_master_pipeline' retrieved from /opt/airflow/dags/retailco_dag.py
[2026-05-31T18:44:35.108+0000] {logging_mixin.py:188} INFO - [2026-05-31T18:44:35.108+0000] {dag.py:3096} INFO - Sync 1 DAGs
[2026-05-31T18:44:35.139+0000] {logging_mixin.py:188} INFO - [2026-05-31T18:44:35.139+0000] {dag.py:3954} INFO - Setting next_dagrun for retailco_master_pipeline to 2026-05-31 00:00:00+00:00, run_after=2026-06-01 00:00:00+00:00
[2026-05-31T18:44:35.172+0000] {processor.py:183} INFO - Processing /opt/airflow/dags/retailco_dag.py took 0.153 seconds
[2026-05-31T18:45:05.356+0000] {processor.py:161} INFO - Started process (PID=3026) to work on /opt/airflow/dags/retailco_dag.py
[2026-05-31T18:45:05.357+0000] {processor.py:830} INFO - Processing file /opt/airflow/dags/retailco_dag.py for tasks to queue
[2026-05-31T18:45:05.359+0000] {logging_mixin.py:188} INFO - [2026-05-31T18:45:05.359+0000] {dagbag.py:545} INFO - Filling up the DagBag from /opt/airflow/dags/retailco_dag.py
[2026-05-31T18:45:05.390+0000] {processor.py:840} INFO - DAG(s) 'retailco_master_pipeline' retrieved from /opt/airflow/dags/retailco_dag.py
[2026-05-31T18:45:05.423+0000] {logging_mixin.py:188} INFO - [2026-05-31T18:45:05.423+0000] {dag.py:3096} INFO - Sync 1 DAGs
[2026-05-31T18:45:05.447+0000] {logging_mixin.py:188} INFO - [2026-05-31T18:45:05.446+0000] {dag.py:3954} INFO - Setting next_dagrun for retailco_master_pipeline to 2026-05-31 00:00:00+00:00, run_after=2026-06-01 00:00:00+00:00
[2026-05-31T18:45:05.475+0000] {processor.py:183} INFO - Processing /opt/airflow/dags/retailco_dag.py took 0.128 seconds
[2026-05-31T18:45:35.916+0000] {processor.py:161} INFO - Started process (PID=3031) to work on /opt/airflow/dags/retailco_dag.py
[2026-05-31T18:45:35.917+0000] {processor.py:830} INFO - Processing file /opt/airflow/dags/retailco_dag.py for tasks to queue
[2026-05-31T18:45:35.919+0000] {logging_mixin.py:188} INFO - [2026-05-31T18:45:35.919+0000] {dagbag.py:545} INFO - Filling up the DagBag from /opt/airflow/dags/retailco_dag.py
[2026-05-31T18:45:35.952+0000] {processor.py:840} INFO - DAG(s) 'retailco_master_pipeline' retrieved from /opt/airflow/dags/retailco_dag.py
[2026-05-31T18:45:35.991+0000] {logging_mixin.py:188} INFO - [2026-05-31T18:45:35.991+0000] {dag.py:3096} INFO - Sync 1 DAGs
[2026-05-31T18:45:36.017+0000] {logging_mixin.py:188} INFO - [2026-05-31T18:45:36.016+0000] {dag.py:3954} INFO - Setting next_dagrun for retailco_master_pipeline to 2026-05-31 00:00:00+00:00, run_after=2026-06-01 00:00:00+00:00
[2026-05-31T18:45:36.040+0000] {processor.py:183} INFO - Processing /opt/airflow/dags/retailco_dag.py took 0.133 seconds
[2026-05-31T18:46:06.225+0000] {processor.py:161} INFO - Started process (PID=3036) to work on /opt/airflow/dags/retailco_dag.py
[2026-05-31T18:46:06.226+0000] {processor.py:830} INFO - Processing file /opt/airflow/dags/retailco_dag.py for tasks to queue
[2026-05-31T18:46:06.229+0000] {logging_mixin.py:188} INFO - [2026-05-31T18:46:06.228+0000] {dagbag.py:545} INFO - Filling up the DagBag from /opt/airflow/dags/retailco_dag.py
[2026-05-31T18:46:06.259+0000] {processor.py:840} INFO - DAG(s) 'retailco_master_pipeline' retrieved from /opt/airflow/dags/retailco_dag.py
[2026-05-31T18:46:06.298+0000] {logging_mixin.py:188} INFO - [2026-05-31T18:46:06.297+0000] {dag.py:3096} INFO - Sync 1 DAGs
[2026-05-31T18:46:06.323+0000] {logging_mixin.py:188} INFO - [2026-05-31T18:46:06.323+0000] {dag.py:3954} INFO - Setting next_dagrun for retailco_master_pipeline to 2026-05-31 00:00:00+00:00, run_after=2026-06-01 00:00:00+00:00
[2026-05-31T18:46:06.352+0000] {processor.py:183} INFO - Processing /opt/airflow/dags/retailco_dag.py took 0.136 seconds
[2026-05-31T18:46:36.704+0000] {processor.py:161} INFO - Started process (PID=3041) to work on /opt/airflow/dags/retailco_dag.py
[2026-05-31T18:46:36.705+0000] {processor.py:830} INFO - Processing file /opt/airflow/dags/retailco_dag.py for tasks to queue
[2026-05-31T18:46:36.707+0000] {logging_mixin.py:188} INFO - [2026-05-31T18:46:36.707+0000] {dagbag.py:545} INFO - Filling up the DagBag from /opt/airflow/dags/retailco_dag.py
[2026-05-31T18:46:36.739+0000] {processor.py:840} INFO - DAG(s) 'retailco_master_pipeline' retrieved from /opt/airflow/dags/retailco_dag.py
[2026-05-31T18:46:36.773+0000] {logging_mixin.py:188} INFO - [2026-05-31T18:46:36.773+0000] {dag.py:3096} INFO - Sync 1 DAGs
[2026-05-31T18:46:36.797+0000] {logging_mixin.py:188} INFO - [2026-05-31T18:46:36.797+0000] {dag.py:3954} INFO - Setting next_dagrun for retailco_master_pipeline to 2026-05-31 00:00:00+00:00, run_after=2026-06-01 00:00:00+00:00
[2026-05-31T18:46:36.826+0000] {processor.py:183} INFO - Processing /opt/airflow/dags/retailco_dag.py took 0.128 seconds
[2026-05-31T18:47:07.017+0000] {processor.py:161} INFO - Started process (PID=3046) to work on /opt/airflow/dags/retailco_dag.py
[2026-05-31T18:47:07.019+0000] {processor.py:830} INFO - Processing file /opt/airflow/dags/retailco_dag.py for tasks to queue
[2026-05-31T18:47:07.021+0000] {logging_mixin.py:188} INFO - [2026-05-31T18:47:07.021+0000] {dagbag.py:545} INFO - Filling up the DagBag from /opt/airflow/dags/retailco_dag.py
[2026-05-31T18:47:07.051+0000] {processor.py:840} INFO - DAG(s) 'retailco_master_pipeline' retrieved from /opt/airflow/dags/retailco_dag.py
[2026-05-31T18:47:07.087+0000] {logging_mixin.py:188} INFO - [2026-05-31T18:47:07.087+0000] {dag.py:3096} INFO - Sync 1 DAGs
[2026-05-31T18:47:07.112+0000] {logging_mixin.py:188} INFO - [2026-05-31T18:47:07.112+0000] {dag.py:3954} INFO - Setting next_dagrun for retailco_master_pipeline to 2026-05-31 00:00:00+00:00, run_after=2026-06-01 00:00:00+00:00
[2026-05-31T18:47:07.142+0000] {processor.py:183} INFO - Processing /opt/airflow/dags/retailco_dag.py took 0.132 seconds
[2026-05-31T18:47:37.479+0000] {processor.py:161} INFO - Started process (PID=3051) to work on /opt/airflow/dags/retailco_dag.py
[2026-05-31T18:47:37.480+0000] {processor.py:830} INFO - Processing file /opt/airflow/dags/retailco_dag.py for tasks to queue
[2026-05-31T18:47:37.483+0000] {logging_mixin.py:188} INFO - [2026-05-31T18:47:37.483+0000] {dagbag.py:545} INFO - Filling up the DagBag from /opt/airflow/dags/retailco_dag.py
[2026-05-31T18:47:37.513+0000] {processor.py:840} INFO - DAG(s) 'retailco_master_pipeline' retrieved from /opt/airflow/dags/retailco_dag.py
[2026-05-31T18:47:37.550+0000] {logging_mixin.py:188} INFO - [2026-05-31T18:47:37.549+0000] {dag.py:3096} INFO - Sync 1 DAGs
[2026-05-31T18:47:37.576+0000] {logging_mixin.py:188} INFO - [2026-05-31T18:47:37.575+0000] {dag.py:3954} INFO - Setting next_dagrun for retailco_master_pipeline to 2026-05-31 00:00:00+00:00, run_after=2026-06-01 00:00:00+00:00
[2026-05-31T18:47:37.605+0000] {processor.py:183} INFO - Processing /opt/airflow/dags/retailco_dag.py took 0.131 seconds
[2026-05-31T18:48:07.812+0000] {processor.py:161} INFO - Started process (PID=3056) to work on /opt/airflow/dags/retailco_dag.py
[2026-05-31T18:48:07.813+0000] {processor.py:830} INFO - Processing file /opt/airflow/dags/retailco_dag.py for tasks to queue
[2026-05-31T18:48:07.815+0000] {logging_mixin.py:188} INFO - [2026-05-31T18:48:07.815+0000] {dagbag.py:545} INFO - Filling up the DagBag from /opt/airflow/dags/retailco_dag.py
[2026-05-31T18:48:07.846+0000] {processor.py:840} INFO - DAG(s) 'retailco_master_pipeline' retrieved from /opt/airflow/dags/retailco_dag.py
[2026-05-31T18:48:07.880+0000] {logging_mixin.py:188} INFO - [2026-05-31T18:48:07.880+0000] {dag.py:3096} INFO - Sync 1 DAGs
[2026-05-31T18:48:07.903+0000] {logging_mixin.py:188} INFO - [2026-05-31T18:48:07.903+0000] {dag.py:3954} INFO - Setting next_dagrun for retailco_master_pipeline to 2026-05-31 00:00:00+00:00, run_after=2026-06-01 00:00:00+00:00
[2026-05-31T18:48:07.934+0000] {processor.py:183} INFO - Processing /opt/airflow/dags/retailco_dag.py took 0.129 seconds
[2026-05-31T18:48:38.287+0000] {processor.py:161} INFO - Started process (PID=3061) to work on /opt/airflow/dags/retailco_dag.py
[2026-05-31T18:48:38.288+0000] {processor.py:830} INFO - Processing file /opt/airflow/dags/retailco_dag.py for tasks to queue
[2026-05-31T18:48:38.290+0000] {logging_mixin.py:188} INFO - [2026-05-31T18:48:38.290+0000] {dagbag.py:545} INFO - Filling up the DagBag from /opt/airflow/dags/retailco_dag.py
[2026-05-31T18:48:38.343+0000] {processor.py:840} INFO - DAG(s) 'retailco_master_pipeline' retrieved from /opt/airflow/dags/retailco_dag.py
[2026-05-31T18:48:38.410+0000] {logging_mixin.py:188} INFO - [2026-05-31T18:48:38.409+0000] {dag.py:3096} INFO - Sync 1 DAGs
[2026-05-31T18:48:38.449+0000] {logging_mixin.py:188} INFO - [2026-05-31T18:48:38.449+0000] {dag.py:3954} INFO - Setting next_dagrun for retailco_master_pipeline to 2026-05-31 00:00:00+00:00, run_after=2026-06-01 00:00:00+00:00
[2026-05-31T18:48:38.489+0000] {processor.py:183} INFO - Processing /opt/airflow/dags/retailco_dag.py took 0.208 seconds
[2026-05-31T18:49:08.702+0000] {processor.py:161} INFO - Started process (PID=3066) to work on /opt/airflow/dags/retailco_dag.py
[2026-05-31T18:49:08.703+0000] {processor.py:830} INFO - Processing file /opt/airflow/dags/retailco_dag.py for tasks to queue
[2026-05-31T18:49:08.705+0000] {logging_mixin.py:188} INFO - [2026-05-31T18:49:08.704+0000] {dagbag.py:545} INFO - Filling up the DagBag from /opt/airflow/dags/retailco_dag.py
[2026-05-31T18:49:08.732+0000] {processor.py:840} INFO - DAG(s) 'retailco_master_pipeline' retrieved from /opt/airflow/dags/retailco_dag.py
[2026-05-31T18:49:08.766+0000] {logging_mixin.py:188} INFO - [2026-05-31T18:49:08.766+0000] {dag.py:3096} INFO - Sync 1 DAGs
[2026-05-31T18:49:08.789+0000] {logging_mixin.py:188} INFO - [2026-05-31T18:49:08.789+0000] {dag.py:3954} INFO - Setting next_dagrun for retailco_master_pipeline to 2026-05-31 00:00:00+00:00, run_after=2026-06-01 00:00:00+00:00
[2026-05-31T18:49:08.816+0000] {processor.py:183} INFO - Processing /opt/airflow/dags/retailco_dag.py took 0.121 seconds
[2026-05-31T18:49:39.142+0000] {processor.py:161} INFO - Started process (PID=3071) to work on /opt/airflow/dags/retailco_dag.py
[2026-05-31T18:49:39.143+0000] {processor.py:830} INFO - Processing file /opt/airflow/dags/retailco_dag.py for tasks to queue
[2026-05-31T18:49:39.145+0000] {logging_mixin.py:188} INFO - [2026-05-31T18:49:39.145+0000] {dagbag.py:545} INFO - Filling up the DagBag from /opt/airflow/dags/retailco_dag.py
[2026-05-31T18:49:39.182+0000] {processor.py:840} INFO - DAG(s) 'retailco_master_pipeline' retrieved from /opt/airflow/dags/retailco_dag.py
[2026-05-31T18:49:39.219+0000] {logging_mixin.py:188} INFO - [2026-05-31T18:49:39.219+0000] {dag.py:3096} INFO - Sync 1 DAGs
[2026-05-31T18:49:39.254+0000] {logging_mixin.py:188} INFO - [2026-05-31T18:49:39.253+0000] {dag.py:3954} INFO - Setting next_dagrun for retailco_master_pipeline to 2026-05-31 00:00:00+00:00, run_after=2026-06-01 00:00:00+00:00
[2026-05-31T18:49:39.281+0000] {processor.py:183} INFO - Processing /opt/airflow/dags/retailco_dag.py took 0.145 seconds
[2026-05-31T18:50:09.528+0000] {processor.py:161} INFO - Started process (PID=3076) to work on /opt/airflow/dags/retailco_dag.py
[2026-05-31T18:50:09.530+0000] {processor.py:830} INFO - Processing file /opt/airflow/dags/retailco_dag.py for tasks to queue
[2026-05-31T18:50:09.532+0000] {logging_mixin.py:188} INFO - [2026-05-31T18:50:09.531+0000] {dagbag.py:545} INFO - Filling up the DagBag from /opt/airflow/dags/retailco_dag.py
[2026-05-31T18:50:09.566+0000] {processor.py:840} INFO - DAG(s) 'retailco_master_pipeline' retrieved from /opt/airflow/dags/retailco_dag.py
[2026-05-31T18:50:09.604+0000] {logging_mixin.py:188} INFO - [2026-05-31T18:50:09.603+0000] {dag.py:3096} INFO - Sync 1 DAGs
[2026-05-31T18:50:09.639+0000] {logging_mixin.py:188} INFO - [2026-05-31T18:50:09.639+0000] {dag.py:3954} INFO - Setting next_dagrun for retailco_master_pipeline to 2026-05-31 00:00:00+00:00, run_after=2026-06-01 00:00:00+00:00
[2026-05-31T18:50:09.662+0000] {processor.py:183} INFO - Processing /opt/airflow/dags/retailco_dag.py took 0.142 seconds
[2026-05-31T18:50:40.017+0000] {processor.py:161} INFO - Started process (PID=3081) to work on /opt/airflow/dags/retailco_dag.py
[2026-05-31T18:50:40.019+0000] {processor.py:830} INFO - Processing file /opt/airflow/dags/retailco_dag.py for tasks to queue
[2026-05-31T18:50:40.022+0000] {logging_mixin.py:188} INFO - [2026-05-31T18:50:40.021+0000] {dagbag.py:545} INFO - Filling up the DagBag from /opt/airflow/dags/retailco_dag.py
[2026-05-31T18:50:40.051+0000] {processor.py:840} INFO - DAG(s) 'retailco_master_pipeline' retrieved from /opt/airflow/dags/retailco_dag.py
[2026-05-31T18:50:40.083+0000] {logging_mixin.py:188} INFO - [2026-05-31T18:50:40.083+0000] {dag.py:3096} INFO - Sync 1 DAGs
[2026-05-31T18:50:40.108+0000] {logging_mixin.py:188} INFO - [2026-05-31T18:50:40.108+0000] {dag.py:3954} INFO - Setting next_dagrun for retailco_master_pipeline to 2026-05-31 00:00:00+00:00, run_after=2026-06-01 00:00:00+00:00
[2026-05-31T18:50:40.133+0000] {processor.py:183} INFO - Processing /opt/airflow/dags/retailco_dag.py took 0.121 seconds
[2026-05-31T18:51:10.314+0000] {processor.py:161} INFO - Started process (PID=3086) to work on /opt/airflow/dags/retailco_dag.py
[2026-05-31T18:51:10.316+0000] {processor.py:830} INFO - Processing file /opt/airflow/dags/retailco_dag.py for tasks to queue
[2026-05-31T18:51:10.318+0000] {logging_mixin.py:188} INFO - [2026-05-31T18:51:10.318+0000] {dagbag.py:545} INFO - Filling up the DagBag from /opt/airflow/dags/retailco_dag.py
[2026-05-31T18:51:10.350+0000] {processor.py:840} INFO - DAG(s) 'retailco_master_pipeline' retrieved from /opt/airflow/dags/retailco_dag.py
[2026-05-31T18:51:10.385+0000] {logging_mixin.py:188} INFO - [2026-05-31T18:51:10.384+0000] {dag.py:3096} INFO - Sync 1 DAGs
[2026-05-31T18:51:10.409+0000] {logging_mixin.py:188} INFO - [2026-05-31T18:51:10.409+0000] {dag.py:3954} INFO - Setting next_dagrun for retailco_master_pipeline to 2026-05-31 00:00:00+00:00, run_after=2026-06-01 00:00:00+00:00
[2026-05-31T18:51:10.438+0000] {processor.py:183} INFO - Processing /opt/airflow/dags/retailco_dag.py took 0.131 seconds
[2026-05-31T18:51:40.764+0000] {processor.py:161} INFO - Started process (PID=3091) to work on /opt/airflow/dags/retailco_dag.py
[2026-05-31T18:51:40.766+0000] {processor.py:830} INFO - Processing file /opt/airflow/dags/retailco_dag.py for tasks to queue
[2026-05-31T18:51:40.769+0000] {logging_mixin.py:188} INFO - [2026-05-31T18:51:40.768+0000] {dagbag.py:545} INFO - Filling up the DagBag from /opt/airflow/dags/retailco_dag.py
[2026-05-31T18:51:40.804+0000] {processor.py:840} INFO - DAG(s) 'retailco_master_pipeline' retrieved from /opt/airflow/dags/retailco_dag.py
[2026-05-31T18:51:40.845+0000] {logging_mixin.py:188} INFO - [2026-05-31T18:51:40.845+0000] {dag.py:3096} INFO - Sync 1 DAGs
[2026-05-31T18:51:40.871+0000] {logging_mixin.py:188} INFO - [2026-05-31T18:51:40.871+0000] {dag.py:3954} INFO - Setting next_dagrun for retailco_master_pipeline to 2026-05-31 00:00:00+00:00, run_after=2026-06-01 00:00:00+00:00
[2026-05-31T18:51:40.897+0000] {processor.py:183} INFO - Processing /opt/airflow/dags/retailco_dag.py took 0.139 seconds
[2026-05-31T18:52:11.119+0000] {processor.py:161} INFO - Started process (PID=3096) to work on /opt/airflow/dags/retailco_dag.py
[2026-05-31T18:52:11.120+0000] {processor.py:830} INFO - Processing file /opt/airflow/dags/retailco_dag.py for tasks to queue
[2026-05-31T18:52:11.122+0000] {logging_mixin.py:188} INFO - [2026-05-31T18:52:11.122+0000] {dagbag.py:545} INFO - Filling up the DagBag from /opt/airflow/dags/retailco_dag.py
[2026-05-31T18:52:11.159+0000] {processor.py:840} INFO - DAG(s) 'retailco_master_pipeline' retrieved from /opt/airflow/dags/retailco_dag.py
[2026-05-31T18:52:11.194+0000] {logging_mixin.py:188} INFO - [2026-05-31T18:52:11.194+0000] {dag.py:3096} INFO - Sync 1 DAGs
[2026-05-31T18:52:11.221+0000] {logging_mixin.py:188} INFO - [2026-05-31T18:52:11.221+0000] {dag.py:3954} INFO - Setting next_dagrun for retailco_master_pipeline to 2026-05-31 00:00:00+00:00, run_after=2026-06-01 00:00:00+00:00
[2026-05-31T18:52:11.247+0000] {processor.py:183} INFO - Processing /opt/airflow/dags/retailco_dag.py took 0.135 seconds
[2026-05-31T18:52:41.610+0000] {processor.py:161} INFO - Started process (PID=3101) to work on /opt/airflow/dags/retailco_dag.py
[2026-05-31T18:52:41.611+0000] {processor.py:830} INFO - Processing file /opt/airflow/dags/retailco_dag.py for tasks to queue
[2026-05-31T18:52:41.614+0000] {logging_mixin.py:188} INFO - [2026-05-31T18:52:41.613+0000] {dagbag.py:545} INFO - Filling up the DagBag from /opt/airflow/dags/retailco_dag.py
[2026-05-31T18:52:41.646+0000] {processor.py:840} INFO - DAG(s) 'retailco_master_pipeline' retrieved from /opt/airflow/dags/retailco_dag.py
[2026-05-31T18:52:41.680+0000] {logging_mixin.py:188} INFO - [2026-05-31T18:52:41.679+0000] {dag.py:3096} INFO - Sync 1 DAGs
[2026-05-31T18:52:41.705+0000] {logging_mixin.py:188} INFO - [2026-05-31T18:52:41.705+0000] {dag.py:3954} INFO - Setting next_dagrun for retailco_master_pipeline to 2026-05-31 00:00:00+00:00, run_after=2026-06-01 00:00:00+00:00
[2026-05-31T18:52:41.735+0000] {processor.py:183} INFO - Processing /opt/airflow/dags/retailco_dag.py took 0.132 seconds
[2026-05-31T18:53:11.969+0000] {processor.py:161} INFO - Started process (PID=3106) to work on /opt/airflow/dags/retailco_dag.py
[2026-05-31T18:53:11.970+0000] {processor.py:830} INFO - Processing file /opt/airflow/dags/retailco_dag.py for tasks to queue
[2026-05-31T18:53:11.973+0000] {logging_mixin.py:188} INFO - [2026-05-31T18:53:11.973+0000] {dagbag.py:545} INFO - Filling up the DagBag from /opt/airflow/dags/retailco_dag.py
[2026-05-31T18:53:12.004+0000] {processor.py:840} INFO - DAG(s) 'retailco_master_pipeline' retrieved from /opt/airflow/dags/retailco_dag.py
[2026-05-31T18:53:12.044+0000] {logging_mixin.py:188} INFO - [2026-05-31T18:53:12.043+0000] {dag.py:3096} INFO - Sync 1 DAGs
[2026-05-31T18:53:12.072+0000] {logging_mixin.py:188} INFO - [2026-05-31T18:53:12.072+0000] {dag.py:3954} INFO - Setting next_dagrun for retailco_master_pipeline to 2026-05-31 00:00:00+00:00, run_after=2026-06-01 00:00:00+00:00
[2026-05-31T18:53:12.102+0000] {processor.py:183} INFO - Processing /opt/airflow/dags/retailco_dag.py took 0.141 seconds
[2026-05-31T18:53:42.405+0000] {processor.py:161} INFO - Started process (PID=3111) to work on /opt/airflow/dags/retailco_dag.py
[2026-05-31T18:53:42.406+0000] {processor.py:830} INFO - Processing file /opt/airflow/dags/retailco_dag.py for tasks to queue
[2026-05-31T18:53:42.409+0000] {logging_mixin.py:188} INFO - [2026-05-31T18:53:42.409+0000] {dagbag.py:545} INFO - Filling up the DagBag from /opt/airflow/dags/retailco_dag.py
[2026-05-31T18:53:42.439+0000] {processor.py:840} INFO - DAG(s) 'retailco_master_pipeline' retrieved from /opt/airflow/dags/retailco_dag.py
[2026-05-31T18:53:42.473+0000] {logging_mixin.py:188} INFO - [2026-05-31T18:53:42.473+0000] {dag.py:3096} INFO - Sync 1 DAGs
[2026-05-31T18:53:42.500+0000] {logging_mixin.py:188} INFO - [2026-05-31T18:53:42.500+0000] {dag.py:3954} INFO - Setting next_dagrun for retailco_master_pipeline to 2026-05-31 00:00:00+00:00, run_after=2026-06-01 00:00:00+00:00
[2026-05-31T18:53:42.525+0000] {processor.py:183} INFO - Processing /opt/airflow/dags/retailco_dag.py took 0.126 seconds
[2026-05-31T18:54:12.781+0000] {processor.py:161} INFO - Started process (PID=3116) to work on /opt/airflow/dags/retailco_dag.py
[2026-05-31T18:54:12.783+0000] {processor.py:830} INFO - Processing file /opt/airflow/dags/retailco_dag.py for tasks to queue
[2026-05-31T18:54:12.787+0000] {logging_mixin.py:188} INFO - [2026-05-31T18:54:12.786+0000] {dagbag.py:545} INFO - Filling up the DagBag from /opt/airflow/dags/retailco_dag.py
[2026-05-31T18:54:12.817+0000] {processor.py:840} INFO - DAG(s) 'retailco_master_pipeline' retrieved from /opt/airflow/dags/retailco_dag.py
[2026-05-31T18:54:12.854+0000] {logging_mixin.py:188} INFO - [2026-05-31T18:54:12.854+0000] {dag.py:3096} INFO - Sync 1 DAGs
[2026-05-31T18:54:12.878+0000] {logging_mixin.py:188} INFO - [2026-05-31T18:54:12.878+0000] {dag.py:3954} INFO - Setting next_dagrun for retailco_master_pipeline to 2026-05-31 00:00:00+00:00, run_after=2026-06-01 00:00:00+00:00
[2026-05-31T18:54:12.905+0000] {processor.py:183} INFO - Processing /opt/airflow/dags/retailco_dag.py took 0.130 seconds
[2026-05-31T18:54:43.289+0000] {processor.py:161} INFO - Started process (PID=3121) to work on /opt/airflow/dags/retailco_dag.py
[2026-05-31T18:54:43.290+0000] {processor.py:830} INFO - Processing file /opt/airflow/dags/retailco_dag.py for tasks to queue
[2026-05-31T18:54:43.292+0000] {logging_mixin.py:188} INFO - [2026-05-31T18:54:43.292+0000] {dagbag.py:545} INFO - Filling up the DagBag from /opt/airflow/dags/retailco_dag.py
[2026-05-31T18:54:43.324+0000] {processor.py:840} INFO - DAG(s) 'retailco_master_pipeline' retrieved from /opt/airflow/dags/retailco_dag.py
[2026-05-31T18:54:43.357+0000] {logging_mixin.py:188} INFO - [2026-05-31T18:54:43.356+0000] {dag.py:3096} INFO - Sync 1 DAGs
[2026-05-31T18:54:43.380+0000] {logging_mixin.py:188} INFO - [2026-05-31T18:54:43.380+0000] {dag.py:3954} INFO - Setting next_dagrun for retailco_master_pipeline to 2026-05-31 00:00:00+00:00, run_after=2026-06-01 00:00:00+00:00
[2026-05-31T18:54:43.406+0000] {processor.py:183} INFO - Processing /opt/airflow/dags/retailco_dag.py took 0.124 seconds
[2026-05-31T18:55:13.585+0000] {processor.py:161} INFO - Started process (PID=3126) to work on /opt/airflow/dags/retailco_dag.py
[2026-05-31T18:55:13.586+0000] {processor.py:830} INFO - Processing file /opt/airflow/dags/retailco_dag.py for tasks to queue
[2026-05-31T18:55:13.590+0000] {logging_mixin.py:188} INFO - [2026-05-31T18:55:13.590+0000] {dagbag.py:545} INFO - Filling up the DagBag from /opt/airflow/dags/retailco_dag.py
[2026-05-31T18:55:13.619+0000] {processor.py:840} INFO - DAG(s) 'retailco_master_pipeline' retrieved from /opt/airflow/dags/retailco_dag.py
[2026-05-31T18:55:13.655+0000] {logging_mixin.py:188} INFO - [2026-05-31T18:55:13.655+0000] {dag.py:3096} INFO - Sync 1 DAGs
[2026-05-31T18:55:13.679+0000] {logging_mixin.py:188} INFO - [2026-05-31T18:55:13.679+0000] {dag.py:3954} INFO - Setting next_dagrun for retailco_master_pipeline to 2026-05-31 00:00:00+00:00, run_after=2026-06-01 00:00:00+00:00
[2026-05-31T18:55:13.707+0000] {processor.py:183} INFO - Processing /opt/airflow/dags/retailco_dag.py took 0.128 seconds
[2026-05-31T18:55:44.047+0000] {processor.py:161} INFO - Started process (PID=3131) to work on /opt/airflow/dags/retailco_dag.py
[2026-05-31T18:55:44.048+0000] {processor.py:830} INFO - Processing file /opt/airflow/dags/retailco_dag.py for tasks to queue
[2026-05-31T18:55:44.050+0000] {logging_mixin.py:188} INFO - [2026-05-31T18:55:44.050+0000] {dagbag.py:545} INFO - Filling up the DagBag from /opt/airflow/dags/retailco_dag.py
[2026-05-31T18:55:44.086+0000] {processor.py:840} INFO - DAG(s) 'retailco_master_pipeline' retrieved from /opt/airflow/dags/retailco_dag.py
[2026-05-31T18:55:44.123+0000] {logging_mixin.py:188} INFO - [2026-05-31T18:55:44.123+0000] {dag.py:3096} INFO - Sync 1 DAGs
[2026-05-31T18:55:44.152+0000] {logging_mixin.py:188} INFO - [2026-05-31T18:55:44.152+0000] {dag.py:3954} INFO - Setting next_dagrun for retailco_master_pipeline to 2026-05-31 00:00:00+00:00, run_after=2026-06-01 00:00:00+00:00
[2026-05-31T18:55:44.185+0000] {processor.py:183} INFO - Processing /opt/airflow/dags/retailco_dag.py took 0.145 seconds
[2026-05-31T18:56:14.388+0000] {processor.py:161} INFO - Started process (PID=3136) to work on /opt/airflow/dags/retailco_dag.py
[2026-05-31T18:56:14.390+0000] {processor.py:830} INFO - Processing file /opt/airflow/dags/retailco_dag.py for tasks to queue
[2026-05-31T18:56:14.392+0000] {logging_mixin.py:188} INFO - [2026-05-31T18:56:14.392+0000] {dagbag.py:545} INFO - Filling up the DagBag from /opt/airflow/dags/retailco_dag.py
[2026-05-31T18:56:14.419+0000] {processor.py:840} INFO - DAG(s) 'retailco_master_pipeline' retrieved from /opt/airflow/dags/retailco_dag.py
[2026-05-31T18:56:14.455+0000] {logging_mixin.py:188} INFO - [2026-05-31T18:56:14.454+0000] {dag.py:3096} INFO - Sync 1 DAGs
[2026-05-31T18:56:14.481+0000] {logging_mixin.py:188} INFO - [2026-05-31T18:56:14.480+0000] {dag.py:3954} INFO - Setting next_dagrun for retailco_master_pipeline to 2026-05-31 00:00:00+00:00, run_after=2026-06-01 00:00:00+00:00
[2026-05-31T18:56:14.511+0000] {processor.py:183} INFO - Processing /opt/airflow/dags/retailco_dag.py took 0.129 seconds
[2026-05-31T18:56:44.851+0000] {processor.py:161} INFO - Started process (PID=3141) to work on /opt/airflow/dags/retailco_dag.py
[2026-05-31T18:56:44.852+0000] {processor.py:830} INFO - Processing file /opt/airflow/dags/retailco_dag.py for tasks to queue
[2026-05-31T18:56:44.854+0000] {logging_mixin.py:188} INFO - [2026-05-31T18:56:44.854+0000] {dagbag.py:545} INFO - Filling up the DagBag from /opt/airflow/dags/retailco_dag.py
[2026-05-31T18:56:44.886+0000] {processor.py:840} INFO - DAG(s) 'retailco_master_pipeline' retrieved from /opt/airflow/dags/retailco_dag.py
[2026-05-31T18:56:44.920+0000] {logging_mixin.py:188} INFO - [2026-05-31T18:56:44.920+0000] {dag.py:3096} INFO - Sync 1 DAGs
[2026-05-31T18:56:44.945+0000] {logging_mixin.py:188} INFO - [2026-05-31T18:56:44.944+0000] {dag.py:3954} INFO - Setting next_dagrun for retailco_master_pipeline to 2026-05-31 00:00:00+00:00, run_after=2026-06-01 00:00:00+00:00
[2026-05-31T18:56:44.975+0000] {processor.py:183} INFO - Processing /opt/airflow/dags/retailco_dag.py took 0.130 seconds
[2026-05-31T18:57:15.126+0000] {processor.py:161} INFO - Started process (PID=3146) to work on /opt/airflow/dags/retailco_dag.py
[2026-05-31T18:57:15.128+0000] {processor.py:830} INFO - Processing file /opt/airflow/dags/retailco_dag.py for tasks to queue
[2026-05-31T18:57:15.130+0000] {logging_mixin.py:188} INFO - [2026-05-31T18:57:15.130+0000] {dagbag.py:545} INFO - Filling up the DagBag from /opt/airflow/dags/retailco_dag.py
[2026-05-31T18:57:15.163+0000] {processor.py:840} INFO - DAG(s) 'retailco_master_pipeline' retrieved from /opt/airflow/dags/retailco_dag.py
[2026-05-31T18:57:15.198+0000] {logging_mixin.py:188} INFO - [2026-05-31T18:57:15.198+0000] {dag.py:3096} INFO - Sync 1 DAGs
[2026-05-31T18:57:15.225+0000] {logging_mixin.py:188} INFO - [2026-05-31T18:57:15.224+0000] {dag.py:3954} INFO - Setting next_dagrun for retailco_master_pipeline to 2026-05-31 00:00:00+00:00, run_after=2026-06-01 00:00:00+00:00
[2026-05-31T18:57:15.253+0000] {processor.py:183} INFO - Processing /opt/airflow/dags/retailco_dag.py took 0.135 seconds
[2026-05-31T18:57:45.589+0000] {processor.py:161} INFO - Started process (PID=3151) to work on /opt/airflow/dags/retailco_dag.py
[2026-05-31T18:57:45.590+0000] {processor.py:830} INFO - Processing file /opt/airflow/dags/retailco_dag.py for tasks to queue
[2026-05-31T18:57:45.592+0000] {logging_mixin.py:188} INFO - [2026-05-31T18:57:45.592+0000] {dagbag.py:545} INFO - Filling up the DagBag from /opt/airflow/dags/retailco_dag.py
[2026-05-31T18:57:45.624+0000] {processor.py:840} INFO - DAG(s) 'retailco_master_pipeline' retrieved from /opt/airflow/dags/retailco_dag.py
[2026-05-31T18:57:45.660+0000] {logging_mixin.py:188} INFO - [2026-05-31T18:57:45.660+0000] {dag.py:3096} INFO - Sync 1 DAGs
[2026-05-31T18:57:45.686+0000] {logging_mixin.py:188} INFO - [2026-05-31T18:57:45.686+0000] {dag.py:3954} INFO - Setting next_dagrun for retailco_master_pipeline to 2026-05-31 00:00:00+00:00, run_after=2026-06-01 00:00:00+00:00
[2026-05-31T18:57:45.712+0000] {processor.py:183} INFO - Processing /opt/airflow/dags/retailco_dag.py took 0.130 seconds
[2026-05-31T18:58:15.906+0000] {processor.py:161} INFO - Started process (PID=3156) to work on /opt/airflow/dags/retailco_dag.py
[2026-05-31T18:58:15.908+0000] {processor.py:830} INFO - Processing file /opt/airflow/dags/retailco_dag.py for tasks to queue
[2026-05-31T18:58:15.911+0000] {logging_mixin.py:188} INFO - [2026-05-31T18:58:15.910+0000] {dagbag.py:545} INFO - Filling up the DagBag from /opt/airflow/dags/retailco_dag.py
[2026-05-31T18:58:15.939+0000] {processor.py:840} INFO - DAG(s) 'retailco_master_pipeline' retrieved from /opt/airflow/dags/retailco_dag.py
[2026-05-31T18:58:15.976+0000] {logging_mixin.py:188} INFO - [2026-05-31T18:58:15.976+0000] {dag.py:3096} INFO - Sync 1 DAGs
[2026-05-31T18:58:16.004+0000] {logging_mixin.py:188} INFO - [2026-05-31T18:58:16.004+0000] {dag.py:3954} INFO - Setting next_dagrun for retailco_master_pipeline to 2026-05-31 00:00:00+00:00, run_after=2026-06-01 00:00:00+00:00
[2026-05-31T18:58:16.034+0000] {processor.py:183} INFO - Processing /opt/airflow/dags/retailco_dag.py took 0.135 seconds
[2026-05-31T18:58:46.401+0000] {processor.py:161} INFO - Started process (PID=3161) to work on /opt/airflow/dags/retailco_dag.py
[2026-05-31T18:58:46.403+0000] {processor.py:830} INFO - Processing file /opt/airflow/dags/retailco_dag.py for tasks to queue
[2026-05-31T18:58:46.405+0000] {logging_mixin.py:188} INFO - [2026-05-31T18:58:46.405+0000] {dagbag.py:545} INFO - Filling up the DagBag from /opt/airflow/dags/retailco_dag.py
[2026-05-31T18:58:46.438+0000] {processor.py:840} INFO - DAG(s) 'retailco_master_pipeline' retrieved from /opt/airflow/dags/retailco_dag.py
[2026-05-31T18:58:46.475+0000] {logging_mixin.py:188} INFO - [2026-05-31T18:58:46.474+0000] {dag.py:3096} INFO - Sync 1 DAGs
[2026-05-31T18:58:46.503+0000] {logging_mixin.py:188} INFO - [2026-05-31T18:58:46.503+0000] {dag.py:3954} INFO - Setting next_dagrun for retailco_master_pipeline to 2026-05-31 00:00:00+00:00, run_after=2026-06-01 00:00:00+00:00
[2026-05-31T18:58:46.530+0000] {processor.py:183} INFO - Processing /opt/airflow/dags/retailco_dag.py took 0.135 seconds
[2026-05-31T18:59:16.722+0000] {processor.py:161} INFO - Started process (PID=3166) to work on /opt/airflow/dags/retailco_dag.py
[2026-05-31T18:59:16.724+0000] {processor.py:830} INFO - Processing file /opt/airflow/dags/retailco_dag.py for tasks to queue
[2026-05-31T18:59:16.726+0000] {logging_mixin.py:188} INFO - [2026-05-31T18:59:16.725+0000] {dagbag.py:545} INFO - Filling up the DagBag from /opt/airflow/dags/retailco_dag.py
[2026-05-31T18:59:16.756+0000] {processor.py:840} INFO - DAG(s) 'retailco_master_pipeline' retrieved from /opt/airflow/dags/retailco_dag.py
[2026-05-31T18:59:16.792+0000] {logging_mixin.py:188} INFO - [2026-05-31T18:59:16.791+0000] {dag.py:3096} INFO - Sync 1 DAGs
[2026-05-31T18:59:16.820+0000] {logging_mixin.py:188} INFO - [2026-05-31T18:59:16.819+0000] {dag.py:3954} INFO - Setting next_dagrun for retailco_master_pipeline to 2026-05-31 00:00:00+00:00, run_after=2026-06-01 00:00:00+00:00
[2026-05-31T18:59:16.850+0000] {processor.py:183} INFO - Processing /opt/airflow/dags/retailco_dag.py took 0.135 seconds
[2026-05-31T18:59:47.173+0000] {processor.py:161} INFO - Started process (PID=3171) to work on /opt/airflow/dags/retailco_dag.py
[2026-05-31T18:59:47.174+0000] {processor.py:830} INFO - Processing file /opt/airflow/dags/retailco_dag.py for tasks to queue
[2026-05-31T18:59:47.176+0000] {logging_mixin.py:188} INFO - [2026-05-31T18:59:47.176+0000] {dagbag.py:545} INFO - Filling up the DagBag from /opt/airflow/dags/retailco_dag.py
[2026-05-31T18:59:47.205+0000] {processor.py:840} INFO - DAG(s) 'retailco_master_pipeline' retrieved from /opt/airflow/dags/retailco_dag.py
[2026-05-31T18:59:47.240+0000] {logging_mixin.py:188} INFO - [2026-05-31T18:59:47.240+0000] {dag.py:3096} INFO - Sync 1 DAGs
[2026-05-31T18:59:47.265+0000] {logging_mixin.py:188} INFO - [2026-05-31T18:59:47.265+0000] {dag.py:3954} INFO - Setting next_dagrun for retailco_master_pipeline to 2026-05-31 00:00:00+00:00, run_after=2026-06-01 00:00:00+00:00
[2026-05-31T18:59:47.297+0000] {processor.py:183} INFO - Processing /opt/airflow/dags/retailco_dag.py took 0.131 seconds
[2026-05-31T19:00:17.558+0000] {processor.py:161} INFO - Started process (PID=3176) to work on /opt/airflow/dags/retailco_dag.py
[2026-05-31T19:00:17.559+0000] {processor.py:830} INFO - Processing file /opt/airflow/dags/retailco_dag.py for tasks to queue
[2026-05-31T19:00:17.561+0000] {logging_mixin.py:188} INFO - [2026-05-31T19:00:17.561+0000] {dagbag.py:545} INFO - Filling up the DagBag from /opt/airflow/dags/retailco_dag.py
[2026-05-31T19:00:17.592+0000] {processor.py:840} INFO - DAG(s) 'retailco_master_pipeline' retrieved from /opt/airflow/dags/retailco_dag.py
[2026-05-31T19:00:17.636+0000] {logging_mixin.py:188} INFO - [2026-05-31T19:00:17.635+0000] {dag.py:3096} INFO - Sync 1 DAGs
[2026-05-31T19:00:17.663+0000] {logging_mixin.py:188} INFO - [2026-05-31T19:00:17.663+0000] {dag.py:3954} INFO - Setting next_dagrun for retailco_master_pipeline to 2026-05-31 00:00:00+00:00, run_after=2026-06-01 00:00:00+00:00
[2026-05-31T19:00:17.690+0000] {processor.py:183} INFO - Processing /opt/airflow/dags/retailco_dag.py took 0.141 seconds
[2026-05-31T19:00:47.993+0000] {processor.py:161} INFO - Started process (PID=3181) to work on /opt/airflow/dags/retailco_dag.py
[2026-05-31T19:00:47.994+0000] {processor.py:830} INFO - Processing file /opt/airflow/dags/retailco_dag.py for tasks to queue
[2026-05-31T19:00:47.996+0000] {logging_mixin.py:188} INFO - [2026-05-31T19:00:47.996+0000] {dagbag.py:545} INFO - Filling up the DagBag from /opt/airflow/dags/retailco_dag.py
[2026-05-31T19:00:48.028+0000] {processor.py:840} INFO - DAG(s) 'retailco_master_pipeline' retrieved from /opt/airflow/dags/retailco_dag.py
[2026-05-31T19:00:48.062+0000] {logging_mixin.py:188} INFO - [2026-05-31T19:00:48.062+0000] {dag.py:3096} INFO - Sync 1 DAGs
[2026-05-31T19:00:48.085+0000] {logging_mixin.py:188} INFO - [2026-05-31T19:00:48.085+0000] {dag.py:3954} INFO - Setting next_dagrun for retailco_master_pipeline to 2026-05-31 00:00:00+00:00, run_after=2026-06-01 00:00:00+00:00
[2026-05-31T19:00:48.115+0000] {processor.py:183} INFO - Processing /opt/airflow/dags/retailco_dag.py took 0.130 seconds
[2026-05-31T19:01:18.299+0000] {processor.py:161} INFO - Started process (PID=3186) to work on /opt/airflow/dags/retailco_dag.py
[2026-05-31T19:01:18.301+0000] {processor.py:830} INFO - Processing file /opt/airflow/dags/retailco_dag.py for tasks to queue
[2026-05-31T19:01:18.303+0000] {logging_mixin.py:188} INFO - [2026-05-31T19:01:18.303+0000] {dagbag.py:545} INFO - Filling up the DagBag from /opt/airflow/dags/retailco_dag.py
[2026-05-31T19:01:18.333+0000] {processor.py:840} INFO - DAG(s) 'retailco_master_pipeline' retrieved from /opt/airflow/dags/retailco_dag.py
[2026-05-31T19:01:18.369+0000] {logging_mixin.py:188} INFO - [2026-05-31T19:01:18.369+0000] {dag.py:3096} INFO - Sync 1 DAGs
[2026-05-31T19:01:18.393+0000] {logging_mixin.py:188} INFO - [2026-05-31T19:01:18.393+0000] {dag.py:3954} INFO - Setting next_dagrun for retailco_master_pipeline to 2026-05-31 00:00:00+00:00, run_after=2026-06-01 00:00:00+00:00
[2026-05-31T19:01:18.419+0000] {processor.py:183} INFO - Processing /opt/airflow/dags/retailco_dag.py took 0.127 seconds
[2026-05-31T19:01:48.779+0000] {processor.py:161} INFO - Started process (PID=3191) to work on /opt/airflow/dags/retailco_dag.py
[2026-05-31T19:01:48.780+0000] {processor.py:830} INFO - Processing file /opt/airflow/dags/retailco_dag.py for tasks to queue
[2026-05-31T19:01:48.782+0000] {logging_mixin.py:188} INFO - [2026-05-31T19:01:48.782+0000] {dagbag.py:545} INFO - Filling up the DagBag from /opt/airflow/dags/retailco_dag.py
[2026-05-31T19:01:48.815+0000] {processor.py:840} INFO - DAG(s) 'retailco_master_pipeline' retrieved from /opt/airflow/dags/retailco_dag.py
[2026-05-31T19:01:48.848+0000] {logging_mixin.py:188} INFO - [2026-05-31T19:01:48.847+0000] {dag.py:3096} INFO - Sync 1 DAGs
[2026-05-31T19:01:48.871+0000] {logging_mixin.py:188} INFO - [2026-05-31T19:01:48.871+0000] {dag.py:3954} INFO - Setting next_dagrun for retailco_master_pipeline to 2026-05-31 00:00:00+00:00, run_after=2026-06-01 00:00:00+00:00
[2026-05-31T19:01:48.901+0000] {processor.py:183} INFO - Processing /opt/airflow/dags/retailco_dag.py took 0.129 seconds
[2026-05-31T19:02:19.128+0000] {processor.py:161} INFO - Started process (PID=3196) to work on /opt/airflow/dags/retailco_dag.py
[2026-05-31T19:02:19.130+0000] {processor.py:830} INFO - Processing file /opt/airflow/dags/retailco_dag.py for tasks to queue
[2026-05-31T19:02:19.134+0000] {logging_mixin.py:188} INFO - [2026-05-31T19:02:19.133+0000] {dagbag.py:545} INFO - Filling up the DagBag from /opt/airflow/dags/retailco_dag.py
[2026-05-31T19:02:19.163+0000] {processor.py:840} INFO - DAG(s) 'retailco_master_pipeline' retrieved from /opt/airflow/dags/retailco_dag.py
[2026-05-31T19:02:19.198+0000] {logging_mixin.py:188} INFO - [2026-05-31T19:02:19.197+0000] {dag.py:3096} INFO - Sync 1 DAGs
[2026-05-31T19:02:19.226+0000] {logging_mixin.py:188} INFO - [2026-05-31T19:02:19.226+0000] {dag.py:3954} INFO - Setting next_dagrun for retailco_master_pipeline to 2026-05-31 00:00:00+00:00, run_after=2026-06-01 00:00:00+00:00
[2026-05-31T19:02:19.252+0000] {processor.py:183} INFO - Processing /opt/airflow/dags/retailco_dag.py took 0.135 seconds
[2026-05-31T19:02:49.617+0000] {processor.py:161} INFO - Started process (PID=3201) to work on /opt/airflow/dags/retailco_dag.py
[2026-05-31T19:02:49.618+0000] {processor.py:830} INFO - Processing file /opt/airflow/dags/retailco_dag.py for tasks to queue
[2026-05-31T19:02:49.621+0000] {logging_mixin.py:188} INFO - [2026-05-31T19:02:49.620+0000] {dagbag.py:545} INFO - Filling up the DagBag from /opt/airflow/dags/retailco_dag.py
[2026-05-31T19:02:49.653+0000] {processor.py:840} INFO - DAG(s) 'retailco_master_pipeline' retrieved from /opt/airflow/dags/retailco_dag.py
[2026-05-31T19:02:49.688+0000] {logging_mixin.py:188} INFO - [2026-05-31T19:02:49.688+0000] {dag.py:3096} INFO - Sync 1 DAGs
[2026-05-31T19:02:49.716+0000] {logging_mixin.py:188} INFO - [2026-05-31T19:02:49.716+0000] {dag.py:3954} INFO - Setting next_dagrun for retailco_master_pipeline to 2026-05-31 00:00:00+00:00, run_after=2026-06-01 00:00:00+00:00
[2026-05-31T19:02:49.748+0000] {processor.py:183} INFO - Processing /opt/airflow/dags/retailco_dag.py took 0.139 seconds
[2026-05-31T19:03:19.906+0000] {processor.py:161} INFO - Started process (PID=3206) to work on /opt/airflow/dags/retailco_dag.py
[2026-05-31T19:03:19.908+0000] {processor.py:830} INFO - Processing file /opt/airflow/dags/retailco_dag.py for tasks to queue
[2026-05-31T19:03:19.911+0000] {logging_mixin.py:188} INFO - [2026-05-31T19:03:19.910+0000] {dagbag.py:545} INFO - Filling up the DagBag from /opt/airflow/dags/retailco_dag.py
[2026-05-31T19:03:19.942+0000] {processor.py:840} INFO - DAG(s) 'retailco_master_pipeline' retrieved from /opt/airflow/dags/retailco_dag.py
[2026-05-31T19:03:19.979+0000] {logging_mixin.py:188} INFO - [2026-05-31T19:03:19.979+0000] {dag.py:3096} INFO - Sync 1 DAGs
[2026-05-31T19:03:20.011+0000] {logging_mixin.py:188} INFO - [2026-05-31T19:03:20.010+0000] {dag.py:3954} INFO - Setting next_dagrun for retailco_master_pipeline to 2026-05-31 00:00:00+00:00, run_after=2026-06-01 00:00:00+00:00
[2026-05-31T19:03:20.040+0000] {processor.py:183} INFO - Processing /opt/airflow/dags/retailco_dag.py took 0.141 seconds
[2026-05-31T19:03:50.359+0000] {processor.py:161} INFO - Started process (PID=3211) to work on /opt/airflow/dags/retailco_dag.py
[2026-05-31T19:03:50.360+0000] {processor.py:830} INFO - Processing file /opt/airflow/dags/retailco_dag.py for tasks to queue
[2026-05-31T19:03:50.362+0000] {logging_mixin.py:188} INFO - [2026-05-31T19:03:50.362+0000] {dagbag.py:545} INFO - Filling up the DagBag from /opt/airflow/dags/retailco_dag.py
[2026-05-31T19:03:50.392+0000] {processor.py:840} INFO - DAG(s) 'retailco_master_pipeline' retrieved from /opt/airflow/dags/retailco_dag.py
[2026-05-31T19:03:50.427+0000] {logging_mixin.py:188} INFO - [2026-05-31T19:03:50.427+0000] {dag.py:3096} INFO - Sync 1 DAGs
[2026-05-31T19:03:50.452+0000] {logging_mixin.py:188} INFO - [2026-05-31T19:03:50.452+0000] {dag.py:3954} INFO - Setting next_dagrun for retailco_master_pipeline to 2026-05-31 00:00:00+00:00, run_after=2026-06-01 00:00:00+00:00
[2026-05-31T19:03:50.477+0000] {processor.py:183} INFO - Processing /opt/airflow/dags/retailco_dag.py took 0.125 seconds
[2026-05-31T19:04:20.744+0000] {processor.py:161} INFO - Started process (PID=3216) to work on /opt/airflow/dags/retailco_dag.py
[2026-05-31T19:04:20.745+0000] {processor.py:830} INFO - Processing file /opt/airflow/dags/retailco_dag.py for tasks to queue
[2026-05-31T19:04:20.747+0000] {logging_mixin.py:188} INFO - [2026-05-31T19:04:20.747+0000] {dagbag.py:545} INFO - Filling up the DagBag from /opt/airflow/dags/retailco_dag.py
[2026-05-31T19:04:20.786+0000] {processor.py:840} INFO - DAG(s) 'retailco_master_pipeline' retrieved from /opt/airflow/dags/retailco_dag.py
[2026-05-31T19:04:20.830+0000] {logging_mixin.py:188} INFO - [2026-05-31T19:04:20.830+0000] {dag.py:3096} INFO - Sync 1 DAGs
[2026-05-31T19:04:20.862+0000] {logging_mixin.py:188} INFO - [2026-05-31T19:04:20.862+0000] {dag.py:3954} INFO - Setting next_dagrun for retailco_master_pipeline to 2026-05-31 00:00:00+00:00, run_after=2026-06-01 00:00:00+00:00
[2026-05-31T19:04:20.893+0000] {processor.py:183} INFO - Processing /opt/airflow/dags/retailco_dag.py took 0.155 seconds
[2026-05-31T19:04:51.101+0000] {processor.py:161} INFO - Started process (PID=3221) to work on /opt/airflow/dags/retailco_dag.py
[2026-05-31T19:04:51.102+0000] {processor.py:830} INFO - Processing file /opt/airflow/dags/retailco_dag.py for tasks to queue
[2026-05-31T19:04:51.104+0000] {logging_mixin.py:188} INFO - [2026-05-31T19:04:51.104+0000] {dagbag.py:545} INFO - Filling up the DagBag from /opt/airflow/dags/retailco_dag.py
[2026-05-31T19:04:51.137+0000] {processor.py:840} INFO - DAG(s) 'retailco_master_pipeline' retrieved from /opt/airflow/dags/retailco_dag.py
[2026-05-31T19:04:51.175+0000] {logging_mixin.py:188} INFO - [2026-05-31T19:04:51.175+0000] {dag.py:3096} INFO - Sync 1 DAGs
[2026-05-31T19:04:51.201+0000] {logging_mixin.py:188} INFO - [2026-05-31T19:04:51.200+0000] {dag.py:3954} INFO - Setting next_dagrun for retailco_master_pipeline to 2026-05-31 00:00:00+00:00, run_after=2026-06-01 00:00:00+00:00
[2026-05-31T19:04:51.255+0000] {processor.py:183} INFO - Processing /opt/airflow/dags/retailco_dag.py took 0.161 seconds
[2026-05-31T19:05:21.535+0000] {processor.py:161} INFO - Started process (PID=3226) to work on /opt/airflow/dags/retailco_dag.py
[2026-05-31T19:05:21.537+0000] {processor.py:830} INFO - Processing file /opt/airflow/dags/retailco_dag.py for tasks to queue
[2026-05-31T19:05:21.539+0000] {logging_mixin.py:188} INFO - [2026-05-31T19:05:21.539+0000] {dagbag.py:545} INFO - Filling up the DagBag from /opt/airflow/dags/retailco_dag.py
[2026-05-31T19:05:21.571+0000] {processor.py:840} INFO - DAG(s) 'retailco_master_pipeline' retrieved from /opt/airflow/dags/retailco_dag.py
[2026-05-31T19:05:21.613+0000] {logging_mixin.py:188} INFO - [2026-05-31T19:05:21.613+0000] {dag.py:3096} INFO - Sync 1 DAGs
[2026-05-31T19:05:21.640+0000] {logging_mixin.py:188} INFO - [2026-05-31T19:05:21.640+0000] {dag.py:3954} INFO - Setting next_dagrun for retailco_master_pipeline to 2026-05-31 00:00:00+00:00, run_after=2026-06-01 00:00:00+00:00
[2026-05-31T19:05:21.669+0000] {processor.py:183} INFO - Processing /opt/airflow/dags/retailco_dag.py took 0.139 seconds
[2026-05-31T19:05:51.973+0000] {processor.py:161} INFO - Started process (PID=3231) to work on /opt/airflow/dags/retailco_dag.py
[2026-05-31T19:05:51.975+0000] {processor.py:830} INFO - Processing file /opt/airflow/dags/retailco_dag.py for tasks to queue
[2026-05-31T19:05:51.977+0000] {logging_mixin.py:188} INFO - [2026-05-31T19:05:51.976+0000] {dagbag.py:545} INFO - Filling up the DagBag from /opt/airflow/dags/retailco_dag.py
[2026-05-31T19:05:52.007+0000] {processor.py:840} INFO - DAG(s) 'retailco_master_pipeline' retrieved from /opt/airflow/dags/retailco_dag.py
[2026-05-31T19:05:52.041+0000] {logging_mixin.py:188} INFO - [2026-05-31T19:05:52.041+0000] {dag.py:3096} INFO - Sync 1 DAGs
[2026-05-31T19:05:52.065+0000] {logging_mixin.py:188} INFO - [2026-05-31T19:05:52.065+0000] {dag.py:3954} INFO - Setting next_dagrun for retailco_master_pipeline to 2026-05-31 00:00:00+00:00, run_after=2026-06-01 00:00:00+00:00
[2026-05-31T19:05:52.093+0000] {processor.py:183} INFO - Processing /opt/airflow/dags/retailco_dag.py took 0.127 seconds
[2026-05-31T19:06:22.343+0000] {processor.py:161} INFO - Started process (PID=3236) to work on /opt/airflow/dags/retailco_dag.py
[2026-05-31T19:06:22.344+0000] {processor.py:830} INFO - Processing file /opt/airflow/dags/retailco_dag.py for tasks to queue
[2026-05-31T19:06:22.346+0000] {logging_mixin.py:188} INFO - [2026-05-31T19:06:22.346+0000] {dagbag.py:545} INFO - Filling up the DagBag from /opt/airflow/dags/retailco_dag.py
[2026-05-31T19:06:22.385+0000] {processor.py:840} INFO - DAG(s) 'retailco_master_pipeline' retrieved from /opt/airflow/dags/retailco_dag.py
[2026-05-31T19:06:22.423+0000] {logging_mixin.py:188} INFO - [2026-05-31T19:06:22.422+0000] {dag.py:3096} INFO - Sync 1 DAGs
[2026-05-31T19:06:22.448+0000] {logging_mixin.py:188} INFO - [2026-05-31T19:06:22.448+0000] {dag.py:3954} INFO - Setting next_dagrun for retailco_master_pipeline to 2026-05-31 00:00:00+00:00, run_after=2026-06-01 00:00:00+00:00
[2026-05-31T19:06:22.473+0000] {processor.py:183} INFO - Processing /opt/airflow/dags/retailco_dag.py took 0.138 seconds
[2026-05-31T19:06:52.776+0000] {processor.py:161} INFO - Started process (PID=3241) to work on /opt/airflow/dags/retailco_dag.py
[2026-05-31T19:06:52.777+0000] {processor.py:830} INFO - Processing file /opt/airflow/dags/retailco_dag.py for tasks to queue
[2026-05-31T19:06:52.779+0000] {logging_mixin.py:188} INFO - [2026-05-31T19:06:52.779+0000] {dagbag.py:545} INFO - Filling up the DagBag from /opt/airflow/dags/retailco_dag.py
[2026-05-31T19:06:52.832+0000] {processor.py:840} INFO - DAG(s) 'retailco_master_pipeline' retrieved from /opt/airflow/dags/retailco_dag.py
[2026-05-31T19:06:52.867+0000] {logging_mixin.py:188} INFO - [2026-05-31T19:06:52.867+0000] {dag.py:3096} INFO - Sync 1 DAGs
[2026-05-31T19:06:52.892+0000] {logging_mixin.py:188} INFO - [2026-05-31T19:06:52.892+0000] {dag.py:3954} INFO - Setting next_dagrun for retailco_master_pipeline to 2026-05-31 00:00:00+00:00, run_after=2026-06-01 00:00:00+00:00
[2026-05-31T19:06:52.922+0000] {processor.py:183} INFO - Processing /opt/airflow/dags/retailco_dag.py took 0.152 seconds
[2026-05-31T19:07:23.105+0000] {processor.py:161} INFO - Started process (PID=3246) to work on /opt/airflow/dags/retailco_dag.py
[2026-05-31T19:07:23.106+0000] {processor.py:830} INFO - Processing file /opt/airflow/dags/retailco_dag.py for tasks to queue
[2026-05-31T19:07:23.109+0000] {logging_mixin.py:188} INFO - [2026-05-31T19:07:23.109+0000] {dagbag.py:545} INFO - Filling up the DagBag from /opt/airflow/dags/retailco_dag.py
[2026-05-31T19:07:23.141+0000] {processor.py:840} INFO - DAG(s) 'retailco_master_pipeline' retrieved from /opt/airflow/dags/retailco_dag.py
[2026-05-31T19:07:23.182+0000] {logging_mixin.py:188} INFO - [2026-05-31T19:07:23.182+0000] {dag.py:3096} INFO - Sync 1 DAGs
[2026-05-31T19:07:23.212+0000] {logging_mixin.py:188} INFO - [2026-05-31T19:07:23.211+0000] {dag.py:3954} INFO - Setting next_dagrun for retailco_master_pipeline to 2026-05-31 00:00:00+00:00, run_after=2026-06-01 00:00:00+00:00
[2026-05-31T19:07:23.240+0000] {processor.py:183} INFO - Processing /opt/airflow/dags/retailco_dag.py took 0.142 seconds
[2026-05-31T19:07:53.511+0000] {processor.py:161} INFO - Started process (PID=3251) to work on /opt/airflow/dags/retailco_dag.py
[2026-05-31T19:07:53.513+0000] {processor.py:830} INFO - Processing file /opt/airflow/dags/retailco_dag.py for tasks to queue
[2026-05-31T19:07:53.515+0000] {logging_mixin.py:188} INFO - [2026-05-31T19:07:53.515+0000] {dagbag.py:545} INFO - Filling up the DagBag from /opt/airflow/dags/retailco_dag.py
[2026-05-31T19:07:53.550+0000] {processor.py:840} INFO - DAG(s) 'retailco_master_pipeline' retrieved from /opt/airflow/dags/retailco_dag.py
[2026-05-31T19:07:53.587+0000] {logging_mixin.py:188} INFO - [2026-05-31T19:07:53.587+0000] {dag.py:3096} INFO - Sync 1 DAGs
[2026-05-31T19:07:53.615+0000] {logging_mixin.py:188} INFO - [2026-05-31T19:07:53.615+0000] {dag.py:3954} INFO - Setting next_dagrun for retailco_master_pipeline to 2026-05-31 00:00:00+00:00, run_after=2026-06-01 00:00:00+00:00
[2026-05-31T19:07:53.648+0000] {processor.py:183} INFO - Processing /opt/airflow/dags/retailco_dag.py took 0.144 seconds
[2026-05-31T19:08:23.905+0000] {processor.py:161} INFO - Started process (PID=3256) to work on /opt/airflow/dags/retailco_dag.py
[2026-05-31T19:08:23.906+0000] {processor.py:830} INFO - Processing file /opt/airflow/dags/retailco_dag.py for tasks to queue
[2026-05-31T19:08:23.908+0000] {logging_mixin.py:188} INFO - [2026-05-31T19:08:23.908+0000] {dagbag.py:545} INFO - Filling up the DagBag from /opt/airflow/dags/retailco_dag.py
[2026-05-31T19:08:23.940+0000] {processor.py:840} INFO - DAG(s) 'retailco_master_pipeline' retrieved from /opt/airflow/dags/retailco_dag.py
[2026-05-31T19:08:23.984+0000] {logging_mixin.py:188} INFO - [2026-05-31T19:08:23.984+0000] {dag.py:3096} INFO - Sync 1 DAGs
[2026-05-31T19:08:24.012+0000] {logging_mixin.py:188} INFO - [2026-05-31T19:08:24.012+0000] {dag.py:3954} INFO - Setting next_dagrun for retailco_master_pipeline to 2026-05-31 00:00:00+00:00, run_after=2026-06-01 00:00:00+00:00
[2026-05-31T19:08:24.040+0000] {processor.py:183} INFO - Processing /opt/airflow/dags/retailco_dag.py took 0.142 seconds
[2026-05-31T19:08:54.361+0000] {processor.py:161} INFO - Started process (PID=3261) to work on /opt/airflow/dags/retailco_dag.py
[2026-05-31T19:08:54.362+0000] {processor.py:830} INFO - Processing file /opt/airflow/dags/retailco_dag.py for tasks to queue
[2026-05-31T19:08:54.364+0000] {logging_mixin.py:188} INFO - [2026-05-31T19:08:54.364+0000] {dagbag.py:545} INFO - Filling up the DagBag from /opt/airflow/dags/retailco_dag.py
[2026-05-31T19:08:54.400+0000] {processor.py:840} INFO - DAG(s) 'retailco_master_pipeline' retrieved from /opt/airflow/dags/retailco_dag.py
[2026-05-31T19:08:54.435+0000] {logging_mixin.py:188} INFO - [2026-05-31T19:08:54.435+0000] {dag.py:3096} INFO - Sync 1 DAGs
[2026-05-31T19:08:54.463+0000] {logging_mixin.py:188} INFO - [2026-05-31T19:08:54.462+0000] {dag.py:3954} INFO - Setting next_dagrun for retailco_master_pipeline to 2026-05-31 00:00:00+00:00, run_after=2026-06-01 00:00:00+00:00
[2026-05-31T19:08:54.495+0000] {processor.py:183} INFO - Processing /opt/airflow/dags/retailco_dag.py took 0.141 seconds
[2026-05-31T19:09:24.757+0000] {processor.py:161} INFO - Started process (PID=3266) to work on /opt/airflow/dags/retailco_dag.py
[2026-05-31T19:09:24.759+0000] {processor.py:830} INFO - Processing file /opt/airflow/dags/retailco_dag.py for tasks to queue
[2026-05-31T19:09:24.761+0000] {logging_mixin.py:188} INFO - [2026-05-31T19:09:24.760+0000] {dagbag.py:545} INFO - Filling up the DagBag from /opt/airflow/dags/retailco_dag.py
[2026-05-31T19:09:24.793+0000] {processor.py:840} INFO - DAG(s) 'retailco_master_pipeline' retrieved from /opt/airflow/dags/retailco_dag.py
[2026-05-31T19:09:24.827+0000] {logging_mixin.py:188} INFO - [2026-05-31T19:09:24.827+0000] {dag.py:3096} INFO - Sync 1 DAGs
[2026-05-31T19:09:24.851+0000] {logging_mixin.py:188} INFO - [2026-05-31T19:09:24.851+0000] {dag.py:3954} INFO - Setting next_dagrun for retailco_master_pipeline to 2026-05-31 00:00:00+00:00, run_after=2026-06-01 00:00:00+00:00
[2026-05-31T19:09:24.876+0000] {processor.py:183} INFO - Processing /opt/airflow/dags/retailco_dag.py took 0.125 seconds
[2026-05-31T19:09:55.164+0000] {processor.py:161} INFO - Started process (PID=3271) to work on /opt/airflow/dags/retailco_dag.py
[2026-05-31T19:09:55.166+0000] {processor.py:830} INFO - Processing file /opt/airflow/dags/retailco_dag.py for tasks to queue
[2026-05-31T19:09:55.168+0000] {logging_mixin.py:188} INFO - [2026-05-31T19:09:55.167+0000] {dagbag.py:545} INFO - Filling up the DagBag from /opt/airflow/dags/retailco_dag.py
[2026-05-31T19:09:55.200+0000] {processor.py:840} INFO - DAG(s) 'retailco_master_pipeline' retrieved from /opt/airflow/dags/retailco_dag.py
[2026-05-31T19:09:55.251+0000] {logging_mixin.py:188} INFO - [2026-05-31T19:09:55.250+0000] {dag.py:3096} INFO - Sync 1 DAGs
[2026-05-31T19:09:55.282+0000] {logging_mixin.py:188} INFO - [2026-05-31T19:09:55.282+0000] {dag.py:3954} INFO - Setting next_dagrun for retailco_master_pipeline to 2026-05-31 00:00:00+00:00, run_after=2026-06-01 00:00:00+00:00
[2026-05-31T19:09:55.313+0000] {processor.py:183} INFO - Processing /opt/airflow/dags/retailco_dag.py took 0.156 seconds
[2026-05-31T19:10:25.556+0000] {processor.py:161} INFO - Started process (PID=3276) to work on /opt/airflow/dags/retailco_dag.py
[2026-05-31T19:10:25.558+0000] {processor.py:830} INFO - Processing file /opt/airflow/dags/retailco_dag.py for tasks to queue
[2026-05-31T19:10:25.560+0000] {logging_mixin.py:188} INFO - [2026-05-31T19:10:25.560+0000] {dagbag.py:545} INFO - Filling up the DagBag from /opt/airflow/dags/retailco_dag.py
[2026-05-31T19:10:25.595+0000] {processor.py:840} INFO - DAG(s) 'retailco_master_pipeline' retrieved from /opt/airflow/dags/retailco_dag.py
[2026-05-31T19:10:25.635+0000] {logging_mixin.py:188} INFO - [2026-05-31T19:10:25.634+0000] {dag.py:3096} INFO - Sync 1 DAGs
[2026-05-31T19:10:25.668+0000] {logging_mixin.py:188} INFO - [2026-05-31T19:10:25.667+0000] {dag.py:3954} INFO - Setting next_dagrun for retailco_master_pipeline to 2026-05-31 00:00:00+00:00, run_after=2026-06-01 00:00:00+00:00
[2026-05-31T19:10:25.701+0000] {processor.py:183} INFO - Processing /opt/airflow/dags/retailco_dag.py took 0.155 seconds
[2026-05-31T19:10:56.124+0000] {processor.py:161} INFO - Started process (PID=3281) to work on /opt/airflow/dags/retailco_dag.py
[2026-05-31T19:10:56.126+0000] {processor.py:830} INFO - Processing file /opt/airflow/dags/retailco_dag.py for tasks to queue
[2026-05-31T19:10:56.128+0000] {logging_mixin.py:188} INFO - [2026-05-31T19:10:56.128+0000] {dagbag.py:545} INFO - Filling up the DagBag from /opt/airflow/dags/retailco_dag.py
[2026-05-31T19:10:56.160+0000] {processor.py:840} INFO - DAG(s) 'retailco_master_pipeline' retrieved from /opt/airflow/dags/retailco_dag.py
[2026-05-31T19:10:56.198+0000] {logging_mixin.py:188} INFO - [2026-05-31T19:10:56.198+0000] {dag.py:3096} INFO - Sync 1 DAGs
[2026-05-31T19:10:56.226+0000] {logging_mixin.py:188} INFO - [2026-05-31T19:10:56.226+0000] {dag.py:3954} INFO - Setting next_dagrun for retailco_master_pipeline to 2026-05-31 00:00:00+00:00, run_after=2026-06-01 00:00:00+00:00
[2026-05-31T19:10:56.254+0000] {processor.py:183} INFO - Processing /opt/airflow/dags/retailco_dag.py took 0.136 seconds
[2026-05-31T19:11:26.462+0000] {processor.py:161} INFO - Started process (PID=3286) to work on /opt/airflow/dags/retailco_dag.py
[2026-05-31T19:11:26.464+0000] {processor.py:830} INFO - Processing file /opt/airflow/dags/retailco_dag.py for tasks to queue
[2026-05-31T19:11:26.466+0000] {logging_mixin.py:188} INFO - [2026-05-31T19:11:26.465+0000] {dagbag.py:545} INFO - Filling up the DagBag from /opt/airflow/dags/retailco_dag.py
[2026-05-31T19:11:26.494+0000] {processor.py:840} INFO - DAG(s) 'retailco_master_pipeline' retrieved from /opt/airflow/dags/retailco_dag.py
[2026-05-31T19:11:26.529+0000] {logging_mixin.py:188} INFO - [2026-05-31T19:11:26.529+0000] {dag.py:3096} INFO - Sync 1 DAGs
[2026-05-31T19:11:26.555+0000] {logging_mixin.py:188} INFO - [2026-05-31T19:11:26.554+0000] {dag.py:3954} INFO - Setting next_dagrun for retailco_master_pipeline to 2026-05-31 00:00:00+00:00, run_after=2026-06-01 00:00:00+00:00
[2026-05-31T19:11:26.582+0000] {processor.py:183} INFO - Processing /opt/airflow/dags/retailco_dag.py took 0.126 seconds
[2026-05-31T19:11:56.943+0000] {processor.py:161} INFO - Started process (PID=3291) to work on /opt/airflow/dags/retailco_dag.py
[2026-05-31T19:11:56.945+0000] {processor.py:830} INFO - Processing file /opt/airflow/dags/retailco_dag.py for tasks to queue
[2026-05-31T19:11:56.947+0000] {logging_mixin.py:188} INFO - [2026-05-31T19:11:56.947+0000] {dagbag.py:545} INFO - Filling up the DagBag from /opt/airflow/dags/retailco_dag.py
[2026-05-31T19:11:56.981+0000] {processor.py:840} INFO - DAG(s) 'retailco_master_pipeline' retrieved from /opt/airflow/dags/retailco_dag.py
[2026-05-31T19:11:57.015+0000] {logging_mixin.py:188} INFO - [2026-05-31T19:11:57.015+0000] {dag.py:3096} INFO - Sync 1 DAGs
[2026-05-31T19:11:57.040+0000] {logging_mixin.py:188} INFO - [2026-05-31T19:11:57.040+0000] {dag.py:3954} INFO - Setting next_dagrun for retailco_master_pipeline to 2026-05-31 00:00:00+00:00, run_after=2026-06-01 00:00:00+00:00
[2026-05-31T19:11:57.070+0000] {processor.py:183} INFO - Processing /opt/airflow/dags/retailco_dag.py took 0.132 seconds
[2026-05-31T19:12:27.289+0000] {processor.py:161} INFO - Started process (PID=3296) to work on /opt/airflow/dags/retailco_dag.py
[2026-05-31T19:12:27.290+0000] {processor.py:830} INFO - Processing file /opt/airflow/dags/retailco_dag.py for tasks to queue
[2026-05-31T19:12:27.293+0000] {logging_mixin.py:188} INFO - [2026-05-31T19:12:27.292+0000] {dagbag.py:545} INFO - Filling up the DagBag from /opt/airflow/dags/retailco_dag.py
[2026-05-31T19:12:27.327+0000] {processor.py:840} INFO - DAG(s) 'retailco_master_pipeline' retrieved from /opt/airflow/dags/retailco_dag.py
[2026-05-31T19:12:27.362+0000] {logging_mixin.py:188} INFO - [2026-05-31T19:12:27.362+0000] {dag.py:3096} INFO - Sync 1 DAGs
[2026-05-31T19:12:27.387+0000] {logging_mixin.py:188} INFO - [2026-05-31T19:12:27.386+0000] {dag.py:3954} INFO - Setting next_dagrun for retailco_master_pipeline to 2026-05-31 00:00:00+00:00, run_after=2026-06-01 00:00:00+00:00
[2026-05-31T19:12:27.415+0000] {processor.py:183} INFO - Processing /opt/airflow/dags/retailco_dag.py took 0.135 seconds
[2026-05-31T19:12:57.797+0000] {processor.py:161} INFO - Started process (PID=3301) to work on /opt/airflow/dags/retailco_dag.py
[2026-05-31T19:12:57.799+0000] {processor.py:830} INFO - Processing file /opt/airflow/dags/retailco_dag.py for tasks to queue
[2026-05-31T19:12:57.801+0000] {logging_mixin.py:188} INFO - [2026-05-31T19:12:57.800+0000] {dagbag.py:545} INFO - Filling up the DagBag from /opt/airflow/dags/retailco_dag.py
[2026-05-31T19:12:57.841+0000] {processor.py:840} INFO - DAG(s) 'retailco_master_pipeline' retrieved from /opt/airflow/dags/retailco_dag.py
[2026-05-31T19:12:57.875+0000] {logging_mixin.py:188} INFO - [2026-05-31T19:12:57.875+0000] {dag.py:3096} INFO - Sync 1 DAGs
[2026-05-31T19:12:57.900+0000] {logging_mixin.py:188} INFO - [2026-05-31T19:12:57.900+0000] {dag.py:3954} INFO - Setting next_dagrun for retailco_master_pipeline to 2026-05-31 00:00:00+00:00, run_after=2026-06-01 00:00:00+00:00
[2026-05-31T19:12:57.927+0000] {processor.py:183} INFO - Processing /opt/airflow/dags/retailco_dag.py took 0.137 seconds
[2026-05-31T19:13:28.113+0000] {processor.py:161} INFO - Started process (PID=3306) to work on /opt/airflow/dags/retailco_dag.py
[2026-05-31T19:13:28.114+0000] {processor.py:830} INFO - Processing file /opt/airflow/dags/retailco_dag.py for tasks to queue
[2026-05-31T19:13:28.116+0000] {logging_mixin.py:188} INFO - [2026-05-31T19:13:28.115+0000] {dagbag.py:545} INFO - Filling up the DagBag from /opt/airflow/dags/retailco_dag.py
[2026-05-31T19:13:28.148+0000] {processor.py:840} INFO - DAG(s) 'retailco_master_pipeline' retrieved from /opt/airflow/dags/retailco_dag.py
[2026-05-31T19:13:28.184+0000] {logging_mixin.py:188} INFO - [2026-05-31T19:13:28.184+0000] {dag.py:3096} INFO - Sync 1 DAGs
[2026-05-31T19:13:28.208+0000] {logging_mixin.py:188} INFO - [2026-05-31T19:13:28.208+0000] {dag.py:3954} INFO - Setting next_dagrun for retailco_master_pipeline to 2026-05-31 00:00:00+00:00, run_after=2026-06-01 00:00:00+00:00
[2026-05-31T19:13:28.236+0000] {processor.py:183} INFO - Processing /opt/airflow/dags/retailco_dag.py took 0.131 seconds
[2026-05-31T19:13:58.571+0000] {processor.py:161} INFO - Started process (PID=3311) to work on /opt/airflow/dags/retailco_dag.py
[2026-05-31T19:13:58.572+0000] {processor.py:830} INFO - Processing file /opt/airflow/dags/retailco_dag.py for tasks to queue
[2026-05-31T19:13:58.574+0000] {logging_mixin.py:188} INFO - [2026-05-31T19:13:58.574+0000] {dagbag.py:545} INFO - Filling up the DagBag from /opt/airflow/dags/retailco_dag.py
[2026-05-31T19:13:58.610+0000] {processor.py:840} INFO - DAG(s) 'retailco_master_pipeline' retrieved from /opt/airflow/dags/retailco_dag.py
[2026-05-31T19:13:58.645+0000] {logging_mixin.py:188} INFO - [2026-05-31T19:13:58.644+0000] {dag.py:3096} INFO - Sync 1 DAGs
[2026-05-31T19:13:58.677+0000] {logging_mixin.py:188} INFO - [2026-05-31T19:13:58.676+0000] {dag.py:3954} INFO - Setting next_dagrun for retailco_master_pipeline to 2026-05-31 00:00:00+00:00, run_after=2026-06-01 00:00:00+00:00
[2026-05-31T19:13:58.702+0000] {processor.py:183} INFO - Processing /opt/airflow/dags/retailco_dag.py took 0.139 seconds
[2026-05-31T19:14:28.926+0000] {processor.py:161} INFO - Started process (PID=3316) to work on /opt/airflow/dags/retailco_dag.py
[2026-05-31T19:14:28.927+0000] {processor.py:830} INFO - Processing file /opt/airflow/dags/retailco_dag.py for tasks to queue
[2026-05-31T19:14:28.929+0000] {logging_mixin.py:188} INFO - [2026-05-31T19:14:28.929+0000] {dagbag.py:545} INFO - Filling up the DagBag from /opt/airflow/dags/retailco_dag.py
[2026-05-31T19:14:28.968+0000] {processor.py:840} INFO - DAG(s) 'retailco_master_pipeline' retrieved from /opt/airflow/dags/retailco_dag.py
[2026-05-31T19:14:29.002+0000] {logging_mixin.py:188} INFO - [2026-05-31T19:14:29.002+0000] {dag.py:3096} INFO - Sync 1 DAGs
[2026-05-31T19:14:29.027+0000] {logging_mixin.py:188} INFO - [2026-05-31T19:14:29.027+0000] {dag.py:3954} INFO - Setting next_dagrun for retailco_master_pipeline to 2026-05-31 00:00:00+00:00, run_after=2026-06-01 00:00:00+00:00
[2026-05-31T19:14:29.055+0000] {processor.py:183} INFO - Processing /opt/airflow/dags/retailco_dag.py took 0.137 seconds
[2026-05-31T19:14:59.281+0000] {processor.py:161} INFO - Started process (PID=3321) to work on /opt/airflow/dags/retailco_dag.py
[2026-05-31T19:14:59.282+0000] {processor.py:830} INFO - Processing file /opt/airflow/dags/retailco_dag.py for tasks to queue
[2026-05-31T19:14:59.287+0000] {logging_mixin.py:188} INFO - [2026-05-31T19:14:59.286+0000] {dagbag.py:545} INFO - Filling up the DagBag from /opt/airflow/dags/retailco_dag.py
[2026-05-31T19:14:59.322+0000] {processor.py:840} INFO - DAG(s) 'retailco_master_pipeline' retrieved from /opt/airflow/dags/retailco_dag.py
[2026-05-31T19:14:59.368+0000] {logging_mixin.py:188} INFO - [2026-05-31T19:14:59.367+0000] {dag.py:3096} INFO - Sync 1 DAGs
[2026-05-31T19:14:59.393+0000] {logging_mixin.py:188} INFO - [2026-05-31T19:14:59.392+0000] {dag.py:3954} INFO - Setting next_dagrun for retailco_master_pipeline to 2026-05-31 00:00:00+00:00, run_after=2026-06-01 00:00:00+00:00
[2026-05-31T19:14:59.425+0000] {processor.py:183} INFO - Processing /opt/airflow/dags/retailco_dag.py took 0.150 seconds
[2026-05-31T19:15:29.703+0000] {processor.py:161} INFO - Started process (PID=3326) to work on /opt/airflow/dags/retailco_dag.py
[2026-05-31T19:15:29.705+0000] {processor.py:830} INFO - Processing file /opt/airflow/dags/retailco_dag.py for tasks to queue
[2026-05-31T19:15:29.712+0000] {logging_mixin.py:188} INFO - [2026-05-31T19:15:29.711+0000] {dagbag.py:545} INFO - Filling up the DagBag from /opt/airflow/dags/retailco_dag.py
[2026-05-31T19:15:29.762+0000] {processor.py:840} INFO - DAG(s) 'retailco_master_pipeline' retrieved from /opt/airflow/dags/retailco_dag.py
[2026-05-31T19:15:29.798+0000] {logging_mixin.py:188} INFO - [2026-05-31T19:15:29.798+0000] {dag.py:3096} INFO - Sync 1 DAGs
[2026-05-31T19:15:29.821+0000] {logging_mixin.py:188} INFO - [2026-05-31T19:15:29.821+0000] {dag.py:3954} INFO - Setting next_dagrun for retailco_master_pipeline to 2026-05-31 00:00:00+00:00, run_after=2026-06-01 00:00:00+00:00
[2026-05-31T19:15:29.849+0000] {processor.py:183} INFO - Processing /opt/airflow/dags/retailco_dag.py took 0.155 seconds
[2026-05-31T19:16:00.137+0000] {processor.py:161} INFO - Started process (PID=3331) to work on /opt/airflow/dags/retailco_dag.py
[2026-05-31T19:16:00.139+0000] {processor.py:830} INFO - Processing file /opt/airflow/dags/retailco_dag.py for tasks to queue
[2026-05-31T19:16:00.141+0000] {logging_mixin.py:188} INFO - [2026-05-31T19:16:00.140+0000] {dagbag.py:545} INFO - Filling up the DagBag from /opt/airflow/dags/retailco_dag.py
[2026-05-31T19:16:00.179+0000] {processor.py:840} INFO - DAG(s) 'retailco_master_pipeline' retrieved from /opt/airflow/dags/retailco_dag.py
[2026-05-31T19:16:00.219+0000] {logging_mixin.py:188} INFO - [2026-05-31T19:16:00.218+0000] {dag.py:3096} INFO - Sync 1 DAGs
[2026-05-31T19:16:00.249+0000] {logging_mixin.py:188} INFO - [2026-05-31T19:16:00.248+0000] {dag.py:3954} INFO - Setting next_dagrun for retailco_master_pipeline to 2026-05-31 00:00:00+00:00, run_after=2026-06-01 00:00:00+00:00
[2026-05-31T19:16:00.279+0000] {processor.py:183} INFO - Processing /opt/airflow/dags/retailco_dag.py took 0.150 seconds
[2026-05-31T19:16:30.532+0000] {processor.py:161} INFO - Started process (PID=3336) to work on /opt/airflow/dags/retailco_dag.py
[2026-05-31T19:16:30.534+0000] {processor.py:830} INFO - Processing file /opt/airflow/dags/retailco_dag.py for tasks to queue
[2026-05-31T19:16:30.537+0000] {logging_mixin.py:188} INFO - [2026-05-31T19:16:30.536+0000] {dagbag.py:545} INFO - Filling up the DagBag from /opt/airflow/dags/retailco_dag.py
[2026-05-31T19:16:30.576+0000] {processor.py:840} INFO - DAG(s) 'retailco_master_pipeline' retrieved from /opt/airflow/dags/retailco_dag.py
[2026-05-31T19:16:30.619+0000] {logging_mixin.py:188} INFO - [2026-05-31T19:16:30.619+0000] {dag.py:3096} INFO - Sync 1 DAGs
[2026-05-31T19:16:30.651+0000] {logging_mixin.py:188} INFO - [2026-05-31T19:16:30.651+0000] {dag.py:3954} INFO - Setting next_dagrun for retailco_master_pipeline to 2026-05-31 00:00:00+00:00, run_after=2026-06-01 00:00:00+00:00
[2026-05-31T19:16:30.685+0000] {processor.py:183} INFO - Processing /opt/airflow/dags/retailco_dag.py took 0.164 seconds
[2026-05-31T19:17:00.949+0000] {processor.py:161} INFO - Started process (PID=3341) to work on /opt/airflow/dags/retailco_dag.py
[2026-05-31T19:17:00.959+0000] {processor.py:830} INFO - Processing file /opt/airflow/dags/retailco_dag.py for tasks to queue
[2026-05-31T19:17:00.992+0000] {logging_mixin.py:188} INFO - [2026-05-31T19:17:00.983+0000] {dagbag.py:545} INFO - Filling up the DagBag from /opt/airflow/dags/retailco_dag.py
[2026-05-31T19:17:01.214+0000] {processor.py:840} INFO - DAG(s) 'retailco_master_pipeline' retrieved from /opt/airflow/dags/retailco_dag.py
[2026-05-31T19:17:01.535+0000] {logging_mixin.py:188} INFO - [2026-05-31T19:17:01.535+0000] {dag.py:3096} INFO - Sync 1 DAGs
[2026-05-31T19:17:01.693+0000] {logging_mixin.py:188} INFO - [2026-05-31T19:17:01.693+0000] {dag.py:3954} INFO - Setting next_dagrun for retailco_master_pipeline to 2026-05-31 00:00:00+00:00, run_after=2026-06-01 00:00:00+00:00
[2026-05-31T19:17:01.748+0000] {processor.py:183} INFO - Processing /opt/airflow/dags/retailco_dag.py took 0.830 seconds
[2026-05-31T19:17:32.350+0000] {processor.py:161} INFO - Started process (PID=3346) to work on /opt/airflow/dags/retailco_dag.py
[2026-05-31T19:17:32.352+0000] {processor.py:830} INFO - Processing file /opt/airflow/dags/retailco_dag.py for tasks to queue
[2026-05-31T19:17:32.355+0000] {logging_mixin.py:188} INFO - [2026-05-31T19:17:32.355+0000] {dagbag.py:545} INFO - Filling up the DagBag from /opt/airflow/dags/retailco_dag.py
[2026-05-31T19:17:32.471+0000] {processor.py:840} INFO - DAG(s) 'retailco_master_pipeline' retrieved from /opt/airflow/dags/retailco_dag.py
[2026-05-31T19:17:32.657+0000] {logging_mixin.py:188} INFO - [2026-05-31T19:17:32.657+0000] {dag.py:3096} INFO - Sync 1 DAGs
[2026-05-31T19:17:32.788+0000] {logging_mixin.py:188} INFO - [2026-05-31T19:17:32.788+0000] {dag.py:3954} INFO - Setting next_dagrun for retailco_master_pipeline to 2026-05-31 00:00:00+00:00, run_after=2026-06-01 00:00:00+00:00
[2026-05-31T19:17:32.823+0000] {processor.py:183} INFO - Processing /opt/airflow/dags/retailco_dag.py took 0.488 seconds
[2026-05-31T19:18:03.126+0000] {processor.py:161} INFO - Started process (PID=3351) to work on /opt/airflow/dags/retailco_dag.py
[2026-05-31T19:18:03.127+0000] {processor.py:830} INFO - Processing file /opt/airflow/dags/retailco_dag.py for tasks to queue
[2026-05-31T19:18:03.131+0000] {logging_mixin.py:188} INFO - [2026-05-31T19:18:03.131+0000] {dagbag.py:545} INFO - Filling up the DagBag from /opt/airflow/dags/retailco_dag.py
[2026-05-31T19:18:03.161+0000] {processor.py:840} INFO - DAG(s) 'retailco_master_pipeline' retrieved from /opt/airflow/dags/retailco_dag.py
[2026-05-31T19:18:03.200+0000] {logging_mixin.py:188} INFO - [2026-05-31T19:18:03.200+0000] {dag.py:3096} INFO - Sync 1 DAGs
[2026-05-31T19:18:03.234+0000] {logging_mixin.py:188} INFO - [2026-05-31T19:18:03.234+0000] {dag.py:3954} INFO - Setting next_dagrun for retailco_master_pipeline to 2026-05-31 00:00:00+00:00, run_after=2026-06-01 00:00:00+00:00
[2026-05-31T19:18:03.264+0000] {processor.py:183} INFO - Processing /opt/airflow/dags/retailco_dag.py took 0.144 seconds
[2026-05-31T19:18:33.481+0000] {processor.py:161} INFO - Started process (PID=3356) to work on /opt/airflow/dags/retailco_dag.py
[2026-05-31T19:18:33.483+0000] {processor.py:830} INFO - Processing file /opt/airflow/dags/retailco_dag.py for tasks to queue
[2026-05-31T19:18:33.486+0000] {logging_mixin.py:188} INFO - [2026-05-31T19:18:33.486+0000] {dagbag.py:545} INFO - Filling up the DagBag from /opt/airflow/dags/retailco_dag.py
[2026-05-31T19:18:33.517+0000] {processor.py:840} INFO - DAG(s) 'retailco_master_pipeline' retrieved from /opt/airflow/dags/retailco_dag.py
[2026-05-31T19:18:33.551+0000] {logging_mixin.py:188} INFO - [2026-05-31T19:18:33.551+0000] {dag.py:3096} INFO - Sync 1 DAGs
[2026-05-31T19:18:33.578+0000] {logging_mixin.py:188} INFO - [2026-05-31T19:18:33.577+0000] {dag.py:3954} INFO - Setting next_dagrun for retailco_master_pipeline to 2026-05-31 00:00:00+00:00, run_after=2026-06-01 00:00:00+00:00
[2026-05-31T19:18:33.608+0000] {processor.py:183} INFO - Processing /opt/airflow/dags/retailco_dag.py took 0.134 seconds
[2026-05-31T19:19:03.924+0000] {processor.py:161} INFO - Started process (PID=3361) to work on /opt/airflow/dags/retailco_dag.py
[2026-05-31T19:19:03.925+0000] {processor.py:830} INFO - Processing file /opt/airflow/dags/retailco_dag.py for tasks to queue
[2026-05-31T19:19:03.928+0000] {logging_mixin.py:188} INFO - [2026-05-31T19:19:03.928+0000] {dagbag.py:545} INFO - Filling up the DagBag from /opt/airflow/dags/retailco_dag.py
[2026-05-31T19:19:03.963+0000] {processor.py:840} INFO - DAG(s) 'retailco_master_pipeline' retrieved from /opt/airflow/dags/retailco_dag.py
[2026-05-31T19:19:03.998+0000] {logging_mixin.py:188} INFO - [2026-05-31T19:19:03.998+0000] {dag.py:3096} INFO - Sync 1 DAGs
[2026-05-31T19:19:04.022+0000] {logging_mixin.py:188} INFO - [2026-05-31T19:19:04.022+0000] {dag.py:3954} INFO - Setting next_dagrun for retailco_master_pipeline to 2026-05-31 00:00:00+00:00, run_after=2026-06-01 00:00:00+00:00
[2026-05-31T19:19:04.050+0000] {processor.py:183} INFO - Processing /opt/airflow/dags/retailco_dag.py took 0.133 seconds
[2026-05-31T19:19:34.262+0000] {processor.py:161} INFO - Started process (PID=3366) to work on /opt/airflow/dags/retailco_dag.py
[2026-05-31T19:19:34.263+0000] {processor.py:830} INFO - Processing file /opt/airflow/dags/retailco_dag.py for tasks to queue
[2026-05-31T19:19:34.267+0000] {logging_mixin.py:188} INFO - [2026-05-31T19:19:34.266+0000] {dagbag.py:545} INFO - Filling up the DagBag from /opt/airflow/dags/retailco_dag.py
[2026-05-31T19:19:34.305+0000] {processor.py:840} INFO - DAG(s) 'retailco_master_pipeline' retrieved from /opt/airflow/dags/retailco_dag.py
[2026-05-31T19:19:34.338+0000] {logging_mixin.py:188} INFO - [2026-05-31T19:19:34.338+0000] {dag.py:3096} INFO - Sync 1 DAGs
[2026-05-31T19:19:34.362+0000] {logging_mixin.py:188} INFO - [2026-05-31T19:19:34.361+0000] {dag.py:3954} INFO - Setting next_dagrun for retailco_master_pipeline to 2026-05-31 00:00:00+00:00, run_after=2026-06-01 00:00:00+00:00
[2026-05-31T19:19:34.391+0000] {processor.py:183} INFO - Processing /opt/airflow/dags/retailco_dag.py took 0.135 seconds
[2026-05-31T19:20:04.726+0000] {processor.py:161} INFO - Started process (PID=3371) to work on /opt/airflow/dags/retailco_dag.py
[2026-05-31T19:20:04.728+0000] {processor.py:830} INFO - Processing file /opt/airflow/dags/retailco_dag.py for tasks to queue
[2026-05-31T19:20:04.730+0000] {logging_mixin.py:188} INFO - [2026-05-31T19:20:04.730+0000] {dagbag.py:545} INFO - Filling up the DagBag from /opt/airflow/dags/retailco_dag.py
[2026-05-31T19:20:04.762+0000] {processor.py:840} INFO - DAG(s) 'retailco_master_pipeline' retrieved from /opt/airflow/dags/retailco_dag.py
[2026-05-31T19:20:06.119+0000] {logging_mixin.py:188} INFO - [2026-05-31T19:20:06.119+0000] {dag.py:3096} INFO - Sync 1 DAGs
[2026-05-31T19:20:06.158+0000] {logging_mixin.py:188} INFO - [2026-05-31T19:20:06.158+0000] {dag.py:3954} INFO - Setting next_dagrun for retailco_master_pipeline to 2026-05-31 00:00:00+00:00, run_after=2026-06-01 00:00:00+00:00
[2026-05-31T19:20:06.185+0000] {processor.py:183} INFO - Processing /opt/airflow/dags/retailco_dag.py took 1.465 seconds
[2026-05-31T19:20:36.533+0000] {processor.py:161} INFO - Started process (PID=3376) to work on /opt/airflow/dags/retailco_dag.py
[2026-05-31T19:20:36.534+0000] {processor.py:830} INFO - Processing file /opt/airflow/dags/retailco_dag.py for tasks to queue
[2026-05-31T19:20:36.537+0000] {logging_mixin.py:188} INFO - [2026-05-31T19:20:36.536+0000] {dagbag.py:545} INFO - Filling up the DagBag from /opt/airflow/dags/retailco_dag.py
[2026-05-31T19:20:36.568+0000] {processor.py:840} INFO - DAG(s) 'retailco_master_pipeline' retrieved from /opt/airflow/dags/retailco_dag.py
[2026-05-31T19:20:36.612+0000] {logging_mixin.py:188} INFO - [2026-05-31T19:20:36.612+0000] {dag.py:3096} INFO - Sync 1 DAGs
[2026-05-31T19:20:36.644+0000] {logging_mixin.py:188} INFO - [2026-05-31T19:20:36.644+0000] {dag.py:3954} INFO - Setting next_dagrun for retailco_master_pipeline to 2026-05-31 00:00:00+00:00, run_after=2026-06-01 00:00:00+00:00
[2026-05-31T19:20:36.673+0000] {processor.py:183} INFO - Processing /opt/airflow/dags/retailco_dag.py took 0.148 seconds
[2026-05-31T19:21:06.887+0000] {processor.py:161} INFO - Started process (PID=3381) to work on /opt/airflow/dags/retailco_dag.py
[2026-05-31T19:21:06.888+0000] {processor.py:830} INFO - Processing file /opt/airflow/dags/retailco_dag.py for tasks to queue
[2026-05-31T19:21:06.891+0000] {logging_mixin.py:188} INFO - [2026-05-31T19:21:06.890+0000] {dagbag.py:545} INFO - Filling up the DagBag from /opt/airflow/dags/retailco_dag.py
[2026-05-31T19:21:06.921+0000] {processor.py:840} INFO - DAG(s) 'retailco_master_pipeline' retrieved from /opt/airflow/dags/retailco_dag.py
[2026-05-31T19:21:06.971+0000] {logging_mixin.py:188} INFO - [2026-05-31T19:21:06.970+0000] {dag.py:3096} INFO - Sync 1 DAGs
[2026-05-31T19:21:06.998+0000] {logging_mixin.py:188} INFO - [2026-05-31T19:21:06.998+0000] {dag.py:3954} INFO - Setting next_dagrun for retailco_master_pipeline to 2026-05-31 00:00:00+00:00, run_after=2026-06-01 00:00:00+00:00
[2026-05-31T19:21:07.026+0000] {processor.py:183} INFO - Processing /opt/airflow/dags/retailco_dag.py took 0.145 seconds
[2026-05-31T19:21:37.365+0000] {processor.py:161} INFO - Started process (PID=3386) to work on /opt/airflow/dags/retailco_dag.py
[2026-05-31T19:21:37.366+0000] {processor.py:830} INFO - Processing file /opt/airflow/dags/retailco_dag.py for tasks to queue
[2026-05-31T19:21:37.369+0000] {logging_mixin.py:188} INFO - [2026-05-31T19:21:37.368+0000] {dagbag.py:545} INFO - Filling up the DagBag from /opt/airflow/dags/retailco_dag.py
[2026-05-31T19:21:37.399+0000] {processor.py:840} INFO - DAG(s) 'retailco_master_pipeline' retrieved from /opt/airflow/dags/retailco_dag.py
[2026-05-31T19:21:37.440+0000] {logging_mixin.py:188} INFO - [2026-05-31T19:21:37.440+0000] {dag.py:3096} INFO - Sync 1 DAGs
[2026-05-31T19:21:37.467+0000] {logging_mixin.py:188} INFO - [2026-05-31T19:21:37.466+0000] {dag.py:3954} INFO - Setting next_dagrun for retailco_master_pipeline to 2026-05-31 00:00:00+00:00, run_after=2026-06-01 00:00:00+00:00
[2026-05-31T19:21:37.496+0000] {processor.py:183} INFO - Processing /opt/airflow/dags/retailco_dag.py took 0.138 seconds
[2026-05-31T19:22:07.714+0000] {processor.py:161} INFO - Started process (PID=3391) to work on /opt/airflow/dags/retailco_dag.py
[2026-05-31T19:22:07.715+0000] {processor.py:830} INFO - Processing file /opt/airflow/dags/retailco_dag.py for tasks to queue
[2026-05-31T19:22:07.717+0000] {logging_mixin.py:188} INFO - [2026-05-31T19:22:07.717+0000] {dagbag.py:545} INFO - Filling up the DagBag from /opt/airflow/dags/retailco_dag.py
[2026-05-31T19:22:07.751+0000] {processor.py:840} INFO - DAG(s) 'retailco_master_pipeline' retrieved from /opt/airflow/dags/retailco_dag.py
[2026-05-31T19:22:07.791+0000] {logging_mixin.py:188} INFO - [2026-05-31T19:22:07.790+0000] {dag.py:3096} INFO - Sync 1 DAGs
[2026-05-31T19:22:07.817+0000] {logging_mixin.py:188} INFO - [2026-05-31T19:22:07.817+0000] {dag.py:3954} INFO - Setting next_dagrun for retailco_master_pipeline to 2026-05-31 00:00:00+00:00, run_after=2026-06-01 00:00:00+00:00
[2026-05-31T19:22:07.845+0000] {processor.py:183} INFO - Processing /opt/airflow/dags/retailco_dag.py took 0.139 seconds
[2026-05-31T19:22:38.178+0000] {processor.py:161} INFO - Started process (PID=3396) to work on /opt/airflow/dags/retailco_dag.py
[2026-05-31T19:22:38.179+0000] {processor.py:830} INFO - Processing file /opt/airflow/dags/retailco_dag.py for tasks to queue
[2026-05-31T19:22:38.181+0000] {logging_mixin.py:188} INFO - [2026-05-31T19:22:38.181+0000] {dagbag.py:545} INFO - Filling up the DagBag from /opt/airflow/dags/retailco_dag.py
[2026-05-31T19:22:38.213+0000] {processor.py:840} INFO - DAG(s) 'retailco_master_pipeline' retrieved from /opt/airflow/dags/retailco_dag.py
[2026-05-31T19:22:38.255+0000] {logging_mixin.py:188} INFO - [2026-05-31T19:22:38.255+0000] {dag.py:3096} INFO - Sync 1 DAGs
[2026-05-31T19:22:38.281+0000] {logging_mixin.py:188} INFO - [2026-05-31T19:22:38.281+0000] {dag.py:3954} INFO - Setting next_dagrun for retailco_master_pipeline to 2026-05-31 00:00:00+00:00, run_after=2026-06-01 00:00:00+00:00
[2026-05-31T19:22:38.312+0000] {processor.py:183} INFO - Processing /opt/airflow/dags/retailco_dag.py took 0.142 seconds
[2026-05-31T19:23:08.477+0000] {processor.py:161} INFO - Started process (PID=3401) to work on /opt/airflow/dags/retailco_dag.py
[2026-05-31T19:23:08.479+0000] {processor.py:830} INFO - Processing file /opt/airflow/dags/retailco_dag.py for tasks to queue
[2026-05-31T19:23:08.481+0000] {logging_mixin.py:188} INFO - [2026-05-31T19:23:08.480+0000] {dagbag.py:545} INFO - Filling up the DagBag from /opt/airflow/dags/retailco_dag.py
[2026-05-31T19:23:08.512+0000] {processor.py:840} INFO - DAG(s) 'retailco_master_pipeline' retrieved from /opt/airflow/dags/retailco_dag.py
[2026-05-31T19:23:08.555+0000] {logging_mixin.py:188} INFO - [2026-05-31T19:23:08.555+0000] {dag.py:3096} INFO - Sync 1 DAGs
[2026-05-31T19:23:08.580+0000] {logging_mixin.py:188} INFO - [2026-05-31T19:23:08.580+0000] {dag.py:3954} INFO - Setting next_dagrun for retailco_master_pipeline to 2026-05-31 00:00:00+00:00, run_after=2026-06-01 00:00:00+00:00
[2026-05-31T19:23:08.610+0000] {processor.py:183} INFO - Processing /opt/airflow/dags/retailco_dag.py took 0.140 seconds
[2026-05-31T19:23:38.969+0000] {processor.py:161} INFO - Started process (PID=3406) to work on /opt/airflow/dags/retailco_dag.py
[2026-05-31T19:23:38.971+0000] {processor.py:830} INFO - Processing file /opt/airflow/dags/retailco_dag.py for tasks to queue
[2026-05-31T19:23:38.973+0000] {logging_mixin.py:188} INFO - [2026-05-31T19:23:38.973+0000] {dagbag.py:545} INFO - Filling up the DagBag from /opt/airflow/dags/retailco_dag.py
[2026-05-31T19:23:39.005+0000] {processor.py:840} INFO - DAG(s) 'retailco_master_pipeline' retrieved from /opt/airflow/dags/retailco_dag.py
[2026-05-31T19:23:39.049+0000] {logging_mixin.py:188} INFO - [2026-05-31T19:23:39.048+0000] {dag.py:3096} INFO - Sync 1 DAGs
[2026-05-31T19:23:39.073+0000] {logging_mixin.py:188} INFO - [2026-05-31T19:23:39.073+0000] {dag.py:3954} INFO - Setting next_dagrun for retailco_master_pipeline to 2026-05-31 00:00:00+00:00, run_after=2026-06-01 00:00:00+00:00
[2026-05-31T19:23:39.102+0000] {processor.py:183} INFO - Processing /opt/airflow/dags/retailco_dag.py took 0.139 seconds
[2026-05-31T19:24:09.331+0000] {processor.py:161} INFO - Started process (PID=3411) to work on /opt/airflow/dags/retailco_dag.py
[2026-05-31T19:24:09.333+0000] {processor.py:830} INFO - Processing file /opt/airflow/dags/retailco_dag.py for tasks to queue
[2026-05-31T19:24:09.336+0000] {logging_mixin.py:188} INFO - [2026-05-31T19:24:09.335+0000] {dagbag.py:545} INFO - Filling up the DagBag from /opt/airflow/dags/retailco_dag.py
[2026-05-31T19:24:09.365+0000] {processor.py:840} INFO - DAG(s) 'retailco_master_pipeline' retrieved from /opt/airflow/dags/retailco_dag.py
[2026-05-31T19:24:09.407+0000] {logging_mixin.py:188} INFO - [2026-05-31T19:24:09.406+0000] {dag.py:3096} INFO - Sync 1 DAGs
[2026-05-31T19:24:09.434+0000] {logging_mixin.py:188} INFO - [2026-05-31T19:24:09.434+0000] {dag.py:3954} INFO - Setting next_dagrun for retailco_master_pipeline to 2026-05-31 00:00:00+00:00, run_after=2026-06-01 00:00:00+00:00
[2026-05-31T19:24:09.463+0000] {processor.py:183} INFO - Processing /opt/airflow/dags/retailco_dag.py took 0.138 seconds
[2026-05-31T19:24:39.805+0000] {processor.py:161} INFO - Started process (PID=3416) to work on /opt/airflow/dags/retailco_dag.py
[2026-05-31T19:24:39.806+0000] {processor.py:830} INFO - Processing file /opt/airflow/dags/retailco_dag.py for tasks to queue
[2026-05-31T19:24:39.808+0000] {logging_mixin.py:188} INFO - [2026-05-31T19:24:39.807+0000] {dagbag.py:545} INFO - Filling up the DagBag from /opt/airflow/dags/retailco_dag.py
[2026-05-31T19:24:39.838+0000] {processor.py:840} INFO - DAG(s) 'retailco_master_pipeline' retrieved from /opt/airflow/dags/retailco_dag.py
[2026-05-31T19:24:39.876+0000] {logging_mixin.py:188} INFO - [2026-05-31T19:24:39.876+0000] {dag.py:3096} INFO - Sync 1 DAGs
[2026-05-31T19:24:39.902+0000] {logging_mixin.py:188} INFO - [2026-05-31T19:24:39.902+0000] {dag.py:3954} INFO - Setting next_dagrun for retailco_master_pipeline to 2026-05-31 00:00:00+00:00, run_after=2026-06-01 00:00:00+00:00
[2026-05-31T19:24:39.935+0000] {processor.py:183} INFO - Processing /opt/airflow/dags/retailco_dag.py took 0.136 seconds
[2026-05-31T19:25:10.168+0000] {processor.py:161} INFO - Started process (PID=3421) to work on /opt/airflow/dags/retailco_dag.py
[2026-05-31T19:25:10.169+0000] {processor.py:830} INFO - Processing file /opt/airflow/dags/retailco_dag.py for tasks to queue
[2026-05-31T19:25:10.171+0000] {logging_mixin.py:188} INFO - [2026-05-31T19:25:10.171+0000] {dagbag.py:545} INFO - Filling up the DagBag from /opt/airflow/dags/retailco_dag.py
[2026-05-31T19:25:10.199+0000] {processor.py:840} INFO - DAG(s) 'retailco_master_pipeline' retrieved from /opt/airflow/dags/retailco_dag.py
[2026-05-31T19:25:10.242+0000] {logging_mixin.py:188} INFO - [2026-05-31T19:25:10.242+0000] {dag.py:3096} INFO - Sync 1 DAGs
[2026-05-31T19:25:10.268+0000] {logging_mixin.py:188} INFO - [2026-05-31T19:25:10.268+0000] {dag.py:3954} INFO - Setting next_dagrun for retailco_master_pipeline to 2026-05-31 00:00:00+00:00, run_after=2026-06-01 00:00:00+00:00
[2026-05-31T19:25:10.295+0000] {processor.py:183} INFO - Processing /opt/airflow/dags/retailco_dag.py took 0.138 seconds
[2026-05-31T19:25:40.636+0000] {processor.py:161} INFO - Started process (PID=3426) to work on /opt/airflow/dags/retailco_dag.py
[2026-05-31T19:25:40.637+0000] {processor.py:830} INFO - Processing file /opt/airflow/dags/retailco_dag.py for tasks to queue
[2026-05-31T19:25:40.639+0000] {logging_mixin.py:188} INFO - [2026-05-31T19:25:40.639+0000] {dagbag.py:545} INFO - Filling up the DagBag from /opt/airflow/dags/retailco_dag.py
[2026-05-31T19:25:40.687+0000] {processor.py:840} INFO - DAG(s) 'retailco_master_pipeline' retrieved from /opt/airflow/dags/retailco_dag.py
[2026-05-31T19:25:40.725+0000] {logging_mixin.py:188} INFO - [2026-05-31T19:25:40.725+0000] {dag.py:3096} INFO - Sync 1 DAGs
[2026-05-31T19:25:40.755+0000] {logging_mixin.py:188} INFO - [2026-05-31T19:25:40.755+0000] {dag.py:3954} INFO - Setting next_dagrun for retailco_master_pipeline to 2026-05-31 00:00:00+00:00, run_after=2026-06-01 00:00:00+00:00
[2026-05-31T19:25:40.787+0000] {processor.py:183} INFO - Processing /opt/airflow/dags/retailco_dag.py took 0.158 seconds
[2026-05-31T19:26:10.981+0000] {processor.py:161} INFO - Started process (PID=3431) to work on /opt/airflow/dags/retailco_dag.py
[2026-05-31T19:26:10.982+0000] {processor.py:830} INFO - Processing file /opt/airflow/dags/retailco_dag.py for tasks to queue
[2026-05-31T19:26:10.985+0000] {logging_mixin.py:188} INFO - [2026-05-31T19:26:10.984+0000] {dagbag.py:545} INFO - Filling up the DagBag from /opt/airflow/dags/retailco_dag.py
[2026-05-31T19:26:11.031+0000] {processor.py:840} INFO - DAG(s) 'retailco_master_pipeline' retrieved from /opt/airflow/dags/retailco_dag.py
[2026-05-31T19:26:11.077+0000] {logging_mixin.py:188} INFO - [2026-05-31T19:26:11.077+0000] {dag.py:3096} INFO - Sync 1 DAGs
[2026-05-31T19:26:11.110+0000] {logging_mixin.py:188} INFO - [2026-05-31T19:26:11.110+0000] {dag.py:3954} INFO - Setting next_dagrun for retailco_master_pipeline to 2026-05-31 00:00:00+00:00, run_after=2026-06-01 00:00:00+00:00
[2026-05-31T19:26:11.145+0000] {processor.py:183} INFO - Processing /opt/airflow/dags/retailco_dag.py took 0.171 seconds
[2026-05-31T19:26:41.427+0000] {processor.py:161} INFO - Started process (PID=3436) to work on /opt/airflow/dags/retailco_dag.py
[2026-05-31T19:26:41.428+0000] {processor.py:830} INFO - Processing file /opt/airflow/dags/retailco_dag.py for tasks to queue
[2026-05-31T19:26:41.430+0000] {logging_mixin.py:188} INFO - [2026-05-31T19:26:41.430+0000] {dagbag.py:545} INFO - Filling up the DagBag from /opt/airflow/dags/retailco_dag.py
[2026-05-31T19:26:41.468+0000] {processor.py:840} INFO - DAG(s) 'retailco_master_pipeline' retrieved from /opt/airflow/dags/retailco_dag.py
[2026-05-31T19:26:41.505+0000] {logging_mixin.py:188} INFO - [2026-05-31T19:26:41.505+0000] {dag.py:3096} INFO - Sync 1 DAGs
[2026-05-31T19:26:41.531+0000] {logging_mixin.py:188} INFO - [2026-05-31T19:26:41.530+0000] {dag.py:3954} INFO - Setting next_dagrun for retailco_master_pipeline to 2026-05-31 00:00:00+00:00, run_after=2026-06-01 00:00:00+00:00
[2026-05-31T19:26:41.559+0000] {processor.py:183} INFO - Processing /opt/airflow/dags/retailco_dag.py took 0.139 seconds
[2026-05-31T19:27:11.760+0000] {processor.py:161} INFO - Started process (PID=3441) to work on /opt/airflow/dags/retailco_dag.py
[2026-05-31T19:27:11.762+0000] {processor.py:830} INFO - Processing file /opt/airflow/dags/retailco_dag.py for tasks to queue
[2026-05-31T19:27:11.765+0000] {logging_mixin.py:188} INFO - [2026-05-31T19:27:11.765+0000] {dagbag.py:545} INFO - Filling up the DagBag from /opt/airflow/dags/retailco_dag.py
[2026-05-31T19:27:11.806+0000] {processor.py:840} INFO - DAG(s) 'retailco_master_pipeline' retrieved from /opt/airflow/dags/retailco_dag.py
[2026-05-31T19:27:11.847+0000] {logging_mixin.py:188} INFO - [2026-05-31T19:27:11.847+0000] {dag.py:3096} INFO - Sync 1 DAGs
[2026-05-31T19:27:11.873+0000] {logging_mixin.py:188} INFO - [2026-05-31T19:27:11.873+0000] {dag.py:3954} INFO - Setting next_dagrun for retailco_master_pipeline to 2026-05-31 00:00:00+00:00, run_after=2026-06-01 00:00:00+00:00
[2026-05-31T19:27:11.901+0000] {processor.py:183} INFO - Processing /opt/airflow/dags/retailco_dag.py took 0.150 seconds
[2026-05-31T19:27:42.182+0000] {processor.py:161} INFO - Started process (PID=3446) to work on /opt/airflow/dags/retailco_dag.py
[2026-05-31T19:27:42.184+0000] {processor.py:830} INFO - Processing file /opt/airflow/dags/retailco_dag.py for tasks to queue
[2026-05-31T19:27:42.187+0000] {logging_mixin.py:188} INFO - [2026-05-31T19:27:42.187+0000] {dagbag.py:545} INFO - Filling up the DagBag from /opt/airflow/dags/retailco_dag.py
[2026-05-31T19:27:42.224+0000] {processor.py:840} INFO - DAG(s) 'retailco_master_pipeline' retrieved from /opt/airflow/dags/retailco_dag.py
[2026-05-31T19:27:42.260+0000] {logging_mixin.py:188} INFO - [2026-05-31T19:27:42.260+0000] {dag.py:3096} INFO - Sync 1 DAGs
[2026-05-31T19:27:42.287+0000] {logging_mixin.py:188} INFO - [2026-05-31T19:27:42.287+0000] {dag.py:3954} INFO - Setting next_dagrun for retailco_master_pipeline to 2026-05-31 00:00:00+00:00, run_after=2026-06-01 00:00:00+00:00
[2026-05-31T19:27:42.332+0000] {processor.py:183} INFO - Processing /opt/airflow/dags/retailco_dag.py took 0.156 seconds
[2026-05-31T19:28:12.544+0000] {processor.py:161} INFO - Started process (PID=3451) to work on /opt/airflow/dags/retailco_dag.py
[2026-05-31T19:28:12.545+0000] {processor.py:830} INFO - Processing file /opt/airflow/dags/retailco_dag.py for tasks to queue
[2026-05-31T19:28:12.548+0000] {logging_mixin.py:188} INFO - [2026-05-31T19:28:12.547+0000] {dagbag.py:545} INFO - Filling up the DagBag from /opt/airflow/dags/retailco_dag.py
[2026-05-31T19:28:12.586+0000] {processor.py:840} INFO - DAG(s) 'retailco_master_pipeline' retrieved from /opt/airflow/dags/retailco_dag.py
[2026-05-31T19:28:12.622+0000] {logging_mixin.py:188} INFO - [2026-05-31T19:28:12.621+0000] {dag.py:3096} INFO - Sync 1 DAGs
[2026-05-31T19:28:12.650+0000] {logging_mixin.py:188} INFO - [2026-05-31T19:28:12.649+0000] {dag.py:3954} INFO - Setting next_dagrun for retailco_master_pipeline to 2026-05-31 00:00:00+00:00, run_after=2026-06-01 00:00:00+00:00
[2026-05-31T19:28:12.679+0000] {processor.py:183} INFO - Processing /opt/airflow/dags/retailco_dag.py took 0.147 seconds
[2026-05-31T19:28:43.031+0000] {processor.py:161} INFO - Started process (PID=3456) to work on /opt/airflow/dags/retailco_dag.py
[2026-05-31T19:28:43.032+0000] {processor.py:830} INFO - Processing file /opt/airflow/dags/retailco_dag.py for tasks to queue
[2026-05-31T19:28:43.034+0000] {logging_mixin.py:188} INFO - [2026-05-31T19:28:43.034+0000] {dagbag.py:545} INFO - Filling up the DagBag from /opt/airflow/dags/retailco_dag.py
[2026-05-31T19:28:43.073+0000] {processor.py:840} INFO - DAG(s) 'retailco_master_pipeline' retrieved from /opt/airflow/dags/retailco_dag.py
[2026-05-31T19:28:43.111+0000] {logging_mixin.py:188} INFO - [2026-05-31T19:28:43.111+0000] {dag.py:3096} INFO - Sync 1 DAGs
[2026-05-31T19:28:43.137+0000] {logging_mixin.py:188} INFO - [2026-05-31T19:28:43.137+0000] {dag.py:3954} INFO - Setting next_dagrun for retailco_master_pipeline to 2026-05-31 00:00:00+00:00, run_after=2026-06-01 00:00:00+00:00
[2026-05-31T19:28:43.163+0000] {processor.py:183} INFO - Processing /opt/airflow/dags/retailco_dag.py took 0.138 seconds
[2026-05-31T19:29:13.376+0000] {processor.py:161} INFO - Started process (PID=3461) to work on /opt/airflow/dags/retailco_dag.py
[2026-05-31T19:29:13.377+0000] {processor.py:830} INFO - Processing file /opt/airflow/dags/retailco_dag.py for tasks to queue
[2026-05-31T19:29:13.380+0000] {logging_mixin.py:188} INFO - [2026-05-31T19:29:13.380+0000] {dagbag.py:545} INFO - Filling up the DagBag from /opt/airflow/dags/retailco_dag.py
[2026-05-31T19:29:13.414+0000] {processor.py:840} INFO - DAG(s) 'retailco_master_pipeline' retrieved from /opt/airflow/dags/retailco_dag.py
[2026-05-31T19:29:13.448+0000] {logging_mixin.py:188} INFO - [2026-05-31T19:29:13.448+0000] {dag.py:3096} INFO - Sync 1 DAGs
[2026-05-31T19:29:13.474+0000] {logging_mixin.py:188} INFO - [2026-05-31T19:29:13.473+0000] {dag.py:3954} INFO - Setting next_dagrun for retailco_master_pipeline to 2026-05-31 00:00:00+00:00, run_after=2026-06-01 00:00:00+00:00
[2026-05-31T19:29:13.495+0000] {processor.py:183} INFO - Processing /opt/airflow/dags/retailco_dag.py took 0.126 seconds
[2026-05-31T19:29:43.824+0000] {processor.py:161} INFO - Started process (PID=3466) to work on /opt/airflow/dags/retailco_dag.py
[2026-05-31T19:29:43.825+0000] {processor.py:830} INFO - Processing file /opt/airflow/dags/retailco_dag.py for tasks to queue
[2026-05-31T19:29:43.827+0000] {logging_mixin.py:188} INFO - [2026-05-31T19:29:43.827+0000] {dagbag.py:545} INFO - Filling up the DagBag from /opt/airflow/dags/retailco_dag.py
[2026-05-31T19:29:43.860+0000] {processor.py:840} INFO - DAG(s) 'retailco_master_pipeline' retrieved from /opt/airflow/dags/retailco_dag.py
[2026-05-31T19:29:43.897+0000] {logging_mixin.py:188} INFO - [2026-05-31T19:29:43.897+0000] {dag.py:3096} INFO - Sync 1 DAGs
[2026-05-31T19:29:43.926+0000] {logging_mixin.py:188} INFO - [2026-05-31T19:29:43.925+0000] {dag.py:3954} INFO - Setting next_dagrun for retailco_master_pipeline to 2026-05-31 00:00:00+00:00, run_after=2026-06-01 00:00:00+00:00
[2026-05-31T19:29:43.952+0000] {processor.py:183} INFO - Processing /opt/airflow/dags/retailco_dag.py took 0.134 seconds
[2026-05-31T19:30:14.154+0000] {processor.py:161} INFO - Started process (PID=3471) to work on /opt/airflow/dags/retailco_dag.py
[2026-05-31T19:30:14.155+0000] {processor.py:830} INFO - Processing file /opt/airflow/dags/retailco_dag.py for tasks to queue
[2026-05-31T19:30:14.157+0000] {logging_mixin.py:188} INFO - [2026-05-31T19:30:14.157+0000] {dagbag.py:545} INFO - Filling up the DagBag from /opt/airflow/dags/retailco_dag.py
[2026-05-31T19:30:14.187+0000] {processor.py:840} INFO - DAG(s) 'retailco_master_pipeline' retrieved from /opt/airflow/dags/retailco_dag.py
[2026-05-31T19:30:14.220+0000] {logging_mixin.py:188} INFO - [2026-05-31T19:30:14.220+0000] {dag.py:3096} INFO - Sync 1 DAGs
[2026-05-31T19:30:14.245+0000] {logging_mixin.py:188} INFO - [2026-05-31T19:30:14.245+0000] {dag.py:3954} INFO - Setting next_dagrun for retailco_master_pipeline to 2026-05-31 00:00:00+00:00, run_after=2026-06-01 00:00:00+00:00
[2026-05-31T19:30:14.275+0000] {processor.py:183} INFO - Processing /opt/airflow/dags/retailco_dag.py took 0.128 seconds
[2026-05-31T19:30:44.528+0000] {processor.py:161} INFO - Started process (PID=3476) to work on /opt/airflow/dags/retailco_dag.py
[2026-05-31T19:30:44.530+0000] {processor.py:830} INFO - Processing file /opt/airflow/dags/retailco_dag.py for tasks to queue
[2026-05-31T19:30:44.532+0000] {logging_mixin.py:188} INFO - [2026-05-31T19:30:44.532+0000] {dagbag.py:545} INFO - Filling up the DagBag from /opt/airflow/dags/retailco_dag.py
[2026-05-31T19:30:44.561+0000] {processor.py:840} INFO - DAG(s) 'retailco_master_pipeline' retrieved from /opt/airflow/dags/retailco_dag.py
[2026-05-31T19:30:44.598+0000] {logging_mixin.py:188} INFO - [2026-05-31T19:30:44.598+0000] {dag.py:3096} INFO - Sync 1 DAGs
[2026-05-31T19:30:44.627+0000] {logging_mixin.py:188} INFO - [2026-05-31T19:30:44.627+0000] {dag.py:3954} INFO - Setting next_dagrun for retailco_master_pipeline to 2026-05-31 00:00:00+00:00, run_after=2026-06-01 00:00:00+00:00
[2026-05-31T19:30:44.654+0000] {processor.py:183} INFO - Processing /opt/airflow/dags/retailco_dag.py took 0.132 seconds
[2026-05-31T19:31:14.898+0000] {processor.py:161} INFO - Started process (PID=3481) to work on /opt/airflow/dags/retailco_dag.py
[2026-05-31T19:31:14.899+0000] {processor.py:830} INFO - Processing file /opt/airflow/dags/retailco_dag.py for tasks to queue
[2026-05-31T19:31:14.903+0000] {logging_mixin.py:188} INFO - [2026-05-31T19:31:14.902+0000] {dagbag.py:545} INFO - Filling up the DagBag from /opt/airflow/dags/retailco_dag.py
[2026-05-31T19:31:14.928+0000] {processor.py:840} INFO - DAG(s) 'retailco_master_pipeline' retrieved from /opt/airflow/dags/retailco_dag.py
[2026-05-31T19:31:14.965+0000] {logging_mixin.py:188} INFO - [2026-05-31T19:31:14.965+0000] {dag.py:3096} INFO - Sync 1 DAGs
[2026-05-31T19:31:14.994+0000] {logging_mixin.py:188} INFO - [2026-05-31T19:31:14.993+0000] {dag.py:3954} INFO - Setting next_dagrun for retailco_master_pipeline to 2026-05-31 00:00:00+00:00, run_after=2026-06-01 00:00:00+00:00
[2026-05-31T19:31:15.021+0000] {processor.py:183} INFO - Processing /opt/airflow/dags/retailco_dag.py took 0.129 seconds
[2026-05-31T19:31:45.228+0000] {processor.py:161} INFO - Started process (PID=3486) to work on /opt/airflow/dags/retailco_dag.py
[2026-05-31T19:31:45.230+0000] {processor.py:830} INFO - Processing file /opt/airflow/dags/retailco_dag.py for tasks to queue
[2026-05-31T19:31:45.232+0000] {logging_mixin.py:188} INFO - [2026-05-31T19:31:45.232+0000] {dagbag.py:545} INFO - Filling up the DagBag from /opt/airflow/dags/retailco_dag.py
[2026-05-31T19:31:45.263+0000] {processor.py:840} INFO - DAG(s) 'retailco_master_pipeline' retrieved from /opt/airflow/dags/retailco_dag.py
[2026-05-31T19:31:45.305+0000] {logging_mixin.py:188} INFO - [2026-05-31T19:31:45.305+0000] {dag.py:3096} INFO - Sync 1 DAGs
[2026-05-31T19:31:45.331+0000] {logging_mixin.py:188} INFO - [2026-05-31T19:31:45.331+0000] {dag.py:3954} INFO - Setting next_dagrun for retailco_master_pipeline to 2026-05-31 00:00:00+00:00, run_after=2026-06-01 00:00:00+00:00
[2026-05-31T19:31:45.360+0000] {processor.py:183} INFO - Processing /opt/airflow/dags/retailco_dag.py took 0.140 seconds
[2026-05-31T19:32:15.810+0000] {processor.py:161} INFO - Started process (PID=3491) to work on /opt/airflow/dags/retailco_dag.py
[2026-05-31T19:32:15.812+0000] {processor.py:830} INFO - Processing file /opt/airflow/dags/retailco_dag.py for tasks to queue
[2026-05-31T19:32:15.816+0000] {logging_mixin.py:188} INFO - [2026-05-31T19:32:15.815+0000] {dagbag.py:545} INFO - Filling up the DagBag from /opt/airflow/dags/retailco_dag.py
[2026-05-31T19:32:15.884+0000] {processor.py:840} INFO - DAG(s) 'retailco_master_pipeline' retrieved from /opt/airflow/dags/retailco_dag.py
[2026-05-31T19:32:15.948+0000] {logging_mixin.py:188} INFO - [2026-05-31T19:32:15.948+0000] {dag.py:3096} INFO - Sync 1 DAGs
[2026-05-31T19:32:16.010+0000] {logging_mixin.py:188} INFO - [2026-05-31T19:32:16.009+0000] {dag.py:3954} INFO - Setting next_dagrun for retailco_master_pipeline to 2026-05-31 00:00:00+00:00, run_after=2026-06-01 00:00:00+00:00
[2026-05-31T19:32:16.064+0000] {processor.py:183} INFO - Processing /opt/airflow/dags/retailco_dag.py took 0.264 seconds
[2026-05-31T19:32:46.354+0000] {processor.py:161} INFO - Started process (PID=3496) to work on /opt/airflow/dags/retailco_dag.py
[2026-05-31T19:32:46.356+0000] {processor.py:830} INFO - Processing file /opt/airflow/dags/retailco_dag.py for tasks to queue
[2026-05-31T19:32:46.361+0000] {logging_mixin.py:188} INFO - [2026-05-31T19:32:46.360+0000] {dagbag.py:545} INFO - Filling up the DagBag from /opt/airflow/dags/retailco_dag.py
[2026-05-31T19:32:46.427+0000] {processor.py:840} INFO - DAG(s) 'retailco_master_pipeline' retrieved from /opt/airflow/dags/retailco_dag.py
[2026-05-31T19:32:46.496+0000] {logging_mixin.py:188} INFO - [2026-05-31T19:32:46.496+0000] {dag.py:3096} INFO - Sync 1 DAGs
[2026-05-31T19:32:46.527+0000] {logging_mixin.py:188} INFO - [2026-05-31T19:32:46.527+0000] {dag.py:3954} INFO - Setting next_dagrun for retailco_master_pipeline to 2026-05-31 00:00:00+00:00, run_after=2026-06-01 00:00:00+00:00
[2026-05-31T19:32:46.568+0000] {processor.py:183} INFO - Processing /opt/airflow/dags/retailco_dag.py took 0.230 seconds
[2026-05-31T19:33:17.159+0000] {processor.py:161} INFO - Started process (PID=3501) to work on /opt/airflow/dags/retailco_dag.py
[2026-05-31T19:33:17.161+0000] {processor.py:830} INFO - Processing file /opt/airflow/dags/retailco_dag.py for tasks to queue
[2026-05-31T19:33:17.165+0000] {logging_mixin.py:188} INFO - [2026-05-31T19:33:17.164+0000] {dagbag.py:545} INFO - Filling up the DagBag from /opt/airflow/dags/retailco_dag.py
[2026-05-31T19:33:17.242+0000] {processor.py:840} INFO - DAG(s) 'retailco_master_pipeline' retrieved from /opt/airflow/dags/retailco_dag.py
[2026-05-31T19:33:17.295+0000] {logging_mixin.py:188} INFO - [2026-05-31T19:33:17.295+0000] {dag.py:3096} INFO - Sync 1 DAGs
[2026-05-31T19:33:17.331+0000] {logging_mixin.py:188} INFO - [2026-05-31T19:33:17.331+0000] {dag.py:3954} INFO - Setting next_dagrun for retailco_master_pipeline to 2026-05-31 00:00:00+00:00, run_after=2026-06-01 00:00:00+00:00
[2026-05-31T19:33:17.378+0000] {processor.py:183} INFO - Processing /opt/airflow/dags/retailco_dag.py took 0.230 seconds
[2026-05-31T19:33:47.740+0000] {processor.py:161} INFO - Started process (PID=3506) to work on /opt/airflow/dags/retailco_dag.py
[2026-05-31T19:33:47.742+0000] {processor.py:830} INFO - Processing file /opt/airflow/dags/retailco_dag.py for tasks to queue
[2026-05-31T19:33:47.746+0000] {logging_mixin.py:188} INFO - [2026-05-31T19:33:47.745+0000] {dagbag.py:545} INFO - Filling up the DagBag from /opt/airflow/dags/retailco_dag.py
[2026-05-31T19:33:47.820+0000] {processor.py:840} INFO - DAG(s) 'retailco_master_pipeline' retrieved from /opt/airflow/dags/retailco_dag.py
[2026-05-31T19:33:47.895+0000] {logging_mixin.py:188} INFO - [2026-05-31T19:33:47.894+0000] {dag.py:3096} INFO - Sync 1 DAGs
[2026-05-31T19:33:47.932+0000] {logging_mixin.py:188} INFO - [2026-05-31T19:33:47.932+0000] {dag.py:3954} INFO - Setting next_dagrun for retailco_master_pipeline to 2026-05-31 00:00:00+00:00, run_after=2026-06-01 00:00:00+00:00
[2026-05-31T19:33:47.985+0000] {processor.py:183} INFO - Processing /opt/airflow/dags/retailco_dag.py took 0.262 seconds
[2026-05-31T19:34:18.451+0000] {processor.py:161} INFO - Started process (PID=3511) to work on /opt/airflow/dags/retailco_dag.py
[2026-05-31T19:34:18.454+0000] {processor.py:830} INFO - Processing file /opt/airflow/dags/retailco_dag.py for tasks to queue
[2026-05-31T19:34:18.458+0000] {logging_mixin.py:188} INFO - [2026-05-31T19:34:18.458+0000] {dagbag.py:545} INFO - Filling up the DagBag from /opt/airflow/dags/retailco_dag.py
[2026-05-31T19:34:18.536+0000] {processor.py:840} INFO - DAG(s) 'retailco_master_pipeline' retrieved from /opt/airflow/dags/retailco_dag.py
[2026-05-31T19:34:18.601+0000] {logging_mixin.py:188} INFO - [2026-05-31T19:34:18.601+0000] {dag.py:3096} INFO - Sync 1 DAGs
[2026-05-31T19:34:18.646+0000] {logging_mixin.py:188} INFO - [2026-05-31T19:34:18.646+0000] {dag.py:3954} INFO - Setting next_dagrun for retailco_master_pipeline to 2026-05-31 00:00:00+00:00, run_after=2026-06-01 00:00:00+00:00
[2026-05-31T19:34:18.689+0000] {processor.py:183} INFO - Processing /opt/airflow/dags/retailco_dag.py took 0.258 seconds
[2026-05-31T19:34:49.037+0000] {processor.py:161} INFO - Started process (PID=3516) to work on /opt/airflow/dags/retailco_dag.py
[2026-05-31T19:34:49.039+0000] {processor.py:830} INFO - Processing file /opt/airflow/dags/retailco_dag.py for tasks to queue
[2026-05-31T19:34:49.044+0000] {logging_mixin.py:188} INFO - [2026-05-31T19:34:49.043+0000] {dagbag.py:545} INFO - Filling up the DagBag from /opt/airflow/dags/retailco_dag.py
[2026-05-31T19:34:49.109+0000] {processor.py:840} INFO - DAG(s) 'retailco_master_pipeline' retrieved from /opt/airflow/dags/retailco_dag.py
[2026-05-31T19:34:49.186+0000] {logging_mixin.py:188} INFO - [2026-05-31T19:34:49.186+0000] {dag.py:3096} INFO - Sync 1 DAGs
[2026-05-31T19:34:49.237+0000] {logging_mixin.py:188} INFO - [2026-05-31T19:34:49.236+0000] {dag.py:3954} INFO - Setting next_dagrun for retailco_master_pipeline to 2026-05-31 00:00:00+00:00, run_after=2026-06-01 00:00:00+00:00
[2026-05-31T19:34:49.286+0000] {processor.py:183} INFO - Processing /opt/airflow/dags/retailco_dag.py took 0.259 seconds
[2026-05-31T19:35:19.839+0000] {processor.py:161} INFO - Started process (PID=3521) to work on /opt/airflow/dags/retailco_dag.py
[2026-05-31T19:35:19.841+0000] {processor.py:830} INFO - Processing file /opt/airflow/dags/retailco_dag.py for tasks to queue
[2026-05-31T19:35:19.845+0000] {logging_mixin.py:188} INFO - [2026-05-31T19:35:19.845+0000] {dagbag.py:545} INFO - Filling up the DagBag from /opt/airflow/dags/retailco_dag.py
[2026-05-31T19:35:19.916+0000] {processor.py:840} INFO - DAG(s) 'retailco_master_pipeline' retrieved from /opt/airflow/dags/retailco_dag.py
[2026-05-31T19:35:19.985+0000] {logging_mixin.py:188} INFO - [2026-05-31T19:35:19.984+0000] {dag.py:3096} INFO - Sync 1 DAGs
[2026-05-31T19:35:20.022+0000] {logging_mixin.py:188} INFO - [2026-05-31T19:35:20.022+0000] {dag.py:3954} INFO - Setting next_dagrun for retailco_master_pipeline to 2026-05-31 00:00:00+00:00, run_after=2026-06-01 00:00:00+00:00
[2026-05-31T19:35:20.068+0000] {processor.py:183} INFO - Processing /opt/airflow/dags/retailco_dag.py took 0.243 seconds
[2026-05-31T19:35:50.577+0000] {processor.py:161} INFO - Started process (PID=3526) to work on /opt/airflow/dags/retailco_dag.py
[2026-05-31T19:35:50.580+0000] {processor.py:830} INFO - Processing file /opt/airflow/dags/retailco_dag.py for tasks to queue
[2026-05-31T19:35:50.585+0000] {logging_mixin.py:188} INFO - [2026-05-31T19:35:50.584+0000] {dagbag.py:545} INFO - Filling up the DagBag from /opt/airflow/dags/retailco_dag.py
[2026-05-31T19:35:50.662+0000] {processor.py:840} INFO - DAG(s) 'retailco_master_pipeline' retrieved from /opt/airflow/dags/retailco_dag.py
[2026-05-31T19:35:50.755+0000] {logging_mixin.py:188} INFO - [2026-05-31T19:35:50.755+0000] {dag.py:3096} INFO - Sync 1 DAGs
[2026-05-31T19:35:50.817+0000] {logging_mixin.py:188} INFO - [2026-05-31T19:35:50.816+0000] {dag.py:3954} INFO - Setting next_dagrun for retailco_master_pipeline to 2026-05-31 00:00:00+00:00, run_after=2026-06-01 00:00:00+00:00
[2026-05-31T19:35:50.885+0000] {processor.py:183} INFO - Processing /opt/airflow/dags/retailco_dag.py took 0.327 seconds
[2026-05-31T19:36:21.207+0000] {processor.py:161} INFO - Started process (PID=3531) to work on /opt/airflow/dags/retailco_dag.py
[2026-05-31T19:36:21.211+0000] {processor.py:830} INFO - Processing file /opt/airflow/dags/retailco_dag.py for tasks to queue
[2026-05-31T19:36:21.217+0000] {logging_mixin.py:188} INFO - [2026-05-31T19:36:21.216+0000] {dagbag.py:545} INFO - Filling up the DagBag from /opt/airflow/dags/retailco_dag.py
[2026-05-31T19:36:21.310+0000] {processor.py:840} INFO - DAG(s) 'retailco_master_pipeline' retrieved from /opt/airflow/dags/retailco_dag.py
[2026-05-31T19:36:21.381+0000] {logging_mixin.py:188} INFO - [2026-05-31T19:36:21.381+0000] {dag.py:3096} INFO - Sync 1 DAGs
[2026-05-31T19:36:21.431+0000] {logging_mixin.py:188} INFO - [2026-05-31T19:36:21.430+0000] {dag.py:3954} INFO - Setting next_dagrun for retailco_master_pipeline to 2026-05-31 00:00:00+00:00, run_after=2026-06-01 00:00:00+00:00
[2026-05-31T19:36:21.476+0000] {processor.py:183} INFO - Processing /opt/airflow/dags/retailco_dag.py took 0.299 seconds
[2026-05-31T19:36:51.944+0000] {processor.py:161} INFO - Started process (PID=3536) to work on /opt/airflow/dags/retailco_dag.py
[2026-05-31T19:36:51.947+0000] {processor.py:830} INFO - Processing file /opt/airflow/dags/retailco_dag.py for tasks to queue
[2026-05-31T19:36:51.950+0000] {logging_mixin.py:188} INFO - [2026-05-31T19:36:51.950+0000] {dagbag.py:545} INFO - Filling up the DagBag from /opt/airflow/dags/retailco_dag.py
[2026-05-31T19:36:52.012+0000] {processor.py:840} INFO - DAG(s) 'retailco_master_pipeline' retrieved from /opt/airflow/dags/retailco_dag.py
[2026-05-31T19:36:52.087+0000] {logging_mixin.py:188} INFO - [2026-05-31T19:36:52.087+0000] {dag.py:3096} INFO - Sync 1 DAGs
[2026-05-31T19:36:52.124+0000] {logging_mixin.py:188} INFO - [2026-05-31T19:36:52.124+0000] {dag.py:3954} INFO - Setting next_dagrun for retailco_master_pipeline to 2026-05-31 00:00:00+00:00, run_after=2026-06-01 00:00:00+00:00
[2026-05-31T19:36:52.173+0000] {processor.py:183} INFO - Processing /opt/airflow/dags/retailco_dag.py took 0.238 seconds
[2026-05-31T19:37:22.519+0000] {processor.py:161} INFO - Started process (PID=3541) to work on /opt/airflow/dags/retailco_dag.py
[2026-05-31T19:37:22.521+0000] {processor.py:830} INFO - Processing file /opt/airflow/dags/retailco_dag.py for tasks to queue
[2026-05-31T19:37:22.525+0000] {logging_mixin.py:188} INFO - [2026-05-31T19:37:22.524+0000] {dagbag.py:545} INFO - Filling up the DagBag from /opt/airflow/dags/retailco_dag.py
[2026-05-31T19:37:22.588+0000] {processor.py:840} INFO - DAG(s) 'retailco_master_pipeline' retrieved from /opt/airflow/dags/retailco_dag.py
[2026-05-31T19:37:22.665+0000] {logging_mixin.py:188} INFO - [2026-05-31T19:37:22.665+0000] {dag.py:3096} INFO - Sync 1 DAGs
[2026-05-31T19:37:22.724+0000] {logging_mixin.py:188} INFO - [2026-05-31T19:37:22.723+0000] {dag.py:3954} INFO - Setting next_dagrun for retailco_master_pipeline to 2026-05-31 00:00:00+00:00, run_after=2026-06-01 00:00:00+00:00
[2026-05-31T19:37:22.783+0000] {processor.py:183} INFO - Processing /opt/airflow/dags/retailco_dag.py took 0.278 seconds
[2026-05-31T19:37:53.288+0000] {processor.py:161} INFO - Started process (PID=3546) to work on /opt/airflow/dags/retailco_dag.py
[2026-05-31T19:37:53.290+0000] {processor.py:830} INFO - Processing file /opt/airflow/dags/retailco_dag.py for tasks to queue
[2026-05-31T19:37:53.293+0000] {logging_mixin.py:188} INFO - [2026-05-31T19:37:53.293+0000] {dagbag.py:545} INFO - Filling up the DagBag from /opt/airflow/dags/retailco_dag.py
[2026-05-31T19:37:53.358+0000] {processor.py:840} INFO - DAG(s) 'retailco_master_pipeline' retrieved from /opt/airflow/dags/retailco_dag.py
[2026-05-31T19:37:53.430+0000] {logging_mixin.py:188} INFO - [2026-05-31T19:37:53.430+0000] {dag.py:3096} INFO - Sync 1 DAGs
[2026-05-31T19:37:53.488+0000] {logging_mixin.py:188} INFO - [2026-05-31T19:37:53.487+0000] {dag.py:3954} INFO - Setting next_dagrun for retailco_master_pipeline to 2026-05-31 00:00:00+00:00, run_after=2026-06-01 00:00:00+00:00
[2026-05-31T19:37:53.539+0000] {processor.py:183} INFO - Processing /opt/airflow/dags/retailco_dag.py took 0.267 seconds
[2026-05-31T19:38:23.972+0000] {processor.py:161} INFO - Started process (PID=3551) to work on /opt/airflow/dags/retailco_dag.py
[2026-05-31T19:38:23.974+0000] {processor.py:830} INFO - Processing file /opt/airflow/dags/retailco_dag.py for tasks to queue
[2026-05-31T19:38:23.977+0000] {logging_mixin.py:188} INFO - [2026-05-31T19:38:23.976+0000] {dagbag.py:545} INFO - Filling up the DagBag from /opt/airflow/dags/retailco_dag.py
[2026-05-31T19:38:24.050+0000] {processor.py:840} INFO - DAG(s) 'retailco_master_pipeline' retrieved from /opt/airflow/dags/retailco_dag.py
[2026-05-31T19:38:24.114+0000] {logging_mixin.py:188} INFO - [2026-05-31T19:38:24.114+0000] {dag.py:3096} INFO - Sync 1 DAGs
[2026-05-31T19:38:24.148+0000] {logging_mixin.py:188} INFO - [2026-05-31T19:38:24.147+0000] {dag.py:3954} INFO - Setting next_dagrun for retailco_master_pipeline to 2026-05-31 00:00:00+00:00, run_after=2026-06-01 00:00:00+00:00
[2026-05-31T19:38:24.196+0000] {processor.py:183} INFO - Processing /opt/airflow/dags/retailco_dag.py took 0.237 seconds
[2026-05-31T19:38:54.604+0000] {processor.py:161} INFO - Started process (PID=3556) to work on /opt/airflow/dags/retailco_dag.py
[2026-05-31T19:38:54.607+0000] {processor.py:830} INFO - Processing file /opt/airflow/dags/retailco_dag.py for tasks to queue
[2026-05-31T19:38:54.613+0000] {logging_mixin.py:188} INFO - [2026-05-31T19:38:54.612+0000] {dagbag.py:545} INFO - Filling up the DagBag from /opt/airflow/dags/retailco_dag.py
[2026-05-31T19:38:55.246+0000] {processor.py:840} INFO - DAG(s) 'retailco_master_pipeline' retrieved from /opt/airflow/dags/retailco_dag.py
[2026-05-31T19:38:55.378+0000] {logging_mixin.py:188} INFO - [2026-05-31T19:38:55.377+0000] {dag.py:3096} INFO - Sync 1 DAGs
[2026-05-31T19:38:55.458+0000] {logging_mixin.py:188} INFO - [2026-05-31T19:38:55.457+0000] {dag.py:3954} INFO - Setting next_dagrun for retailco_master_pipeline to 2026-05-31 00:00:00+00:00, run_after=2026-06-01 00:00:00+00:00
[2026-05-31T19:38:55.507+0000] {processor.py:183} INFO - Processing /opt/airflow/dags/retailco_dag.py took 0.920 seconds
[2026-05-31T19:39:25.671+0000] {processor.py:161} INFO - Started process (PID=3561) to work on /opt/airflow/dags/retailco_dag.py
[2026-05-31T19:39:25.673+0000] {processor.py:830} INFO - Processing file /opt/airflow/dags/retailco_dag.py for tasks to queue
[2026-05-31T19:39:25.678+0000] {logging_mixin.py:188} INFO - [2026-05-31T19:39:25.677+0000] {dagbag.py:545} INFO - Filling up the DagBag from /opt/airflow/dags/retailco_dag.py
[2026-05-31T19:39:25.737+0000] {processor.py:840} INFO - DAG(s) 'retailco_master_pipeline' retrieved from /opt/airflow/dags/retailco_dag.py
[2026-05-31T19:39:25.807+0000] {logging_mixin.py:188} INFO - [2026-05-31T19:39:25.807+0000] {dag.py:3096} INFO - Sync 1 DAGs
[2026-05-31T19:39:25.865+0000] {logging_mixin.py:188} INFO - [2026-05-31T19:39:25.865+0000] {dag.py:3954} INFO - Setting next_dagrun for retailco_master_pipeline to 2026-05-31 00:00:00+00:00, run_after=2026-06-01 00:00:00+00:00
[2026-05-31T19:39:25.915+0000] {processor.py:183} INFO - Processing /opt/airflow/dags/retailco_dag.py took 0.258 seconds
[2026-05-31T19:39:56.140+0000] {processor.py:161} INFO - Started process (PID=3566) to work on /opt/airflow/dags/retailco_dag.py
[2026-05-31T19:39:56.142+0000] {processor.py:830} INFO - Processing file /opt/airflow/dags/retailco_dag.py for tasks to queue
[2026-05-31T19:39:56.147+0000] {logging_mixin.py:188} INFO - [2026-05-31T19:39:56.146+0000] {dagbag.py:545} INFO - Filling up the DagBag from /opt/airflow/dags/retailco_dag.py
[2026-05-31T19:39:56.212+0000] {processor.py:840} INFO - DAG(s) 'retailco_master_pipeline' retrieved from /opt/airflow/dags/retailco_dag.py
[2026-05-31T19:39:56.284+0000] {logging_mixin.py:188} INFO - [2026-05-31T19:39:56.284+0000] {dag.py:3096} INFO - Sync 1 DAGs
[2026-05-31T19:39:56.320+0000] {logging_mixin.py:188} INFO - [2026-05-31T19:39:56.319+0000] {dag.py:3954} INFO - Setting next_dagrun for retailco_master_pipeline to 2026-05-31 00:00:00+00:00, run_after=2026-06-01 00:00:00+00:00
[2026-05-31T19:39:56.370+0000] {processor.py:183} INFO - Processing /opt/airflow/dags/retailco_dag.py took 0.245 seconds
[2026-05-31T19:40:27.109+0000] {processor.py:161} INFO - Started process (PID=3571) to work on /opt/airflow/dags/retailco_dag.py
[2026-05-31T19:40:27.112+0000] {processor.py:830} INFO - Processing file /opt/airflow/dags/retailco_dag.py for tasks to queue
[2026-05-31T19:40:27.116+0000] {logging_mixin.py:188} INFO - [2026-05-31T19:40:27.115+0000] {dagbag.py:545} INFO - Filling up the DagBag from /opt/airflow/dags/retailco_dag.py
[2026-05-31T19:40:27.182+0000] {processor.py:840} INFO - DAG(s) 'retailco_master_pipeline' retrieved from /opt/airflow/dags/retailco_dag.py
[2026-05-31T19:40:27.288+0000] {logging_mixin.py:188} INFO - [2026-05-31T19:40:27.288+0000] {dag.py:3096} INFO - Sync 1 DAGs
[2026-05-31T19:40:27.331+0000] {logging_mixin.py:188} INFO - [2026-05-31T19:40:27.331+0000] {dag.py:3954} INFO - Setting next_dagrun for retailco_master_pipeline to 2026-05-31 00:00:00+00:00, run_after=2026-06-01 00:00:00+00:00
[2026-05-31T19:40:27.376+0000] {processor.py:183} INFO - Processing /opt/airflow/dags/retailco_dag.py took 0.283 seconds
[2026-05-31T19:40:57.604+0000] {processor.py:161} INFO - Started process (PID=3576) to work on /opt/airflow/dags/retailco_dag.py
[2026-05-31T19:40:57.606+0000] {processor.py:830} INFO - Processing file /opt/airflow/dags/retailco_dag.py for tasks to queue
[2026-05-31T19:40:57.610+0000] {logging_mixin.py:188} INFO - [2026-05-31T19:40:57.609+0000] {dagbag.py:545} INFO - Filling up the DagBag from /opt/airflow/dags/retailco_dag.py
[2026-05-31T19:40:57.683+0000] {processor.py:840} INFO - DAG(s) 'retailco_master_pipeline' retrieved from /opt/airflow/dags/retailco_dag.py
[2026-05-31T19:40:57.747+0000] {logging_mixin.py:188} INFO - [2026-05-31T19:40:57.747+0000] {dag.py:3096} INFO - Sync 1 DAGs
[2026-05-31T19:40:57.792+0000] {logging_mixin.py:188} INFO - [2026-05-31T19:40:57.792+0000] {dag.py:3954} INFO - Setting next_dagrun for retailco_master_pipeline to 2026-05-31 00:00:00+00:00, run_after=2026-06-01 00:00:00+00:00
[2026-05-31T19:40:57.839+0000] {processor.py:183} INFO - Processing /opt/airflow/dags/retailco_dag.py took 0.248 seconds
[2026-05-31T19:41:28.364+0000] {processor.py:161} INFO - Started process (PID=3581) to work on /opt/airflow/dags/retailco_dag.py
[2026-05-31T19:41:28.365+0000] {processor.py:830} INFO - Processing file /opt/airflow/dags/retailco_dag.py for tasks to queue
[2026-05-31T19:41:28.369+0000] {logging_mixin.py:188} INFO - [2026-05-31T19:41:28.369+0000] {dagbag.py:545} INFO - Filling up the DagBag from /opt/airflow/dags/retailco_dag.py
[2026-05-31T19:41:28.445+0000] {processor.py:840} INFO - DAG(s) 'retailco_master_pipeline' retrieved from /opt/airflow/dags/retailco_dag.py
[2026-05-31T19:41:28.506+0000] {logging_mixin.py:188} INFO - [2026-05-31T19:41:28.506+0000] {dag.py:3096} INFO - Sync 1 DAGs
[2026-05-31T19:41:28.551+0000] {logging_mixin.py:188} INFO - [2026-05-31T19:41:28.550+0000] {dag.py:3954} INFO - Setting next_dagrun for retailco_master_pipeline to 2026-05-31 00:00:00+00:00, run_after=2026-06-01 00:00:00+00:00
[2026-05-31T19:41:28.596+0000] {processor.py:183} INFO - Processing /opt/airflow/dags/retailco_dag.py took 0.243 seconds
[2026-05-31T19:41:58.902+0000] {processor.py:161} INFO - Started process (PID=3586) to work on /opt/airflow/dags/retailco_dag.py
[2026-05-31T19:41:58.904+0000] {processor.py:830} INFO - Processing file /opt/airflow/dags/retailco_dag.py for tasks to queue
[2026-05-31T19:41:58.908+0000] {logging_mixin.py:188} INFO - [2026-05-31T19:41:58.908+0000] {dagbag.py:545} INFO - Filling up the DagBag from /opt/airflow/dags/retailco_dag.py
[2026-05-31T19:41:58.977+0000] {processor.py:840} INFO - DAG(s) 'retailco_master_pipeline' retrieved from /opt/airflow/dags/retailco_dag.py
[2026-05-31T19:41:59.042+0000] {logging_mixin.py:188} INFO - [2026-05-31T19:41:59.041+0000] {dag.py:3096} INFO - Sync 1 DAGs
[2026-05-31T19:41:59.075+0000] {logging_mixin.py:188} INFO - [2026-05-31T19:41:59.075+0000] {dag.py:3954} INFO - Setting next_dagrun for retailco_master_pipeline to 2026-05-31 00:00:00+00:00, run_after=2026-06-01 00:00:00+00:00
[2026-05-31T19:41:59.126+0000] {processor.py:183} INFO - Processing /opt/airflow/dags/retailco_dag.py took 0.237 seconds
[2026-05-31T19:42:29.599+0000] {processor.py:161} INFO - Started process (PID=3591) to work on /opt/airflow/dags/retailco_dag.py
[2026-05-31T19:42:29.601+0000] {processor.py:830} INFO - Processing file /opt/airflow/dags/retailco_dag.py for tasks to queue
[2026-05-31T19:42:29.605+0000] {logging_mixin.py:188} INFO - [2026-05-31T19:42:29.604+0000] {dagbag.py:545} INFO - Filling up the DagBag from /opt/airflow/dags/retailco_dag.py
[2026-05-31T19:42:29.669+0000] {processor.py:840} INFO - DAG(s) 'retailco_master_pipeline' retrieved from /opt/airflow/dags/retailco_dag.py
[2026-05-31T19:42:29.726+0000] {logging_mixin.py:188} INFO - [2026-05-31T19:42:29.725+0000] {dag.py:3096} INFO - Sync 1 DAGs
[2026-05-31T19:42:29.783+0000] {logging_mixin.py:188} INFO - [2026-05-31T19:42:29.783+0000] {dag.py:3954} INFO - Setting next_dagrun for retailco_master_pipeline to 2026-05-31 00:00:00+00:00, run_after=2026-06-01 00:00:00+00:00
[2026-05-31T19:42:29.834+0000] {processor.py:183} INFO - Processing /opt/airflow/dags/retailco_dag.py took 0.245 seconds
[2026-05-31T19:43:00.116+0000] {processor.py:161} INFO - Started process (PID=3596) to work on /opt/airflow/dags/retailco_dag.py
[2026-05-31T19:43:00.117+0000] {processor.py:830} INFO - Processing file /opt/airflow/dags/retailco_dag.py for tasks to queue
[2026-05-31T19:43:00.122+0000] {logging_mixin.py:188} INFO - [2026-05-31T19:43:00.122+0000] {dagbag.py:545} INFO - Filling up the DagBag from /opt/airflow/dags/retailco_dag.py
[2026-05-31T19:43:00.191+0000] {processor.py:840} INFO - DAG(s) 'retailco_master_pipeline' retrieved from /opt/airflow/dags/retailco_dag.py
[2026-05-31T19:43:00.265+0000] {logging_mixin.py:188} INFO - [2026-05-31T19:43:00.264+0000] {dag.py:3096} INFO - Sync 1 DAGs
[2026-05-31T19:43:00.304+0000] {logging_mixin.py:188} INFO - [2026-05-31T19:43:00.303+0000] {dag.py:3954} INFO - Setting next_dagrun for retailco_master_pipeline to 2026-05-31 00:00:00+00:00, run_after=2026-06-01 00:00:00+00:00
[2026-05-31T19:43:00.351+0000] {processor.py:183} INFO - Processing /opt/airflow/dags/retailco_dag.py took 0.250 seconds
[2026-05-31T19:43:30.791+0000] {processor.py:161} INFO - Started process (PID=3601) to work on /opt/airflow/dags/retailco_dag.py
[2026-05-31T19:43:30.794+0000] {processor.py:830} INFO - Processing file /opt/airflow/dags/retailco_dag.py for tasks to queue
[2026-05-31T19:43:30.798+0000] {logging_mixin.py:188} INFO - [2026-05-31T19:43:30.797+0000] {dagbag.py:545} INFO - Filling up the DagBag from /opt/airflow/dags/retailco_dag.py
[2026-05-31T19:43:30.857+0000] {processor.py:840} INFO - DAG(s) 'retailco_master_pipeline' retrieved from /opt/airflow/dags/retailco_dag.py
[2026-05-31T19:43:30.920+0000] {logging_mixin.py:188} INFO - [2026-05-31T19:43:30.920+0000] {dag.py:3096} INFO - Sync 1 DAGs
[2026-05-31T19:43:30.970+0000] {logging_mixin.py:188} INFO - [2026-05-31T19:43:30.970+0000] {dag.py:3954} INFO - Setting next_dagrun for retailco_master_pipeline to 2026-05-31 00:00:00+00:00, run_after=2026-06-01 00:00:00+00:00
[2026-05-31T19:43:31.043+0000] {processor.py:183} INFO - Processing /opt/airflow/dags/retailco_dag.py took 0.262 seconds
[2026-05-31T19:44:01.316+0000] {processor.py:161} INFO - Started process (PID=3606) to work on /opt/airflow/dags/retailco_dag.py
[2026-05-31T19:44:01.320+0000] {processor.py:830} INFO - Processing file /opt/airflow/dags/retailco_dag.py for tasks to queue
[2026-05-31T19:44:01.329+0000] {logging_mixin.py:188} INFO - [2026-05-31T19:44:01.328+0000] {dagbag.py:545} INFO - Filling up the DagBag from /opt/airflow/dags/retailco_dag.py
[2026-05-31T19:44:01.411+0000] {processor.py:840} INFO - DAG(s) 'retailco_master_pipeline' retrieved from /opt/airflow/dags/retailco_dag.py
[2026-05-31T19:44:01.471+0000] {logging_mixin.py:188} INFO - [2026-05-31T19:44:01.471+0000] {dag.py:3096} INFO - Sync 1 DAGs
[2026-05-31T19:44:01.533+0000] {logging_mixin.py:188} INFO - [2026-05-31T19:44:01.533+0000] {dag.py:3954} INFO - Setting next_dagrun for retailco_master_pipeline to 2026-05-31 00:00:00+00:00, run_after=2026-06-01 00:00:00+00:00
[2026-05-31T19:44:01.613+0000] {processor.py:183} INFO - Processing /opt/airflow/dags/retailco_dag.py took 0.318 seconds
[2026-05-31T19:44:32.069+0000] {processor.py:161} INFO - Started process (PID=3611) to work on /opt/airflow/dags/retailco_dag.py
[2026-05-31T19:44:32.072+0000] {processor.py:830} INFO - Processing file /opt/airflow/dags/retailco_dag.py for tasks to queue
[2026-05-31T19:44:32.075+0000] {logging_mixin.py:188} INFO - [2026-05-31T19:44:32.074+0000] {dagbag.py:545} INFO - Filling up the DagBag from /opt/airflow/dags/retailco_dag.py
[2026-05-31T19:44:32.158+0000] {processor.py:840} INFO - DAG(s) 'retailco_master_pipeline' retrieved from /opt/airflow/dags/retailco_dag.py
[2026-05-31T19:44:32.219+0000] {logging_mixin.py:188} INFO - [2026-05-31T19:44:32.218+0000] {dag.py:3096} INFO - Sync 1 DAGs
[2026-05-31T19:44:32.276+0000] {logging_mixin.py:188} INFO - [2026-05-31T19:44:32.275+0000] {dag.py:3954} INFO - Setting next_dagrun for retailco_master_pipeline to 2026-05-31 00:00:00+00:00, run_after=2026-06-01 00:00:00+00:00
[2026-05-31T19:44:32.331+0000] {processor.py:183} INFO - Processing /opt/airflow/dags/retailco_dag.py took 0.274 seconds
[2026-05-31T19:45:02.645+0000] {processor.py:161} INFO - Started process (PID=3616) to work on /opt/airflow/dags/retailco_dag.py
[2026-05-31T19:45:02.648+0000] {processor.py:830} INFO - Processing file /opt/airflow/dags/retailco_dag.py for tasks to queue
[2026-05-31T19:45:02.652+0000] {logging_mixin.py:188} INFO - [2026-05-31T19:45:02.652+0000] {dagbag.py:545} INFO - Filling up the DagBag from /opt/airflow/dags/retailco_dag.py
[2026-05-31T19:45:02.716+0000] {processor.py:840} INFO - DAG(s) 'retailco_master_pipeline' retrieved from /opt/airflow/dags/retailco_dag.py
[2026-05-31T19:45:02.780+0000] {logging_mixin.py:188} INFO - [2026-05-31T19:45:02.780+0000] {dag.py:3096} INFO - Sync 1 DAGs
[2026-05-31T19:45:02.824+0000] {logging_mixin.py:188} INFO - [2026-05-31T19:45:02.824+0000] {dag.py:3954} INFO - Setting next_dagrun for retailco_master_pipeline to 2026-05-31 00:00:00+00:00, run_after=2026-06-01 00:00:00+00:00
[2026-05-31T19:45:02.875+0000] {processor.py:183} INFO - Processing /opt/airflow/dags/retailco_dag.py took 0.244 seconds
[2026-05-31T19:45:33.720+0000] {processor.py:161} INFO - Started process (PID=3621) to work on /opt/airflow/dags/retailco_dag.py
[2026-05-31T19:45:33.724+0000] {processor.py:830} INFO - Processing file /opt/airflow/dags/retailco_dag.py for tasks to queue
[2026-05-31T19:45:33.729+0000] {logging_mixin.py:188} INFO - [2026-05-31T19:45:33.729+0000] {dagbag.py:545} INFO - Filling up the DagBag from /opt/airflow/dags/retailco_dag.py
[2026-05-31T19:45:33.809+0000] {processor.py:840} INFO - DAG(s) 'retailco_master_pipeline' retrieved from /opt/airflow/dags/retailco_dag.py
[2026-05-31T19:45:33.902+0000] {logging_mixin.py:188} INFO - [2026-05-31T19:45:33.901+0000] {dag.py:3096} INFO - Sync 1 DAGs
[2026-05-31T19:45:33.941+0000] {logging_mixin.py:188} INFO - [2026-05-31T19:45:33.941+0000] {dag.py:3954} INFO - Setting next_dagrun for retailco_master_pipeline to 2026-05-31 00:00:00+00:00, run_after=2026-06-01 00:00:00+00:00
[2026-05-31T19:45:34.001+0000] {processor.py:183} INFO - Processing /opt/airflow/dags/retailco_dag.py took 0.309 seconds
[2026-05-31T19:46:04.564+0000] {processor.py:161} INFO - Started process (PID=3626) to work on /opt/airflow/dags/retailco_dag.py
[2026-05-31T19:46:04.567+0000] {processor.py:830} INFO - Processing file /opt/airflow/dags/retailco_dag.py for tasks to queue
[2026-05-31T19:46:04.571+0000] {logging_mixin.py:188} INFO - [2026-05-31T19:46:04.570+0000] {dagbag.py:545} INFO - Filling up the DagBag from /opt/airflow/dags/retailco_dag.py
[2026-05-31T19:46:04.649+0000] {processor.py:840} INFO - DAG(s) 'retailco_master_pipeline' retrieved from /opt/airflow/dags/retailco_dag.py
[2026-05-31T19:46:04.714+0000] {logging_mixin.py:188} INFO - [2026-05-31T19:46:04.714+0000] {dag.py:3096} INFO - Sync 1 DAGs
[2026-05-31T19:46:04.762+0000] {logging_mixin.py:188} INFO - [2026-05-31T19:46:04.762+0000] {dag.py:3954} INFO - Setting next_dagrun for retailco_master_pipeline to 2026-05-31 00:00:00+00:00, run_after=2026-06-01 00:00:00+00:00
[2026-05-31T19:46:04.807+0000] {processor.py:183} INFO - Processing /opt/airflow/dags/retailco_dag.py took 0.257 seconds
[2026-05-31T19:46:34.969+0000] {processor.py:161} INFO - Started process (PID=3631) to work on /opt/airflow/dags/retailco_dag.py
[2026-05-31T19:46:34.972+0000] {processor.py:830} INFO - Processing file /opt/airflow/dags/retailco_dag.py for tasks to queue
[2026-05-31T19:46:34.976+0000] {logging_mixin.py:188} INFO - [2026-05-31T19:46:34.975+0000] {dagbag.py:545} INFO - Filling up the DagBag from /opt/airflow/dags/retailco_dag.py
[2026-05-31T19:46:35.045+0000] {processor.py:840} INFO - DAG(s) 'retailco_master_pipeline' retrieved from /opt/airflow/dags/retailco_dag.py
[2026-05-31T19:46:35.114+0000] {logging_mixin.py:188} INFO - [2026-05-31T19:46:35.114+0000] {dag.py:3096} INFO - Sync 1 DAGs
[2026-05-31T19:46:35.162+0000] {logging_mixin.py:188} INFO - [2026-05-31T19:46:35.162+0000] {dag.py:3954} INFO - Setting next_dagrun for retailco_master_pipeline to 2026-05-31 00:00:00+00:00, run_after=2026-06-01 00:00:00+00:00
[2026-05-31T19:46:35.208+0000] {processor.py:183} INFO - Processing /opt/airflow/dags/retailco_dag.py took 0.256 seconds
[2026-05-31T19:47:05.620+0000] {processor.py:161} INFO - Started process (PID=3636) to work on /opt/airflow/dags/retailco_dag.py
[2026-05-31T19:47:05.622+0000] {processor.py:830} INFO - Processing file /opt/airflow/dags/retailco_dag.py for tasks to queue
[2026-05-31T19:47:05.628+0000] {logging_mixin.py:188} INFO - [2026-05-31T19:47:05.627+0000] {dagbag.py:545} INFO - Filling up the DagBag from /opt/airflow/dags/retailco_dag.py
[2026-05-31T19:47:05.698+0000] {processor.py:840} INFO - DAG(s) 'retailco_master_pipeline' retrieved from /opt/airflow/dags/retailco_dag.py
[2026-05-31T19:47:05.769+0000] {logging_mixin.py:188} INFO - [2026-05-31T19:47:05.768+0000] {dag.py:3096} INFO - Sync 1 DAGs
[2026-05-31T19:47:05.816+0000] {logging_mixin.py:188} INFO - [2026-05-31T19:47:05.816+0000] {dag.py:3954} INFO - Setting next_dagrun for retailco_master_pipeline to 2026-05-31 00:00:00+00:00, run_after=2026-06-01 00:00:00+00:00
[2026-05-31T19:47:05.860+0000] {processor.py:183} INFO - Processing /opt/airflow/dags/retailco_dag.py took 0.253 seconds
[2026-05-31T19:47:36.130+0000] {processor.py:161} INFO - Started process (PID=3641) to work on /opt/airflow/dags/retailco_dag.py
[2026-05-31T19:47:36.132+0000] {processor.py:830} INFO - Processing file /opt/airflow/dags/retailco_dag.py for tasks to queue
[2026-05-31T19:47:36.139+0000] {logging_mixin.py:188} INFO - [2026-05-31T19:47:36.138+0000] {dagbag.py:545} INFO - Filling up the DagBag from /opt/airflow/dags/retailco_dag.py
[2026-05-31T19:47:36.208+0000] {processor.py:840} INFO - DAG(s) 'retailco_master_pipeline' retrieved from /opt/airflow/dags/retailco_dag.py
[2026-05-31T19:47:36.269+0000] {logging_mixin.py:188} INFO - [2026-05-31T19:47:36.268+0000] {dag.py:3096} INFO - Sync 1 DAGs
[2026-05-31T19:47:36.309+0000] {logging_mixin.py:188} INFO - [2026-05-31T19:47:36.309+0000] {dag.py:3954} INFO - Setting next_dagrun for retailco_master_pipeline to 2026-05-31 00:00:00+00:00, run_after=2026-06-01 00:00:00+00:00
[2026-05-31T19:47:36.357+0000] {processor.py:183} INFO - Processing /opt/airflow/dags/retailco_dag.py took 0.243 seconds
[2026-05-31T19:48:06.703+0000] {processor.py:161} INFO - Started process (PID=3646) to work on /opt/airflow/dags/retailco_dag.py
[2026-05-31T19:48:06.705+0000] {processor.py:830} INFO - Processing file /opt/airflow/dags/retailco_dag.py for tasks to queue
[2026-05-31T19:48:06.708+0000] {logging_mixin.py:188} INFO - [2026-05-31T19:48:06.708+0000] {dagbag.py:545} INFO - Filling up the DagBag from /opt/airflow/dags/retailco_dag.py
[2026-05-31T19:48:06.779+0000] {processor.py:840} INFO - DAG(s) 'retailco_master_pipeline' retrieved from /opt/airflow/dags/retailco_dag.py
[2026-05-31T19:48:06.839+0000] {logging_mixin.py:188} INFO - [2026-05-31T19:48:06.839+0000] {dag.py:3096} INFO - Sync 1 DAGs
[2026-05-31T19:48:06.884+0000] {logging_mixin.py:188} INFO - [2026-05-31T19:48:06.884+0000] {dag.py:3954} INFO - Setting next_dagrun for retailco_master_pipeline to 2026-05-31 00:00:00+00:00, run_after=2026-06-01 00:00:00+00:00
[2026-05-31T19:48:06.922+0000] {processor.py:183} INFO - Processing /opt/airflow/dags/retailco_dag.py took 0.232 seconds
[2026-05-31T19:48:37.279+0000] {processor.py:161} INFO - Started process (PID=3651) to work on /opt/airflow/dags/retailco_dag.py
[2026-05-31T19:48:37.282+0000] {processor.py:830} INFO - Processing file /opt/airflow/dags/retailco_dag.py for tasks to queue
[2026-05-31T19:48:37.292+0000] {logging_mixin.py:188} INFO - [2026-05-31T19:48:37.290+0000] {dagbag.py:545} INFO - Filling up the DagBag from /opt/airflow/dags/retailco_dag.py
[2026-05-31T19:48:37.390+0000] {processor.py:840} INFO - DAG(s) 'retailco_master_pipeline' retrieved from /opt/airflow/dags/retailco_dag.py
[2026-05-31T19:48:37.502+0000] {logging_mixin.py:188} INFO - [2026-05-31T19:48:37.501+0000] {dag.py:3096} INFO - Sync 1 DAGs
[2026-05-31T19:48:37.566+0000] {logging_mixin.py:188} INFO - [2026-05-31T19:48:37.565+0000] {dag.py:3954} INFO - Setting next_dagrun for retailco_master_pipeline to 2026-05-31 00:00:00+00:00, run_after=2026-06-01 00:00:00+00:00
[2026-05-31T19:48:37.605+0000] {processor.py:183} INFO - Processing /opt/airflow/dags/retailco_dag.py took 0.345 seconds
[2026-05-31T19:49:07.843+0000] {processor.py:161} INFO - Started process (PID=3656) to work on /opt/airflow/dags/retailco_dag.py
[2026-05-31T19:49:07.845+0000] {processor.py:830} INFO - Processing file /opt/airflow/dags/retailco_dag.py for tasks to queue
[2026-05-31T19:49:07.849+0000] {logging_mixin.py:188} INFO - [2026-05-31T19:49:07.848+0000] {dagbag.py:545} INFO - Filling up the DagBag from /opt/airflow/dags/retailco_dag.py
[2026-05-31T19:49:07.921+0000] {processor.py:840} INFO - DAG(s) 'retailco_master_pipeline' retrieved from /opt/airflow/dags/retailco_dag.py
[2026-05-31T19:49:08.004+0000] {logging_mixin.py:188} INFO - [2026-05-31T19:49:08.004+0000] {dag.py:3096} INFO - Sync 1 DAGs
[2026-05-31T19:49:08.061+0000] {logging_mixin.py:188} INFO - [2026-05-31T19:49:08.060+0000] {dag.py:3954} INFO - Setting next_dagrun for retailco_master_pipeline to 2026-05-31 00:00:00+00:00, run_after=2026-06-01 00:00:00+00:00
[2026-05-31T19:49:08.117+0000] {processor.py:183} INFO - Processing /opt/airflow/dags/retailco_dag.py took 0.291 seconds
[2026-05-31T19:49:38.509+0000] {processor.py:161} INFO - Started process (PID=3661) to work on /opt/airflow/dags/retailco_dag.py
[2026-05-31T19:49:38.512+0000] {processor.py:830} INFO - Processing file /opt/airflow/dags/retailco_dag.py for tasks to queue
[2026-05-31T19:49:38.517+0000] {logging_mixin.py:188} INFO - [2026-05-31T19:49:38.516+0000] {dagbag.py:545} INFO - Filling up the DagBag from /opt/airflow/dags/retailco_dag.py
[2026-05-31T19:49:38.591+0000] {processor.py:840} INFO - DAG(s) 'retailco_master_pipeline' retrieved from /opt/airflow/dags/retailco_dag.py
[2026-05-31T19:49:38.663+0000] {logging_mixin.py:188} INFO - [2026-05-31T19:49:38.663+0000] {dag.py:3096} INFO - Sync 1 DAGs
[2026-05-31T19:49:38.712+0000] {logging_mixin.py:188} INFO - [2026-05-31T19:49:38.712+0000] {dag.py:3954} INFO - Setting next_dagrun for retailco_master_pipeline to 2026-05-31 00:00:00+00:00, run_after=2026-06-01 00:00:00+00:00
[2026-05-31T19:49:38.766+0000] {processor.py:183} INFO - Processing /opt/airflow/dags/retailco_dag.py took 0.273 seconds
[2026-05-31T19:50:09.160+0000] {processor.py:161} INFO - Started process (PID=3666) to work on /opt/airflow/dags/retailco_dag.py
[2026-05-31T19:50:09.163+0000] {processor.py:830} INFO - Processing file /opt/airflow/dags/retailco_dag.py for tasks to queue
[2026-05-31T19:50:09.171+0000] {logging_mixin.py:188} INFO - [2026-05-31T19:50:09.170+0000] {dagbag.py:545} INFO - Filling up the DagBag from /opt/airflow/dags/retailco_dag.py
[2026-05-31T19:50:09.273+0000] {processor.py:840} INFO - DAG(s) 'retailco_master_pipeline' retrieved from /opt/airflow/dags/retailco_dag.py
[2026-05-31T19:50:09.378+0000] {logging_mixin.py:188} INFO - [2026-05-31T19:50:09.377+0000] {dag.py:3096} INFO - Sync 1 DAGs
[2026-05-31T19:50:09.449+0000] {logging_mixin.py:188} INFO - [2026-05-31T19:50:09.447+0000] {dag.py:3954} INFO - Setting next_dagrun for retailco_master_pipeline to 2026-05-31 00:00:00+00:00, run_after=2026-06-01 00:00:00+00:00
[2026-05-31T19:50:09.521+0000] {processor.py:183} INFO - Processing /opt/airflow/dags/retailco_dag.py took 0.378 seconds
[2026-05-31T19:50:40.027+0000] {processor.py:161} INFO - Started process (PID=3671) to work on /opt/airflow/dags/retailco_dag.py
[2026-05-31T19:50:40.029+0000] {processor.py:830} INFO - Processing file /opt/airflow/dags/retailco_dag.py for tasks to queue
[2026-05-31T19:50:40.041+0000] {logging_mixin.py:188} INFO - [2026-05-31T19:50:40.040+0000] {dagbag.py:545} INFO - Filling up the DagBag from /opt/airflow/dags/retailco_dag.py
[2026-05-31T19:50:40.188+0000] {processor.py:840} INFO - DAG(s) 'retailco_master_pipeline' retrieved from /opt/airflow/dags/retailco_dag.py
[2026-05-31T19:50:40.279+0000] {logging_mixin.py:188} INFO - [2026-05-31T19:50:40.279+0000] {dag.py:3096} INFO - Sync 1 DAGs
[2026-05-31T19:50:40.331+0000] {logging_mixin.py:188} INFO - [2026-05-31T19:50:40.330+0000] {dag.py:3954} INFO - Setting next_dagrun for retailco_master_pipeline to 2026-05-31 00:00:00+00:00, run_after=2026-06-01 00:00:00+00:00
[2026-05-31T19:50:40.377+0000] {processor.py:183} INFO - Processing /opt/airflow/dags/retailco_dag.py took 0.368 seconds
[2026-05-31T19:51:10.593+0000] {processor.py:161} INFO - Started process (PID=3676) to work on /opt/airflow/dags/retailco_dag.py
[2026-05-31T19:51:10.595+0000] {processor.py:830} INFO - Processing file /opt/airflow/dags/retailco_dag.py for tasks to queue
[2026-05-31T19:51:10.599+0000] {logging_mixin.py:188} INFO - [2026-05-31T19:51:10.599+0000] {dagbag.py:545} INFO - Filling up the DagBag from /opt/airflow/dags/retailco_dag.py
[2026-05-31T19:51:10.674+0000] {processor.py:840} INFO - DAG(s) 'retailco_master_pipeline' retrieved from /opt/airflow/dags/retailco_dag.py
[2026-05-31T19:51:10.764+0000] {logging_mixin.py:188} INFO - [2026-05-31T19:51:10.764+0000] {dag.py:3096} INFO - Sync 1 DAGs
[2026-05-31T19:51:10.816+0000] {logging_mixin.py:188} INFO - [2026-05-31T19:51:10.815+0000] {dag.py:3954} INFO - Setting next_dagrun for retailco_master_pipeline to 2026-05-31 00:00:00+00:00, run_after=2026-06-01 00:00:00+00:00
[2026-05-31T19:51:10.871+0000] {processor.py:183} INFO - Processing /opt/airflow/dags/retailco_dag.py took 0.293 seconds
[2026-05-31T19:51:41.368+0000] {processor.py:161} INFO - Started process (PID=3681) to work on /opt/airflow/dags/retailco_dag.py
[2026-05-31T19:51:41.372+0000] {processor.py:830} INFO - Processing file /opt/airflow/dags/retailco_dag.py for tasks to queue
[2026-05-31T19:51:41.379+0000] {logging_mixin.py:188} INFO - [2026-05-31T19:51:41.378+0000] {dagbag.py:545} INFO - Filling up the DagBag from /opt/airflow/dags/retailco_dag.py
[2026-05-31T19:51:41.451+0000] {processor.py:840} INFO - DAG(s) 'retailco_master_pipeline' retrieved from /opt/airflow/dags/retailco_dag.py
[2026-05-31T19:51:41.578+0000] {logging_mixin.py:188} INFO - [2026-05-31T19:51:41.577+0000] {dag.py:3096} INFO - Sync 1 DAGs
[2026-05-31T19:51:41.674+0000] {logging_mixin.py:188} INFO - [2026-05-31T19:51:41.673+0000] {dag.py:3954} INFO - Setting next_dagrun for retailco_master_pipeline to 2026-05-31 00:00:00+00:00, run_after=2026-06-01 00:00:00+00:00
[2026-05-31T19:51:41.742+0000] {processor.py:183} INFO - Processing /opt/airflow/dags/retailco_dag.py took 0.390 seconds
[2026-05-31T19:52:11.894+0000] {processor.py:161} INFO - Started process (PID=3686) to work on /opt/airflow/dags/retailco_dag.py
[2026-05-31T19:52:11.896+0000] {processor.py:830} INFO - Processing file /opt/airflow/dags/retailco_dag.py for tasks to queue
[2026-05-31T19:52:11.901+0000] {logging_mixin.py:188} INFO - [2026-05-31T19:52:11.900+0000] {dagbag.py:545} INFO - Filling up the DagBag from /opt/airflow/dags/retailco_dag.py
[2026-05-31T19:52:11.973+0000] {processor.py:840} INFO - DAG(s) 'retailco_master_pipeline' retrieved from /opt/airflow/dags/retailco_dag.py
[2026-05-31T19:52:12.035+0000] {logging_mixin.py:188} INFO - [2026-05-31T19:52:12.034+0000] {dag.py:3096} INFO - Sync 1 DAGs
[2026-05-31T19:52:12.078+0000] {logging_mixin.py:188} INFO - [2026-05-31T19:52:12.078+0000] {dag.py:3954} INFO - Setting next_dagrun for retailco_master_pipeline to 2026-05-31 00:00:00+00:00, run_after=2026-06-01 00:00:00+00:00
[2026-05-31T19:52:12.127+0000] {processor.py:183} INFO - Processing /opt/airflow/dags/retailco_dag.py took 0.247 seconds
[2026-05-31T19:52:42.361+0000] {processor.py:161} INFO - Started process (PID=3691) to work on /opt/airflow/dags/retailco_dag.py
[2026-05-31T19:52:42.364+0000] {processor.py:830} INFO - Processing file /opt/airflow/dags/retailco_dag.py for tasks to queue
[2026-05-31T19:52:42.369+0000] {logging_mixin.py:188} INFO - [2026-05-31T19:52:42.368+0000] {dagbag.py:545} INFO - Filling up the DagBag from /opt/airflow/dags/retailco_dag.py
[2026-05-31T19:52:42.442+0000] {processor.py:840} INFO - DAG(s) 'retailco_master_pipeline' retrieved from /opt/airflow/dags/retailco_dag.py
[2026-05-31T19:52:42.524+0000] {logging_mixin.py:188} INFO - [2026-05-31T19:52:42.524+0000] {dag.py:3096} INFO - Sync 1 DAGs
[2026-05-31T19:52:42.581+0000] {logging_mixin.py:188} INFO - [2026-05-31T19:52:42.580+0000] {dag.py:3954} INFO - Setting next_dagrun for retailco_master_pipeline to 2026-05-31 00:00:00+00:00, run_after=2026-06-01 00:00:00+00:00
[2026-05-31T19:52:42.643+0000] {processor.py:183} INFO - Processing /opt/airflow/dags/retailco_dag.py took 0.297 seconds
[2026-05-31T19:53:13.078+0000] {processor.py:161} INFO - Started process (PID=3696) to work on /opt/airflow/dags/retailco_dag.py
[2026-05-31T19:53:13.081+0000] {processor.py:830} INFO - Processing file /opt/airflow/dags/retailco_dag.py for tasks to queue
[2026-05-31T19:53:13.085+0000] {logging_mixin.py:188} INFO - [2026-05-31T19:53:13.085+0000] {dagbag.py:545} INFO - Filling up the DagBag from /opt/airflow/dags/retailco_dag.py
[2026-05-31T19:53:13.155+0000] {processor.py:840} INFO - DAG(s) 'retailco_master_pipeline' retrieved from /opt/airflow/dags/retailco_dag.py
[2026-05-31T19:53:13.219+0000] {logging_mixin.py:188} INFO - [2026-05-31T19:53:13.218+0000] {dag.py:3096} INFO - Sync 1 DAGs
[2026-05-31T19:53:13.273+0000] {logging_mixin.py:188} INFO - [2026-05-31T19:53:13.273+0000] {dag.py:3954} INFO - Setting next_dagrun for retailco_master_pipeline to 2026-05-31 00:00:00+00:00, run_after=2026-06-01 00:00:00+00:00
[2026-05-31T19:53:13.314+0000] {processor.py:183} INFO - Processing /opt/airflow/dags/retailco_dag.py took 0.251 seconds
[2026-05-31T19:53:43.602+0000] {processor.py:161} INFO - Started process (PID=3701) to work on /opt/airflow/dags/retailco_dag.py
[2026-05-31T19:53:43.604+0000] {processor.py:830} INFO - Processing file /opt/airflow/dags/retailco_dag.py for tasks to queue
[2026-05-31T19:53:43.607+0000] {logging_mixin.py:188} INFO - [2026-05-31T19:53:43.607+0000] {dagbag.py:545} INFO - Filling up the DagBag from /opt/airflow/dags/retailco_dag.py
[2026-05-31T19:53:43.687+0000] {processor.py:840} INFO - DAG(s) 'retailco_master_pipeline' retrieved from /opt/airflow/dags/retailco_dag.py
[2026-05-31T19:53:43.762+0000] {logging_mixin.py:188} INFO - [2026-05-31T19:53:43.761+0000] {dag.py:3096} INFO - Sync 1 DAGs
[2026-05-31T19:53:43.848+0000] {logging_mixin.py:188} INFO - [2026-05-31T19:53:43.847+0000] {dag.py:3954} INFO - Setting next_dagrun for retailco_master_pipeline to 2026-05-31 00:00:00+00:00, run_after=2026-06-01 00:00:00+00:00
[2026-05-31T19:53:43.893+0000] {processor.py:183} INFO - Processing /opt/airflow/dags/retailco_dag.py took 0.303 seconds
[2026-05-31T19:54:14.208+0000] {processor.py:161} INFO - Started process (PID=3706) to work on /opt/airflow/dags/retailco_dag.py
[2026-05-31T19:54:14.211+0000] {processor.py:830} INFO - Processing file /opt/airflow/dags/retailco_dag.py for tasks to queue
[2026-05-31T19:54:14.216+0000] {logging_mixin.py:188} INFO - [2026-05-31T19:54:14.215+0000] {dagbag.py:545} INFO - Filling up the DagBag from /opt/airflow/dags/retailco_dag.py
[2026-05-31T19:54:14.295+0000] {processor.py:840} INFO - DAG(s) 'retailco_master_pipeline' retrieved from /opt/airflow/dags/retailco_dag.py
[2026-05-31T19:54:14.378+0000] {logging_mixin.py:188} INFO - [2026-05-31T19:54:14.377+0000] {dag.py:3096} INFO - Sync 1 DAGs
[2026-05-31T19:54:14.446+0000] {logging_mixin.py:188} INFO - [2026-05-31T19:54:14.446+0000] {dag.py:3954} INFO - Setting next_dagrun for retailco_master_pipeline to 2026-05-31 00:00:00+00:00, run_after=2026-06-01 00:00:00+00:00
[2026-05-31T19:54:14.491+0000] {processor.py:183} INFO - Processing /opt/airflow/dags/retailco_dag.py took 0.300 seconds
[2026-05-31T19:54:44.937+0000] {processor.py:161} INFO - Started process (PID=3711) to work on /opt/airflow/dags/retailco_dag.py
[2026-05-31T19:54:44.939+0000] {processor.py:830} INFO - Processing file /opt/airflow/dags/retailco_dag.py for tasks to queue
[2026-05-31T19:54:44.942+0000] {logging_mixin.py:188} INFO - [2026-05-31T19:54:44.942+0000] {dagbag.py:545} INFO - Filling up the DagBag from /opt/airflow/dags/retailco_dag.py
[2026-05-31T19:54:45.014+0000] {processor.py:840} INFO - DAG(s) 'retailco_master_pipeline' retrieved from /opt/airflow/dags/retailco_dag.py
[2026-05-31T19:54:45.070+0000] {logging_mixin.py:188} INFO - [2026-05-31T19:54:45.069+0000] {dag.py:3096} INFO - Sync 1 DAGs
[2026-05-31T19:54:45.164+0000] {logging_mixin.py:188} INFO - [2026-05-31T19:54:45.163+0000] {dag.py:3954} INFO - Setting next_dagrun for retailco_master_pipeline to 2026-05-31 00:00:00+00:00, run_after=2026-06-01 00:00:00+00:00
[2026-05-31T19:54:45.225+0000] {processor.py:183} INFO - Processing /opt/airflow/dags/retailco_dag.py took 0.302 seconds
[2026-05-31T19:55:15.481+0000] {processor.py:161} INFO - Started process (PID=3716) to work on /opt/airflow/dags/retailco_dag.py
[2026-05-31T19:55:15.484+0000] {processor.py:830} INFO - Processing file /opt/airflow/dags/retailco_dag.py for tasks to queue
[2026-05-31T19:55:15.490+0000] {logging_mixin.py:188} INFO - [2026-05-31T19:55:15.489+0000] {dagbag.py:545} INFO - Filling up the DagBag from /opt/airflow/dags/retailco_dag.py
[2026-05-31T19:55:15.561+0000] {processor.py:840} INFO - DAG(s) 'retailco_master_pipeline' retrieved from /opt/airflow/dags/retailco_dag.py
[2026-05-31T19:55:15.624+0000] {logging_mixin.py:188} INFO - [2026-05-31T19:55:15.624+0000] {dag.py:3096} INFO - Sync 1 DAGs
[2026-05-31T19:55:15.661+0000] {logging_mixin.py:188} INFO - [2026-05-31T19:55:15.660+0000] {dag.py:3954} INFO - Setting next_dagrun for retailco_master_pipeline to 2026-05-31 00:00:00+00:00, run_after=2026-06-01 00:00:00+00:00
[2026-05-31T19:55:15.703+0000] {processor.py:183} INFO - Processing /opt/airflow/dags/retailco_dag.py took 0.237 seconds
[2026-05-31T19:55:46.387+0000] {processor.py:161} INFO - Started process (PID=3721) to work on /opt/airflow/dags/retailco_dag.py
[2026-05-31T19:55:46.389+0000] {processor.py:830} INFO - Processing file /opt/airflow/dags/retailco_dag.py for tasks to queue
[2026-05-31T19:55:46.394+0000] {logging_mixin.py:188} INFO - [2026-05-31T19:55:46.393+0000] {dagbag.py:545} INFO - Filling up the DagBag from /opt/airflow/dags/retailco_dag.py
[2026-05-31T19:55:46.460+0000] {processor.py:840} INFO - DAG(s) 'retailco_master_pipeline' retrieved from /opt/airflow/dags/retailco_dag.py
[2026-05-31T19:55:46.518+0000] {logging_mixin.py:188} INFO - [2026-05-31T19:55:46.518+0000] {dag.py:3096} INFO - Sync 1 DAGs
[2026-05-31T19:55:46.555+0000] {logging_mixin.py:188} INFO - [2026-05-31T19:55:46.555+0000] {dag.py:3954} INFO - Setting next_dagrun for retailco_master_pipeline to 2026-05-31 00:00:00+00:00, run_after=2026-06-01 00:00:00+00:00
[2026-05-31T19:55:46.605+0000] {processor.py:183} INFO - Processing /opt/airflow/dags/retailco_dag.py took 0.235 seconds
[2026-05-31T19:56:16.867+0000] {processor.py:161} INFO - Started process (PID=3726) to work on /opt/airflow/dags/retailco_dag.py
[2026-05-31T19:56:16.870+0000] {processor.py:830} INFO - Processing file /opt/airflow/dags/retailco_dag.py for tasks to queue
[2026-05-31T19:56:16.873+0000] {logging_mixin.py:188} INFO - [2026-05-31T19:56:16.873+0000] {dagbag.py:545} INFO - Filling up the DagBag from /opt/airflow/dags/retailco_dag.py
[2026-05-31T19:56:16.943+0000] {processor.py:840} INFO - DAG(s) 'retailco_master_pipeline' retrieved from /opt/airflow/dags/retailco_dag.py
[2026-05-31T19:56:17.006+0000] {logging_mixin.py:188} INFO - [2026-05-31T19:56:17.006+0000] {dag.py:3096} INFO - Sync 1 DAGs
[2026-05-31T19:56:17.062+0000] {logging_mixin.py:188} INFO - [2026-05-31T19:56:17.061+0000] {dag.py:3954} INFO - Setting next_dagrun for retailco_master_pipeline to 2026-05-31 00:00:00+00:00, run_after=2026-06-01 00:00:00+00:00
[2026-05-31T19:56:17.109+0000] {processor.py:183} INFO - Processing /opt/airflow/dags/retailco_dag.py took 0.254 seconds
[2026-05-31T19:56:47.669+0000] {processor.py:161} INFO - Started process (PID=3731) to work on /opt/airflow/dags/retailco_dag.py
[2026-05-31T19:56:47.672+0000] {processor.py:830} INFO - Processing file /opt/airflow/dags/retailco_dag.py for tasks to queue
[2026-05-31T19:56:47.676+0000] {logging_mixin.py:188} INFO - [2026-05-31T19:56:47.676+0000] {dagbag.py:545} INFO - Filling up the DagBag from /opt/airflow/dags/retailco_dag.py
[2026-05-31T19:56:47.749+0000] {processor.py:840} INFO - DAG(s) 'retailco_master_pipeline' retrieved from /opt/airflow/dags/retailco_dag.py
[2026-05-31T19:56:47.816+0000] {logging_mixin.py:188} INFO - [2026-05-31T19:56:47.815+0000] {dag.py:3096} INFO - Sync 1 DAGs
[2026-05-31T19:56:47.861+0000] {logging_mixin.py:188} INFO - [2026-05-31T19:56:47.860+0000] {dag.py:3954} INFO - Setting next_dagrun for retailco_master_pipeline to 2026-05-31 00:00:00+00:00, run_after=2026-06-01 00:00:00+00:00
[2026-05-31T19:56:47.911+0000] {processor.py:183} INFO - Processing /opt/airflow/dags/retailco_dag.py took 0.253 seconds
[2026-05-31T19:57:18.245+0000] {processor.py:161} INFO - Started process (PID=3736) to work on /opt/airflow/dags/retailco_dag.py
[2026-05-31T19:57:18.247+0000] {processor.py:830} INFO - Processing file /opt/airflow/dags/retailco_dag.py for tasks to queue
[2026-05-31T19:57:18.253+0000] {logging_mixin.py:188} INFO - [2026-05-31T19:57:18.252+0000] {dagbag.py:545} INFO - Filling up the DagBag from /opt/airflow/dags/retailco_dag.py
[2026-05-31T19:57:18.334+0000] {processor.py:840} INFO - DAG(s) 'retailco_master_pipeline' retrieved from /opt/airflow/dags/retailco_dag.py
[2026-05-31T19:57:18.404+0000] {logging_mixin.py:188} INFO - [2026-05-31T19:57:18.404+0000] {dag.py:3096} INFO - Sync 1 DAGs
[2026-05-31T19:57:18.449+0000] {logging_mixin.py:188} INFO - [2026-05-31T19:57:18.449+0000] {dag.py:3954} INFO - Setting next_dagrun for retailco_master_pipeline to 2026-05-31 00:00:00+00:00, run_after=2026-06-01 00:00:00+00:00
[2026-05-31T19:57:18.496+0000] {processor.py:183} INFO - Processing /opt/airflow/dags/retailco_dag.py took 0.265 seconds
[2026-05-31T19:57:49.013+0000] {processor.py:161} INFO - Started process (PID=3741) to work on /opt/airflow/dags/retailco_dag.py
[2026-05-31T19:57:49.014+0000] {processor.py:830} INFO - Processing file /opt/airflow/dags/retailco_dag.py for tasks to queue
[2026-05-31T19:57:49.019+0000] {logging_mixin.py:188} INFO - [2026-05-31T19:57:49.018+0000] {dagbag.py:545} INFO - Filling up the DagBag from /opt/airflow/dags/retailco_dag.py
[2026-05-31T19:57:49.082+0000] {processor.py:840} INFO - DAG(s) 'retailco_master_pipeline' retrieved from /opt/airflow/dags/retailco_dag.py
[2026-05-31T19:57:49.137+0000] {logging_mixin.py:188} INFO - [2026-05-31T19:57:49.137+0000] {dag.py:3096} INFO - Sync 1 DAGs
[2026-05-31T19:57:49.187+0000] {logging_mixin.py:188} INFO - [2026-05-31T19:57:49.187+0000] {dag.py:3954} INFO - Setting next_dagrun for retailco_master_pipeline to 2026-05-31 00:00:00+00:00, run_after=2026-06-01 00:00:00+00:00
[2026-05-31T19:57:49.233+0000] {processor.py:183} INFO - Processing /opt/airflow/dags/retailco_dag.py took 0.231 seconds
[2026-05-31T19:58:19.582+0000] {processor.py:161} INFO - Started process (PID=3746) to work on /opt/airflow/dags/retailco_dag.py
[2026-05-31T19:58:19.585+0000] {processor.py:830} INFO - Processing file /opt/airflow/dags/retailco_dag.py for tasks to queue
[2026-05-31T19:58:19.590+0000] {logging_mixin.py:188} INFO - [2026-05-31T19:58:19.590+0000] {dagbag.py:545} INFO - Filling up the DagBag from /opt/airflow/dags/retailco_dag.py
[2026-05-31T19:58:19.674+0000] {processor.py:840} INFO - DAG(s) 'retailco_master_pipeline' retrieved from /opt/airflow/dags/retailco_dag.py
[2026-05-31T19:58:19.737+0000] {logging_mixin.py:188} INFO - [2026-05-31T19:58:19.737+0000] {dag.py:3096} INFO - Sync 1 DAGs
[2026-05-31T19:58:19.786+0000] {logging_mixin.py:188} INFO - [2026-05-31T19:58:19.786+0000] {dag.py:3954} INFO - Setting next_dagrun for retailco_master_pipeline to 2026-05-31 00:00:00+00:00, run_after=2026-06-01 00:00:00+00:00
[2026-05-31T19:58:19.824+0000] {processor.py:183} INFO - Processing /opt/airflow/dags/retailco_dag.py took 0.263 seconds
[2026-05-31T19:58:50.132+0000] {processor.py:161} INFO - Started process (PID=3751) to work on /opt/airflow/dags/retailco_dag.py
[2026-05-31T19:58:50.135+0000] {processor.py:830} INFO - Processing file /opt/airflow/dags/retailco_dag.py for tasks to queue
[2026-05-31T19:58:50.141+0000] {logging_mixin.py:188} INFO - [2026-05-31T19:58:50.140+0000] {dagbag.py:545} INFO - Filling up the DagBag from /opt/airflow/dags/retailco_dag.py
[2026-05-31T19:58:50.200+0000] {processor.py:840} INFO - DAG(s) 'retailco_master_pipeline' retrieved from /opt/airflow/dags/retailco_dag.py
[2026-05-31T19:58:50.257+0000] {logging_mixin.py:188} INFO - [2026-05-31T19:58:50.257+0000] {dag.py:3096} INFO - Sync 1 DAGs
[2026-05-31T19:58:50.307+0000] {logging_mixin.py:188} INFO - [2026-05-31T19:58:50.307+0000] {dag.py:3954} INFO - Setting next_dagrun for retailco_master_pipeline to 2026-05-31 00:00:00+00:00, run_after=2026-06-01 00:00:00+00:00
[2026-05-31T19:58:50.357+0000] {processor.py:183} INFO - Processing /opt/airflow/dags/retailco_dag.py took 0.238 seconds
[2026-05-31T19:59:20.737+0000] {processor.py:161} INFO - Started process (PID=3756) to work on /opt/airflow/dags/retailco_dag.py
[2026-05-31T19:59:20.740+0000] {processor.py:830} INFO - Processing file /opt/airflow/dags/retailco_dag.py for tasks to queue
[2026-05-31T19:59:20.747+0000] {logging_mixin.py:188} INFO - [2026-05-31T19:59:20.746+0000] {dagbag.py:545} INFO - Filling up the DagBag from /opt/airflow/dags/retailco_dag.py
[2026-05-31T19:59:20.832+0000] {processor.py:840} INFO - DAG(s) 'retailco_master_pipeline' retrieved from /opt/airflow/dags/retailco_dag.py
[2026-05-31T19:59:20.910+0000] {logging_mixin.py:188} INFO - [2026-05-31T19:59:20.909+0000] {dag.py:3096} INFO - Sync 1 DAGs
[2026-05-31T19:59:20.969+0000] {logging_mixin.py:188} INFO - [2026-05-31T19:59:20.969+0000] {dag.py:3954} INFO - Setting next_dagrun for retailco_master_pipeline to 2026-05-31 00:00:00+00:00, run_after=2026-06-01 00:00:00+00:00
[2026-05-31T19:59:21.019+0000] {processor.py:183} INFO - Processing /opt/airflow/dags/retailco_dag.py took 0.297 seconds
[2026-05-31T19:59:51.490+0000] {processor.py:161} INFO - Started process (PID=3761) to work on /opt/airflow/dags/retailco_dag.py
[2026-05-31T19:59:51.495+0000] {processor.py:830} INFO - Processing file /opt/airflow/dags/retailco_dag.py for tasks to queue
[2026-05-31T19:59:51.503+0000] {logging_mixin.py:188} INFO - [2026-05-31T19:59:51.502+0000] {dagbag.py:545} INFO - Filling up the DagBag from /opt/airflow/dags/retailco_dag.py
[2026-05-31T19:59:51.592+0000] {processor.py:840} INFO - DAG(s) 'retailco_master_pipeline' retrieved from /opt/airflow/dags/retailco_dag.py
[2026-05-31T19:59:51.677+0000] {logging_mixin.py:188} INFO - [2026-05-31T19:59:51.676+0000] {dag.py:3096} INFO - Sync 1 DAGs
[2026-05-31T19:59:51.742+0000] {logging_mixin.py:188} INFO - [2026-05-31T19:59:51.740+0000] {dag.py:3954} INFO - Setting next_dagrun for retailco_master_pipeline to 2026-05-31 00:00:00+00:00, run_after=2026-06-01 00:00:00+00:00
[2026-05-31T19:59:51.815+0000] {processor.py:183} INFO - Processing /opt/airflow/dags/retailco_dag.py took 0.349 seconds
[2026-05-31T20:00:22.138+0000] {processor.py:161} INFO - Started process (PID=3766) to work on /opt/airflow/dags/retailco_dag.py
[2026-05-31T20:00:22.141+0000] {processor.py:830} INFO - Processing file /opt/airflow/dags/retailco_dag.py for tasks to queue
[2026-05-31T20:00:22.148+0000] {logging_mixin.py:188} INFO - [2026-05-31T20:00:22.146+0000] {dagbag.py:545} INFO - Filling up the DagBag from /opt/airflow/dags/retailco_dag.py
[2026-05-31T20:00:22.220+0000] {processor.py:840} INFO - DAG(s) 'retailco_master_pipeline' retrieved from /opt/airflow/dags/retailco_dag.py
[2026-05-31T20:00:22.276+0000] {logging_mixin.py:188} INFO - [2026-05-31T20:00:22.276+0000] {dag.py:3096} INFO - Sync 1 DAGs
[2026-05-31T20:00:22.332+0000] {logging_mixin.py:188} INFO - [2026-05-31T20:00:22.331+0000] {dag.py:3954} INFO - Setting next_dagrun for retailco_master_pipeline to 2026-05-31 00:00:00+00:00, run_after=2026-06-01 00:00:00+00:00
[2026-05-31T20:00:22.388+0000] {processor.py:183} INFO - Processing /opt/airflow/dags/retailco_dag.py took 0.280 seconds
[2026-05-31T20:00:53.014+0000] {processor.py:161} INFO - Started process (PID=3771) to work on /opt/airflow/dags/retailco_dag.py
[2026-05-31T20:00:53.017+0000] {processor.py:830} INFO - Processing file /opt/airflow/dags/retailco_dag.py for tasks to queue
[2026-05-31T20:00:53.021+0000] {logging_mixin.py:188} INFO - [2026-05-31T20:00:53.020+0000] {dagbag.py:545} INFO - Filling up the DagBag from /opt/airflow/dags/retailco_dag.py
[2026-05-31T20:00:53.078+0000] {processor.py:840} INFO - DAG(s) 'retailco_master_pipeline' retrieved from /opt/airflow/dags/retailco_dag.py
[2026-05-31T20:00:53.153+0000] {logging_mixin.py:188} INFO - [2026-05-31T20:00:53.153+0000] {dag.py:3096} INFO - Sync 1 DAGs
[2026-05-31T20:00:53.212+0000] {logging_mixin.py:188} INFO - [2026-05-31T20:00:53.212+0000] {dag.py:3954} INFO - Setting next_dagrun for retailco_master_pipeline to 2026-05-31 00:00:00+00:00, run_after=2026-06-01 00:00:00+00:00
[2026-05-31T20:00:53.267+0000] {processor.py:183} INFO - Processing /opt/airflow/dags/retailco_dag.py took 0.267 seconds
[2026-05-31T20:01:23.620+0000] {processor.py:161} INFO - Started process (PID=3776) to work on /opt/airflow/dags/retailco_dag.py
[2026-05-31T20:01:23.623+0000] {processor.py:830} INFO - Processing file /opt/airflow/dags/retailco_dag.py for tasks to queue
[2026-05-31T20:01:23.627+0000] {logging_mixin.py:188} INFO - [2026-05-31T20:01:23.626+0000] {dagbag.py:545} INFO - Filling up the DagBag from /opt/airflow/dags/retailco_dag.py
[2026-05-31T20:01:23.710+0000] {processor.py:840} INFO - DAG(s) 'retailco_master_pipeline' retrieved from /opt/airflow/dags/retailco_dag.py
[2026-05-31T20:01:23.781+0000] {logging_mixin.py:188} INFO - [2026-05-31T20:01:23.780+0000] {dag.py:3096} INFO - Sync 1 DAGs
[2026-05-31T20:01:23.822+0000] {logging_mixin.py:188} INFO - [2026-05-31T20:01:23.821+0000] {dag.py:3954} INFO - Setting next_dagrun for retailco_master_pipeline to 2026-05-31 00:00:00+00:00, run_after=2026-06-01 00:00:00+00:00
[2026-05-31T20:01:23.867+0000] {processor.py:183} INFO - Processing /opt/airflow/dags/retailco_dag.py took 0.259 seconds
[2026-05-31T20:01:54.313+0000] {processor.py:161} INFO - Started process (PID=3781) to work on /opt/airflow/dags/retailco_dag.py
[2026-05-31T20:01:54.316+0000] {processor.py:830} INFO - Processing file /opt/airflow/dags/retailco_dag.py for tasks to queue
[2026-05-31T20:01:54.319+0000] {logging_mixin.py:188} INFO - [2026-05-31T20:01:54.319+0000] {dagbag.py:545} INFO - Filling up the DagBag from /opt/airflow/dags/retailco_dag.py
[2026-05-31T20:01:54.370+0000] {processor.py:840} INFO - DAG(s) 'retailco_master_pipeline' retrieved from /opt/airflow/dags/retailco_dag.py
[2026-05-31T20:01:54.430+0000] {logging_mixin.py:188} INFO - [2026-05-31T20:01:54.430+0000] {dag.py:3096} INFO - Sync 1 DAGs
[2026-05-31T20:01:54.476+0000] {logging_mixin.py:188} INFO - [2026-05-31T20:01:54.476+0000] {dag.py:3954} INFO - Setting next_dagrun for retailco_master_pipeline to 2026-05-31 00:00:00+00:00, run_after=2026-06-01 00:00:00+00:00
[2026-05-31T20:01:54.521+0000] {processor.py:183} INFO - Processing /opt/airflow/dags/retailco_dag.py took 0.220 seconds
[2026-05-31T20:02:24.845+0000] {processor.py:161} INFO - Started process (PID=3786) to work on /opt/airflow/dags/retailco_dag.py
[2026-05-31T20:02:24.848+0000] {processor.py:830} INFO - Processing file /opt/airflow/dags/retailco_dag.py for tasks to queue
[2026-05-31T20:02:24.856+0000] {logging_mixin.py:188} INFO - [2026-05-31T20:02:24.855+0000] {dagbag.py:545} INFO - Filling up the DagBag from /opt/airflow/dags/retailco_dag.py
[2026-05-31T20:02:24.934+0000] {processor.py:840} INFO - DAG(s) 'retailco_master_pipeline' retrieved from /opt/airflow/dags/retailco_dag.py
[2026-05-31T20:02:24.997+0000] {logging_mixin.py:188} INFO - [2026-05-31T20:02:24.997+0000] {dag.py:3096} INFO - Sync 1 DAGs
[2026-05-31T20:02:25.052+0000] {logging_mixin.py:188} INFO - [2026-05-31T20:02:25.051+0000] {dag.py:3954} INFO - Setting next_dagrun for retailco_master_pipeline to 2026-05-31 00:00:00+00:00, run_after=2026-06-01 00:00:00+00:00
[2026-05-31T20:02:25.105+0000] {processor.py:183} INFO - Processing /opt/airflow/dags/retailco_dag.py took 0.284 seconds
[2026-05-31T20:02:55.589+0000] {processor.py:161} INFO - Started process (PID=3791) to work on /opt/airflow/dags/retailco_dag.py
[2026-05-31T20:02:55.591+0000] {processor.py:830} INFO - Processing file /opt/airflow/dags/retailco_dag.py for tasks to queue
[2026-05-31T20:02:55.596+0000] {logging_mixin.py:188} INFO - [2026-05-31T20:02:55.595+0000] {dagbag.py:545} INFO - Filling up the DagBag from /opt/airflow/dags/retailco_dag.py
[2026-05-31T20:02:55.662+0000] {processor.py:840} INFO - DAG(s) 'retailco_master_pipeline' retrieved from /opt/airflow/dags/retailco_dag.py
[2026-05-31T20:02:55.736+0000] {logging_mixin.py:188} INFO - [2026-05-31T20:02:55.736+0000] {dag.py:3096} INFO - Sync 1 DAGs
[2026-05-31T20:02:55.799+0000] {logging_mixin.py:188} INFO - [2026-05-31T20:02:55.797+0000] {dag.py:3954} INFO - Setting next_dagrun for retailco_master_pipeline to 2026-05-31 00:00:00+00:00, run_after=2026-06-01 00:00:00+00:00
[2026-05-31T20:02:55.881+0000] {processor.py:183} INFO - Processing /opt/airflow/dags/retailco_dag.py took 0.305 seconds
[2026-05-31T20:03:26.048+0000] {processor.py:161} INFO - Started process (PID=3796) to work on /opt/airflow/dags/retailco_dag.py
[2026-05-31T20:03:26.050+0000] {processor.py:830} INFO - Processing file /opt/airflow/dags/retailco_dag.py for tasks to queue
[2026-05-31T20:03:26.054+0000] {logging_mixin.py:188} INFO - [2026-05-31T20:03:26.054+0000] {dagbag.py:545} INFO - Filling up the DagBag from /opt/airflow/dags/retailco_dag.py
[2026-05-31T20:03:26.136+0000] {processor.py:840} INFO - DAG(s) 'retailco_master_pipeline' retrieved from /opt/airflow/dags/retailco_dag.py
[2026-05-31T20:03:26.226+0000] {logging_mixin.py:188} INFO - [2026-05-31T20:03:26.225+0000] {dag.py:3096} INFO - Sync 1 DAGs
[2026-05-31T20:03:26.297+0000] {logging_mixin.py:188} INFO - [2026-05-31T20:03:26.296+0000] {dag.py:3954} INFO - Setting next_dagrun for retailco_master_pipeline to 2026-05-31 00:00:00+00:00, run_after=2026-06-01 00:00:00+00:00
[2026-05-31T20:03:26.362+0000] {processor.py:183} INFO - Processing /opt/airflow/dags/retailco_dag.py took 0.329 seconds
[2026-05-31T20:03:56.787+0000] {processor.py:161} INFO - Started process (PID=3801) to work on /opt/airflow/dags/retailco_dag.py
[2026-05-31T20:03:56.789+0000] {processor.py:830} INFO - Processing file /opt/airflow/dags/retailco_dag.py for tasks to queue
[2026-05-31T20:03:56.794+0000] {logging_mixin.py:188} INFO - [2026-05-31T20:03:56.793+0000] {dagbag.py:545} INFO - Filling up the DagBag from /opt/airflow/dags/retailco_dag.py
[2026-05-31T20:03:56.858+0000] {processor.py:840} INFO - DAG(s) 'retailco_master_pipeline' retrieved from /opt/airflow/dags/retailco_dag.py
[2026-05-31T20:03:56.924+0000] {logging_mixin.py:188} INFO - [2026-05-31T20:03:56.923+0000] {dag.py:3096} INFO - Sync 1 DAGs
[2026-05-31T20:03:56.988+0000] {logging_mixin.py:188} INFO - [2026-05-31T20:03:56.987+0000] {dag.py:3954} INFO - Setting next_dagrun for retailco_master_pipeline to 2026-05-31 00:00:00+00:00, run_after=2026-06-01 00:00:00+00:00
[2026-05-31T20:03:57.030+0000] {processor.py:183} INFO - Processing /opt/airflow/dags/retailco_dag.py took 0.258 seconds
[2026-05-31T20:04:27.271+0000] {processor.py:161} INFO - Started process (PID=3806) to work on /opt/airflow/dags/retailco_dag.py
[2026-05-31T20:04:27.275+0000] {processor.py:830} INFO - Processing file /opt/airflow/dags/retailco_dag.py for tasks to queue
[2026-05-31T20:04:27.282+0000] {logging_mixin.py:188} INFO - [2026-05-31T20:04:27.281+0000] {dagbag.py:545} INFO - Filling up the DagBag from /opt/airflow/dags/retailco_dag.py
[2026-05-31T20:04:27.366+0000] {processor.py:840} INFO - DAG(s) 'retailco_master_pipeline' retrieved from /opt/airflow/dags/retailco_dag.py
[2026-05-31T20:04:27.455+0000] {logging_mixin.py:188} INFO - [2026-05-31T20:04:27.454+0000] {dag.py:3096} INFO - Sync 1 DAGs
[2026-05-31T20:04:27.504+0000] {logging_mixin.py:188} INFO - [2026-05-31T20:04:27.503+0000] {dag.py:3954} INFO - Setting next_dagrun for retailco_master_pipeline to 2026-05-31 00:00:00+00:00, run_after=2026-06-01 00:00:00+00:00
[2026-05-31T20:04:27.564+0000] {processor.py:183} INFO - Processing /opt/airflow/dags/retailco_dag.py took 0.318 seconds
[2026-05-31T20:04:57.923+0000] {processor.py:161} INFO - Started process (PID=3811) to work on /opt/airflow/dags/retailco_dag.py
[2026-05-31T20:04:57.925+0000] {processor.py:830} INFO - Processing file /opt/airflow/dags/retailco_dag.py for tasks to queue
[2026-05-31T20:04:57.929+0000] {logging_mixin.py:188} INFO - [2026-05-31T20:04:57.929+0000] {dagbag.py:545} INFO - Filling up the DagBag from /opt/airflow/dags/retailco_dag.py
[2026-05-31T20:04:57.991+0000] {processor.py:840} INFO - DAG(s) 'retailco_master_pipeline' retrieved from /opt/airflow/dags/retailco_dag.py
[2026-05-31T20:04:58.051+0000] {logging_mixin.py:188} INFO - [2026-05-31T20:04:58.050+0000] {dag.py:3096} INFO - Sync 1 DAGs
[2026-05-31T20:04:58.110+0000] {logging_mixin.py:188} INFO - [2026-05-31T20:04:58.110+0000] {dag.py:3954} INFO - Setting next_dagrun for retailco_master_pipeline to 2026-05-31 00:00:00+00:00, run_after=2026-06-01 00:00:00+00:00
[2026-05-31T20:04:58.179+0000] {processor.py:183} INFO - Processing /opt/airflow/dags/retailco_dag.py took 0.272 seconds
[2026-05-31T20:05:28.599+0000] {processor.py:161} INFO - Started process (PID=3816) to work on /opt/airflow/dags/retailco_dag.py
[2026-05-31T20:05:28.602+0000] {processor.py:830} INFO - Processing file /opt/airflow/dags/retailco_dag.py for tasks to queue
[2026-05-31T20:05:28.606+0000] {logging_mixin.py:188} INFO - [2026-05-31T20:05:28.605+0000] {dagbag.py:545} INFO - Filling up the DagBag from /opt/airflow/dags/retailco_dag.py
[2026-05-31T20:05:28.703+0000] {processor.py:840} INFO - DAG(s) 'retailco_master_pipeline' retrieved from /opt/airflow/dags/retailco_dag.py
[2026-05-31T20:05:28.783+0000] {logging_mixin.py:188} INFO - [2026-05-31T20:05:28.782+0000] {dag.py:3096} INFO - Sync 1 DAGs
[2026-05-31T20:05:28.844+0000] {logging_mixin.py:188} INFO - [2026-05-31T20:05:28.843+0000] {dag.py:3954} INFO - Setting next_dagrun for retailco_master_pipeline to 2026-05-31 00:00:00+00:00, run_after=2026-06-01 00:00:00+00:00
[2026-05-31T20:05:28.889+0000] {processor.py:183} INFO - Processing /opt/airflow/dags/retailco_dag.py took 0.304 seconds
[2026-05-31T20:05:59.087+0000] {processor.py:161} INFO - Started process (PID=3821) to work on /opt/airflow/dags/retailco_dag.py
[2026-05-31T20:05:59.093+0000] {processor.py:830} INFO - Processing file /opt/airflow/dags/retailco_dag.py for tasks to queue
[2026-05-31T20:05:59.096+0000] {logging_mixin.py:188} INFO - [2026-05-31T20:05:59.096+0000] {dagbag.py:545} INFO - Filling up the DagBag from /opt/airflow/dags/retailco_dag.py
[2026-05-31T20:05:59.172+0000] {processor.py:840} INFO - DAG(s) 'retailco_master_pipeline' retrieved from /opt/airflow/dags/retailco_dag.py
[2026-05-31T20:05:59.235+0000] {logging_mixin.py:188} INFO - [2026-05-31T20:05:59.234+0000] {dag.py:3096} INFO - Sync 1 DAGs
[2026-05-31T20:05:59.284+0000] {logging_mixin.py:188} INFO - [2026-05-31T20:05:59.283+0000] {dag.py:3954} INFO - Setting next_dagrun for retailco_master_pipeline to 2026-05-31 00:00:00+00:00, run_after=2026-06-01 00:00:00+00:00
[2026-05-31T20:05:59.337+0000] {processor.py:183} INFO - Processing /opt/airflow/dags/retailco_dag.py took 0.264 seconds
[2026-05-31T20:06:29.843+0000] {processor.py:161} INFO - Started process (PID=3826) to work on /opt/airflow/dags/retailco_dag.py
[2026-05-31T20:06:29.845+0000] {processor.py:830} INFO - Processing file /opt/airflow/dags/retailco_dag.py for tasks to queue
[2026-05-31T20:06:29.848+0000] {logging_mixin.py:188} INFO - [2026-05-31T20:06:29.848+0000] {dagbag.py:545} INFO - Filling up the DagBag from /opt/airflow/dags/retailco_dag.py
[2026-05-31T20:06:29.903+0000] {processor.py:840} INFO - DAG(s) 'retailco_master_pipeline' retrieved from /opt/airflow/dags/retailco_dag.py
[2026-05-31T20:06:30.007+0000] {logging_mixin.py:188} INFO - [2026-05-31T20:06:30.007+0000] {dag.py:3096} INFO - Sync 1 DAGs
[2026-05-31T20:06:30.073+0000] {logging_mixin.py:188} INFO - [2026-05-31T20:06:30.073+0000] {dag.py:3954} INFO - Setting next_dagrun for retailco_master_pipeline to 2026-05-31 00:00:00+00:00, run_after=2026-06-01 00:00:00+00:00
[2026-05-31T20:06:30.117+0000] {processor.py:183} INFO - Processing /opt/airflow/dags/retailco_dag.py took 0.285 seconds
[2026-05-31T20:07:00.505+0000] {processor.py:161} INFO - Started process (PID=3831) to work on /opt/airflow/dags/retailco_dag.py
[2026-05-31T20:07:00.511+0000] {processor.py:830} INFO - Processing file /opt/airflow/dags/retailco_dag.py for tasks to queue
[2026-05-31T20:07:00.516+0000] {logging_mixin.py:188} INFO - [2026-05-31T20:07:00.515+0000] {dagbag.py:545} INFO - Filling up the DagBag from /opt/airflow/dags/retailco_dag.py
[2026-05-31T20:07:00.602+0000] {processor.py:840} INFO - DAG(s) 'retailco_master_pipeline' retrieved from /opt/airflow/dags/retailco_dag.py
[2026-05-31T20:07:00.682+0000] {logging_mixin.py:188} INFO - [2026-05-31T20:07:00.682+0000] {dag.py:3096} INFO - Sync 1 DAGs
[2026-05-31T20:07:00.747+0000] {logging_mixin.py:188} INFO - [2026-05-31T20:07:00.747+0000] {dag.py:3954} INFO - Setting next_dagrun for retailco_master_pipeline to 2026-05-31 00:00:00+00:00, run_after=2026-06-01 00:00:00+00:00
[2026-05-31T20:07:00.811+0000] {processor.py:183} INFO - Processing /opt/airflow/dags/retailco_dag.py took 0.326 seconds
[2026-05-31T20:07:31.425+0000] {processor.py:161} INFO - Started process (PID=3836) to work on /opt/airflow/dags/retailco_dag.py
[2026-05-31T20:07:31.427+0000] {processor.py:830} INFO - Processing file /opt/airflow/dags/retailco_dag.py for tasks to queue
[2026-05-31T20:07:31.433+0000] {logging_mixin.py:188} INFO - [2026-05-31T20:07:31.432+0000] {dagbag.py:545} INFO - Filling up the DagBag from /opt/airflow/dags/retailco_dag.py
[2026-05-31T20:07:31.504+0000] {processor.py:840} INFO - DAG(s) 'retailco_master_pipeline' retrieved from /opt/airflow/dags/retailco_dag.py
[2026-05-31T20:07:31.571+0000] {logging_mixin.py:188} INFO - [2026-05-31T20:07:31.571+0000] {dag.py:3096} INFO - Sync 1 DAGs
[2026-05-31T20:07:31.618+0000] {logging_mixin.py:188} INFO - [2026-05-31T20:07:31.617+0000] {dag.py:3954} INFO - Setting next_dagrun for retailco_master_pipeline to 2026-05-31 00:00:00+00:00, run_after=2026-06-01 00:00:00+00:00
[2026-05-31T20:07:31.704+0000] {processor.py:183} INFO - Processing /opt/airflow/dags/retailco_dag.py took 0.294 seconds
[2026-05-31T20:08:01.836+0000] {processor.py:161} INFO - Started process (PID=3841) to work on /opt/airflow/dags/retailco_dag.py
[2026-05-31T20:08:01.839+0000] {processor.py:830} INFO - Processing file /opt/airflow/dags/retailco_dag.py for tasks to queue
[2026-05-31T20:08:01.844+0000] {logging_mixin.py:188} INFO - [2026-05-31T20:08:01.843+0000] {dagbag.py:545} INFO - Filling up the DagBag from /opt/airflow/dags/retailco_dag.py
[2026-05-31T20:08:01.917+0000] {processor.py:840} INFO - DAG(s) 'retailco_master_pipeline' retrieved from /opt/airflow/dags/retailco_dag.py
[2026-05-31T20:08:01.987+0000] {logging_mixin.py:188} INFO - [2026-05-31T20:08:01.986+0000] {dag.py:3096} INFO - Sync 1 DAGs
[2026-05-31T20:08:02.037+0000] {logging_mixin.py:188} INFO - [2026-05-31T20:08:02.036+0000] {dag.py:3954} INFO - Setting next_dagrun for retailco_master_pipeline to 2026-05-31 00:00:00+00:00, run_after=2026-06-01 00:00:00+00:00
[2026-05-31T20:08:02.078+0000] {processor.py:183} INFO - Processing /opt/airflow/dags/retailco_dag.py took 0.257 seconds
[2026-05-31T20:08:32.224+0000] {processor.py:161} INFO - Started process (PID=3846) to work on /opt/airflow/dags/retailco_dag.py
[2026-05-31T20:08:32.226+0000] {processor.py:830} INFO - Processing file /opt/airflow/dags/retailco_dag.py for tasks to queue
[2026-05-31T20:08:32.232+0000] {logging_mixin.py:188} INFO - [2026-05-31T20:08:32.230+0000] {dagbag.py:545} INFO - Filling up the DagBag from /opt/airflow/dags/retailco_dag.py
[2026-05-31T20:08:32.326+0000] {processor.py:840} INFO - DAG(s) 'retailco_master_pipeline' retrieved from /opt/airflow/dags/retailco_dag.py
[2026-05-31T20:08:32.449+0000] {logging_mixin.py:188} INFO - [2026-05-31T20:08:32.448+0000] {dag.py:3096} INFO - Sync 1 DAGs
[2026-05-31T20:08:32.527+0000] {logging_mixin.py:188} INFO - [2026-05-31T20:08:32.527+0000] {dag.py:3954} INFO - Setting next_dagrun for retailco_master_pipeline to 2026-05-31 00:00:00+00:00, run_after=2026-06-01 00:00:00+00:00
[2026-05-31T20:08:32.587+0000] {processor.py:183} INFO - Processing /opt/airflow/dags/retailco_dag.py took 0.376 seconds
[2026-05-31T20:09:03.067+0000] {processor.py:161} INFO - Started process (PID=3851) to work on /opt/airflow/dags/retailco_dag.py
[2026-05-31T20:09:03.071+0000] {processor.py:830} INFO - Processing file /opt/airflow/dags/retailco_dag.py for tasks to queue
[2026-05-31T20:09:03.081+0000] {logging_mixin.py:188} INFO - [2026-05-31T20:09:03.079+0000] {dagbag.py:545} INFO - Filling up the DagBag from /opt/airflow/dags/retailco_dag.py
[2026-05-31T20:09:03.202+0000] {processor.py:840} INFO - DAG(s) 'retailco_master_pipeline' retrieved from /opt/airflow/dags/retailco_dag.py
[2026-05-31T20:09:03.282+0000] {logging_mixin.py:188} INFO - [2026-05-31T20:09:03.282+0000] {dag.py:3096} INFO - Sync 1 DAGs
[2026-05-31T20:09:03.335+0000] {logging_mixin.py:188} INFO - [2026-05-31T20:09:03.335+0000] {dag.py:3954} INFO - Setting next_dagrun for retailco_master_pipeline to 2026-05-31 00:00:00+00:00, run_after=2026-06-01 00:00:00+00:00
[2026-05-31T20:09:03.379+0000] {processor.py:183} INFO - Processing /opt/airflow/dags/retailco_dag.py took 0.342 seconds
[2026-05-31T20:09:33.596+0000] {processor.py:161} INFO - Started process (PID=3856) to work on /opt/airflow/dags/retailco_dag.py
[2026-05-31T20:09:33.599+0000] {processor.py:830} INFO - Processing file /opt/airflow/dags/retailco_dag.py for tasks to queue
[2026-05-31T20:09:33.608+0000] {logging_mixin.py:188} INFO - [2026-05-31T20:09:33.607+0000] {dagbag.py:545} INFO - Filling up the DagBag from /opt/airflow/dags/retailco_dag.py
[2026-05-31T20:09:33.682+0000] {processor.py:840} INFO - DAG(s) 'retailco_master_pipeline' retrieved from /opt/airflow/dags/retailco_dag.py
[2026-05-31T20:09:33.757+0000] {logging_mixin.py:188} INFO - [2026-05-31T20:09:33.757+0000] {dag.py:3096} INFO - Sync 1 DAGs
[2026-05-31T20:09:33.801+0000] {logging_mixin.py:188} INFO - [2026-05-31T20:09:33.800+0000] {dag.py:3954} INFO - Setting next_dagrun for retailco_master_pipeline to 2026-05-31 00:00:00+00:00, run_after=2026-06-01 00:00:00+00:00
[2026-05-31T20:09:33.852+0000] {processor.py:183} INFO - Processing /opt/airflow/dags/retailco_dag.py took 0.274 seconds
[2026-05-31T20:10:04.058+0000] {processor.py:161} INFO - Started process (PID=3861) to work on /opt/airflow/dags/retailco_dag.py
[2026-05-31T20:10:04.061+0000] {processor.py:830} INFO - Processing file /opt/airflow/dags/retailco_dag.py for tasks to queue
[2026-05-31T20:10:04.065+0000] {logging_mixin.py:188} INFO - [2026-05-31T20:10:04.065+0000] {dagbag.py:545} INFO - Filling up the DagBag from /opt/airflow/dags/retailco_dag.py
[2026-05-31T20:10:04.139+0000] {processor.py:840} INFO - DAG(s) 'retailco_master_pipeline' retrieved from /opt/airflow/dags/retailco_dag.py
[2026-05-31T20:10:04.200+0000] {logging_mixin.py:188} INFO - [2026-05-31T20:10:04.199+0000] {dag.py:3096} INFO - Sync 1 DAGs
[2026-05-31T20:10:04.242+0000] {logging_mixin.py:188} INFO - [2026-05-31T20:10:04.242+0000] {dag.py:3954} INFO - Setting next_dagrun for retailco_master_pipeline to 2026-05-31 00:00:00+00:00, run_after=2026-06-01 00:00:00+00:00
[2026-05-31T20:10:04.302+0000] {processor.py:183} INFO - Processing /opt/airflow/dags/retailco_dag.py took 0.260 seconds
[2026-05-31T20:10:34.932+0000] {processor.py:161} INFO - Started process (PID=3866) to work on /opt/airflow/dags/retailco_dag.py
[2026-05-31T20:10:34.935+0000] {processor.py:830} INFO - Processing file /opt/airflow/dags/retailco_dag.py for tasks to queue
[2026-05-31T20:10:34.940+0000] {logging_mixin.py:188} INFO - [2026-05-31T20:10:34.938+0000] {dagbag.py:545} INFO - Filling up the DagBag from /opt/airflow/dags/retailco_dag.py
[2026-05-31T20:10:34.993+0000] {processor.py:840} INFO - DAG(s) 'retailco_master_pipeline' retrieved from /opt/airflow/dags/retailco_dag.py
[2026-05-31T20:10:35.059+0000] {logging_mixin.py:188} INFO - [2026-05-31T20:10:35.059+0000] {dag.py:3096} INFO - Sync 1 DAGs
[2026-05-31T20:10:35.104+0000] {logging_mixin.py:188} INFO - [2026-05-31T20:10:35.104+0000] {dag.py:3954} INFO - Setting next_dagrun for retailco_master_pipeline to 2026-05-31 00:00:00+00:00, run_after=2026-06-01 00:00:00+00:00
[2026-05-31T20:10:35.161+0000] {processor.py:183} INFO - Processing /opt/airflow/dags/retailco_dag.py took 0.243 seconds
[2026-05-31T20:11:05.647+0000] {processor.py:161} INFO - Started process (PID=3871) to work on /opt/airflow/dags/retailco_dag.py
[2026-05-31T20:11:05.652+0000] {processor.py:830} INFO - Processing file /opt/airflow/dags/retailco_dag.py for tasks to queue
[2026-05-31T20:11:05.664+0000] {logging_mixin.py:188} INFO - [2026-05-31T20:11:05.662+0000] {dagbag.py:545} INFO - Filling up the DagBag from /opt/airflow/dags/retailco_dag.py
[2026-05-31T20:11:05.793+0000] {processor.py:840} INFO - DAG(s) 'retailco_master_pipeline' retrieved from /opt/airflow/dags/retailco_dag.py
[2026-05-31T20:11:05.964+0000] {logging_mixin.py:188} INFO - [2026-05-31T20:11:05.964+0000] {dag.py:3096} INFO - Sync 1 DAGs
[2026-05-31T20:11:06.016+0000] {logging_mixin.py:188} INFO - [2026-05-31T20:11:06.015+0000] {dag.py:3954} INFO - Setting next_dagrun for retailco_master_pipeline to 2026-05-31 00:00:00+00:00, run_after=2026-06-01 00:00:00+00:00
[2026-05-31T20:11:06.056+0000] {processor.py:183} INFO - Processing /opt/airflow/dags/retailco_dag.py took 0.443 seconds
[2026-05-31T20:11:36.606+0000] {processor.py:161} INFO - Started process (PID=3876) to work on /opt/airflow/dags/retailco_dag.py
[2026-05-31T20:11:36.609+0000] {processor.py:830} INFO - Processing file /opt/airflow/dags/retailco_dag.py for tasks to queue
[2026-05-31T20:11:36.616+0000] {logging_mixin.py:188} INFO - [2026-05-31T20:11:36.615+0000] {dagbag.py:545} INFO - Filling up the DagBag from /opt/airflow/dags/retailco_dag.py
[2026-05-31T20:11:36.706+0000] {processor.py:840} INFO - DAG(s) 'retailco_master_pipeline' retrieved from /opt/airflow/dags/retailco_dag.py
[2026-05-31T20:11:36.793+0000] {logging_mixin.py:188} INFO - [2026-05-31T20:11:36.793+0000] {dag.py:3096} INFO - Sync 1 DAGs
[2026-05-31T20:11:36.862+0000] {logging_mixin.py:188} INFO - [2026-05-31T20:11:36.861+0000] {dag.py:3954} INFO - Setting next_dagrun for retailco_master_pipeline to 2026-05-31 00:00:00+00:00, run_after=2026-06-01 00:00:00+00:00
[2026-05-31T20:11:36.923+0000] {processor.py:183} INFO - Processing /opt/airflow/dags/retailco_dag.py took 0.336 seconds
[2026-05-31T20:12:07.377+0000] {processor.py:161} INFO - Started process (PID=3881) to work on /opt/airflow/dags/retailco_dag.py
[2026-05-31T20:12:07.379+0000] {processor.py:830} INFO - Processing file /opt/airflow/dags/retailco_dag.py for tasks to queue
[2026-05-31T20:12:07.383+0000] {logging_mixin.py:188} INFO - [2026-05-31T20:12:07.383+0000] {dagbag.py:545} INFO - Filling up the DagBag from /opt/airflow/dags/retailco_dag.py
[2026-05-31T20:12:07.452+0000] {processor.py:840} INFO - DAG(s) 'retailco_master_pipeline' retrieved from /opt/airflow/dags/retailco_dag.py
[2026-05-31T20:12:07.522+0000] {logging_mixin.py:188} INFO - [2026-05-31T20:12:07.522+0000] {dag.py:3096} INFO - Sync 1 DAGs
[2026-05-31T20:12:07.568+0000] {logging_mixin.py:188} INFO - [2026-05-31T20:12:07.568+0000] {dag.py:3954} INFO - Setting next_dagrun for retailco_master_pipeline to 2026-05-31 00:00:00+00:00, run_after=2026-06-01 00:00:00+00:00
[2026-05-31T20:12:07.614+0000] {processor.py:183} INFO - Processing /opt/airflow/dags/retailco_dag.py took 0.254 seconds
[2026-05-31T20:12:37.877+0000] {processor.py:161} INFO - Started process (PID=3886) to work on /opt/airflow/dags/retailco_dag.py
[2026-05-31T20:12:37.879+0000] {processor.py:830} INFO - Processing file /opt/airflow/dags/retailco_dag.py for tasks to queue
[2026-05-31T20:12:37.883+0000] {logging_mixin.py:188} INFO - [2026-05-31T20:12:37.883+0000] {dagbag.py:545} INFO - Filling up the DagBag from /opt/airflow/dags/retailco_dag.py
[2026-05-31T20:12:37.959+0000] {processor.py:840} INFO - DAG(s) 'retailco_master_pipeline' retrieved from /opt/airflow/dags/retailco_dag.py
[2026-05-31T20:12:38.026+0000] {logging_mixin.py:188} INFO - [2026-05-31T20:12:38.026+0000] {dag.py:3096} INFO - Sync 1 DAGs
[2026-05-31T20:12:38.071+0000] {logging_mixin.py:188} INFO - [2026-05-31T20:12:38.071+0000] {dag.py:3954} INFO - Setting next_dagrun for retailco_master_pipeline to 2026-05-31 00:00:00+00:00, run_after=2026-06-01 00:00:00+00:00
[2026-05-31T20:12:38.122+0000] {processor.py:183} INFO - Processing /opt/airflow/dags/retailco_dag.py took 0.263 seconds
[2026-05-31T20:13:08.572+0000] {processor.py:161} INFO - Started process (PID=3891) to work on /opt/airflow/dags/retailco_dag.py
[2026-05-31T20:13:08.575+0000] {processor.py:830} INFO - Processing file /opt/airflow/dags/retailco_dag.py for tasks to queue
[2026-05-31T20:13:08.582+0000] {logging_mixin.py:188} INFO - [2026-05-31T20:13:08.581+0000] {dagbag.py:545} INFO - Filling up the DagBag from /opt/airflow/dags/retailco_dag.py
[2026-05-31T20:13:08.664+0000] {processor.py:840} INFO - DAG(s) 'retailco_master_pipeline' retrieved from /opt/airflow/dags/retailco_dag.py
[2026-05-31T20:13:08.750+0000] {logging_mixin.py:188} INFO - [2026-05-31T20:13:08.750+0000] {dag.py:3096} INFO - Sync 1 DAGs
[2026-05-31T20:13:08.810+0000] {logging_mixin.py:188} INFO - [2026-05-31T20:13:08.810+0000] {dag.py:3954} INFO - Setting next_dagrun for retailco_master_pipeline to 2026-05-31 00:00:00+00:00, run_after=2026-06-01 00:00:00+00:00
[2026-05-31T20:13:08.867+0000] {processor.py:183} INFO - Processing /opt/airflow/dags/retailco_dag.py took 0.310 seconds
[2026-05-31T20:13:39.216+0000] {processor.py:161} INFO - Started process (PID=3897) to work on /opt/airflow/dags/retailco_dag.py
[2026-05-31T20:13:39.220+0000] {processor.py:830} INFO - Processing file /opt/airflow/dags/retailco_dag.py for tasks to queue
[2026-05-31T20:13:39.228+0000] {logging_mixin.py:188} INFO - [2026-05-31T20:13:39.227+0000] {dagbag.py:545} INFO - Filling up the DagBag from /opt/airflow/dags/retailco_dag.py
[2026-05-31T20:13:39.308+0000] {processor.py:840} INFO - DAG(s) 'retailco_master_pipeline' retrieved from /opt/airflow/dags/retailco_dag.py
[2026-05-31T20:13:39.380+0000] {logging_mixin.py:188} INFO - [2026-05-31T20:13:39.380+0000] {dag.py:3096} INFO - Sync 1 DAGs
[2026-05-31T20:13:39.429+0000] {logging_mixin.py:188} INFO - [2026-05-31T20:13:39.428+0000] {dag.py:3954} INFO - Setting next_dagrun for retailco_master_pipeline to 2026-05-31 00:00:00+00:00, run_after=2026-06-01 00:00:00+00:00
[2026-05-31T20:13:39.479+0000] {processor.py:183} INFO - Processing /opt/airflow/dags/retailco_dag.py took 0.282 seconds
[2026-05-31T20:14:09.899+0000] {processor.py:161} INFO - Started process (PID=3907) to work on /opt/airflow/dags/retailco_dag.py
[2026-05-31T20:14:09.902+0000] {processor.py:830} INFO - Processing file /opt/airflow/dags/retailco_dag.py for tasks to queue
[2026-05-31T20:14:09.908+0000] {logging_mixin.py:188} INFO - [2026-05-31T20:14:09.907+0000] {dagbag.py:545} INFO - Filling up the DagBag from /opt/airflow/dags/retailco_dag.py
[2026-05-31T20:14:09.987+0000] {processor.py:840} INFO - DAG(s) 'retailco_master_pipeline' retrieved from /opt/airflow/dags/retailco_dag.py
[2026-05-31T20:14:10.060+0000] {logging_mixin.py:188} INFO - [2026-05-31T20:14:10.059+0000] {dag.py:3096} INFO - Sync 1 DAGs
[2026-05-31T20:14:10.236+0000] {logging_mixin.py:188} INFO - [2026-05-31T20:14:10.236+0000] {dag.py:3954} INFO - Setting next_dagrun for retailco_master_pipeline to 2026-05-31 00:00:00+00:00, run_after=2026-06-01 00:00:00+00:00
[2026-05-31T20:14:10.360+0000] {processor.py:183} INFO - Processing /opt/airflow/dags/retailco_dag.py took 0.478 seconds
[2026-05-31T20:14:40.811+0000] {processor.py:161} INFO - Started process (PID=3925) to work on /opt/airflow/dags/retailco_dag.py
[2026-05-31T20:14:40.817+0000] {processor.py:830} INFO - Processing file /opt/airflow/dags/retailco_dag.py for tasks to queue
[2026-05-31T20:14:40.825+0000] {logging_mixin.py:188} INFO - [2026-05-31T20:14:40.824+0000] {dagbag.py:545} INFO - Filling up the DagBag from /opt/airflow/dags/retailco_dag.py
[2026-05-31T20:14:40.905+0000] {processor.py:840} INFO - DAG(s) 'retailco_master_pipeline' retrieved from /opt/airflow/dags/retailco_dag.py
[2026-05-31T20:14:41.001+0000] {logging_mixin.py:188} INFO - [2026-05-31T20:14:41.001+0000] {dag.py:3096} INFO - Sync 1 DAGs
[2026-05-31T20:14:41.085+0000] {logging_mixin.py:188} INFO - [2026-05-31T20:14:41.084+0000] {dag.py:3954} INFO - Setting next_dagrun for retailco_master_pipeline to 2026-05-31 00:00:00+00:00, run_after=2026-06-01 00:00:00+00:00
[2026-05-31T20:14:41.150+0000] {processor.py:183} INFO - Processing /opt/airflow/dags/retailco_dag.py took 0.366 seconds
[2026-05-31T20:15:11.576+0000] {processor.py:161} INFO - Started process (PID=3958) to work on /opt/airflow/dags/retailco_dag.py
[2026-05-31T20:15:11.578+0000] {processor.py:830} INFO - Processing file /opt/airflow/dags/retailco_dag.py for tasks to queue
[2026-05-31T20:15:11.582+0000] {logging_mixin.py:188} INFO - [2026-05-31T20:15:11.581+0000] {dagbag.py:545} INFO - Filling up the DagBag from /opt/airflow/dags/retailco_dag.py
[2026-05-31T20:15:11.653+0000] {processor.py:840} INFO - DAG(s) 'retailco_master_pipeline' retrieved from /opt/airflow/dags/retailco_dag.py
[2026-05-31T20:15:11.730+0000] {logging_mixin.py:188} INFO - [2026-05-31T20:15:11.729+0000] {dag.py:3096} INFO - Sync 1 DAGs
[2026-05-31T20:15:11.779+0000] {logging_mixin.py:188} INFO - [2026-05-31T20:15:11.778+0000] {dag.py:3954} INFO - Setting next_dagrun for retailco_master_pipeline to 2026-05-31 00:00:00+00:00, run_after=2026-06-01 00:00:00+00:00
[2026-05-31T20:15:11.825+0000] {processor.py:183} INFO - Processing /opt/airflow/dags/retailco_dag.py took 0.262 seconds
[2026-05-31T20:15:42.151+0000] {processor.py:161} INFO - Started process (PID=3986) to work on /opt/airflow/dags/retailco_dag.py
[2026-05-31T20:15:42.154+0000] {processor.py:830} INFO - Processing file /opt/airflow/dags/retailco_dag.py for tasks to queue
[2026-05-31T20:15:42.159+0000] {logging_mixin.py:188} INFO - [2026-05-31T20:15:42.158+0000] {dagbag.py:545} INFO - Filling up the DagBag from /opt/airflow/dags/retailco_dag.py
[2026-05-31T20:15:42.237+0000] {processor.py:840} INFO - DAG(s) 'retailco_master_pipeline' retrieved from /opt/airflow/dags/retailco_dag.py
[2026-05-31T20:15:42.310+0000] {logging_mixin.py:188} INFO - [2026-05-31T20:15:42.309+0000] {dag.py:3096} INFO - Sync 1 DAGs
[2026-05-31T20:15:42.357+0000] {logging_mixin.py:188} INFO - [2026-05-31T20:15:42.357+0000] {dag.py:3954} INFO - Setting next_dagrun for retailco_master_pipeline to 2026-05-31 00:00:00+00:00, run_after=2026-06-01 00:00:00+00:00
[2026-05-31T20:15:42.405+0000] {processor.py:183} INFO - Processing /opt/airflow/dags/retailco_dag.py took 0.279 seconds
[2026-05-31T20:16:12.944+0000] {processor.py:161} INFO - Started process (PID=3991) to work on /opt/airflow/dags/retailco_dag.py
[2026-05-31T20:16:12.948+0000] {processor.py:830} INFO - Processing file /opt/airflow/dags/retailco_dag.py for tasks to queue
[2026-05-31T20:16:12.953+0000] {logging_mixin.py:188} INFO - [2026-05-31T20:16:12.952+0000] {dagbag.py:545} INFO - Filling up the DagBag from /opt/airflow/dags/retailco_dag.py
[2026-05-31T20:16:13.102+0000] {processor.py:840} INFO - DAG(s) 'retailco_master_pipeline' retrieved from /opt/airflow/dags/retailco_dag.py
[2026-05-31T20:16:13.260+0000] {logging_mixin.py:188} INFO - [2026-05-31T20:16:13.259+0000] {dag.py:3096} INFO - Sync 1 DAGs
[2026-05-31T20:16:13.352+0000] {logging_mixin.py:188} INFO - [2026-05-31T20:16:13.352+0000] {dag.py:3954} INFO - Setting next_dagrun for retailco_master_pipeline to 2026-05-31 00:00:00+00:00, run_after=2026-06-01 00:00:00+00:00
[2026-05-31T20:16:13.398+0000] {processor.py:183} INFO - Processing /opt/airflow/dags/retailco_dag.py took 0.484 seconds
[2026-05-31T20:16:44.072+0000] {processor.py:161} INFO - Started process (PID=3996) to work on /opt/airflow/dags/retailco_dag.py
[2026-05-31T20:16:44.075+0000] {processor.py:830} INFO - Processing file /opt/airflow/dags/retailco_dag.py for tasks to queue
[2026-05-31T20:16:44.081+0000] {logging_mixin.py:188} INFO - [2026-05-31T20:16:44.080+0000] {dagbag.py:545} INFO - Filling up the DagBag from /opt/airflow/dags/retailco_dag.py
[2026-05-31T20:16:44.145+0000] {processor.py:840} INFO - DAG(s) 'retailco_master_pipeline' retrieved from /opt/airflow/dags/retailco_dag.py
[2026-05-31T20:16:44.212+0000] {logging_mixin.py:188} INFO - [2026-05-31T20:16:44.212+0000] {dag.py:3096} INFO - Sync 1 DAGs
[2026-05-31T20:16:44.264+0000] {logging_mixin.py:188} INFO - [2026-05-31T20:16:44.263+0000] {dag.py:3954} INFO - Setting next_dagrun for retailco_master_pipeline to 2026-05-31 00:00:00+00:00, run_after=2026-06-01 00:00:00+00:00
[2026-05-31T20:16:44.311+0000] {processor.py:183} INFO - Processing /opt/airflow/dags/retailco_dag.py took 0.259 seconds
[2026-05-31T20:17:14.499+0000] {processor.py:161} INFO - Started process (PID=4001) to work on /opt/airflow/dags/retailco_dag.py
[2026-05-31T20:17:14.502+0000] {processor.py:830} INFO - Processing file /opt/airflow/dags/retailco_dag.py for tasks to queue
[2026-05-31T20:17:14.506+0000] {logging_mixin.py:188} INFO - [2026-05-31T20:17:14.506+0000] {dagbag.py:545} INFO - Filling up the DagBag from /opt/airflow/dags/retailco_dag.py
[2026-05-31T20:17:14.576+0000] {processor.py:840} INFO - DAG(s) 'retailco_master_pipeline' retrieved from /opt/airflow/dags/retailco_dag.py
[2026-05-31T20:17:14.643+0000] {logging_mixin.py:188} INFO - [2026-05-31T20:17:14.642+0000] {dag.py:3096} INFO - Sync 1 DAGs
[2026-05-31T20:17:14.692+0000] {logging_mixin.py:188} INFO - [2026-05-31T20:17:14.691+0000] {dag.py:3954} INFO - Setting next_dagrun for retailco_master_pipeline to 2026-05-31 00:00:00+00:00, run_after=2026-06-01 00:00:00+00:00
[2026-05-31T20:17:14.748+0000] {processor.py:183} INFO - Processing /opt/airflow/dags/retailco_dag.py took 0.266 seconds
[2026-05-31T20:17:45.218+0000] {processor.py:161} INFO - Started process (PID=4006) to work on /opt/airflow/dags/retailco_dag.py
[2026-05-31T20:17:45.220+0000] {processor.py:830} INFO - Processing file /opt/airflow/dags/retailco_dag.py for tasks to queue
[2026-05-31T20:17:45.223+0000] {logging_mixin.py:188} INFO - [2026-05-31T20:17:45.223+0000] {dagbag.py:545} INFO - Filling up the DagBag from /opt/airflow/dags/retailco_dag.py
[2026-05-31T20:17:45.284+0000] {processor.py:840} INFO - DAG(s) 'retailco_master_pipeline' retrieved from /opt/airflow/dags/retailco_dag.py
[2026-05-31T20:17:45.361+0000] {logging_mixin.py:188} INFO - [2026-05-31T20:17:45.360+0000] {dag.py:3096} INFO - Sync 1 DAGs
[2026-05-31T20:17:45.421+0000] {logging_mixin.py:188} INFO - [2026-05-31T20:17:45.421+0000] {dag.py:3954} INFO - Setting next_dagrun for retailco_master_pipeline to 2026-05-31 00:00:00+00:00, run_after=2026-06-01 00:00:00+00:00
[2026-05-31T20:17:45.470+0000] {processor.py:183} INFO - Processing /opt/airflow/dags/retailco_dag.py took 0.268 seconds
[2026-05-31T20:18:15.802+0000] {processor.py:161} INFO - Started process (PID=4011) to work on /opt/airflow/dags/retailco_dag.py
[2026-05-31T20:18:15.809+0000] {processor.py:830} INFO - Processing file /opt/airflow/dags/retailco_dag.py for tasks to queue
[2026-05-31T20:18:15.813+0000] {logging_mixin.py:188} INFO - [2026-05-31T20:18:15.813+0000] {dagbag.py:545} INFO - Filling up the DagBag from /opt/airflow/dags/retailco_dag.py
[2026-05-31T20:18:15.890+0000] {processor.py:840} INFO - DAG(s) 'retailco_master_pipeline' retrieved from /opt/airflow/dags/retailco_dag.py
[2026-05-31T20:18:15.945+0000] {logging_mixin.py:188} INFO - [2026-05-31T20:18:15.944+0000] {dag.py:3096} INFO - Sync 1 DAGs
[2026-05-31T20:18:15.993+0000] {logging_mixin.py:188} INFO - [2026-05-31T20:18:15.993+0000] {dag.py:3954} INFO - Setting next_dagrun for retailco_master_pipeline to 2026-05-31 00:00:00+00:00, run_after=2026-06-01 00:00:00+00:00
[2026-05-31T20:18:16.042+0000] {processor.py:183} INFO - Processing /opt/airflow/dags/retailco_dag.py took 0.254 seconds
[2026-05-31T20:18:46.494+0000] {processor.py:161} INFO - Started process (PID=4016) to work on /opt/airflow/dags/retailco_dag.py
[2026-05-31T20:18:46.496+0000] {processor.py:830} INFO - Processing file /opt/airflow/dags/retailco_dag.py for tasks to queue
[2026-05-31T20:18:46.501+0000] {logging_mixin.py:188} INFO - [2026-05-31T20:18:46.500+0000] {dagbag.py:545} INFO - Filling up the DagBag from /opt/airflow/dags/retailco_dag.py
[2026-05-31T20:18:46.586+0000] {processor.py:840} INFO - DAG(s) 'retailco_master_pipeline' retrieved from /opt/airflow/dags/retailco_dag.py
[2026-05-31T20:18:46.648+0000] {logging_mixin.py:188} INFO - [2026-05-31T20:18:46.648+0000] {dag.py:3096} INFO - Sync 1 DAGs
[2026-05-31T20:18:46.692+0000] {logging_mixin.py:188} INFO - [2026-05-31T20:18:46.692+0000] {dag.py:3954} INFO - Setting next_dagrun for retailco_master_pipeline to 2026-05-31 00:00:00+00:00, run_after=2026-06-01 00:00:00+00:00
[2026-05-31T20:18:46.740+0000] {processor.py:183} INFO - Processing /opt/airflow/dags/retailco_dag.py took 0.261 seconds
[2026-05-31T20:19:16.993+0000] {processor.py:161} INFO - Started process (PID=4021) to work on /opt/airflow/dags/retailco_dag.py
[2026-05-31T20:19:16.995+0000] {processor.py:830} INFO - Processing file /opt/airflow/dags/retailco_dag.py for tasks to queue
[2026-05-31T20:19:16.999+0000] {logging_mixin.py:188} INFO - [2026-05-31T20:19:16.998+0000] {dagbag.py:545} INFO - Filling up the DagBag from /opt/airflow/dags/retailco_dag.py
[2026-05-31T20:19:17.064+0000] {processor.py:840} INFO - DAG(s) 'retailco_master_pipeline' retrieved from /opt/airflow/dags/retailco_dag.py
[2026-05-31T20:19:17.128+0000] {logging_mixin.py:188} INFO - [2026-05-31T20:19:17.128+0000] {dag.py:3096} INFO - Sync 1 DAGs
[2026-05-31T20:19:17.173+0000] {logging_mixin.py:188} INFO - [2026-05-31T20:19:17.172+0000] {dag.py:3954} INFO - Setting next_dagrun for retailco_master_pipeline to 2026-05-31 00:00:00+00:00, run_after=2026-06-01 00:00:00+00:00
[2026-05-31T20:19:17.217+0000] {processor.py:183} INFO - Processing /opt/airflow/dags/retailco_dag.py took 0.238 seconds
[2026-05-31T20:19:47.756+0000] {processor.py:161} INFO - Started process (PID=4026) to work on /opt/airflow/dags/retailco_dag.py
[2026-05-31T20:19:47.759+0000] {processor.py:830} INFO - Processing file /opt/airflow/dags/retailco_dag.py for tasks to queue
[2026-05-31T20:19:47.762+0000] {logging_mixin.py:188} INFO - [2026-05-31T20:19:47.761+0000] {dagbag.py:545} INFO - Filling up the DagBag from /opt/airflow/dags/retailco_dag.py
[2026-05-31T20:19:47.838+0000] {processor.py:840} INFO - DAG(s) 'retailco_master_pipeline' retrieved from /opt/airflow/dags/retailco_dag.py
[2026-05-31T20:19:47.905+0000] {logging_mixin.py:188} INFO - [2026-05-31T20:19:47.905+0000] {dag.py:3096} INFO - Sync 1 DAGs
[2026-05-31T20:19:47.949+0000] {logging_mixin.py:188} INFO - [2026-05-31T20:19:47.948+0000] {dag.py:3954} INFO - Setting next_dagrun for retailco_master_pipeline to 2026-05-31 00:00:00+00:00, run_after=2026-06-01 00:00:00+00:00
[2026-05-31T20:19:47.996+0000] {processor.py:183} INFO - Processing /opt/airflow/dags/retailco_dag.py took 0.254 seconds
[2026-05-31T20:20:18.223+0000] {processor.py:161} INFO - Started process (PID=4031) to work on /opt/airflow/dags/retailco_dag.py
[2026-05-31T20:20:18.225+0000] {processor.py:830} INFO - Processing file /opt/airflow/dags/retailco_dag.py for tasks to queue
[2026-05-31T20:20:18.230+0000] {logging_mixin.py:188} INFO - [2026-05-31T20:20:18.229+0000] {dagbag.py:545} INFO - Filling up the DagBag from /opt/airflow/dags/retailco_dag.py
[2026-05-31T20:20:18.393+0000] {processor.py:840} INFO - DAG(s) 'retailco_master_pipeline' retrieved from /opt/airflow/dags/retailco_dag.py
[2026-05-31T20:20:18.459+0000] {logging_mixin.py:188} INFO - [2026-05-31T20:20:18.459+0000] {dag.py:3096} INFO - Sync 1 DAGs
[2026-05-31T20:20:18.510+0000] {logging_mixin.py:188} INFO - [2026-05-31T20:20:18.509+0000] {dag.py:3954} INFO - Setting next_dagrun for retailco_master_pipeline to 2026-05-31 00:00:00+00:00, run_after=2026-06-01 00:00:00+00:00
[2026-05-31T20:20:18.566+0000] {processor.py:183} INFO - Processing /opt/airflow/dags/retailco_dag.py took 0.366 seconds
[2026-05-31T20:20:49.274+0000] {processor.py:161} INFO - Started process (PID=4036) to work on /opt/airflow/dags/retailco_dag.py
[2026-05-31T20:20:49.277+0000] {processor.py:830} INFO - Processing file /opt/airflow/dags/retailco_dag.py for tasks to queue
[2026-05-31T20:20:49.283+0000] {logging_mixin.py:188} INFO - [2026-05-31T20:20:49.282+0000] {dagbag.py:545} INFO - Filling up the DagBag from /opt/airflow/dags/retailco_dag.py
[2026-05-31T20:20:49.372+0000] {processor.py:840} INFO - DAG(s) 'retailco_master_pipeline' retrieved from /opt/airflow/dags/retailco_dag.py
[2026-05-31T20:20:49.453+0000] {logging_mixin.py:188} INFO - [2026-05-31T20:20:49.453+0000] {dag.py:3096} INFO - Sync 1 DAGs
[2026-05-31T20:20:49.513+0000] {logging_mixin.py:188} INFO - [2026-05-31T20:20:49.512+0000] {dag.py:3954} INFO - Setting next_dagrun for retailco_master_pipeline to 2026-05-31 00:00:00+00:00, run_after=2026-06-01 00:00:00+00:00
[2026-05-31T20:20:49.567+0000] {processor.py:183} INFO - Processing /opt/airflow/dags/retailco_dag.py took 0.314 seconds
[2026-05-31T20:21:19.705+0000] {processor.py:161} INFO - Started process (PID=4041) to work on /opt/airflow/dags/retailco_dag.py
[2026-05-31T20:21:19.707+0000] {processor.py:830} INFO - Processing file /opt/airflow/dags/retailco_dag.py for tasks to queue
[2026-05-31T20:21:19.711+0000] {logging_mixin.py:188} INFO - [2026-05-31T20:21:19.710+0000] {dagbag.py:545} INFO - Filling up the DagBag from /opt/airflow/dags/retailco_dag.py
[2026-05-31T20:21:19.763+0000] {processor.py:840} INFO - DAG(s) 'retailco_master_pipeline' retrieved from /opt/airflow/dags/retailco_dag.py
[2026-05-31T20:21:19.843+0000] {logging_mixin.py:188} INFO - [2026-05-31T20:21:19.843+0000] {dag.py:3096} INFO - Sync 1 DAGs
[2026-05-31T20:21:19.898+0000] {logging_mixin.py:188} INFO - [2026-05-31T20:21:19.898+0000] {dag.py:3954} INFO - Setting next_dagrun for retailco_master_pipeline to 2026-05-31 00:00:00+00:00, run_after=2026-06-01 00:00:00+00:00
[2026-05-31T20:21:19.940+0000] {processor.py:183} INFO - Processing /opt/airflow/dags/retailco_dag.py took 0.248 seconds
[2026-05-31T20:21:50.234+0000] {processor.py:161} INFO - Started process (PID=4046) to work on /opt/airflow/dags/retailco_dag.py
[2026-05-31T20:21:50.236+0000] {processor.py:830} INFO - Processing file /opt/airflow/dags/retailco_dag.py for tasks to queue
[2026-05-31T20:21:50.240+0000] {logging_mixin.py:188} INFO - [2026-05-31T20:21:50.239+0000] {dagbag.py:545} INFO - Filling up the DagBag from /opt/airflow/dags/retailco_dag.py
[2026-05-31T20:21:50.372+0000] {processor.py:840} INFO - DAG(s) 'retailco_master_pipeline' retrieved from /opt/airflow/dags/retailco_dag.py
[2026-05-31T20:21:50.458+0000] {logging_mixin.py:188} INFO - [2026-05-31T20:21:50.458+0000] {dag.py:3096} INFO - Sync 1 DAGs
[2026-05-31T20:21:50.502+0000] {logging_mixin.py:188} INFO - [2026-05-31T20:21:50.501+0000] {dag.py:3954} INFO - Setting next_dagrun for retailco_master_pipeline to 2026-05-31 00:00:00+00:00, run_after=2026-06-01 00:00:00+00:00
[2026-05-31T20:21:50.550+0000] {processor.py:183} INFO - Processing /opt/airflow/dags/retailco_dag.py took 0.331 seconds
[2026-05-31T20:22:21.115+0000] {processor.py:161} INFO - Started process (PID=4051) to work on /opt/airflow/dags/retailco_dag.py
[2026-05-31T20:22:21.118+0000] {processor.py:830} INFO - Processing file /opt/airflow/dags/retailco_dag.py for tasks to queue
[2026-05-31T20:22:21.123+0000] {logging_mixin.py:188} INFO - [2026-05-31T20:22:21.122+0000] {dagbag.py:545} INFO - Filling up the DagBag from /opt/airflow/dags/retailco_dag.py
[2026-05-31T20:22:21.181+0000] {processor.py:840} INFO - DAG(s) 'retailco_master_pipeline' retrieved from /opt/airflow/dags/retailco_dag.py
[2026-05-31T20:22:21.258+0000] {logging_mixin.py:188} INFO - [2026-05-31T20:22:21.258+0000] {dag.py:3096} INFO - Sync 1 DAGs
[2026-05-31T20:22:21.300+0000] {logging_mixin.py:188} INFO - [2026-05-31T20:22:21.299+0000] {dag.py:3954} INFO - Setting next_dagrun for retailco_master_pipeline to 2026-05-31 00:00:00+00:00, run_after=2026-06-01 00:00:00+00:00
[2026-05-31T20:22:21.354+0000] {processor.py:183} INFO - Processing /opt/airflow/dags/retailco_dag.py took 0.254 seconds
[2026-05-31T20:22:51.657+0000] {processor.py:161} INFO - Started process (PID=4056) to work on /opt/airflow/dags/retailco_dag.py
[2026-05-31T20:22:51.660+0000] {processor.py:830} INFO - Processing file /opt/airflow/dags/retailco_dag.py for tasks to queue
[2026-05-31T20:22:51.664+0000] {logging_mixin.py:188} INFO - [2026-05-31T20:22:51.663+0000] {dagbag.py:545} INFO - Filling up the DagBag from /opt/airflow/dags/retailco_dag.py
[2026-05-31T20:22:51.728+0000] {processor.py:840} INFO - DAG(s) 'retailco_master_pipeline' retrieved from /opt/airflow/dags/retailco_dag.py
[2026-05-31T20:22:51.792+0000] {logging_mixin.py:188} INFO - [2026-05-31T20:22:51.791+0000] {dag.py:3096} INFO - Sync 1 DAGs
[2026-05-31T20:22:51.832+0000] {logging_mixin.py:188} INFO - [2026-05-31T20:22:51.831+0000] {dag.py:3954} INFO - Setting next_dagrun for retailco_master_pipeline to 2026-05-31 00:00:00+00:00, run_after=2026-06-01 00:00:00+00:00
[2026-05-31T20:22:51.880+0000] {processor.py:183} INFO - Processing /opt/airflow/dags/retailco_dag.py took 0.236 seconds
[2026-05-31T20:23:22.283+0000] {processor.py:161} INFO - Started process (PID=4061) to work on /opt/airflow/dags/retailco_dag.py
[2026-05-31T20:23:22.286+0000] {processor.py:830} INFO - Processing file /opt/airflow/dags/retailco_dag.py for tasks to queue
[2026-05-31T20:23:22.290+0000] {logging_mixin.py:188} INFO - [2026-05-31T20:23:22.290+0000] {dagbag.py:545} INFO - Filling up the DagBag from /opt/airflow/dags/retailco_dag.py
[2026-05-31T20:23:22.367+0000] {processor.py:840} INFO - DAG(s) 'retailco_master_pipeline' retrieved from /opt/airflow/dags/retailco_dag.py
[2026-05-31T20:23:22.442+0000] {logging_mixin.py:188} INFO - [2026-05-31T20:23:22.442+0000] {dag.py:3096} INFO - Sync 1 DAGs
[2026-05-31T20:23:22.526+0000] {logging_mixin.py:188} INFO - [2026-05-31T20:23:22.526+0000] {dag.py:3954} INFO - Setting next_dagrun for retailco_master_pipeline to 2026-05-31 00:00:00+00:00, run_after=2026-06-01 00:00:00+00:00
[2026-05-31T20:23:22.582+0000] {processor.py:183} INFO - Processing /opt/airflow/dags/retailco_dag.py took 0.314 seconds
[2026-05-31T20:23:52.743+0000] {processor.py:161} INFO - Started process (PID=4066) to work on /opt/airflow/dags/retailco_dag.py
[2026-05-31T20:23:52.746+0000] {processor.py:830} INFO - Processing file /opt/airflow/dags/retailco_dag.py for tasks to queue
[2026-05-31T20:23:52.751+0000] {logging_mixin.py:188} INFO - [2026-05-31T20:23:52.750+0000] {dagbag.py:545} INFO - Filling up the DagBag from /opt/airflow/dags/retailco_dag.py
[2026-05-31T20:23:52.817+0000] {processor.py:840} INFO - DAG(s) 'retailco_master_pipeline' retrieved from /opt/airflow/dags/retailco_dag.py
[2026-05-31T20:23:52.887+0000] {logging_mixin.py:188} INFO - [2026-05-31T20:23:52.886+0000] {dag.py:3096} INFO - Sync 1 DAGs
[2026-05-31T20:23:52.934+0000] {logging_mixin.py:188} INFO - [2026-05-31T20:23:52.934+0000] {dag.py:3954} INFO - Setting next_dagrun for retailco_master_pipeline to 2026-05-31 00:00:00+00:00, run_after=2026-06-01 00:00:00+00:00
[2026-05-31T20:23:52.988+0000] {processor.py:183} INFO - Processing /opt/airflow/dags/retailco_dag.py took 0.260 seconds
[2026-05-31T20:24:23.464+0000] {processor.py:161} INFO - Started process (PID=4071) to work on /opt/airflow/dags/retailco_dag.py
[2026-05-31T20:24:23.466+0000] {processor.py:830} INFO - Processing file /opt/airflow/dags/retailco_dag.py for tasks to queue
[2026-05-31T20:24:23.470+0000] {logging_mixin.py:188} INFO - [2026-05-31T20:24:23.469+0000] {dagbag.py:545} INFO - Filling up the DagBag from /opt/airflow/dags/retailco_dag.py
[2026-05-31T20:24:23.522+0000] {processor.py:840} INFO - DAG(s) 'retailco_master_pipeline' retrieved from /opt/airflow/dags/retailco_dag.py
[2026-05-31T20:24:23.592+0000] {logging_mixin.py:188} INFO - [2026-05-31T20:24:23.592+0000] {dag.py:3096} INFO - Sync 1 DAGs
[2026-05-31T20:24:23.652+0000] {logging_mixin.py:188} INFO - [2026-05-31T20:24:23.651+0000] {dag.py:3954} INFO - Setting next_dagrun for retailco_master_pipeline to 2026-05-31 00:00:00+00:00, run_after=2026-06-01 00:00:00+00:00
[2026-05-31T20:24:23.708+0000] {processor.py:183} INFO - Processing /opt/airflow/dags/retailco_dag.py took 0.258 seconds
[2026-05-31T20:24:53.937+0000] {processor.py:161} INFO - Started process (PID=4076) to work on /opt/airflow/dags/retailco_dag.py
[2026-05-31T20:24:53.939+0000] {processor.py:830} INFO - Processing file /opt/airflow/dags/retailco_dag.py for tasks to queue
[2026-05-31T20:24:53.944+0000] {logging_mixin.py:188} INFO - [2026-05-31T20:24:53.943+0000] {dagbag.py:545} INFO - Filling up the DagBag from /opt/airflow/dags/retailco_dag.py
[2026-05-31T20:24:54.013+0000] {processor.py:840} INFO - DAG(s) 'retailco_master_pipeline' retrieved from /opt/airflow/dags/retailco_dag.py
[2026-05-31T20:24:54.078+0000] {logging_mixin.py:188} INFO - [2026-05-31T20:24:54.078+0000] {dag.py:3096} INFO - Sync 1 DAGs
[2026-05-31T20:24:54.126+0000] {logging_mixin.py:188} INFO - [2026-05-31T20:24:54.126+0000] {dag.py:3954} INFO - Setting next_dagrun for retailco_master_pipeline to 2026-05-31 00:00:00+00:00, run_after=2026-06-01 00:00:00+00:00
[2026-05-31T20:24:54.165+0000] {processor.py:183} INFO - Processing /opt/airflow/dags/retailco_dag.py took 0.241 seconds
[2026-05-31T20:25:24.433+0000] {processor.py:161} INFO - Started process (PID=4081) to work on /opt/airflow/dags/retailco_dag.py
[2026-05-31T20:25:24.436+0000] {processor.py:830} INFO - Processing file /opt/airflow/dags/retailco_dag.py for tasks to queue
[2026-05-31T20:25:24.441+0000] {logging_mixin.py:188} INFO - [2026-05-31T20:25:24.441+0000] {dagbag.py:545} INFO - Filling up the DagBag from /opt/airflow/dags/retailco_dag.py
[2026-05-31T20:25:24.499+0000] {processor.py:840} INFO - DAG(s) 'retailco_master_pipeline' retrieved from /opt/airflow/dags/retailco_dag.py
[2026-05-31T20:25:24.563+0000] {logging_mixin.py:188} INFO - [2026-05-31T20:25:24.563+0000] {dag.py:3096} INFO - Sync 1 DAGs
[2026-05-31T20:25:24.616+0000] {logging_mixin.py:188} INFO - [2026-05-31T20:25:24.615+0000] {dag.py:3954} INFO - Setting next_dagrun for retailco_master_pipeline to 2026-05-31 00:00:00+00:00, run_after=2026-06-01 00:00:00+00:00
[2026-05-31T20:25:24.670+0000] {processor.py:183} INFO - Processing /opt/airflow/dags/retailco_dag.py took 0.255 seconds
[2026-05-31T20:25:55.400+0000] {processor.py:161} INFO - Started process (PID=4086) to work on /opt/airflow/dags/retailco_dag.py
[2026-05-31T20:25:55.402+0000] {processor.py:830} INFO - Processing file /opt/airflow/dags/retailco_dag.py for tasks to queue
[2026-05-31T20:25:55.406+0000] {logging_mixin.py:188} INFO - [2026-05-31T20:25:55.406+0000] {dagbag.py:545} INFO - Filling up the DagBag from /opt/airflow/dags/retailco_dag.py
[2026-05-31T20:25:55.507+0000] {processor.py:840} INFO - DAG(s) 'retailco_master_pipeline' retrieved from /opt/airflow/dags/retailco_dag.py
[2026-05-31T20:25:55.572+0000] {logging_mixin.py:188} INFO - [2026-05-31T20:25:55.571+0000] {dag.py:3096} INFO - Sync 1 DAGs
[2026-05-31T20:25:55.634+0000] {logging_mixin.py:188} INFO - [2026-05-31T20:25:55.633+0000] {dag.py:3954} INFO - Setting next_dagrun for retailco_master_pipeline to 2026-05-31 00:00:00+00:00, run_after=2026-06-01 00:00:00+00:00
[2026-05-31T20:25:55.679+0000] {processor.py:183} INFO - Processing /opt/airflow/dags/retailco_dag.py took 0.290 seconds
[2026-05-31T20:26:25.923+0000] {processor.py:161} INFO - Started process (PID=4091) to work on /opt/airflow/dags/retailco_dag.py
[2026-05-31T20:26:25.925+0000] {processor.py:830} INFO - Processing file /opt/airflow/dags/retailco_dag.py for tasks to queue
[2026-05-31T20:26:25.929+0000] {logging_mixin.py:188} INFO - [2026-05-31T20:26:25.929+0000] {dagbag.py:545} INFO - Filling up the DagBag from /opt/airflow/dags/retailco_dag.py
[2026-05-31T20:26:25.997+0000] {processor.py:840} INFO - DAG(s) 'retailco_master_pipeline' retrieved from /opt/airflow/dags/retailco_dag.py
[2026-05-31T20:26:26.058+0000] {logging_mixin.py:188} INFO - [2026-05-31T20:26:26.058+0000] {dag.py:3096} INFO - Sync 1 DAGs
[2026-05-31T20:26:26.106+0000] {logging_mixin.py:188} INFO - [2026-05-31T20:26:26.105+0000] {dag.py:3954} INFO - Setting next_dagrun for retailco_master_pipeline to 2026-05-31 00:00:00+00:00, run_after=2026-06-01 00:00:00+00:00
[2026-05-31T20:26:26.149+0000] {processor.py:183} INFO - Processing /opt/airflow/dags/retailco_dag.py took 0.239 seconds
[2026-05-31T20:26:56.574+0000] {processor.py:161} INFO - Started process (PID=4096) to work on /opt/airflow/dags/retailco_dag.py
[2026-05-31T20:26:56.577+0000] {processor.py:830} INFO - Processing file /opt/airflow/dags/retailco_dag.py for tasks to queue
[2026-05-31T20:26:56.582+0000] {logging_mixin.py:188} INFO - [2026-05-31T20:26:56.581+0000] {dagbag.py:545} INFO - Filling up the DagBag from /opt/airflow/dags/retailco_dag.py
[2026-05-31T20:26:56.649+0000] {processor.py:840} INFO - DAG(s) 'retailco_master_pipeline' retrieved from /opt/airflow/dags/retailco_dag.py
[2026-05-31T20:26:56.713+0000] {logging_mixin.py:188} INFO - [2026-05-31T20:26:56.712+0000] {dag.py:3096} INFO - Sync 1 DAGs
[2026-05-31T20:26:56.765+0000] {logging_mixin.py:188} INFO - [2026-05-31T20:26:56.764+0000] {dag.py:3954} INFO - Setting next_dagrun for retailco_master_pipeline to 2026-05-31 00:00:00+00:00, run_after=2026-06-01 00:00:00+00:00
[2026-05-31T20:26:56.807+0000] {processor.py:183} INFO - Processing /opt/airflow/dags/retailco_dag.py took 0.245 seconds
[2026-05-31T20:27:27.092+0000] {processor.py:161} INFO - Started process (PID=4101) to work on /opt/airflow/dags/retailco_dag.py
[2026-05-31T20:27:27.095+0000] {processor.py:830} INFO - Processing file /opt/airflow/dags/retailco_dag.py for tasks to queue
[2026-05-31T20:27:27.099+0000] {logging_mixin.py:188} INFO - [2026-05-31T20:27:27.099+0000] {dagbag.py:545} INFO - Filling up the DagBag from /opt/airflow/dags/retailco_dag.py
[2026-05-31T20:27:27.162+0000] {processor.py:840} INFO - DAG(s) 'retailco_master_pipeline' retrieved from /opt/airflow/dags/retailco_dag.py
[2026-05-31T20:27:27.234+0000] {logging_mixin.py:188} INFO - [2026-05-31T20:27:27.234+0000] {dag.py:3096} INFO - Sync 1 DAGs
[2026-05-31T20:27:27.282+0000] {logging_mixin.py:188} INFO - [2026-05-31T20:27:27.282+0000] {dag.py:3954} INFO - Setting next_dagrun for retailco_master_pipeline to 2026-05-31 00:00:00+00:00, run_after=2026-06-01 00:00:00+00:00
[2026-05-31T20:27:27.328+0000] {processor.py:183} INFO - Processing /opt/airflow/dags/retailco_dag.py took 0.253 seconds
[2026-05-31T20:27:57.900+0000] {processor.py:161} INFO - Started process (PID=4106) to work on /opt/airflow/dags/retailco_dag.py
[2026-05-31T20:27:57.902+0000] {processor.py:830} INFO - Processing file /opt/airflow/dags/retailco_dag.py for tasks to queue
[2026-05-31T20:27:57.907+0000] {logging_mixin.py:188} INFO - [2026-05-31T20:27:57.906+0000] {dagbag.py:545} INFO - Filling up the DagBag from /opt/airflow/dags/retailco_dag.py
[2026-05-31T20:27:57.977+0000] {processor.py:840} INFO - DAG(s) 'retailco_master_pipeline' retrieved from /opt/airflow/dags/retailco_dag.py
[2026-05-31T20:27:58.050+0000] {logging_mixin.py:188} INFO - [2026-05-31T20:27:58.049+0000] {dag.py:3096} INFO - Sync 1 DAGs
[2026-05-31T20:27:58.109+0000] {logging_mixin.py:188} INFO - [2026-05-31T20:27:58.109+0000] {dag.py:3954} INFO - Setting next_dagrun for retailco_master_pipeline to 2026-05-31 00:00:00+00:00, run_after=2026-06-01 00:00:00+00:00
[2026-05-31T20:27:58.161+0000] {processor.py:183} INFO - Processing /opt/airflow/dags/retailco_dag.py took 0.275 seconds
[2026-05-31T20:28:28.478+0000] {processor.py:161} INFO - Started process (PID=4111) to work on /opt/airflow/dags/retailco_dag.py
[2026-05-31T20:28:28.486+0000] {processor.py:830} INFO - Processing file /opt/airflow/dags/retailco_dag.py for tasks to queue
[2026-05-31T20:28:28.504+0000] {logging_mixin.py:188} INFO - [2026-05-31T20:28:28.502+0000] {dagbag.py:545} INFO - Filling up the DagBag from /opt/airflow/dags/retailco_dag.py
[2026-05-31T20:28:28.587+0000] {processor.py:840} INFO - DAG(s) 'retailco_master_pipeline' retrieved from /opt/airflow/dags/retailco_dag.py
[2026-05-31T20:28:28.669+0000] {logging_mixin.py:188} INFO - [2026-05-31T20:28:28.668+0000] {dag.py:3096} INFO - Sync 1 DAGs
[2026-05-31T20:28:28.723+0000] {logging_mixin.py:188} INFO - [2026-05-31T20:28:28.723+0000] {dag.py:3954} INFO - Setting next_dagrun for retailco_master_pipeline to 2026-05-31 00:00:00+00:00, run_after=2026-06-01 00:00:00+00:00
[2026-05-31T20:28:28.780+0000] {processor.py:183} INFO - Processing /opt/airflow/dags/retailco_dag.py took 0.343 seconds
[2026-05-31T20:28:59.165+0000] {processor.py:161} INFO - Started process (PID=4116) to work on /opt/airflow/dags/retailco_dag.py
[2026-05-31T20:28:59.170+0000] {processor.py:830} INFO - Processing file /opt/airflow/dags/retailco_dag.py for tasks to queue
[2026-05-31T20:28:59.175+0000] {logging_mixin.py:188} INFO - [2026-05-31T20:28:59.174+0000] {dagbag.py:545} INFO - Filling up the DagBag from /opt/airflow/dags/retailco_dag.py
[2026-05-31T20:28:59.254+0000] {processor.py:840} INFO - DAG(s) 'retailco_master_pipeline' retrieved from /opt/airflow/dags/retailco_dag.py
[2026-05-31T20:28:59.326+0000] {logging_mixin.py:188} INFO - [2026-05-31T20:28:59.326+0000] {dag.py:3096} INFO - Sync 1 DAGs
[2026-05-31T20:28:59.387+0000] {logging_mixin.py:188} INFO - [2026-05-31T20:28:59.386+0000] {dag.py:3954} INFO - Setting next_dagrun for retailco_master_pipeline to 2026-05-31 00:00:00+00:00, run_after=2026-06-01 00:00:00+00:00
[2026-05-31T20:28:59.433+0000] {processor.py:183} INFO - Processing /opt/airflow/dags/retailco_dag.py took 0.284 seconds
[2026-05-31T20:29:29.806+0000] {processor.py:161} INFO - Started process (PID=4121) to work on /opt/airflow/dags/retailco_dag.py
[2026-05-31T20:29:29.809+0000] {processor.py:830} INFO - Processing file /opt/airflow/dags/retailco_dag.py for tasks to queue
[2026-05-31T20:29:29.814+0000] {logging_mixin.py:188} INFO - [2026-05-31T20:29:29.813+0000] {dagbag.py:545} INFO - Filling up the DagBag from /opt/airflow/dags/retailco_dag.py
[2026-05-31T20:29:29.879+0000] {processor.py:840} INFO - DAG(s) 'retailco_master_pipeline' retrieved from /opt/airflow/dags/retailco_dag.py
[2026-05-31T20:29:29.935+0000] {logging_mixin.py:188} INFO - [2026-05-31T20:29:29.935+0000] {dag.py:3096} INFO - Sync 1 DAGs
[2026-05-31T20:29:29.994+0000] {logging_mixin.py:188} INFO - [2026-05-31T20:29:29.994+0000] {dag.py:3954} INFO - Setting next_dagrun for retailco_master_pipeline to 2026-05-31 00:00:00+00:00, run_after=2026-06-01 00:00:00+00:00
[2026-05-31T20:29:30.040+0000] {processor.py:183} INFO - Processing /opt/airflow/dags/retailco_dag.py took 0.246 seconds
[2026-05-31T20:30:00.323+0000] {processor.py:161} INFO - Started process (PID=4126) to work on /opt/airflow/dags/retailco_dag.py
[2026-05-31T20:30:00.325+0000] {processor.py:830} INFO - Processing file /opt/airflow/dags/retailco_dag.py for tasks to queue
[2026-05-31T20:30:00.328+0000] {logging_mixin.py:188} INFO - [2026-05-31T20:30:00.327+0000] {dagbag.py:545} INFO - Filling up the DagBag from /opt/airflow/dags/retailco_dag.py
[2026-05-31T20:30:00.389+0000] {processor.py:840} INFO - DAG(s) 'retailco_master_pipeline' retrieved from /opt/airflow/dags/retailco_dag.py
[2026-05-31T20:30:00.444+0000] {logging_mixin.py:188} INFO - [2026-05-31T20:30:00.444+0000] {dag.py:3096} INFO - Sync 1 DAGs
[2026-05-31T20:30:00.491+0000] {logging_mixin.py:188} INFO - [2026-05-31T20:30:00.490+0000] {dag.py:3954} INFO - Setting next_dagrun for retailco_master_pipeline to 2026-05-31 00:00:00+00:00, run_after=2026-06-01 00:00:00+00:00
[2026-05-31T20:30:00.545+0000] {processor.py:183} INFO - Processing /opt/airflow/dags/retailco_dag.py took 0.237 seconds
[2026-05-31T20:30:31.101+0000] {processor.py:161} INFO - Started process (PID=4131) to work on /opt/airflow/dags/retailco_dag.py
[2026-05-31T20:30:31.103+0000] {processor.py:830} INFO - Processing file /opt/airflow/dags/retailco_dag.py for tasks to queue
[2026-05-31T20:30:31.107+0000] {logging_mixin.py:188} INFO - [2026-05-31T20:30:31.107+0000] {dagbag.py:545} INFO - Filling up the DagBag from /opt/airflow/dags/retailco_dag.py
[2026-05-31T20:30:31.174+0000] {processor.py:840} INFO - DAG(s) 'retailco_master_pipeline' retrieved from /opt/airflow/dags/retailco_dag.py
[2026-05-31T20:30:31.248+0000] {logging_mixin.py:188} INFO - [2026-05-31T20:30:31.247+0000] {dag.py:3096} INFO - Sync 1 DAGs
[2026-05-31T20:30:31.294+0000] {logging_mixin.py:188} INFO - [2026-05-31T20:30:31.293+0000] {dag.py:3954} INFO - Setting next_dagrun for retailco_master_pipeline to 2026-05-31 00:00:00+00:00, run_after=2026-06-01 00:00:00+00:00
[2026-05-31T20:30:31.340+0000] {processor.py:183} INFO - Processing /opt/airflow/dags/retailco_dag.py took 0.251 seconds
[2026-05-31T20:31:01.542+0000] {processor.py:161} INFO - Started process (PID=4136) to work on /opt/airflow/dags/retailco_dag.py
[2026-05-31T20:31:01.545+0000] {processor.py:830} INFO - Processing file /opt/airflow/dags/retailco_dag.py for tasks to queue
[2026-05-31T20:31:01.548+0000] {logging_mixin.py:188} INFO - [2026-05-31T20:31:01.548+0000] {dagbag.py:545} INFO - Filling up the DagBag from /opt/airflow/dags/retailco_dag.py
[2026-05-31T20:31:01.623+0000] {processor.py:840} INFO - DAG(s) 'retailco_master_pipeline' retrieved from /opt/airflow/dags/retailco_dag.py
[2026-05-31T20:31:01.688+0000] {logging_mixin.py:188} INFO - [2026-05-31T20:31:01.687+0000] {dag.py:3096} INFO - Sync 1 DAGs
[2026-05-31T20:31:01.732+0000] {logging_mixin.py:188} INFO - [2026-05-31T20:31:01.731+0000] {dag.py:3954} INFO - Setting next_dagrun for retailco_master_pipeline to 2026-05-31 00:00:00+00:00, run_after=2026-06-01 00:00:00+00:00
[2026-05-31T20:31:01.777+0000] {processor.py:183} INFO - Processing /opt/airflow/dags/retailco_dag.py took 0.246 seconds
[2026-05-31T20:31:32.209+0000] {processor.py:161} INFO - Started process (PID=4141) to work on /opt/airflow/dags/retailco_dag.py
[2026-05-31T20:31:32.213+0000] {processor.py:830} INFO - Processing file /opt/airflow/dags/retailco_dag.py for tasks to queue
[2026-05-31T20:31:32.218+0000] {logging_mixin.py:188} INFO - [2026-05-31T20:31:32.217+0000] {dagbag.py:545} INFO - Filling up the DagBag from /opt/airflow/dags/retailco_dag.py
[2026-05-31T20:31:32.280+0000] {processor.py:840} INFO - DAG(s) 'retailco_master_pipeline' retrieved from /opt/airflow/dags/retailco_dag.py
[2026-05-31T20:31:32.348+0000] {logging_mixin.py:188} INFO - [2026-05-31T20:31:32.347+0000] {dag.py:3096} INFO - Sync 1 DAGs
[2026-05-31T20:31:32.398+0000] {logging_mixin.py:188} INFO - [2026-05-31T20:31:32.398+0000] {dag.py:3954} INFO - Setting next_dagrun for retailco_master_pipeline to 2026-05-31 00:00:00+00:00, run_after=2026-06-01 00:00:00+00:00
[2026-05-31T20:31:32.436+0000] {processor.py:183} INFO - Processing /opt/airflow/dags/retailco_dag.py took 0.242 seconds
[2026-05-31T20:32:02.630+0000] {processor.py:161} INFO - Started process (PID=4146) to work on /opt/airflow/dags/retailco_dag.py
[2026-05-31T20:32:02.632+0000] {processor.py:830} INFO - Processing file /opt/airflow/dags/retailco_dag.py for tasks to queue
[2026-05-31T20:32:02.636+0000] {logging_mixin.py:188} INFO - [2026-05-31T20:32:02.635+0000] {dagbag.py:545} INFO - Filling up the DagBag from /opt/airflow/dags/retailco_dag.py
[2026-05-31T20:32:02.690+0000] {processor.py:840} INFO - DAG(s) 'retailco_master_pipeline' retrieved from /opt/airflow/dags/retailco_dag.py
[2026-05-31T20:32:02.755+0000] {logging_mixin.py:188} INFO - [2026-05-31T20:32:02.755+0000] {dag.py:3096} INFO - Sync 1 DAGs
[2026-05-31T20:32:02.800+0000] {logging_mixin.py:188} INFO - [2026-05-31T20:32:02.800+0000] {dag.py:3954} INFO - Setting next_dagrun for retailco_master_pipeline to 2026-05-31 00:00:00+00:00, run_after=2026-06-01 00:00:00+00:00
[2026-05-31T20:32:02.844+0000] {processor.py:183} INFO - Processing /opt/airflow/dags/retailco_dag.py took 0.227 seconds
[2026-05-31T20:32:33.324+0000] {processor.py:161} INFO - Started process (PID=4151) to work on /opt/airflow/dags/retailco_dag.py
[2026-05-31T20:32:33.326+0000] {processor.py:830} INFO - Processing file /opt/airflow/dags/retailco_dag.py for tasks to queue
[2026-05-31T20:32:33.330+0000] {logging_mixin.py:188} INFO - [2026-05-31T20:32:33.329+0000] {dagbag.py:545} INFO - Filling up the DagBag from /opt/airflow/dags/retailco_dag.py
[2026-05-31T20:32:33.392+0000] {processor.py:840} INFO - DAG(s) 'retailco_master_pipeline' retrieved from /opt/airflow/dags/retailco_dag.py
[2026-05-31T20:32:33.471+0000] {logging_mixin.py:188} INFO - [2026-05-31T20:32:33.471+0000] {dag.py:3096} INFO - Sync 1 DAGs
[2026-05-31T20:32:33.534+0000] {logging_mixin.py:188} INFO - [2026-05-31T20:32:33.533+0000] {dag.py:3954} INFO - Setting next_dagrun for retailco_master_pipeline to 2026-05-31 00:00:00+00:00, run_after=2026-06-01 00:00:00+00:00
[2026-05-31T20:32:33.622+0000] {processor.py:183} INFO - Processing /opt/airflow/dags/retailco_dag.py took 0.311 seconds
[2026-05-31T20:33:03.835+0000] {processor.py:161} INFO - Started process (PID=4156) to work on /opt/airflow/dags/retailco_dag.py
[2026-05-31T20:33:03.838+0000] {processor.py:830} INFO - Processing file /opt/airflow/dags/retailco_dag.py for tasks to queue
[2026-05-31T20:33:03.844+0000] {logging_mixin.py:188} INFO - [2026-05-31T20:33:03.843+0000] {dagbag.py:545} INFO - Filling up the DagBag from /opt/airflow/dags/retailco_dag.py
[2026-05-31T20:33:03.918+0000] {processor.py:840} INFO - DAG(s) 'retailco_master_pipeline' retrieved from /opt/airflow/dags/retailco_dag.py
[2026-05-31T20:33:03.986+0000] {logging_mixin.py:188} INFO - [2026-05-31T20:33:03.985+0000] {dag.py:3096} INFO - Sync 1 DAGs
[2026-05-31T20:33:04.027+0000] {logging_mixin.py:188} INFO - [2026-05-31T20:33:04.027+0000] {dag.py:3954} INFO - Setting next_dagrun for retailco_master_pipeline to 2026-05-31 00:00:00+00:00, run_after=2026-06-01 00:00:00+00:00
[2026-05-31T20:33:04.071+0000] {processor.py:183} INFO - Processing /opt/airflow/dags/retailco_dag.py took 0.267 seconds
[2026-05-31T20:33:34.578+0000] {processor.py:161} INFO - Started process (PID=4161) to work on /opt/airflow/dags/retailco_dag.py
[2026-05-31T20:33:34.580+0000] {processor.py:830} INFO - Processing file /opt/airflow/dags/retailco_dag.py for tasks to queue
[2026-05-31T20:33:34.583+0000] {logging_mixin.py:188} INFO - [2026-05-31T20:33:34.582+0000] {dagbag.py:545} INFO - Filling up the DagBag from /opt/airflow/dags/retailco_dag.py
[2026-05-31T20:33:34.646+0000] {processor.py:840} INFO - DAG(s) 'retailco_master_pipeline' retrieved from /opt/airflow/dags/retailco_dag.py
[2026-05-31T20:33:34.715+0000] {logging_mixin.py:188} INFO - [2026-05-31T20:33:34.715+0000] {dag.py:3096} INFO - Sync 1 DAGs
[2026-05-31T20:33:34.753+0000] {logging_mixin.py:188} INFO - [2026-05-31T20:33:34.753+0000] {dag.py:3954} INFO - Setting next_dagrun for retailco_master_pipeline to 2026-05-31 00:00:00+00:00, run_after=2026-06-01 00:00:00+00:00
[2026-05-31T20:33:34.799+0000] {processor.py:183} INFO - Processing /opt/airflow/dags/retailco_dag.py took 0.233 seconds
[2026-05-31T20:34:05.007+0000] {processor.py:161} INFO - Started process (PID=4166) to work on /opt/airflow/dags/retailco_dag.py
[2026-05-31T20:34:05.010+0000] {processor.py:830} INFO - Processing file /opt/airflow/dags/retailco_dag.py for tasks to queue
[2026-05-31T20:34:05.013+0000] {logging_mixin.py:188} INFO - [2026-05-31T20:34:05.012+0000] {dagbag.py:545} INFO - Filling up the DagBag from /opt/airflow/dags/retailco_dag.py
[2026-05-31T20:34:05.074+0000] {processor.py:840} INFO - DAG(s) 'retailco_master_pipeline' retrieved from /opt/airflow/dags/retailco_dag.py
[2026-05-31T20:34:05.139+0000] {logging_mixin.py:188} INFO - [2026-05-31T20:34:05.139+0000] {dag.py:3096} INFO - Sync 1 DAGs
[2026-05-31T20:34:05.184+0000] {logging_mixin.py:188} INFO - [2026-05-31T20:34:05.184+0000] {dag.py:3954} INFO - Setting next_dagrun for retailco_master_pipeline to 2026-05-31 00:00:00+00:00, run_after=2026-06-01 00:00:00+00:00
[2026-05-31T20:34:05.229+0000] {processor.py:183} INFO - Processing /opt/airflow/dags/retailco_dag.py took 0.233 seconds
[2026-05-31T20:34:35.715+0000] {processor.py:161} INFO - Started process (PID=4171) to work on /opt/airflow/dags/retailco_dag.py
[2026-05-31T20:34:35.721+0000] {processor.py:830} INFO - Processing file /opt/airflow/dags/retailco_dag.py for tasks to queue
[2026-05-31T20:34:35.728+0000] {logging_mixin.py:188} INFO - [2026-05-31T20:34:35.727+0000] {dagbag.py:545} INFO - Filling up the DagBag from /opt/airflow/dags/retailco_dag.py
[2026-05-31T20:34:35.791+0000] {processor.py:840} INFO - DAG(s) 'retailco_master_pipeline' retrieved from /opt/airflow/dags/retailco_dag.py
[2026-05-31T20:34:35.908+0000] {logging_mixin.py:188} INFO - [2026-05-31T20:34:35.907+0000] {dag.py:3096} INFO - Sync 1 DAGs
[2026-05-31T20:34:35.975+0000] {logging_mixin.py:188} INFO - [2026-05-31T20:34:35.974+0000] {dag.py:3954} INFO - Setting next_dagrun for retailco_master_pipeline to 2026-05-31 00:00:00+00:00, run_after=2026-06-01 00:00:00+00:00
[2026-05-31T20:34:36.044+0000] {processor.py:183} INFO - Processing /opt/airflow/dags/retailco_dag.py took 0.346 seconds
[2026-05-31T20:35:06.573+0000] {processor.py:161} INFO - Started process (PID=4176) to work on /opt/airflow/dags/retailco_dag.py
[2026-05-31T20:35:06.575+0000] {processor.py:830} INFO - Processing file /opt/airflow/dags/retailco_dag.py for tasks to queue
[2026-05-31T20:35:06.578+0000] {logging_mixin.py:188} INFO - [2026-05-31T20:35:06.578+0000] {dagbag.py:545} INFO - Filling up the DagBag from /opt/airflow/dags/retailco_dag.py
[2026-05-31T20:35:06.653+0000] {processor.py:840} INFO - DAG(s) 'retailco_master_pipeline' retrieved from /opt/airflow/dags/retailco_dag.py
[2026-05-31T20:35:06.716+0000] {logging_mixin.py:188} INFO - [2026-05-31T20:35:06.716+0000] {dag.py:3096} INFO - Sync 1 DAGs
[2026-05-31T20:35:06.764+0000] {logging_mixin.py:188} INFO - [2026-05-31T20:35:06.763+0000] {dag.py:3954} INFO - Setting next_dagrun for retailco_master_pipeline to 2026-05-31 00:00:00+00:00, run_after=2026-06-01 00:00:00+00:00
[2026-05-31T20:35:06.815+0000] {processor.py:183} INFO - Processing /opt/airflow/dags/retailco_dag.py took 0.253 seconds
[2026-05-31T20:35:37.049+0000] {processor.py:161} INFO - Started process (PID=4181) to work on /opt/airflow/dags/retailco_dag.py
[2026-05-31T20:35:37.052+0000] {processor.py:830} INFO - Processing file /opt/airflow/dags/retailco_dag.py for tasks to queue
[2026-05-31T20:35:37.057+0000] {logging_mixin.py:188} INFO - [2026-05-31T20:35:37.056+0000] {dagbag.py:545} INFO - Filling up the DagBag from /opt/airflow/dags/retailco_dag.py
[2026-05-31T20:35:37.139+0000] {processor.py:840} INFO - DAG(s) 'retailco_master_pipeline' retrieved from /opt/airflow/dags/retailco_dag.py
[2026-05-31T20:35:37.201+0000] {logging_mixin.py:188} INFO - [2026-05-31T20:35:37.201+0000] {dag.py:3096} INFO - Sync 1 DAGs
[2026-05-31T20:35:37.240+0000] {logging_mixin.py:188} INFO - [2026-05-31T20:35:37.240+0000] {dag.py:3954} INFO - Setting next_dagrun for retailco_master_pipeline to 2026-05-31 00:00:00+00:00, run_after=2026-06-01 00:00:00+00:00
[2026-05-31T20:35:37.286+0000] {processor.py:183} INFO - Processing /opt/airflow/dags/retailco_dag.py took 0.253 seconds
[2026-05-31T20:36:07.500+0000] {processor.py:161} INFO - Started process (PID=4186) to work on /opt/airflow/dags/retailco_dag.py
[2026-05-31T20:36:07.502+0000] {processor.py:830} INFO - Processing file /opt/airflow/dags/retailco_dag.py for tasks to queue
[2026-05-31T20:36:07.507+0000] {logging_mixin.py:188} INFO - [2026-05-31T20:36:07.506+0000] {dagbag.py:545} INFO - Filling up the DagBag from /opt/airflow/dags/retailco_dag.py
[2026-05-31T20:36:07.587+0000] {processor.py:840} INFO - DAG(s) 'retailco_master_pipeline' retrieved from /opt/airflow/dags/retailco_dag.py
[2026-05-31T20:36:07.647+0000] {logging_mixin.py:188} INFO - [2026-05-31T20:36:07.646+0000] {dag.py:3096} INFO - Sync 1 DAGs
[2026-05-31T20:36:07.681+0000] {logging_mixin.py:188} INFO - [2026-05-31T20:36:07.681+0000] {dag.py:3954} INFO - Setting next_dagrun for retailco_master_pipeline to 2026-05-31 00:00:00+00:00, run_after=2026-06-01 00:00:00+00:00
[2026-05-31T20:36:07.731+0000] {processor.py:183} INFO - Processing /opt/airflow/dags/retailco_dag.py took 0.244 seconds
[2026-05-31T20:36:38.014+0000] {processor.py:161} INFO - Started process (PID=4191) to work on /opt/airflow/dags/retailco_dag.py
[2026-05-31T20:36:38.016+0000] {processor.py:830} INFO - Processing file /opt/airflow/dags/retailco_dag.py for tasks to queue
[2026-05-31T20:36:38.020+0000] {logging_mixin.py:188} INFO - [2026-05-31T20:36:38.020+0000] {dagbag.py:545} INFO - Filling up the DagBag from /opt/airflow/dags/retailco_dag.py
[2026-05-31T20:36:38.088+0000] {processor.py:840} INFO - DAG(s) 'retailco_master_pipeline' retrieved from /opt/airflow/dags/retailco_dag.py
[2026-05-31T20:36:38.141+0000] {logging_mixin.py:188} INFO - [2026-05-31T20:36:38.140+0000] {dag.py:3096} INFO - Sync 1 DAGs
[2026-05-31T20:36:38.174+0000] {logging_mixin.py:188} INFO - [2026-05-31T20:36:38.174+0000] {dag.py:3954} INFO - Setting next_dagrun for retailco_master_pipeline to 2026-05-31 00:00:00+00:00, run_after=2026-06-01 00:00:00+00:00
[2026-05-31T20:36:38.215+0000] {processor.py:183} INFO - Processing /opt/airflow/dags/retailco_dag.py took 0.213 seconds
[2026-05-31T20:37:08.811+0000] {processor.py:161} INFO - Started process (PID=4196) to work on /opt/airflow/dags/retailco_dag.py
[2026-05-31T20:37:08.814+0000] {processor.py:830} INFO - Processing file /opt/airflow/dags/retailco_dag.py for tasks to queue
[2026-05-31T20:37:08.818+0000] {logging_mixin.py:188} INFO - [2026-05-31T20:37:08.817+0000] {dagbag.py:545} INFO - Filling up the DagBag from /opt/airflow/dags/retailco_dag.py
[2026-05-31T20:37:08.890+0000] {processor.py:840} INFO - DAG(s) 'retailco_master_pipeline' retrieved from /opt/airflow/dags/retailco_dag.py
[2026-05-31T20:37:08.950+0000] {logging_mixin.py:188} INFO - [2026-05-31T20:37:08.950+0000] {dag.py:3096} INFO - Sync 1 DAGs
[2026-05-31T20:37:08.995+0000] {logging_mixin.py:188} INFO - [2026-05-31T20:37:08.995+0000] {dag.py:3954} INFO - Setting next_dagrun for retailco_master_pipeline to 2026-05-31 00:00:00+00:00, run_after=2026-06-01 00:00:00+00:00
[2026-05-31T20:37:09.047+0000] {processor.py:183} INFO - Processing /opt/airflow/dags/retailco_dag.py took 0.248 seconds
[2026-05-31T20:37:39.310+0000] {processor.py:161} INFO - Started process (PID=4201) to work on /opt/airflow/dags/retailco_dag.py
[2026-05-31T20:37:39.312+0000] {processor.py:830} INFO - Processing file /opt/airflow/dags/retailco_dag.py for tasks to queue
[2026-05-31T20:37:39.315+0000] {logging_mixin.py:188} INFO - [2026-05-31T20:37:39.314+0000] {dagbag.py:545} INFO - Filling up the DagBag from /opt/airflow/dags/retailco_dag.py
[2026-05-31T20:37:39.380+0000] {processor.py:840} INFO - DAG(s) 'retailco_master_pipeline' retrieved from /opt/airflow/dags/retailco_dag.py
[2026-05-31T20:37:39.448+0000] {logging_mixin.py:188} INFO - [2026-05-31T20:37:39.448+0000] {dag.py:3096} INFO - Sync 1 DAGs
[2026-05-31T20:37:39.494+0000] {logging_mixin.py:188} INFO - [2026-05-31T20:37:39.494+0000] {dag.py:3954} INFO - Setting next_dagrun for retailco_master_pipeline to 2026-05-31 00:00:00+00:00, run_after=2026-06-01 00:00:00+00:00
[2026-05-31T20:37:39.547+0000] {processor.py:183} INFO - Processing /opt/airflow/dags/retailco_dag.py took 0.250 seconds
[2026-05-31T20:38:10.078+0000] {processor.py:161} INFO - Started process (PID=4206) to work on /opt/airflow/dags/retailco_dag.py
[2026-05-31T20:38:10.080+0000] {processor.py:830} INFO - Processing file /opt/airflow/dags/retailco_dag.py for tasks to queue
[2026-05-31T20:38:10.084+0000] {logging_mixin.py:188} INFO - [2026-05-31T20:38:10.084+0000] {dagbag.py:545} INFO - Filling up the DagBag from /opt/airflow/dags/retailco_dag.py
[2026-05-31T20:38:10.151+0000] {processor.py:840} INFO - DAG(s) 'retailco_master_pipeline' retrieved from /opt/airflow/dags/retailco_dag.py
[2026-05-31T20:38:10.205+0000] {logging_mixin.py:188} INFO - [2026-05-31T20:38:10.205+0000] {dag.py:3096} INFO - Sync 1 DAGs
[2026-05-31T20:38:10.262+0000] {logging_mixin.py:188} INFO - [2026-05-31T20:38:10.262+0000] {dag.py:3954} INFO - Setting next_dagrun for retailco_master_pipeline to 2026-05-31 00:00:00+00:00, run_after=2026-06-01 00:00:00+00:00
[2026-05-31T20:38:10.320+0000] {processor.py:183} INFO - Processing /opt/airflow/dags/retailco_dag.py took 0.253 seconds
[2026-05-31T20:38:40.597+0000] {processor.py:161} INFO - Started process (PID=4211) to work on /opt/airflow/dags/retailco_dag.py
[2026-05-31T20:38:40.599+0000] {processor.py:830} INFO - Processing file /opt/airflow/dags/retailco_dag.py for tasks to queue
[2026-05-31T20:38:40.603+0000] {logging_mixin.py:188} INFO - [2026-05-31T20:38:40.602+0000] {dagbag.py:545} INFO - Filling up the DagBag from /opt/airflow/dags/retailco_dag.py
[2026-05-31T20:38:40.660+0000] {processor.py:840} INFO - DAG(s) 'retailco_master_pipeline' retrieved from /opt/airflow/dags/retailco_dag.py
[2026-05-31T20:38:40.713+0000] {logging_mixin.py:188} INFO - [2026-05-31T20:38:40.713+0000] {dag.py:3096} INFO - Sync 1 DAGs
[2026-05-31T20:38:40.764+0000] {logging_mixin.py:188} INFO - [2026-05-31T20:38:40.764+0000] {dag.py:3954} INFO - Setting next_dagrun for retailco_master_pipeline to 2026-05-31 00:00:00+00:00, run_after=2026-06-01 00:00:00+00:00
[2026-05-31T20:38:40.809+0000] {processor.py:183} INFO - Processing /opt/airflow/dags/retailco_dag.py took 0.226 seconds
[2026-05-31T20:39:11.303+0000] {processor.py:161} INFO - Started process (PID=4216) to work on /opt/airflow/dags/retailco_dag.py
[2026-05-31T20:39:11.305+0000] {processor.py:830} INFO - Processing file /opt/airflow/dags/retailco_dag.py for tasks to queue
[2026-05-31T20:39:11.309+0000] {logging_mixin.py:188} INFO - [2026-05-31T20:39:11.308+0000] {dagbag.py:545} INFO - Filling up the DagBag from /opt/airflow/dags/retailco_dag.py
[2026-05-31T20:39:11.369+0000] {processor.py:840} INFO - DAG(s) 'retailco_master_pipeline' retrieved from /opt/airflow/dags/retailco_dag.py
[2026-05-31T20:39:11.428+0000] {logging_mixin.py:188} INFO - [2026-05-31T20:39:11.428+0000] {dag.py:3096} INFO - Sync 1 DAGs
[2026-05-31T20:39:11.473+0000] {logging_mixin.py:188} INFO - [2026-05-31T20:39:11.472+0000] {dag.py:3954} INFO - Setting next_dagrun for retailco_master_pipeline to 2026-05-31 00:00:00+00:00, run_after=2026-06-01 00:00:00+00:00
[2026-05-31T20:39:11.518+0000] {processor.py:183} INFO - Processing /opt/airflow/dags/retailco_dag.py took 0.224 seconds
[2026-05-31T20:39:41.835+0000] {processor.py:161} INFO - Started process (PID=4221) to work on /opt/airflow/dags/retailco_dag.py
[2026-05-31T20:39:41.837+0000] {processor.py:830} INFO - Processing file /opt/airflow/dags/retailco_dag.py for tasks to queue
[2026-05-31T20:39:41.843+0000] {logging_mixin.py:188} INFO - [2026-05-31T20:39:41.842+0000] {dagbag.py:545} INFO - Filling up the DagBag from /opt/airflow/dags/retailco_dag.py
[2026-05-31T20:39:41.911+0000] {processor.py:840} INFO - DAG(s) 'retailco_master_pipeline' retrieved from /opt/airflow/dags/retailco_dag.py
[2026-05-31T20:39:42.002+0000] {logging_mixin.py:188} INFO - [2026-05-31T20:39:42.001+0000] {dag.py:3096} INFO - Sync 1 DAGs
[2026-05-31T20:39:42.058+0000] {logging_mixin.py:188} INFO - [2026-05-31T20:39:42.057+0000] {dag.py:3954} INFO - Setting next_dagrun for retailco_master_pipeline to 2026-05-31 00:00:00+00:00, run_after=2026-06-01 00:00:00+00:00
[2026-05-31T20:39:42.102+0000] {processor.py:183} INFO - Processing /opt/airflow/dags/retailco_dag.py took 0.279 seconds
[2026-05-31T20:40:12.706+0000] {processor.py:161} INFO - Started process (PID=4226) to work on /opt/airflow/dags/retailco_dag.py
[2026-05-31T20:40:12.708+0000] {processor.py:830} INFO - Processing file /opt/airflow/dags/retailco_dag.py for tasks to queue
[2026-05-31T20:40:12.712+0000] {logging_mixin.py:188} INFO - [2026-05-31T20:40:12.711+0000] {dagbag.py:545} INFO - Filling up the DagBag from /opt/airflow/dags/retailco_dag.py
[2026-05-31T20:40:12.779+0000] {processor.py:840} INFO - DAG(s) 'retailco_master_pipeline' retrieved from /opt/airflow/dags/retailco_dag.py
[2026-05-31T20:40:12.852+0000] {logging_mixin.py:188} INFO - [2026-05-31T20:40:12.852+0000] {dag.py:3096} INFO - Sync 1 DAGs
[2026-05-31T20:40:12.898+0000] {logging_mixin.py:188} INFO - [2026-05-31T20:40:12.897+0000] {dag.py:3954} INFO - Setting next_dagrun for retailco_master_pipeline to 2026-05-31 00:00:00+00:00, run_after=2026-06-01 00:00:00+00:00
[2026-05-31T20:40:12.947+0000] {processor.py:183} INFO - Processing /opt/airflow/dags/retailco_dag.py took 0.251 seconds
[2026-05-31T20:40:43.366+0000] {processor.py:161} INFO - Started process (PID=4231) to work on /opt/airflow/dags/retailco_dag.py
[2026-05-31T20:40:43.369+0000] {processor.py:830} INFO - Processing file /opt/airflow/dags/retailco_dag.py for tasks to queue
[2026-05-31T20:40:43.374+0000] {logging_mixin.py:188} INFO - [2026-05-31T20:40:43.374+0000] {dagbag.py:545} INFO - Filling up the DagBag from /opt/airflow/dags/retailco_dag.py
[2026-05-31T20:40:43.454+0000] {processor.py:840} INFO - DAG(s) 'retailco_master_pipeline' retrieved from /opt/airflow/dags/retailco_dag.py
[2026-05-31T20:40:43.504+0000] {logging_mixin.py:188} INFO - [2026-05-31T20:40:43.503+0000] {dag.py:3096} INFO - Sync 1 DAGs
[2026-05-31T20:40:43.541+0000] {logging_mixin.py:188} INFO - [2026-05-31T20:40:43.541+0000] {dag.py:3954} INFO - Setting next_dagrun for retailco_master_pipeline to 2026-05-31 00:00:00+00:00, run_after=2026-06-01 00:00:00+00:00
[2026-05-31T20:40:43.595+0000] {processor.py:183} INFO - Processing /opt/airflow/dags/retailco_dag.py took 0.244 seconds
[2026-05-31T20:41:14.202+0000] {processor.py:161} INFO - Started process (PID=4236) to work on /opt/airflow/dags/retailco_dag.py
[2026-05-31T20:41:14.207+0000] {processor.py:830} INFO - Processing file /opt/airflow/dags/retailco_dag.py for tasks to queue
[2026-05-31T20:41:14.214+0000] {logging_mixin.py:188} INFO - [2026-05-31T20:41:14.213+0000] {dagbag.py:545} INFO - Filling up the DagBag from /opt/airflow/dags/retailco_dag.py
[2026-05-31T20:41:14.274+0000] {processor.py:840} INFO - DAG(s) 'retailco_master_pipeline' retrieved from /opt/airflow/dags/retailco_dag.py
[2026-05-31T20:41:14.338+0000] {logging_mixin.py:188} INFO - [2026-05-31T20:41:14.337+0000] {dag.py:3096} INFO - Sync 1 DAGs
[2026-05-31T20:41:14.400+0000] {logging_mixin.py:188} INFO - [2026-05-31T20:41:14.399+0000] {dag.py:3954} INFO - Setting next_dagrun for retailco_master_pipeline to 2026-05-31 00:00:00+00:00, run_after=2026-06-01 00:00:00+00:00
[2026-05-31T20:41:14.457+0000] {processor.py:183} INFO - Processing /opt/airflow/dags/retailco_dag.py took 0.277 seconds
[2026-05-31T20:41:44.849+0000] {processor.py:161} INFO - Started process (PID=4241) to work on /opt/airflow/dags/retailco_dag.py
[2026-05-31T20:41:44.851+0000] {processor.py:830} INFO - Processing file /opt/airflow/dags/retailco_dag.py for tasks to queue
[2026-05-31T20:41:44.855+0000] {logging_mixin.py:188} INFO - [2026-05-31T20:41:44.855+0000] {dagbag.py:545} INFO - Filling up the DagBag from /opt/airflow/dags/retailco_dag.py
[2026-05-31T20:41:44.938+0000] {processor.py:840} INFO - DAG(s) 'retailco_master_pipeline' retrieved from /opt/airflow/dags/retailco_dag.py
[2026-05-31T20:41:45.005+0000] {logging_mixin.py:188} INFO - [2026-05-31T20:41:45.004+0000] {dag.py:3096} INFO - Sync 1 DAGs
[2026-05-31T20:41:45.051+0000] {logging_mixin.py:188} INFO - [2026-05-31T20:41:45.050+0000] {dag.py:3954} INFO - Setting next_dagrun for retailco_master_pipeline to 2026-05-31 00:00:00+00:00, run_after=2026-06-01 00:00:00+00:00
[2026-05-31T20:41:45.103+0000] {processor.py:183} INFO - Processing /opt/airflow/dags/retailco_dag.py took 0.279 seconds
[2026-05-31T20:42:15.615+0000] {processor.py:161} INFO - Started process (PID=4246) to work on /opt/airflow/dags/retailco_dag.py
[2026-05-31T20:42:15.617+0000] {processor.py:830} INFO - Processing file /opt/airflow/dags/retailco_dag.py for tasks to queue
[2026-05-31T20:42:15.623+0000] {logging_mixin.py:188} INFO - [2026-05-31T20:42:15.623+0000] {dagbag.py:545} INFO - Filling up the DagBag from /opt/airflow/dags/retailco_dag.py
[2026-05-31T20:42:15.702+0000] {processor.py:840} INFO - DAG(s) 'retailco_master_pipeline' retrieved from /opt/airflow/dags/retailco_dag.py
[2026-05-31T20:42:15.760+0000] {logging_mixin.py:188} INFO - [2026-05-31T20:42:15.760+0000] {dag.py:3096} INFO - Sync 1 DAGs
[2026-05-31T20:42:15.793+0000] {logging_mixin.py:188} INFO - [2026-05-31T20:42:15.793+0000] {dag.py:3954} INFO - Setting next_dagrun for retailco_master_pipeline to 2026-05-31 00:00:00+00:00, run_after=2026-06-01 00:00:00+00:00
[2026-05-31T20:42:15.850+0000] {processor.py:183} INFO - Processing /opt/airflow/dags/retailco_dag.py took 0.251 seconds
[2026-05-31T20:42:46.261+0000] {processor.py:161} INFO - Started process (PID=4251) to work on /opt/airflow/dags/retailco_dag.py
[2026-05-31T20:42:46.263+0000] {processor.py:830} INFO - Processing file /opt/airflow/dags/retailco_dag.py for tasks to queue
[2026-05-31T20:42:46.268+0000] {logging_mixin.py:188} INFO - [2026-05-31T20:42:46.267+0000] {dagbag.py:545} INFO - Filling up the DagBag from /opt/airflow/dags/retailco_dag.py
[2026-05-31T20:42:46.372+0000] {processor.py:840} INFO - DAG(s) 'retailco_master_pipeline' retrieved from /opt/airflow/dags/retailco_dag.py
[2026-05-31T20:42:46.453+0000] {logging_mixin.py:188} INFO - [2026-05-31T20:42:46.453+0000] {dag.py:3096} INFO - Sync 1 DAGs
[2026-05-31T20:42:46.498+0000] {logging_mixin.py:188} INFO - [2026-05-31T20:42:46.497+0000] {dag.py:3954} INFO - Setting next_dagrun for retailco_master_pipeline to 2026-05-31 00:00:00+00:00, run_after=2026-06-01 00:00:00+00:00
[2026-05-31T20:42:46.536+0000] {processor.py:183} INFO - Processing /opt/airflow/dags/retailco_dag.py took 0.292 seconds
[2026-05-31T20:43:17.045+0000] {processor.py:161} INFO - Started process (PID=4256) to work on /opt/airflow/dags/retailco_dag.py
[2026-05-31T20:43:17.048+0000] {processor.py:830} INFO - Processing file /opt/airflow/dags/retailco_dag.py for tasks to queue
[2026-05-31T20:43:17.052+0000] {logging_mixin.py:188} INFO - [2026-05-31T20:43:17.051+0000] {dagbag.py:545} INFO - Filling up the DagBag from /opt/airflow/dags/retailco_dag.py
[2026-05-31T20:43:17.111+0000] {processor.py:840} INFO - DAG(s) 'retailco_master_pipeline' retrieved from /opt/airflow/dags/retailco_dag.py
[2026-05-31T20:43:17.169+0000] {logging_mixin.py:188} INFO - [2026-05-31T20:43:17.168+0000] {dag.py:3096} INFO - Sync 1 DAGs
[2026-05-31T20:43:17.228+0000] {logging_mixin.py:188} INFO - [2026-05-31T20:43:17.228+0000] {dag.py:3954} INFO - Setting next_dagrun for retailco_master_pipeline to 2026-05-31 00:00:00+00:00, run_after=2026-06-01 00:00:00+00:00
[2026-05-31T20:43:17.303+0000] {processor.py:183} INFO - Processing /opt/airflow/dags/retailco_dag.py took 0.270 seconds
[2026-05-31T20:43:47.652+0000] {processor.py:161} INFO - Started process (PID=4261) to work on /opt/airflow/dags/retailco_dag.py
[2026-05-31T20:43:47.654+0000] {processor.py:830} INFO - Processing file /opt/airflow/dags/retailco_dag.py for tasks to queue
[2026-05-31T20:43:47.658+0000] {logging_mixin.py:188} INFO - [2026-05-31T20:43:47.658+0000] {dagbag.py:545} INFO - Filling up the DagBag from /opt/airflow/dags/retailco_dag.py
[2026-05-31T20:43:47.736+0000] {processor.py:840} INFO - DAG(s) 'retailco_master_pipeline' retrieved from /opt/airflow/dags/retailco_dag.py
[2026-05-31T20:43:47.788+0000] {logging_mixin.py:188} INFO - [2026-05-31T20:43:47.787+0000] {dag.py:3096} INFO - Sync 1 DAGs
[2026-05-31T20:43:47.835+0000] {logging_mixin.py:188} INFO - [2026-05-31T20:43:47.835+0000] {dag.py:3954} INFO - Setting next_dagrun for retailco_master_pipeline to 2026-05-31 00:00:00+00:00, run_after=2026-06-01 00:00:00+00:00
[2026-05-31T20:43:47.893+0000] {processor.py:183} INFO - Processing /opt/airflow/dags/retailco_dag.py took 0.250 seconds
[2026-05-31T20:44:18.439+0000] {processor.py:161} INFO - Started process (PID=4266) to work on /opt/airflow/dags/retailco_dag.py
[2026-05-31T20:44:18.443+0000] {processor.py:830} INFO - Processing file /opt/airflow/dags/retailco_dag.py for tasks to queue
[2026-05-31T20:44:18.452+0000] {logging_mixin.py:188} INFO - [2026-05-31T20:44:18.451+0000] {dagbag.py:545} INFO - Filling up the DagBag from /opt/airflow/dags/retailco_dag.py
[2026-05-31T20:44:18.514+0000] {processor.py:840} INFO - DAG(s) 'retailco_master_pipeline' retrieved from /opt/airflow/dags/retailco_dag.py
[2026-05-31T20:44:18.589+0000] {logging_mixin.py:188} INFO - [2026-05-31T20:44:18.589+0000] {dag.py:3096} INFO - Sync 1 DAGs
[2026-05-31T20:44:18.630+0000] {logging_mixin.py:188} INFO - [2026-05-31T20:44:18.629+0000] {dag.py:3954} INFO - Setting next_dagrun for retailco_master_pipeline to 2026-05-31 00:00:00+00:00, run_after=2026-06-01 00:00:00+00:00
[2026-05-31T20:44:18.679+0000] {processor.py:183} INFO - Processing /opt/airflow/dags/retailco_dag.py took 0.254 seconds
[2026-05-31T20:44:48.994+0000] {processor.py:161} INFO - Started process (PID=4271) to work on /opt/airflow/dags/retailco_dag.py
[2026-05-31T20:44:48.996+0000] {processor.py:830} INFO - Processing file /opt/airflow/dags/retailco_dag.py for tasks to queue
[2026-05-31T20:44:48.999+0000] {logging_mixin.py:188} INFO - [2026-05-31T20:44:48.999+0000] {dagbag.py:545} INFO - Filling up the DagBag from /opt/airflow/dags/retailco_dag.py
[2026-05-31T20:44:49.075+0000] {processor.py:840} INFO - DAG(s) 'retailco_master_pipeline' retrieved from /opt/airflow/dags/retailco_dag.py
[2026-05-31T20:44:49.139+0000] {logging_mixin.py:188} INFO - [2026-05-31T20:44:49.138+0000] {dag.py:3096} INFO - Sync 1 DAGs
[2026-05-31T20:44:49.190+0000] {logging_mixin.py:188} INFO - [2026-05-31T20:44:49.189+0000] {dag.py:3954} INFO - Setting next_dagrun for retailco_master_pipeline to 2026-05-31 00:00:00+00:00, run_after=2026-06-01 00:00:00+00:00
[2026-05-31T20:44:49.241+0000] {processor.py:183} INFO - Processing /opt/airflow/dags/retailco_dag.py took 0.262 seconds
[2026-05-31T20:45:19.766+0000] {processor.py:161} INFO - Started process (PID=4276) to work on /opt/airflow/dags/retailco_dag.py
[2026-05-31T20:45:19.768+0000] {processor.py:830} INFO - Processing file /opt/airflow/dags/retailco_dag.py for tasks to queue
[2026-05-31T20:45:19.771+0000] {logging_mixin.py:188} INFO - [2026-05-31T20:45:19.771+0000] {dagbag.py:545} INFO - Filling up the DagBag from /opt/airflow/dags/retailco_dag.py
[2026-05-31T20:45:19.851+0000] {processor.py:840} INFO - DAG(s) 'retailco_master_pipeline' retrieved from /opt/airflow/dags/retailco_dag.py
[2026-05-31T20:45:19.911+0000] {logging_mixin.py:188} INFO - [2026-05-31T20:45:19.911+0000] {dag.py:3096} INFO - Sync 1 DAGs
[2026-05-31T20:45:19.967+0000] {logging_mixin.py:188} INFO - [2026-05-31T20:45:19.967+0000] {dag.py:3954} INFO - Setting next_dagrun for retailco_master_pipeline to 2026-05-31 00:00:00+00:00, run_after=2026-06-01 00:00:00+00:00
[2026-05-31T20:45:20.021+0000] {processor.py:183} INFO - Processing /opt/airflow/dags/retailco_dag.py took 0.266 seconds
[2026-05-31T20:45:50.611+0000] {processor.py:161} INFO - Started process (PID=4281) to work on /opt/airflow/dags/retailco_dag.py
[2026-05-31T20:45:50.613+0000] {processor.py:830} INFO - Processing file /opt/airflow/dags/retailco_dag.py for tasks to queue
[2026-05-31T20:45:50.616+0000] {logging_mixin.py:188} INFO - [2026-05-31T20:45:50.616+0000] {dagbag.py:545} INFO - Filling up the DagBag from /opt/airflow/dags/retailco_dag.py
[2026-05-31T20:45:50.686+0000] {processor.py:840} INFO - DAG(s) 'retailco_master_pipeline' retrieved from /opt/airflow/dags/retailco_dag.py
[2026-05-31T20:45:50.737+0000] {logging_mixin.py:188} INFO - [2026-05-31T20:45:50.736+0000] {dag.py:3096} INFO - Sync 1 DAGs
[2026-05-31T20:45:50.783+0000] {logging_mixin.py:188} INFO - [2026-05-31T20:45:50.782+0000] {dag.py:3954} INFO - Setting next_dagrun for retailco_master_pipeline to 2026-05-31 00:00:00+00:00, run_after=2026-06-01 00:00:00+00:00
[2026-05-31T20:45:50.837+0000] {processor.py:183} INFO - Processing /opt/airflow/dags/retailco_dag.py took 0.236 seconds
[2026-05-31T20:46:21.163+0000] {processor.py:161} INFO - Started process (PID=4286) to work on /opt/airflow/dags/retailco_dag.py
[2026-05-31T20:46:21.165+0000] {processor.py:830} INFO - Processing file /opt/airflow/dags/retailco_dag.py for tasks to queue
[2026-05-31T20:46:21.169+0000] {logging_mixin.py:188} INFO - [2026-05-31T20:46:21.169+0000] {dagbag.py:545} INFO - Filling up the DagBag from /opt/airflow/dags/retailco_dag.py
[2026-05-31T20:46:21.235+0000] {processor.py:840} INFO - DAG(s) 'retailco_master_pipeline' retrieved from /opt/airflow/dags/retailco_dag.py
[2026-05-31T20:46:21.298+0000] {logging_mixin.py:188} INFO - [2026-05-31T20:46:21.298+0000] {dag.py:3096} INFO - Sync 1 DAGs
[2026-05-31T20:46:21.353+0000] {logging_mixin.py:188} INFO - [2026-05-31T20:46:21.353+0000] {dag.py:3954} INFO - Setting next_dagrun for retailco_master_pipeline to 2026-05-31 00:00:00+00:00, run_after=2026-06-01 00:00:00+00:00
[2026-05-31T20:46:21.407+0000] {processor.py:183} INFO - Processing /opt/airflow/dags/retailco_dag.py took 0.256 seconds
[2026-05-31T20:46:51.951+0000] {processor.py:161} INFO - Started process (PID=4291) to work on /opt/airflow/dags/retailco_dag.py
[2026-05-31T20:46:51.953+0000] {processor.py:830} INFO - Processing file /opt/airflow/dags/retailco_dag.py for tasks to queue
[2026-05-31T20:46:51.958+0000] {logging_mixin.py:188} INFO - [2026-05-31T20:46:51.957+0000] {dagbag.py:545} INFO - Filling up the DagBag from /opt/airflow/dags/retailco_dag.py
[2026-05-31T20:46:52.035+0000] {processor.py:840} INFO - DAG(s) 'retailco_master_pipeline' retrieved from /opt/airflow/dags/retailco_dag.py
[2026-05-31T20:46:52.083+0000] {logging_mixin.py:188} INFO - [2026-05-31T20:46:52.083+0000] {dag.py:3096} INFO - Sync 1 DAGs
[2026-05-31T20:46:52.116+0000] {logging_mixin.py:188} INFO - [2026-05-31T20:46:52.116+0000] {dag.py:3954} INFO - Setting next_dagrun for retailco_master_pipeline to 2026-05-31 00:00:00+00:00, run_after=2026-06-01 00:00:00+00:00
[2026-05-31T20:46:52.170+0000] {processor.py:183} INFO - Processing /opt/airflow/dags/retailco_dag.py took 0.230 seconds
[2026-05-31T20:47:22.551+0000] {processor.py:161} INFO - Started process (PID=4296) to work on /opt/airflow/dags/retailco_dag.py
[2026-05-31T20:47:22.554+0000] {processor.py:830} INFO - Processing file /opt/airflow/dags/retailco_dag.py for tasks to queue
[2026-05-31T20:47:22.559+0000] {logging_mixin.py:188} INFO - [2026-05-31T20:47:22.559+0000] {dagbag.py:545} INFO - Filling up the DagBag from /opt/airflow/dags/retailco_dag.py
[2026-05-31T20:47:22.623+0000] {processor.py:840} INFO - DAG(s) 'retailco_master_pipeline' retrieved from /opt/airflow/dags/retailco_dag.py
[2026-05-31T20:47:22.692+0000] {logging_mixin.py:188} INFO - [2026-05-31T20:47:22.692+0000] {dag.py:3096} INFO - Sync 1 DAGs
[2026-05-31T20:47:22.744+0000] {logging_mixin.py:188} INFO - [2026-05-31T20:47:22.743+0000] {dag.py:3954} INFO - Setting next_dagrun for retailco_master_pipeline to 2026-05-31 00:00:00+00:00, run_after=2026-06-01 00:00:00+00:00
[2026-05-31T20:47:22.796+0000] {processor.py:183} INFO - Processing /opt/airflow/dags/retailco_dag.py took 0.259 seconds
[2026-05-31T20:47:53.355+0000] {processor.py:161} INFO - Started process (PID=4301) to work on /opt/airflow/dags/retailco_dag.py
[2026-05-31T20:47:53.357+0000] {processor.py:830} INFO - Processing file /opt/airflow/dags/retailco_dag.py for tasks to queue
[2026-05-31T20:47:53.361+0000] {logging_mixin.py:188} INFO - [2026-05-31T20:47:53.360+0000] {dagbag.py:545} INFO - Filling up the DagBag from /opt/airflow/dags/retailco_dag.py
[2026-05-31T20:47:53.428+0000] {processor.py:840} INFO - DAG(s) 'retailco_master_pipeline' retrieved from /opt/airflow/dags/retailco_dag.py
[2026-05-31T20:47:53.476+0000] {logging_mixin.py:188} INFO - [2026-05-31T20:47:53.475+0000] {dag.py:3096} INFO - Sync 1 DAGs
[2026-05-31T20:47:53.514+0000] {logging_mixin.py:188} INFO - [2026-05-31T20:47:53.514+0000] {dag.py:3954} INFO - Setting next_dagrun for retailco_master_pipeline to 2026-05-31 00:00:00+00:00, run_after=2026-06-01 00:00:00+00:00
[2026-05-31T20:47:53.566+0000] {processor.py:183} INFO - Processing /opt/airflow/dags/retailco_dag.py took 0.222 seconds
[2026-05-31T20:48:23.970+0000] {processor.py:161} INFO - Started process (PID=4306) to work on /opt/airflow/dags/retailco_dag.py
[2026-05-31T20:48:23.972+0000] {processor.py:830} INFO - Processing file /opt/airflow/dags/retailco_dag.py for tasks to queue
[2026-05-31T20:48:23.976+0000] {logging_mixin.py:188} INFO - [2026-05-31T20:48:23.975+0000] {dagbag.py:545} INFO - Filling up the DagBag from /opt/airflow/dags/retailco_dag.py
[2026-05-31T20:48:24.036+0000] {processor.py:840} INFO - DAG(s) 'retailco_master_pipeline' retrieved from /opt/airflow/dags/retailco_dag.py
[2026-05-31T20:48:24.103+0000] {logging_mixin.py:188} INFO - [2026-05-31T20:48:24.103+0000] {dag.py:3096} INFO - Sync 1 DAGs
[2026-05-31T20:48:24.144+0000] {logging_mixin.py:188} INFO - [2026-05-31T20:48:24.143+0000] {dag.py:3954} INFO - Setting next_dagrun for retailco_master_pipeline to 2026-05-31 00:00:00+00:00, run_after=2026-06-01 00:00:00+00:00
[2026-05-31T20:48:24.197+0000] {processor.py:183} INFO - Processing /opt/airflow/dags/retailco_dag.py took 0.239 seconds
[2026-05-31T20:48:54.808+0000] {processor.py:161} INFO - Started process (PID=4311) to work on /opt/airflow/dags/retailco_dag.py
[2026-05-31T20:48:54.814+0000] {processor.py:830} INFO - Processing file /opt/airflow/dags/retailco_dag.py for tasks to queue
[2026-05-31T20:48:54.824+0000] {logging_mixin.py:188} INFO - [2026-05-31T20:48:54.822+0000] {dagbag.py:545} INFO - Filling up the DagBag from /opt/airflow/dags/retailco_dag.py
[2026-05-31T20:48:54.973+0000] {processor.py:840} INFO - DAG(s) 'retailco_master_pipeline' retrieved from /opt/airflow/dags/retailco_dag.py
[2026-05-31T20:48:55.053+0000] {logging_mixin.py:188} INFO - [2026-05-31T20:48:55.053+0000] {dag.py:3096} INFO - Sync 1 DAGs
[2026-05-31T20:48:55.087+0000] {logging_mixin.py:188} INFO - [2026-05-31T20:48:55.087+0000] {dag.py:3954} INFO - Setting next_dagrun for retailco_master_pipeline to 2026-05-31 00:00:00+00:00, run_after=2026-06-01 00:00:00+00:00
[2026-05-31T20:48:55.139+0000] {processor.py:183} INFO - Processing /opt/airflow/dags/retailco_dag.py took 0.363 seconds
[2026-05-31T20:49:25.332+0000] {processor.py:161} INFO - Started process (PID=4316) to work on /opt/airflow/dags/retailco_dag.py
[2026-05-31T20:49:25.335+0000] {processor.py:830} INFO - Processing file /opt/airflow/dags/retailco_dag.py for tasks to queue
[2026-05-31T20:49:25.340+0000] {logging_mixin.py:188} INFO - [2026-05-31T20:49:25.339+0000] {dagbag.py:545} INFO - Filling up the DagBag from /opt/airflow/dags/retailco_dag.py
[2026-05-31T20:49:25.423+0000] {processor.py:840} INFO - DAG(s) 'retailco_master_pipeline' retrieved from /opt/airflow/dags/retailco_dag.py
[2026-05-31T20:49:25.500+0000] {logging_mixin.py:188} INFO - [2026-05-31T20:49:25.500+0000] {dag.py:3096} INFO - Sync 1 DAGs
[2026-05-31T20:49:25.551+0000] {logging_mixin.py:188} INFO - [2026-05-31T20:49:25.551+0000] {dag.py:3954} INFO - Setting next_dagrun for retailco_master_pipeline to 2026-05-31 00:00:00+00:00, run_after=2026-06-01 00:00:00+00:00
[2026-05-31T20:49:25.605+0000] {processor.py:183} INFO - Processing /opt/airflow/dags/retailco_dag.py took 0.288 seconds
[2026-05-31T20:49:56.239+0000] {processor.py:161} INFO - Started process (PID=4321) to work on /opt/airflow/dags/retailco_dag.py
[2026-05-31T20:49:56.242+0000] {processor.py:830} INFO - Processing file /opt/airflow/dags/retailco_dag.py for tasks to queue
[2026-05-31T20:49:56.247+0000] {logging_mixin.py:188} INFO - [2026-05-31T20:49:56.246+0000] {dagbag.py:545} INFO - Filling up the DagBag from /opt/airflow/dags/retailco_dag.py
[2026-05-31T20:49:56.311+0000] {processor.py:840} INFO - DAG(s) 'retailco_master_pipeline' retrieved from /opt/airflow/dags/retailco_dag.py
[2026-05-31T20:49:56.387+0000] {logging_mixin.py:188} INFO - [2026-05-31T20:49:56.386+0000] {dag.py:3096} INFO - Sync 1 DAGs
[2026-05-31T20:49:56.429+0000] {logging_mixin.py:188} INFO - [2026-05-31T20:49:56.428+0000] {dag.py:3954} INFO - Setting next_dagrun for retailco_master_pipeline to 2026-05-31 00:00:00+00:00, run_after=2026-06-01 00:00:00+00:00
[2026-05-31T20:49:56.485+0000] {processor.py:183} INFO - Processing /opt/airflow/dags/retailco_dag.py took 0.260 seconds
[2026-05-31T20:50:26.790+0000] {processor.py:161} INFO - Started process (PID=4326) to work on /opt/airflow/dags/retailco_dag.py
[2026-05-31T20:50:26.792+0000] {processor.py:830} INFO - Processing file /opt/airflow/dags/retailco_dag.py for tasks to queue
[2026-05-31T20:50:26.796+0000] {logging_mixin.py:188} INFO - [2026-05-31T20:50:26.795+0000] {dagbag.py:545} INFO - Filling up the DagBag from /opt/airflow/dags/retailco_dag.py
[2026-05-31T20:50:26.860+0000] {processor.py:840} INFO - DAG(s) 'retailco_master_pipeline' retrieved from /opt/airflow/dags/retailco_dag.py
[2026-05-31T20:50:26.918+0000] {logging_mixin.py:188} INFO - [2026-05-31T20:50:26.918+0000] {dag.py:3096} INFO - Sync 1 DAGs
[2026-05-31T20:50:26.961+0000] {logging_mixin.py:188} INFO - [2026-05-31T20:50:26.961+0000] {dag.py:3954} INFO - Setting next_dagrun for retailco_master_pipeline to 2026-05-31 00:00:00+00:00, run_after=2026-06-01 00:00:00+00:00
[2026-05-31T20:50:27.009+0000] {processor.py:183} INFO - Processing /opt/airflow/dags/retailco_dag.py took 0.231 seconds
[2026-05-31T20:50:57.855+0000] {processor.py:161} INFO - Started process (PID=4331) to work on /opt/airflow/dags/retailco_dag.py
[2026-05-31T20:50:57.858+0000] {processor.py:830} INFO - Processing file /opt/airflow/dags/retailco_dag.py for tasks to queue
[2026-05-31T20:50:57.863+0000] {logging_mixin.py:188} INFO - [2026-05-31T20:50:57.862+0000] {dagbag.py:545} INFO - Filling up the DagBag from /opt/airflow/dags/retailco_dag.py
[2026-05-31T20:50:57.933+0000] {processor.py:840} INFO - DAG(s) 'retailco_master_pipeline' retrieved from /opt/airflow/dags/retailco_dag.py
[2026-05-31T20:50:57.995+0000] {logging_mixin.py:188} INFO - [2026-05-31T20:50:57.994+0000] {dag.py:3096} INFO - Sync 1 DAGs
[2026-05-31T20:50:58.025+0000] {logging_mixin.py:188} INFO - [2026-05-31T20:50:58.025+0000] {dag.py:3954} INFO - Setting next_dagrun for retailco_master_pipeline to 2026-05-31 00:00:00+00:00, run_after=2026-06-01 00:00:00+00:00
[2026-05-31T20:50:58.071+0000] {processor.py:183} INFO - Processing /opt/airflow/dags/retailco_dag.py took 0.228 seconds
[2026-05-31T20:51:28.480+0000] {processor.py:161} INFO - Started process (PID=4336) to work on /opt/airflow/dags/retailco_dag.py
[2026-05-31T20:51:28.483+0000] {processor.py:830} INFO - Processing file /opt/airflow/dags/retailco_dag.py for tasks to queue
[2026-05-31T20:51:28.488+0000] {logging_mixin.py:188} INFO - [2026-05-31T20:51:28.487+0000] {dagbag.py:545} INFO - Filling up the DagBag from /opt/airflow/dags/retailco_dag.py
[2026-05-31T20:51:28.571+0000] {processor.py:840} INFO - DAG(s) 'retailco_master_pipeline' retrieved from /opt/airflow/dags/retailco_dag.py
[2026-05-31T20:51:28.640+0000] {logging_mixin.py:188} INFO - [2026-05-31T20:51:28.639+0000] {dag.py:3096} INFO - Sync 1 DAGs
[2026-05-31T20:51:28.672+0000] {logging_mixin.py:188} INFO - [2026-05-31T20:51:28.672+0000] {dag.py:3954} INFO - Setting next_dagrun for retailco_master_pipeline to 2026-05-31 00:00:00+00:00, run_after=2026-06-01 00:00:00+00:00
[2026-05-31T20:51:28.716+0000] {processor.py:183} INFO - Processing /opt/airflow/dags/retailco_dag.py took 0.252 seconds
[2026-05-31T20:51:59.143+0000] {processor.py:161} INFO - Started process (PID=4341) to work on /opt/airflow/dags/retailco_dag.py
[2026-05-31T20:51:59.145+0000] {processor.py:830} INFO - Processing file /opt/airflow/dags/retailco_dag.py for tasks to queue
[2026-05-31T20:51:59.150+0000] {logging_mixin.py:188} INFO - [2026-05-31T20:51:59.149+0000] {dagbag.py:545} INFO - Filling up the DagBag from /opt/airflow/dags/retailco_dag.py
[2026-05-31T20:51:59.214+0000] {processor.py:840} INFO - DAG(s) 'retailco_master_pipeline' retrieved from /opt/airflow/dags/retailco_dag.py
[2026-05-31T20:51:59.270+0000] {logging_mixin.py:188} INFO - [2026-05-31T20:51:59.269+0000] {dag.py:3096} INFO - Sync 1 DAGs
[2026-05-31T20:51:59.307+0000] {logging_mixin.py:188} INFO - [2026-05-31T20:51:59.307+0000] {dag.py:3954} INFO - Setting next_dagrun for retailco_master_pipeline to 2026-05-31 00:00:00+00:00, run_after=2026-06-01 00:00:00+00:00
[2026-05-31T20:51:59.360+0000] {processor.py:183} INFO - Processing /opt/airflow/dags/retailco_dag.py took 0.234 seconds
[2026-05-31T20:52:29.857+0000] {processor.py:161} INFO - Started process (PID=4346) to work on /opt/airflow/dags/retailco_dag.py
[2026-05-31T20:52:29.858+0000] {processor.py:830} INFO - Processing file /opt/airflow/dags/retailco_dag.py for tasks to queue
[2026-05-31T20:52:29.862+0000] {logging_mixin.py:188} INFO - [2026-05-31T20:52:29.862+0000] {dagbag.py:545} INFO - Filling up the DagBag from /opt/airflow/dags/retailco_dag.py
[2026-05-31T20:52:29.931+0000] {processor.py:840} INFO - DAG(s) 'retailco_master_pipeline' retrieved from /opt/airflow/dags/retailco_dag.py
[2026-05-31T20:52:29.997+0000] {logging_mixin.py:188} INFO - [2026-05-31T20:52:29.996+0000] {dag.py:3096} INFO - Sync 1 DAGs
[2026-05-31T20:52:30.034+0000] {logging_mixin.py:188} INFO - [2026-05-31T20:52:30.033+0000] {dag.py:3954} INFO - Setting next_dagrun for retailco_master_pipeline to 2026-05-31 00:00:00+00:00, run_after=2026-06-01 00:00:00+00:00
[2026-05-31T20:52:30.082+0000] {processor.py:183} INFO - Processing /opt/airflow/dags/retailco_dag.py took 0.237 seconds
[2026-05-31T20:53:00.447+0000] {processor.py:161} INFO - Started process (PID=4351) to work on /opt/airflow/dags/retailco_dag.py
[2026-05-31T20:53:00.449+0000] {processor.py:830} INFO - Processing file /opt/airflow/dags/retailco_dag.py for tasks to queue
[2026-05-31T20:53:00.453+0000] {logging_mixin.py:188} INFO - [2026-05-31T20:53:00.452+0000] {dagbag.py:545} INFO - Filling up the DagBag from /opt/airflow/dags/retailco_dag.py
[2026-05-31T20:53:00.519+0000] {processor.py:840} INFO - DAG(s) 'retailco_master_pipeline' retrieved from /opt/airflow/dags/retailco_dag.py
[2026-05-31T20:53:00.579+0000] {logging_mixin.py:188} INFO - [2026-05-31T20:53:00.578+0000] {dag.py:3096} INFO - Sync 1 DAGs
[2026-05-31T20:53:00.634+0000] {logging_mixin.py:188} INFO - [2026-05-31T20:53:00.633+0000] {dag.py:3954} INFO - Setting next_dagrun for retailco_master_pipeline to 2026-05-31 00:00:00+00:00, run_after=2026-06-01 00:00:00+00:00
[2026-05-31T20:53:00.672+0000] {processor.py:183} INFO - Processing /opt/airflow/dags/retailco_dag.py took 0.239 seconds
[2026-05-31T20:53:30.886+0000] {processor.py:161} INFO - Started process (PID=4356) to work on /opt/airflow/dags/retailco_dag.py
[2026-05-31T20:53:30.890+0000] {processor.py:830} INFO - Processing file /opt/airflow/dags/retailco_dag.py for tasks to queue
[2026-05-31T20:53:30.894+0000] {logging_mixin.py:188} INFO - [2026-05-31T20:53:30.894+0000] {dagbag.py:545} INFO - Filling up the DagBag from /opt/airflow/dags/retailco_dag.py
[2026-05-31T20:53:30.959+0000] {processor.py:840} INFO - DAG(s) 'retailco_master_pipeline' retrieved from /opt/airflow/dags/retailco_dag.py
[2026-05-31T20:53:31.022+0000] {logging_mixin.py:188} INFO - [2026-05-31T20:53:31.022+0000] {dag.py:3096} INFO - Sync 1 DAGs
[2026-05-31T20:53:31.067+0000] {logging_mixin.py:188} INFO - [2026-05-31T20:53:31.067+0000] {dag.py:3954} INFO - Setting next_dagrun for retailco_master_pipeline to 2026-05-31 00:00:00+00:00, run_after=2026-06-01 00:00:00+00:00
[2026-05-31T20:53:31.110+0000] {processor.py:183} INFO - Processing /opt/airflow/dags/retailco_dag.py took 0.242 seconds
[2026-05-31T20:54:01.549+0000] {processor.py:161} INFO - Started process (PID=4361) to work on /opt/airflow/dags/retailco_dag.py
[2026-05-31T20:54:01.551+0000] {processor.py:830} INFO - Processing file /opt/airflow/dags/retailco_dag.py for tasks to queue
[2026-05-31T20:54:01.557+0000] {logging_mixin.py:188} INFO - [2026-05-31T20:54:01.556+0000] {dagbag.py:545} INFO - Filling up the DagBag from /opt/airflow/dags/retailco_dag.py
[2026-05-31T20:54:01.618+0000] {processor.py:840} INFO - DAG(s) 'retailco_master_pipeline' retrieved from /opt/airflow/dags/retailco_dag.py
[2026-05-31T20:54:01.673+0000] {logging_mixin.py:188} INFO - [2026-05-31T20:54:01.672+0000] {dag.py:3096} INFO - Sync 1 DAGs
[2026-05-31T20:54:01.723+0000] {logging_mixin.py:188} INFO - [2026-05-31T20:54:01.723+0000] {dag.py:3954} INFO - Setting next_dagrun for retailco_master_pipeline to 2026-05-31 00:00:00+00:00, run_after=2026-06-01 00:00:00+00:00
[2026-05-31T20:54:01.775+0000] {processor.py:183} INFO - Processing /opt/airflow/dags/retailco_dag.py took 0.242 seconds
[2026-05-31T20:54:32.126+0000] {processor.py:161} INFO - Started process (PID=4366) to work on /opt/airflow/dags/retailco_dag.py
[2026-05-31T20:54:32.128+0000] {processor.py:830} INFO - Processing file /opt/airflow/dags/retailco_dag.py for tasks to queue
[2026-05-31T20:54:32.132+0000] {logging_mixin.py:188} INFO - [2026-05-31T20:54:32.131+0000] {dagbag.py:545} INFO - Filling up the DagBag from /opt/airflow/dags/retailco_dag.py
[2026-05-31T20:54:32.220+0000] {processor.py:840} INFO - DAG(s) 'retailco_master_pipeline' retrieved from /opt/airflow/dags/retailco_dag.py
[2026-05-31T20:54:32.299+0000] {logging_mixin.py:188} INFO - [2026-05-31T20:54:32.298+0000] {dag.py:3096} INFO - Sync 1 DAGs
[2026-05-31T20:54:32.335+0000] {logging_mixin.py:188} INFO - [2026-05-31T20:54:32.334+0000] {dag.py:3954} INFO - Setting next_dagrun for retailco_master_pipeline to 2026-05-31 00:00:00+00:00, run_after=2026-06-01 00:00:00+00:00
[2026-05-31T20:54:32.397+0000] {processor.py:183} INFO - Processing /opt/airflow/dags/retailco_dag.py took 0.283 seconds
[2026-05-31T20:55:02.862+0000] {processor.py:161} INFO - Started process (PID=4371) to work on /opt/airflow/dags/retailco_dag.py
[2026-05-31T20:55:02.865+0000] {processor.py:830} INFO - Processing file /opt/airflow/dags/retailco_dag.py for tasks to queue
[2026-05-31T20:55:02.870+0000] {logging_mixin.py:188} INFO - [2026-05-31T20:55:02.869+0000] {dagbag.py:545} INFO - Filling up the DagBag from /opt/airflow/dags/retailco_dag.py
[2026-05-31T20:55:02.940+0000] {processor.py:840} INFO - DAG(s) 'retailco_master_pipeline' retrieved from /opt/airflow/dags/retailco_dag.py
[2026-05-31T20:55:03.000+0000] {logging_mixin.py:188} INFO - [2026-05-31T20:55:02.999+0000] {dag.py:3096} INFO - Sync 1 DAGs
[2026-05-31T20:55:03.039+0000] {logging_mixin.py:188} INFO - [2026-05-31T20:55:03.039+0000] {dag.py:3954} INFO - Setting next_dagrun for retailco_master_pipeline to 2026-05-31 00:00:00+00:00, run_after=2026-06-01 00:00:00+00:00
[2026-05-31T20:55:03.084+0000] {processor.py:183} INFO - Processing /opt/airflow/dags/retailco_dag.py took 0.233 seconds
[2026-05-31T20:55:33.817+0000] {processor.py:161} INFO - Started process (PID=4376) to work on /opt/airflow/dags/retailco_dag.py
[2026-05-31T20:55:33.820+0000] {processor.py:830} INFO - Processing file /opt/airflow/dags/retailco_dag.py for tasks to queue
[2026-05-31T20:55:33.826+0000] {logging_mixin.py:188} INFO - [2026-05-31T20:55:33.825+0000] {dagbag.py:545} INFO - Filling up the DagBag from /opt/airflow/dags/retailco_dag.py
[2026-05-31T20:55:33.908+0000] {processor.py:840} INFO - DAG(s) 'retailco_master_pipeline' retrieved from /opt/airflow/dags/retailco_dag.py
[2026-05-31T20:55:33.969+0000] {logging_mixin.py:188} INFO - [2026-05-31T20:55:33.969+0000] {dag.py:3096} INFO - Sync 1 DAGs
[2026-05-31T20:55:34.002+0000] {logging_mixin.py:188} INFO - [2026-05-31T20:55:34.001+0000] {dag.py:3954} INFO - Setting next_dagrun for retailco_master_pipeline to 2026-05-31 00:00:00+00:00, run_after=2026-06-01 00:00:00+00:00
[2026-05-31T20:55:34.049+0000] {processor.py:183} INFO - Processing /opt/airflow/dags/retailco_dag.py took 0.250 seconds
[2026-05-31T20:56:04.293+0000] {processor.py:161} INFO - Started process (PID=4381) to work on /opt/airflow/dags/retailco_dag.py
[2026-05-31T20:56:04.296+0000] {processor.py:830} INFO - Processing file /opt/airflow/dags/retailco_dag.py for tasks to queue
[2026-05-31T20:56:04.301+0000] {logging_mixin.py:188} INFO - [2026-05-31T20:56:04.301+0000] {dagbag.py:545} INFO - Filling up the DagBag from /opt/airflow/dags/retailco_dag.py
[2026-05-31T20:56:04.379+0000] {processor.py:840} INFO - DAG(s) 'retailco_master_pipeline' retrieved from /opt/airflow/dags/retailco_dag.py
[2026-05-31T20:56:04.431+0000] {logging_mixin.py:188} INFO - [2026-05-31T20:56:04.431+0000] {dag.py:3096} INFO - Sync 1 DAGs
[2026-05-31T20:56:04.471+0000] {logging_mixin.py:188} INFO - [2026-05-31T20:56:04.471+0000] {dag.py:3954} INFO - Setting next_dagrun for retailco_master_pipeline to 2026-05-31 00:00:00+00:00, run_after=2026-06-01 00:00:00+00:00
[2026-05-31T20:56:04.509+0000] {processor.py:183} INFO - Processing /opt/airflow/dags/retailco_dag.py took 0.227 seconds
[2026-05-31T20:56:34.804+0000] {processor.py:161} INFO - Started process (PID=4386) to work on /opt/airflow/dags/retailco_dag.py
[2026-05-31T20:56:34.807+0000] {processor.py:830} INFO - Processing file /opt/airflow/dags/retailco_dag.py for tasks to queue
[2026-05-31T20:56:34.815+0000] {logging_mixin.py:188} INFO - [2026-05-31T20:56:34.814+0000] {dagbag.py:545} INFO - Filling up the DagBag from /opt/airflow/dags/retailco_dag.py
[2026-05-31T20:56:34.904+0000] {processor.py:840} INFO - DAG(s) 'retailco_master_pipeline' retrieved from /opt/airflow/dags/retailco_dag.py
[2026-05-31T20:56:35.004+0000] {logging_mixin.py:188} INFO - [2026-05-31T20:56:35.003+0000] {dag.py:3096} INFO - Sync 1 DAGs
[2026-05-31T20:56:35.071+0000] {logging_mixin.py:188} INFO - [2026-05-31T20:56:35.070+0000] {dag.py:3954} INFO - Setting next_dagrun for retailco_master_pipeline to 2026-05-31 00:00:00+00:00, run_after=2026-06-01 00:00:00+00:00
[2026-05-31T20:56:35.119+0000] {processor.py:183} INFO - Processing /opt/airflow/dags/retailco_dag.py took 0.330 seconds
[2026-05-31T20:57:05.716+0000] {processor.py:161} INFO - Started process (PID=4391) to work on /opt/airflow/dags/retailco_dag.py
[2026-05-31T20:57:05.723+0000] {processor.py:830} INFO - Processing file /opt/airflow/dags/retailco_dag.py for tasks to queue
[2026-05-31T20:57:05.737+0000] {logging_mixin.py:188} INFO - [2026-05-31T20:57:05.737+0000] {dagbag.py:545} INFO - Filling up the DagBag from /opt/airflow/dags/retailco_dag.py
[2026-05-31T20:57:06.172+0000] {processor.py:840} INFO - DAG(s) 'retailco_master_pipeline' retrieved from /opt/airflow/dags/retailco_dag.py
[2026-05-31T20:57:06.686+0000] {logging_mixin.py:188} INFO - [2026-05-31T20:57:06.685+0000] {dag.py:3096} INFO - Sync 1 DAGs
[2026-05-31T20:57:07.140+0000] {logging_mixin.py:188} INFO - [2026-05-31T20:57:07.137+0000] {dag.py:3954} INFO - Setting next_dagrun for retailco_master_pipeline to 2026-05-31 00:00:00+00:00, run_after=2026-06-01 00:00:00+00:00
[2026-05-31T20:57:07.293+0000] {processor.py:183} INFO - Processing /opt/airflow/dags/retailco_dag.py took 1.741 seconds
[2026-05-31T20:57:37.963+0000] {processor.py:161} INFO - Started process (PID=4396) to work on /opt/airflow/dags/retailco_dag.py
[2026-05-31T20:57:37.966+0000] {processor.py:830} INFO - Processing file /opt/airflow/dags/retailco_dag.py for tasks to queue
[2026-05-31T20:57:37.970+0000] {logging_mixin.py:188} INFO - [2026-05-31T20:57:37.969+0000] {dagbag.py:545} INFO - Filling up the DagBag from /opt/airflow/dags/retailco_dag.py
[2026-05-31T20:57:38.052+0000] {processor.py:840} INFO - DAG(s) 'retailco_master_pipeline' retrieved from /opt/airflow/dags/retailco_dag.py
[2026-05-31T20:57:38.126+0000] {logging_mixin.py:188} INFO - [2026-05-31T20:57:38.125+0000] {dag.py:3096} INFO - Sync 1 DAGs
[2026-05-31T20:57:38.179+0000] {logging_mixin.py:188} INFO - [2026-05-31T20:57:38.178+0000] {dag.py:3954} INFO - Setting next_dagrun for retailco_master_pipeline to 2026-05-31 00:00:00+00:00, run_after=2026-06-01 00:00:00+00:00
[2026-05-31T20:57:38.219+0000] {processor.py:183} INFO - Processing /opt/airflow/dags/retailco_dag.py took 0.271 seconds
[2026-05-31T20:58:08.695+0000] {processor.py:161} INFO - Started process (PID=4401) to work on /opt/airflow/dags/retailco_dag.py
[2026-05-31T20:58:08.697+0000] {processor.py:830} INFO - Processing file /opt/airflow/dags/retailco_dag.py for tasks to queue
[2026-05-31T20:58:08.701+0000] {logging_mixin.py:188} INFO - [2026-05-31T20:58:08.701+0000] {dagbag.py:545} INFO - Filling up the DagBag from /opt/airflow/dags/retailco_dag.py
[2026-05-31T20:58:08.754+0000] {processor.py:840} INFO - DAG(s) 'retailco_master_pipeline' retrieved from /opt/airflow/dags/retailco_dag.py
[2026-05-31T20:58:08.821+0000] {logging_mixin.py:188} INFO - [2026-05-31T20:58:08.820+0000] {dag.py:3096} INFO - Sync 1 DAGs
[2026-05-31T20:58:08.866+0000] {logging_mixin.py:188} INFO - [2026-05-31T20:58:08.865+0000] {dag.py:3954} INFO - Setting next_dagrun for retailco_master_pipeline to 2026-05-31 00:00:00+00:00, run_after=2026-06-01 00:00:00+00:00
[2026-05-31T20:58:08.918+0000] {processor.py:183} INFO - Processing /opt/airflow/dags/retailco_dag.py took 0.237 seconds
[2026-05-31T20:58:39.196+0000] {processor.py:161} INFO - Started process (PID=4406) to work on /opt/airflow/dags/retailco_dag.py
[2026-05-31T20:58:39.199+0000] {processor.py:830} INFO - Processing file /opt/airflow/dags/retailco_dag.py for tasks to queue
[2026-05-31T20:58:39.203+0000] {logging_mixin.py:188} INFO - [2026-05-31T20:58:39.203+0000] {dagbag.py:545} INFO - Filling up the DagBag from /opt/airflow/dags/retailco_dag.py
[2026-05-31T20:58:39.277+0000] {processor.py:840} INFO - DAG(s) 'retailco_master_pipeline' retrieved from /opt/airflow/dags/retailco_dag.py
[2026-05-31T20:58:39.352+0000] {logging_mixin.py:188} INFO - [2026-05-31T20:58:39.352+0000] {dag.py:3096} INFO - Sync 1 DAGs
[2026-05-31T20:58:39.406+0000] {logging_mixin.py:188} INFO - [2026-05-31T20:58:39.406+0000] {dag.py:3954} INFO - Setting next_dagrun for retailco_master_pipeline to 2026-05-31 00:00:00+00:00, run_after=2026-06-01 00:00:00+00:00
[2026-05-31T20:58:39.465+0000] {processor.py:183} INFO - Processing /opt/airflow/dags/retailco_dag.py took 0.283 seconds
[2026-05-31T20:59:09.978+0000] {processor.py:161} INFO - Started process (PID=4411) to work on /opt/airflow/dags/retailco_dag.py
[2026-05-31T20:59:09.995+0000] {processor.py:830} INFO - Processing file /opt/airflow/dags/retailco_dag.py for tasks to queue
[2026-05-31T20:59:10.006+0000] {logging_mixin.py:188} INFO - [2026-05-31T20:59:10.005+0000] {dagbag.py:545} INFO - Filling up the DagBag from /opt/airflow/dags/retailco_dag.py
[2026-05-31T20:59:10.094+0000] {processor.py:840} INFO - DAG(s) 'retailco_master_pipeline' retrieved from /opt/airflow/dags/retailco_dag.py
[2026-05-31T20:59:10.286+0000] {logging_mixin.py:188} INFO - [2026-05-31T20:59:10.285+0000] {dag.py:3096} INFO - Sync 1 DAGs
[2026-05-31T20:59:10.717+0000] {logging_mixin.py:188} INFO - [2026-05-31T20:59:10.717+0000] {dag.py:3954} INFO - Setting next_dagrun for retailco_master_pipeline to 2026-05-31 00:00:00+00:00, run_after=2026-06-01 00:00:00+00:00
[2026-05-31T20:59:10.778+0000] {processor.py:183} INFO - Processing /opt/airflow/dags/retailco_dag.py took 0.857 seconds
[2026-05-31T20:59:41.380+0000] {processor.py:161} INFO - Started process (PID=4417) to work on /opt/airflow/dags/retailco_dag.py
[2026-05-31T20:59:41.401+0000] {processor.py:830} INFO - Processing file /opt/airflow/dags/retailco_dag.py for tasks to queue
[2026-05-31T20:59:41.440+0000] {logging_mixin.py:188} INFO - [2026-05-31T20:59:41.434+0000] {dagbag.py:545} INFO - Filling up the DagBag from /opt/airflow/dags/retailco_dag.py
[2026-05-31T20:59:41.617+0000] {processor.py:840} INFO - DAG(s) 'retailco_master_pipeline' retrieved from /opt/airflow/dags/retailco_dag.py
[2026-05-31T20:59:41.950+0000] {logging_mixin.py:188} INFO - [2026-05-31T20:59:41.949+0000] {dag.py:3096} INFO - Sync 1 DAGs
[2026-05-31T20:59:42.280+0000] {logging_mixin.py:188} INFO - [2026-05-31T20:59:42.279+0000] {dag.py:3954} INFO - Setting next_dagrun for retailco_master_pipeline to 2026-05-31 00:00:00+00:00, run_after=2026-06-01 00:00:00+00:00
[2026-05-31T20:59:42.434+0000] {processor.py:183} INFO - Processing /opt/airflow/dags/retailco_dag.py took 1.114 seconds
[2026-05-31T21:00:12.958+0000] {processor.py:161} INFO - Started process (PID=4424) to work on /opt/airflow/dags/retailco_dag.py
[2026-05-31T21:00:12.968+0000] {processor.py:830} INFO - Processing file /opt/airflow/dags/retailco_dag.py for tasks to queue
[2026-05-31T21:00:12.991+0000] {logging_mixin.py:188} INFO - [2026-05-31T21:00:12.989+0000] {dagbag.py:545} INFO - Filling up the DagBag from /opt/airflow/dags/retailco_dag.py
[2026-05-31T21:00:13.164+0000] {processor.py:840} INFO - DAG(s) 'retailco_master_pipeline' retrieved from /opt/airflow/dags/retailco_dag.py
[2026-05-31T21:00:13.277+0000] {logging_mixin.py:188} INFO - [2026-05-31T21:00:13.277+0000] {dag.py:3096} INFO - Sync 1 DAGs
[2026-05-31T21:00:13.345+0000] {logging_mixin.py:188} INFO - [2026-05-31T21:00:13.344+0000] {dag.py:3954} INFO - Setting next_dagrun for retailco_master_pipeline to 2026-05-31 00:00:00+00:00, run_after=2026-06-01 00:00:00+00:00
[2026-05-31T21:00:13.405+0000] {processor.py:183} INFO - Processing /opt/airflow/dags/retailco_dag.py took 0.492 seconds
[2026-05-31T21:00:44.195+0000] {processor.py:161} INFO - Started process (PID=4429) to work on /opt/airflow/dags/retailco_dag.py
[2026-05-31T21:00:44.197+0000] {processor.py:830} INFO - Processing file /opt/airflow/dags/retailco_dag.py for tasks to queue
[2026-05-31T21:00:44.201+0000] {logging_mixin.py:188} INFO - [2026-05-31T21:00:44.200+0000] {dagbag.py:545} INFO - Filling up the DagBag from /opt/airflow/dags/retailco_dag.py
[2026-05-31T21:00:44.270+0000] {processor.py:840} INFO - DAG(s) 'retailco_master_pipeline' retrieved from /opt/airflow/dags/retailco_dag.py
[2026-05-31T21:00:44.347+0000] {logging_mixin.py:188} INFO - [2026-05-31T21:00:44.346+0000] {dag.py:3096} INFO - Sync 1 DAGs
[2026-05-31T21:00:44.402+0000] {logging_mixin.py:188} INFO - [2026-05-31T21:00:44.401+0000] {dag.py:3954} INFO - Setting next_dagrun for retailco_master_pipeline to 2026-05-31 00:00:00+00:00, run_after=2026-06-01 00:00:00+00:00
[2026-05-31T21:00:44.447+0000] {processor.py:183} INFO - Processing /opt/airflow/dags/retailco_dag.py took 0.264 seconds
[2026-05-31T21:01:14.980+0000] {processor.py:161} INFO - Started process (PID=4434) to work on /opt/airflow/dags/retailco_dag.py
[2026-05-31T21:01:14.984+0000] {processor.py:830} INFO - Processing file /opt/airflow/dags/retailco_dag.py for tasks to queue
[2026-05-31T21:01:14.992+0000] {logging_mixin.py:188} INFO - [2026-05-31T21:01:14.991+0000] {dagbag.py:545} INFO - Filling up the DagBag from /opt/airflow/dags/retailco_dag.py
[2026-05-31T21:01:15.090+0000] {processor.py:840} INFO - DAG(s) 'retailco_master_pipeline' retrieved from /opt/airflow/dags/retailco_dag.py
[2026-05-31T21:01:15.212+0000] {logging_mixin.py:188} INFO - [2026-05-31T21:01:15.212+0000] {dag.py:3096} INFO - Sync 1 DAGs
[2026-05-31T21:01:15.321+0000] {logging_mixin.py:188} INFO - [2026-05-31T21:01:15.320+0000] {dag.py:3954} INFO - Setting next_dagrun for retailco_master_pipeline to 2026-05-31 00:00:00+00:00, run_after=2026-06-01 00:00:00+00:00
[2026-05-31T21:01:15.398+0000] {processor.py:183} INFO - Processing /opt/airflow/dags/retailco_dag.py took 0.452 seconds
[2026-05-31T21:01:45.933+0000] {processor.py:161} INFO - Started process (PID=4439) to work on /opt/airflow/dags/retailco_dag.py
[2026-05-31T21:01:45.936+0000] {processor.py:830} INFO - Processing file /opt/airflow/dags/retailco_dag.py for tasks to queue
[2026-05-31T21:01:45.939+0000] {logging_mixin.py:188} INFO - [2026-05-31T21:01:45.939+0000] {dagbag.py:545} INFO - Filling up the DagBag from /opt/airflow/dags/retailco_dag.py
[2026-05-31T21:01:46.002+0000] {processor.py:840} INFO - DAG(s) 'retailco_master_pipeline' retrieved from /opt/airflow/dags/retailco_dag.py
[2026-05-31T21:01:46.072+0000] {logging_mixin.py:188} INFO - [2026-05-31T21:01:46.072+0000] {dag.py:3096} INFO - Sync 1 DAGs
[2026-05-31T21:01:46.127+0000] {logging_mixin.py:188} INFO - [2026-05-31T21:01:46.127+0000] {dag.py:3954} INFO - Setting next_dagrun for retailco_master_pipeline to 2026-05-31 00:00:00+00:00, run_after=2026-06-01 00:00:00+00:00
[2026-05-31T21:01:46.178+0000] {processor.py:183} INFO - Processing /opt/airflow/dags/retailco_dag.py took 0.257 seconds
[2026-05-31T21:02:16.347+0000] {processor.py:161} INFO - Started process (PID=4444) to work on /opt/airflow/dags/retailco_dag.py
[2026-05-31T21:02:16.349+0000] {processor.py:830} INFO - Processing file /opt/airflow/dags/retailco_dag.py for tasks to queue
[2026-05-31T21:02:16.352+0000] {logging_mixin.py:188} INFO - [2026-05-31T21:02:16.352+0000] {dagbag.py:545} INFO - Filling up the DagBag from /opt/airflow/dags/retailco_dag.py
[2026-05-31T21:02:16.418+0000] {processor.py:840} INFO - DAG(s) 'retailco_master_pipeline' retrieved from /opt/airflow/dags/retailco_dag.py
[2026-05-31T21:02:16.498+0000] {logging_mixin.py:188} INFO - [2026-05-31T21:02:16.497+0000] {dag.py:3096} INFO - Sync 1 DAGs
[2026-05-31T21:02:16.593+0000] {logging_mixin.py:188} INFO - [2026-05-31T21:02:16.592+0000] {dag.py:3954} INFO - Setting next_dagrun for retailco_master_pipeline to 2026-05-31 00:00:00+00:00, run_after=2026-06-01 00:00:00+00:00
[2026-05-31T21:02:16.648+0000] {processor.py:183} INFO - Processing /opt/airflow/dags/retailco_dag.py took 0.316 seconds
[2026-05-31T21:02:47.177+0000] {processor.py:161} INFO - Started process (PID=4449) to work on /opt/airflow/dags/retailco_dag.py
[2026-05-31T21:02:47.180+0000] {processor.py:830} INFO - Processing file /opt/airflow/dags/retailco_dag.py for tasks to queue
[2026-05-31T21:02:47.184+0000] {logging_mixin.py:188} INFO - [2026-05-31T21:02:47.184+0000] {dagbag.py:545} INFO - Filling up the DagBag from /opt/airflow/dags/retailco_dag.py
[2026-05-31T21:02:47.252+0000] {processor.py:840} INFO - DAG(s) 'retailco_master_pipeline' retrieved from /opt/airflow/dags/retailco_dag.py
[2026-05-31T21:02:47.361+0000] {logging_mixin.py:188} INFO - [2026-05-31T21:02:47.361+0000] {dag.py:3096} INFO - Sync 1 DAGs
[2026-05-31T21:02:47.408+0000] {logging_mixin.py:188} INFO - [2026-05-31T21:02:47.408+0000] {dag.py:3954} INFO - Setting next_dagrun for retailco_master_pipeline to 2026-05-31 00:00:00+00:00, run_after=2026-06-01 00:00:00+00:00
[2026-05-31T21:02:47.450+0000] {processor.py:183} INFO - Processing /opt/airflow/dags/retailco_dag.py took 0.289 seconds
[2026-05-31T21:03:17.725+0000] {processor.py:161} INFO - Started process (PID=4454) to work on /opt/airflow/dags/retailco_dag.py
[2026-05-31T21:03:17.728+0000] {processor.py:830} INFO - Processing file /opt/airflow/dags/retailco_dag.py for tasks to queue
[2026-05-31T21:03:17.732+0000] {logging_mixin.py:188} INFO - [2026-05-31T21:03:17.731+0000] {dagbag.py:545} INFO - Filling up the DagBag from /opt/airflow/dags/retailco_dag.py
[2026-05-31T21:03:17.806+0000] {processor.py:840} INFO - DAG(s) 'retailco_master_pipeline' retrieved from /opt/airflow/dags/retailco_dag.py
[2026-05-31T21:03:17.876+0000] {logging_mixin.py:188} INFO - [2026-05-31T21:03:17.875+0000] {dag.py:3096} INFO - Sync 1 DAGs
[2026-05-31T21:03:17.920+0000] {logging_mixin.py:188} INFO - [2026-05-31T21:03:17.920+0000] {dag.py:3954} INFO - Setting next_dagrun for retailco_master_pipeline to 2026-05-31 00:00:00+00:00, run_after=2026-06-01 00:00:00+00:00
[2026-05-31T21:03:17.983+0000] {processor.py:183} INFO - Processing /opt/airflow/dags/retailco_dag.py took 0.270 seconds
[2026-05-31T21:03:48.412+0000] {processor.py:161} INFO - Started process (PID=4459) to work on /opt/airflow/dags/retailco_dag.py
[2026-05-31T21:03:48.419+0000] {processor.py:830} INFO - Processing file /opt/airflow/dags/retailco_dag.py for tasks to queue
[2026-05-31T21:03:48.423+0000] {logging_mixin.py:188} INFO - [2026-05-31T21:03:48.422+0000] {dagbag.py:545} INFO - Filling up the DagBag from /opt/airflow/dags/retailco_dag.py
[2026-05-31T21:03:48.494+0000] {processor.py:840} INFO - DAG(s) 'retailco_master_pipeline' retrieved from /opt/airflow/dags/retailco_dag.py
[2026-05-31T21:03:48.589+0000] {logging_mixin.py:188} INFO - [2026-05-31T21:03:48.588+0000] {dag.py:3096} INFO - Sync 1 DAGs
[2026-05-31T21:03:48.684+0000] {logging_mixin.py:188} INFO - [2026-05-31T21:03:48.682+0000] {dag.py:3954} INFO - Setting next_dagrun for retailco_master_pipeline to 2026-05-31 00:00:00+00:00, run_after=2026-06-01 00:00:00+00:00
[2026-05-31T21:03:48.745+0000] {processor.py:183} INFO - Processing /opt/airflow/dags/retailco_dag.py took 0.353 seconds
[2026-05-31T21:04:18.924+0000] {processor.py:161} INFO - Started process (PID=4464) to work on /opt/airflow/dags/retailco_dag.py
[2026-05-31T21:04:18.926+0000] {processor.py:830} INFO - Processing file /opt/airflow/dags/retailco_dag.py for tasks to queue
[2026-05-31T21:04:18.931+0000] {logging_mixin.py:188} INFO - [2026-05-31T21:04:18.930+0000] {dagbag.py:545} INFO - Filling up the DagBag from /opt/airflow/dags/retailco_dag.py
[2026-05-31T21:04:19.013+0000] {processor.py:840} INFO - DAG(s) 'retailco_master_pipeline' retrieved from /opt/airflow/dags/retailco_dag.py
[2026-05-31T21:04:19.107+0000] {logging_mixin.py:188} INFO - [2026-05-31T21:04:19.107+0000] {dag.py:3096} INFO - Sync 1 DAGs
[2026-05-31T21:04:19.168+0000] {logging_mixin.py:188} INFO - [2026-05-31T21:04:19.168+0000] {dag.py:3954} INFO - Setting next_dagrun for retailco_master_pipeline to 2026-05-31 00:00:00+00:00, run_after=2026-06-01 00:00:00+00:00
[2026-05-31T21:04:19.213+0000] {processor.py:183} INFO - Processing /opt/airflow/dags/retailco_dag.py took 0.306 seconds
[2026-05-31T21:04:49.662+0000] {processor.py:161} INFO - Started process (PID=4469) to work on /opt/airflow/dags/retailco_dag.py
[2026-05-31T21:04:49.664+0000] {processor.py:830} INFO - Processing file /opt/airflow/dags/retailco_dag.py for tasks to queue
[2026-05-31T21:04:49.669+0000] {logging_mixin.py:188} INFO - [2026-05-31T21:04:49.668+0000] {dagbag.py:545} INFO - Filling up the DagBag from /opt/airflow/dags/retailco_dag.py
[2026-05-31T21:04:49.738+0000] {processor.py:840} INFO - DAG(s) 'retailco_master_pipeline' retrieved from /opt/airflow/dags/retailco_dag.py
[2026-05-31T21:04:49.803+0000] {logging_mixin.py:188} INFO - [2026-05-31T21:04:49.802+0000] {dag.py:3096} INFO - Sync 1 DAGs
[2026-05-31T21:04:49.849+0000] {logging_mixin.py:188} INFO - [2026-05-31T21:04:49.849+0000] {dag.py:3954} INFO - Setting next_dagrun for retailco_master_pipeline to 2026-05-31 00:00:00+00:00, run_after=2026-06-01 00:00:00+00:00
[2026-05-31T21:04:49.895+0000] {processor.py:183} INFO - Processing /opt/airflow/dags/retailco_dag.py took 0.245 seconds
[2026-05-31T21:05:20.164+0000] {processor.py:161} INFO - Started process (PID=4474) to work on /opt/airflow/dags/retailco_dag.py
[2026-05-31T21:05:20.167+0000] {processor.py:830} INFO - Processing file /opt/airflow/dags/retailco_dag.py for tasks to queue
[2026-05-31T21:05:20.171+0000] {logging_mixin.py:188} INFO - [2026-05-31T21:05:20.171+0000] {dagbag.py:545} INFO - Filling up the DagBag from /opt/airflow/dags/retailco_dag.py
[2026-05-31T21:05:20.225+0000] {processor.py:840} INFO - DAG(s) 'retailco_master_pipeline' retrieved from /opt/airflow/dags/retailco_dag.py
[2026-05-31T21:05:20.292+0000] {logging_mixin.py:188} INFO - [2026-05-31T21:05:20.292+0000] {dag.py:3096} INFO - Sync 1 DAGs
[2026-05-31T21:05:20.351+0000] {logging_mixin.py:188} INFO - [2026-05-31T21:05:20.350+0000] {dag.py:3954} INFO - Setting next_dagrun for retailco_master_pipeline to 2026-05-31 00:00:00+00:00, run_after=2026-06-01 00:00:00+00:00
[2026-05-31T21:05:20.404+0000] {processor.py:183} INFO - Processing /opt/airflow/dags/retailco_dag.py took 0.253 seconds
[2026-05-31T21:05:50.988+0000] {processor.py:161} INFO - Started process (PID=4479) to work on /opt/airflow/dags/retailco_dag.py
[2026-05-31T21:05:50.990+0000] {processor.py:830} INFO - Processing file /opt/airflow/dags/retailco_dag.py for tasks to queue
[2026-05-31T21:05:50.997+0000] {logging_mixin.py:188} INFO - [2026-05-31T21:05:50.996+0000] {dagbag.py:545} INFO - Filling up the DagBag from /opt/airflow/dags/retailco_dag.py
[2026-05-31T21:05:51.069+0000] {processor.py:840} INFO - DAG(s) 'retailco_master_pipeline' retrieved from /opt/airflow/dags/retailco_dag.py
[2026-05-31T21:05:51.134+0000] {logging_mixin.py:188} INFO - [2026-05-31T21:05:51.133+0000] {dag.py:3096} INFO - Sync 1 DAGs
[2026-05-31T21:05:51.182+0000] {logging_mixin.py:188} INFO - [2026-05-31T21:05:51.182+0000] {dag.py:3954} INFO - Setting next_dagrun for retailco_master_pipeline to 2026-05-31 00:00:00+00:00, run_after=2026-06-01 00:00:00+00:00
[2026-05-31T21:05:51.227+0000] {processor.py:183} INFO - Processing /opt/airflow/dags/retailco_dag.py took 0.251 seconds
[2026-05-31T21:06:21.507+0000] {processor.py:161} INFO - Started process (PID=4484) to work on /opt/airflow/dags/retailco_dag.py
[2026-05-31T21:06:21.509+0000] {processor.py:830} INFO - Processing file /opt/airflow/dags/retailco_dag.py for tasks to queue
[2026-05-31T21:06:21.515+0000] {logging_mixin.py:188} INFO - [2026-05-31T21:06:21.514+0000] {dagbag.py:545} INFO - Filling up the DagBag from /opt/airflow/dags/retailco_dag.py
[2026-05-31T21:06:21.570+0000] {processor.py:840} INFO - DAG(s) 'retailco_master_pipeline' retrieved from /opt/airflow/dags/retailco_dag.py
[2026-05-31T21:06:21.634+0000] {logging_mixin.py:188} INFO - [2026-05-31T21:06:21.633+0000] {dag.py:3096} INFO - Sync 1 DAGs
[2026-05-31T21:06:21.678+0000] {logging_mixin.py:188} INFO - [2026-05-31T21:06:21.678+0000] {dag.py:3954} INFO - Setting next_dagrun for retailco_master_pipeline to 2026-05-31 00:00:00+00:00, run_after=2026-06-01 00:00:00+00:00
[2026-05-31T21:06:21.723+0000] {processor.py:183} INFO - Processing /opt/airflow/dags/retailco_dag.py took 0.233 seconds
[2026-05-31T21:06:52.159+0000] {processor.py:161} INFO - Started process (PID=4489) to work on /opt/airflow/dags/retailco_dag.py
[2026-05-31T21:06:52.161+0000] {processor.py:830} INFO - Processing file /opt/airflow/dags/retailco_dag.py for tasks to queue
[2026-05-31T21:06:52.166+0000] {logging_mixin.py:188} INFO - [2026-05-31T21:06:52.166+0000] {dagbag.py:545} INFO - Filling up the DagBag from /opt/airflow/dags/retailco_dag.py
[2026-05-31T21:06:52.235+0000] {processor.py:840} INFO - DAG(s) 'retailco_master_pipeline' retrieved from /opt/airflow/dags/retailco_dag.py
[2026-05-31T21:06:52.298+0000] {logging_mixin.py:188} INFO - [2026-05-31T21:06:52.297+0000] {dag.py:3096} INFO - Sync 1 DAGs
[2026-05-31T21:06:52.360+0000] {logging_mixin.py:188} INFO - [2026-05-31T21:06:52.360+0000] {dag.py:3954} INFO - Setting next_dagrun for retailco_master_pipeline to 2026-05-31 00:00:00+00:00, run_after=2026-06-01 00:00:00+00:00
[2026-05-31T21:06:52.413+0000] {processor.py:183} INFO - Processing /opt/airflow/dags/retailco_dag.py took 0.266 seconds
[2026-05-31T21:07:22.767+0000] {processor.py:161} INFO - Started process (PID=4494) to work on /opt/airflow/dags/retailco_dag.py
[2026-05-31T21:07:22.770+0000] {processor.py:830} INFO - Processing file /opt/airflow/dags/retailco_dag.py for tasks to queue
[2026-05-31T21:07:22.776+0000] {logging_mixin.py:188} INFO - [2026-05-31T21:07:22.775+0000] {dagbag.py:545} INFO - Filling up the DagBag from /opt/airflow/dags/retailco_dag.py
[2026-05-31T21:07:22.831+0000] {processor.py:840} INFO - DAG(s) 'retailco_master_pipeline' retrieved from /opt/airflow/dags/retailco_dag.py
[2026-05-31T21:07:22.906+0000] {logging_mixin.py:188} INFO - [2026-05-31T21:07:22.906+0000] {dag.py:3096} INFO - Sync 1 DAGs
[2026-05-31T21:07:22.972+0000] {logging_mixin.py:188} INFO - [2026-05-31T21:07:22.972+0000] {dag.py:3954} INFO - Setting next_dagrun for retailco_master_pipeline to 2026-05-31 00:00:00+00:00, run_after=2026-06-01 00:00:00+00:00
[2026-05-31T21:07:23.030+0000] {processor.py:183} INFO - Processing /opt/airflow/dags/retailco_dag.py took 0.299 seconds
[2026-05-31T21:07:53.565+0000] {processor.py:161} INFO - Started process (PID=4499) to work on /opt/airflow/dags/retailco_dag.py
[2026-05-31T21:07:53.567+0000] {processor.py:830} INFO - Processing file /opt/airflow/dags/retailco_dag.py for tasks to queue
[2026-05-31T21:07:53.573+0000] {logging_mixin.py:188} INFO - [2026-05-31T21:07:53.573+0000] {dagbag.py:545} INFO - Filling up the DagBag from /opt/airflow/dags/retailco_dag.py
[2026-05-31T21:07:53.637+0000] {processor.py:840} INFO - DAG(s) 'retailco_master_pipeline' retrieved from /opt/airflow/dags/retailco_dag.py
[2026-05-31T21:07:53.687+0000] {logging_mixin.py:188} INFO - [2026-05-31T21:07:53.687+0000] {dag.py:3096} INFO - Sync 1 DAGs
[2026-05-31T21:07:53.749+0000] {logging_mixin.py:188} INFO - [2026-05-31T21:07:53.749+0000] {dag.py:3954} INFO - Setting next_dagrun for retailco_master_pipeline to 2026-05-31 00:00:00+00:00, run_after=2026-06-01 00:00:00+00:00
[2026-05-31T21:07:53.810+0000] {processor.py:183} INFO - Processing /opt/airflow/dags/retailco_dag.py took 0.259 seconds
[2026-05-31T21:08:24.199+0000] {processor.py:161} INFO - Started process (PID=4504) to work on /opt/airflow/dags/retailco_dag.py
[2026-05-31T21:08:24.202+0000] {processor.py:830} INFO - Processing file /opt/airflow/dags/retailco_dag.py for tasks to queue
[2026-05-31T21:08:24.207+0000] {logging_mixin.py:188} INFO - [2026-05-31T21:08:24.206+0000] {dagbag.py:545} INFO - Filling up the DagBag from /opt/airflow/dags/retailco_dag.py
[2026-05-31T21:08:24.283+0000] {processor.py:840} INFO - DAG(s) 'retailco_master_pipeline' retrieved from /opt/airflow/dags/retailco_dag.py
[2026-05-31T21:08:24.337+0000] {logging_mixin.py:188} INFO - [2026-05-31T21:08:24.336+0000] {dag.py:3096} INFO - Sync 1 DAGs
[2026-05-31T21:08:24.375+0000] {logging_mixin.py:188} INFO - [2026-05-31T21:08:24.375+0000] {dag.py:3954} INFO - Setting next_dagrun for retailco_master_pipeline to 2026-05-31 00:00:00+00:00, run_after=2026-06-01 00:00:00+00:00
[2026-05-31T21:08:24.418+0000] {processor.py:183} INFO - Processing /opt/airflow/dags/retailco_dag.py took 0.229 seconds
[2026-05-31T21:08:54.841+0000] {processor.py:161} INFO - Started process (PID=4509) to work on /opt/airflow/dags/retailco_dag.py
[2026-05-31T21:08:54.845+0000] {processor.py:830} INFO - Processing file /opt/airflow/dags/retailco_dag.py for tasks to queue
[2026-05-31T21:08:54.852+0000] {logging_mixin.py:188} INFO - [2026-05-31T21:08:54.851+0000] {dagbag.py:545} INFO - Filling up the DagBag from /opt/airflow/dags/retailco_dag.py
[2026-05-31T21:08:54.908+0000] {processor.py:840} INFO - DAG(s) 'retailco_master_pipeline' retrieved from /opt/airflow/dags/retailco_dag.py
[2026-05-31T21:08:54.973+0000] {logging_mixin.py:188} INFO - [2026-05-31T21:08:54.973+0000] {dag.py:3096} INFO - Sync 1 DAGs
[2026-05-31T21:08:55.017+0000] {logging_mixin.py:188} INFO - [2026-05-31T21:08:55.016+0000] {dag.py:3954} INFO - Setting next_dagrun for retailco_master_pipeline to 2026-05-31 00:00:00+00:00, run_after=2026-06-01 00:00:00+00:00
[2026-05-31T21:08:55.059+0000] {processor.py:183} INFO - Processing /opt/airflow/dags/retailco_dag.py took 0.239 seconds
[2026-05-31T21:09:25.547+0000] {processor.py:161} INFO - Started process (PID=4514) to work on /opt/airflow/dags/retailco_dag.py
[2026-05-31T21:09:25.551+0000] {processor.py:830} INFO - Processing file /opt/airflow/dags/retailco_dag.py for tasks to queue
[2026-05-31T21:09:25.559+0000] {logging_mixin.py:188} INFO - [2026-05-31T21:09:25.558+0000] {dagbag.py:545} INFO - Filling up the DagBag from /opt/airflow/dags/retailco_dag.py
[2026-05-31T21:09:25.671+0000] {processor.py:840} INFO - DAG(s) 'retailco_master_pipeline' retrieved from /opt/airflow/dags/retailco_dag.py
[2026-05-31T21:09:25.809+0000] {logging_mixin.py:188} INFO - [2026-05-31T21:09:25.808+0000] {dag.py:3096} INFO - Sync 1 DAGs
[2026-05-31T21:09:25.855+0000] {logging_mixin.py:188} INFO - [2026-05-31T21:09:25.855+0000] {dag.py:3954} INFO - Setting next_dagrun for retailco_master_pipeline to 2026-05-31 00:00:00+00:00, run_after=2026-06-01 00:00:00+00:00
[2026-05-31T21:09:25.895+0000] {processor.py:183} INFO - Processing /opt/airflow/dags/retailco_dag.py took 0.385 seconds
[2026-05-31T21:09:56.176+0000] {processor.py:161} INFO - Started process (PID=4519) to work on /opt/airflow/dags/retailco_dag.py
[2026-05-31T21:09:56.187+0000] {processor.py:830} INFO - Processing file /opt/airflow/dags/retailco_dag.py for tasks to queue
[2026-05-31T21:09:56.200+0000] {logging_mixin.py:188} INFO - [2026-05-31T21:09:56.198+0000] {dagbag.py:545} INFO - Filling up the DagBag from /opt/airflow/dags/retailco_dag.py
[2026-05-31T21:09:56.301+0000] {processor.py:840} INFO - DAG(s) 'retailco_master_pipeline' retrieved from /opt/airflow/dags/retailco_dag.py
[2026-05-31T21:09:56.405+0000] {logging_mixin.py:188} INFO - [2026-05-31T21:09:56.404+0000] {dag.py:3096} INFO - Sync 1 DAGs
[2026-05-31T21:09:56.469+0000] {logging_mixin.py:188} INFO - [2026-05-31T21:09:56.468+0000] {dag.py:3954} INFO - Setting next_dagrun for retailco_master_pipeline to 2026-05-31 00:00:00+00:00, run_after=2026-06-01 00:00:00+00:00
[2026-05-31T21:09:56.521+0000] {processor.py:183} INFO - Processing /opt/airflow/dags/retailco_dag.py took 0.394 seconds
[2026-05-31T21:10:26.949+0000] {processor.py:161} INFO - Started process (PID=4524) to work on /opt/airflow/dags/retailco_dag.py
[2026-05-31T21:10:26.954+0000] {processor.py:830} INFO - Processing file /opt/airflow/dags/retailco_dag.py for tasks to queue
[2026-05-31T21:10:26.962+0000] {logging_mixin.py:188} INFO - [2026-05-31T21:10:26.961+0000] {dagbag.py:545} INFO - Filling up the DagBag from /opt/airflow/dags/retailco_dag.py
[2026-05-31T21:10:27.050+0000] {processor.py:840} INFO - DAG(s) 'retailco_master_pipeline' retrieved from /opt/airflow/dags/retailco_dag.py
[2026-05-31T21:10:27.143+0000] {logging_mixin.py:188} INFO - [2026-05-31T21:10:27.141+0000] {dag.py:3096} INFO - Sync 1 DAGs
[2026-05-31T21:10:27.242+0000] {logging_mixin.py:188} INFO - [2026-05-31T21:10:27.241+0000] {dag.py:3954} INFO - Setting next_dagrun for retailco_master_pipeline to 2026-05-31 00:00:00+00:00, run_after=2026-06-01 00:00:00+00:00
[2026-05-31T21:10:27.344+0000] {processor.py:183} INFO - Processing /opt/airflow/dags/retailco_dag.py took 0.422 seconds
[2026-05-31T21:10:57.673+0000] {processor.py:161} INFO - Started process (PID=4529) to work on /opt/airflow/dags/retailco_dag.py
[2026-05-31T21:10:57.676+0000] {processor.py:830} INFO - Processing file /opt/airflow/dags/retailco_dag.py for tasks to queue
[2026-05-31T21:10:57.679+0000] {logging_mixin.py:188} INFO - [2026-05-31T21:10:57.679+0000] {dagbag.py:545} INFO - Filling up the DagBag from /opt/airflow/dags/retailco_dag.py
[2026-05-31T21:10:57.754+0000] {processor.py:840} INFO - DAG(s) 'retailco_master_pipeline' retrieved from /opt/airflow/dags/retailco_dag.py
[2026-05-31T21:10:57.853+0000] {logging_mixin.py:188} INFO - [2026-05-31T21:10:57.853+0000] {dag.py:3096} INFO - Sync 1 DAGs
[2026-05-31T21:10:57.900+0000] {logging_mixin.py:188} INFO - [2026-05-31T21:10:57.899+0000] {dag.py:3954} INFO - Setting next_dagrun for retailco_master_pipeline to 2026-05-31 00:00:00+00:00, run_after=2026-06-01 00:00:00+00:00
[2026-05-31T21:10:57.940+0000] {processor.py:183} INFO - Processing /opt/airflow/dags/retailco_dag.py took 0.283 seconds
[2026-05-31T21:11:28.378+0000] {processor.py:161} INFO - Started process (PID=4534) to work on /opt/airflow/dags/retailco_dag.py
[2026-05-31T21:11:28.380+0000] {processor.py:830} INFO - Processing file /opt/airflow/dags/retailco_dag.py for tasks to queue
[2026-05-31T21:11:28.383+0000] {logging_mixin.py:188} INFO - [2026-05-31T21:11:28.383+0000] {dagbag.py:545} INFO - Filling up the DagBag from /opt/airflow/dags/retailco_dag.py
[2026-05-31T21:11:28.446+0000] {processor.py:840} INFO - DAG(s) 'retailco_master_pipeline' retrieved from /opt/airflow/dags/retailco_dag.py
[2026-05-31T21:11:28.502+0000] {logging_mixin.py:188} INFO - [2026-05-31T21:11:28.501+0000] {dag.py:3096} INFO - Sync 1 DAGs
[2026-05-31T21:11:28.550+0000] {logging_mixin.py:188} INFO - [2026-05-31T21:11:28.549+0000] {dag.py:3954} INFO - Setting next_dagrun for retailco_master_pipeline to 2026-05-31 00:00:00+00:00, run_after=2026-06-01 00:00:00+00:00
[2026-05-31T21:11:28.610+0000] {processor.py:183} INFO - Processing /opt/airflow/dags/retailco_dag.py took 0.243 seconds
[2026-05-31T21:11:58.927+0000] {processor.py:161} INFO - Started process (PID=4539) to work on /opt/airflow/dags/retailco_dag.py
[2026-05-31T21:11:58.929+0000] {processor.py:830} INFO - Processing file /opt/airflow/dags/retailco_dag.py for tasks to queue
[2026-05-31T21:11:58.934+0000] {logging_mixin.py:188} INFO - [2026-05-31T21:11:58.933+0000] {dagbag.py:545} INFO - Filling up the DagBag from /opt/airflow/dags/retailco_dag.py
[2026-05-31T21:11:59.015+0000] {processor.py:840} INFO - DAG(s) 'retailco_master_pipeline' retrieved from /opt/airflow/dags/retailco_dag.py
[2026-05-31T21:11:59.090+0000] {logging_mixin.py:188} INFO - [2026-05-31T21:11:59.090+0000] {dag.py:3096} INFO - Sync 1 DAGs
[2026-05-31T21:11:59.165+0000] {logging_mixin.py:188} INFO - [2026-05-31T21:11:59.164+0000] {dag.py:3954} INFO - Setting next_dagrun for retailco_master_pipeline to 2026-05-31 00:00:00+00:00, run_after=2026-06-01 00:00:00+00:00
[2026-05-31T21:11:59.214+0000] {processor.py:183} INFO - Processing /opt/airflow/dags/retailco_dag.py took 0.307 seconds
[2026-05-31T21:12:29.552+0000] {processor.py:161} INFO - Started process (PID=4544) to work on /opt/airflow/dags/retailco_dag.py
[2026-05-31T21:12:29.554+0000] {processor.py:830} INFO - Processing file /opt/airflow/dags/retailco_dag.py for tasks to queue
[2026-05-31T21:12:29.558+0000] {logging_mixin.py:188} INFO - [2026-05-31T21:12:29.557+0000] {dagbag.py:545} INFO - Filling up the DagBag from /opt/airflow/dags/retailco_dag.py
[2026-05-31T21:12:29.627+0000] {processor.py:840} INFO - DAG(s) 'retailco_master_pipeline' retrieved from /opt/airflow/dags/retailco_dag.py
[2026-05-31T21:12:29.693+0000] {logging_mixin.py:188} INFO - [2026-05-31T21:12:29.692+0000] {dag.py:3096} INFO - Sync 1 DAGs
[2026-05-31T21:12:29.744+0000] {logging_mixin.py:188} INFO - [2026-05-31T21:12:29.743+0000] {dag.py:3954} INFO - Setting next_dagrun for retailco_master_pipeline to 2026-05-31 00:00:00+00:00, run_after=2026-06-01 00:00:00+00:00
[2026-05-31T21:12:29.787+0000] {processor.py:183} INFO - Processing /opt/airflow/dags/retailco_dag.py took 0.251 seconds
[2026-05-31T21:13:00.338+0000] {processor.py:161} INFO - Started process (PID=4549) to work on /opt/airflow/dags/retailco_dag.py
[2026-05-31T21:13:00.340+0000] {processor.py:830} INFO - Processing file /opt/airflow/dags/retailco_dag.py for tasks to queue
[2026-05-31T21:13:00.344+0000] {logging_mixin.py:188} INFO - [2026-05-31T21:13:00.343+0000] {dagbag.py:545} INFO - Filling up the DagBag from /opt/airflow/dags/retailco_dag.py
[2026-05-31T21:13:00.400+0000] {processor.py:840} INFO - DAG(s) 'retailco_master_pipeline' retrieved from /opt/airflow/dags/retailco_dag.py
[2026-05-31T21:13:00.466+0000] {logging_mixin.py:188} INFO - [2026-05-31T21:13:00.466+0000] {dag.py:3096} INFO - Sync 1 DAGs
[2026-05-31T21:13:00.511+0000] {logging_mixin.py:188} INFO - [2026-05-31T21:13:00.511+0000] {dag.py:3954} INFO - Setting next_dagrun for retailco_master_pipeline to 2026-05-31 00:00:00+00:00, run_after=2026-06-01 00:00:00+00:00
[2026-05-31T21:13:00.556+0000] {processor.py:183} INFO - Processing /opt/airflow/dags/retailco_dag.py took 0.238 seconds
[2026-05-31T21:13:30.905+0000] {processor.py:161} INFO - Started process (PID=4554) to work on /opt/airflow/dags/retailco_dag.py
[2026-05-31T21:13:30.907+0000] {processor.py:830} INFO - Processing file /opt/airflow/dags/retailco_dag.py for tasks to queue
[2026-05-31T21:13:30.913+0000] {logging_mixin.py:188} INFO - [2026-05-31T21:13:30.912+0000] {dagbag.py:545} INFO - Filling up the DagBag from /opt/airflow/dags/retailco_dag.py
[2026-05-31T21:13:30.978+0000] {processor.py:840} INFO - DAG(s) 'retailco_master_pipeline' retrieved from /opt/airflow/dags/retailco_dag.py
[2026-05-31T21:13:31.084+0000] {logging_mixin.py:188} INFO - [2026-05-31T21:13:31.083+0000] {dag.py:3096} INFO - Sync 1 DAGs
[2026-05-31T21:13:31.177+0000] {logging_mixin.py:188} INFO - [2026-05-31T21:13:31.177+0000] {dag.py:3954} INFO - Setting next_dagrun for retailco_master_pipeline to 2026-05-31 00:00:00+00:00, run_after=2026-06-01 00:00:00+00:00
[2026-05-31T21:13:31.221+0000] {processor.py:183} INFO - Processing /opt/airflow/dags/retailco_dag.py took 0.333 seconds
[2026-05-31T21:14:01.600+0000] {processor.py:161} INFO - Started process (PID=4559) to work on /opt/airflow/dags/retailco_dag.py
[2026-05-31T21:14:01.604+0000] {processor.py:830} INFO - Processing file /opt/airflow/dags/retailco_dag.py for tasks to queue
[2026-05-31T21:14:01.608+0000] {logging_mixin.py:188} INFO - [2026-05-31T21:14:01.607+0000] {dagbag.py:545} INFO - Filling up the DagBag from /opt/airflow/dags/retailco_dag.py
[2026-05-31T21:14:01.680+0000] {processor.py:840} INFO - DAG(s) 'retailco_master_pipeline' retrieved from /opt/airflow/dags/retailco_dag.py
[2026-05-31T21:14:01.754+0000] {logging_mixin.py:188} INFO - [2026-05-31T21:14:01.753+0000] {dag.py:3096} INFO - Sync 1 DAGs
[2026-05-31T21:14:01.809+0000] {logging_mixin.py:188} INFO - [2026-05-31T21:14:01.809+0000] {dag.py:3954} INFO - Setting next_dagrun for retailco_master_pipeline to 2026-05-31 00:00:00+00:00, run_after=2026-06-01 00:00:00+00:00
[2026-05-31T21:14:01.857+0000] {processor.py:183} INFO - Processing /opt/airflow/dags/retailco_dag.py took 0.272 seconds
[2026-05-31T21:14:32.057+0000] {processor.py:161} INFO - Started process (PID=4564) to work on /opt/airflow/dags/retailco_dag.py
[2026-05-31T21:14:32.059+0000] {processor.py:830} INFO - Processing file /opt/airflow/dags/retailco_dag.py for tasks to queue
[2026-05-31T21:14:32.063+0000] {logging_mixin.py:188} INFO - [2026-05-31T21:14:32.062+0000] {dagbag.py:545} INFO - Filling up the DagBag from /opt/airflow/dags/retailco_dag.py
[2026-05-31T21:14:32.120+0000] {processor.py:840} INFO - DAG(s) 'retailco_master_pipeline' retrieved from /opt/airflow/dags/retailco_dag.py
[2026-05-31T21:14:32.203+0000] {logging_mixin.py:188} INFO - [2026-05-31T21:14:32.202+0000] {dag.py:3096} INFO - Sync 1 DAGs
[2026-05-31T21:14:32.251+0000] {logging_mixin.py:188} INFO - [2026-05-31T21:14:32.251+0000] {dag.py:3954} INFO - Setting next_dagrun for retailco_master_pipeline to 2026-05-31 00:00:00+00:00, run_after=2026-06-01 00:00:00+00:00
[2026-05-31T21:14:32.297+0000] {processor.py:183} INFO - Processing /opt/airflow/dags/retailco_dag.py took 0.254 seconds
[2026-05-31T21:15:02.447+0000] {processor.py:161} INFO - Started process (PID=4569) to work on /opt/airflow/dags/retailco_dag.py
[2026-05-31T21:15:02.450+0000] {processor.py:830} INFO - Processing file /opt/airflow/dags/retailco_dag.py for tasks to queue
[2026-05-31T21:15:02.455+0000] {logging_mixin.py:188} INFO - [2026-05-31T21:15:02.454+0000] {dagbag.py:545} INFO - Filling up the DagBag from /opt/airflow/dags/retailco_dag.py
[2026-05-31T21:15:02.545+0000] {processor.py:840} INFO - DAG(s) 'retailco_master_pipeline' retrieved from /opt/airflow/dags/retailco_dag.py
[2026-05-31T21:15:02.637+0000] {logging_mixin.py:188} INFO - [2026-05-31T21:15:02.637+0000] {dag.py:3096} INFO - Sync 1 DAGs
[2026-05-31T21:15:02.695+0000] {logging_mixin.py:188} INFO - [2026-05-31T21:15:02.695+0000] {dag.py:3954} INFO - Setting next_dagrun for retailco_master_pipeline to 2026-05-31 00:00:00+00:00, run_after=2026-06-01 00:00:00+00:00
[2026-05-31T21:15:02.752+0000] {processor.py:183} INFO - Processing /opt/airflow/dags/retailco_dag.py took 0.324 seconds
[2026-05-31T21:15:33.503+0000] {processor.py:161} INFO - Started process (PID=4574) to work on /opt/airflow/dags/retailco_dag.py
[2026-05-31T21:15:33.506+0000] {processor.py:830} INFO - Processing file /opt/airflow/dags/retailco_dag.py for tasks to queue
[2026-05-31T21:15:33.509+0000] {logging_mixin.py:188} INFO - [2026-05-31T21:15:33.509+0000] {dagbag.py:545} INFO - Filling up the DagBag from /opt/airflow/dags/retailco_dag.py
[2026-05-31T21:15:33.568+0000] {processor.py:840} INFO - DAG(s) 'retailco_master_pipeline' retrieved from /opt/airflow/dags/retailco_dag.py
[2026-05-31T21:15:33.642+0000] {logging_mixin.py:188} INFO - [2026-05-31T21:15:33.641+0000] {dag.py:3096} INFO - Sync 1 DAGs
[2026-05-31T21:15:33.690+0000] {logging_mixin.py:188} INFO - [2026-05-31T21:15:33.690+0000] {dag.py:3954} INFO - Setting next_dagrun for retailco_master_pipeline to 2026-05-31 00:00:00+00:00, run_after=2026-06-01 00:00:00+00:00
[2026-05-31T21:15:33.737+0000] {processor.py:183} INFO - Processing /opt/airflow/dags/retailco_dag.py took 0.249 seconds
[2026-05-31T21:16:03.959+0000] {processor.py:161} INFO - Started process (PID=4579) to work on /opt/airflow/dags/retailco_dag.py
[2026-05-31T21:16:03.962+0000] {processor.py:830} INFO - Processing file /opt/airflow/dags/retailco_dag.py for tasks to queue
[2026-05-31T21:16:03.966+0000] {logging_mixin.py:188} INFO - [2026-05-31T21:16:03.966+0000] {dagbag.py:545} INFO - Filling up the DagBag from /opt/airflow/dags/retailco_dag.py
[2026-05-31T21:16:04.028+0000] {processor.py:840} INFO - DAG(s) 'retailco_master_pipeline' retrieved from /opt/airflow/dags/retailco_dag.py
[2026-05-31T21:16:04.091+0000] {logging_mixin.py:188} INFO - [2026-05-31T21:16:04.091+0000] {dag.py:3096} INFO - Sync 1 DAGs
[2026-05-31T21:16:04.135+0000] {logging_mixin.py:188} INFO - [2026-05-31T21:16:04.135+0000] {dag.py:3954} INFO - Setting next_dagrun for retailco_master_pipeline to 2026-05-31 00:00:00+00:00, run_after=2026-06-01 00:00:00+00:00
[2026-05-31T21:16:04.182+0000] {processor.py:183} INFO - Processing /opt/airflow/dags/retailco_dag.py took 0.245 seconds
[2026-05-31T21:16:34.600+0000] {processor.py:161} INFO - Started process (PID=4584) to work on /opt/airflow/dags/retailco_dag.py
[2026-05-31T21:16:34.602+0000] {processor.py:830} INFO - Processing file /opt/airflow/dags/retailco_dag.py for tasks to queue
[2026-05-31T21:16:34.606+0000] {logging_mixin.py:188} INFO - [2026-05-31T21:16:34.605+0000] {dagbag.py:545} INFO - Filling up the DagBag from /opt/airflow/dags/retailco_dag.py
[2026-05-31T21:16:34.674+0000] {processor.py:840} INFO - DAG(s) 'retailco_master_pipeline' retrieved from /opt/airflow/dags/retailco_dag.py
[2026-05-31T21:16:34.735+0000] {logging_mixin.py:188} INFO - [2026-05-31T21:16:34.734+0000] {dag.py:3096} INFO - Sync 1 DAGs
[2026-05-31T21:16:34.776+0000] {logging_mixin.py:188} INFO - [2026-05-31T21:16:34.776+0000] {dag.py:3954} INFO - Setting next_dagrun for retailco_master_pipeline to 2026-05-31 00:00:00+00:00, run_after=2026-06-01 00:00:00+00:00
[2026-05-31T21:16:34.832+0000] {processor.py:183} INFO - Processing /opt/airflow/dags/retailco_dag.py took 0.243 seconds
[2026-05-31T21:17:05.146+0000] {processor.py:161} INFO - Started process (PID=4589) to work on /opt/airflow/dags/retailco_dag.py
[2026-05-31T21:17:05.148+0000] {processor.py:830} INFO - Processing file /opt/airflow/dags/retailco_dag.py for tasks to queue
[2026-05-31T21:17:05.151+0000] {logging_mixin.py:188} INFO - [2026-05-31T21:17:05.151+0000] {dagbag.py:545} INFO - Filling up the DagBag from /opt/airflow/dags/retailco_dag.py
[2026-05-31T21:17:05.212+0000] {processor.py:840} INFO - DAG(s) 'retailco_master_pipeline' retrieved from /opt/airflow/dags/retailco_dag.py
[2026-05-31T21:17:05.273+0000] {logging_mixin.py:188} INFO - [2026-05-31T21:17:05.273+0000] {dag.py:3096} INFO - Sync 1 DAGs
[2026-05-31T21:17:05.314+0000] {logging_mixin.py:188} INFO - [2026-05-31T21:17:05.313+0000] {dag.py:3954} INFO - Setting next_dagrun for retailco_master_pipeline to 2026-05-31 00:00:00+00:00, run_after=2026-06-01 00:00:00+00:00
[2026-05-31T21:17:05.361+0000] {processor.py:183} INFO - Processing /opt/airflow/dags/retailco_dag.py took 0.227 seconds
[2026-05-31T21:17:35.952+0000] {processor.py:161} INFO - Started process (PID=4594) to work on /opt/airflow/dags/retailco_dag.py
[2026-05-31T21:17:35.955+0000] {processor.py:830} INFO - Processing file /opt/airflow/dags/retailco_dag.py for tasks to queue
[2026-05-31T21:17:35.962+0000] {logging_mixin.py:188} INFO - [2026-05-31T21:17:35.960+0000] {dagbag.py:545} INFO - Filling up the DagBag from /opt/airflow/dags/retailco_dag.py
[2026-05-31T21:17:36.067+0000] {processor.py:840} INFO - DAG(s) 'retailco_master_pipeline' retrieved from /opt/airflow/dags/retailco_dag.py
[2026-05-31T21:17:36.186+0000] {logging_mixin.py:188} INFO - [2026-05-31T21:17:36.186+0000] {dag.py:3096} INFO - Sync 1 DAGs
[2026-05-31T21:17:36.246+0000] {logging_mixin.py:188} INFO - [2026-05-31T21:17:36.246+0000] {dag.py:3954} INFO - Setting next_dagrun for retailco_master_pipeline to 2026-05-31 00:00:00+00:00, run_after=2026-06-01 00:00:00+00:00
[2026-05-31T21:17:36.326+0000] {processor.py:183} INFO - Processing /opt/airflow/dags/retailco_dag.py took 0.404 seconds
[2026-05-31T21:18:06.540+0000] {processor.py:161} INFO - Started process (PID=4599) to work on /opt/airflow/dags/retailco_dag.py
[2026-05-31T21:18:06.544+0000] {processor.py:830} INFO - Processing file /opt/airflow/dags/retailco_dag.py for tasks to queue
[2026-05-31T21:18:06.549+0000] {logging_mixin.py:188} INFO - [2026-05-31T21:18:06.548+0000] {dagbag.py:545} INFO - Filling up the DagBag from /opt/airflow/dags/retailco_dag.py
[2026-05-31T21:18:06.614+0000] {processor.py:840} INFO - DAG(s) 'retailco_master_pipeline' retrieved from /opt/airflow/dags/retailco_dag.py
[2026-05-31T21:18:06.696+0000] {logging_mixin.py:188} INFO - [2026-05-31T21:18:06.696+0000] {dag.py:3096} INFO - Sync 1 DAGs
[2026-05-31T21:18:06.749+0000] {logging_mixin.py:188} INFO - [2026-05-31T21:18:06.748+0000] {dag.py:3954} INFO - Setting next_dagrun for retailco_master_pipeline to 2026-05-31 00:00:00+00:00, run_after=2026-06-01 00:00:00+00:00
[2026-05-31T21:18:06.794+0000] {processor.py:183} INFO - Processing /opt/airflow/dags/retailco_dag.py took 0.271 seconds
[2026-05-31T21:18:37.279+0000] {processor.py:161} INFO - Started process (PID=4604) to work on /opt/airflow/dags/retailco_dag.py
[2026-05-31T21:18:37.281+0000] {processor.py:830} INFO - Processing file /opt/airflow/dags/retailco_dag.py for tasks to queue
[2026-05-31T21:18:37.285+0000] {logging_mixin.py:188} INFO - [2026-05-31T21:18:37.284+0000] {dagbag.py:545} INFO - Filling up the DagBag from /opt/airflow/dags/retailco_dag.py
[2026-05-31T21:18:37.345+0000] {processor.py:840} INFO - DAG(s) 'retailco_master_pipeline' retrieved from /opt/airflow/dags/retailco_dag.py
[2026-05-31T21:18:37.414+0000] {logging_mixin.py:188} INFO - [2026-05-31T21:18:37.413+0000] {dag.py:3096} INFO - Sync 1 DAGs
[2026-05-31T21:18:37.581+0000] {logging_mixin.py:188} INFO - [2026-05-31T21:18:37.581+0000] {dag.py:3954} INFO - Setting next_dagrun for retailco_master_pipeline to 2026-05-31 00:00:00+00:00, run_after=2026-06-01 00:00:00+00:00
[2026-05-31T21:18:37.674+0000] {processor.py:183} INFO - Processing /opt/airflow/dags/retailco_dag.py took 0.409 seconds
[2026-05-31T21:19:08.195+0000] {processor.py:161} INFO - Started process (PID=4609) to work on /opt/airflow/dags/retailco_dag.py
[2026-05-31T21:19:08.215+0000] {processor.py:830} INFO - Processing file /opt/airflow/dags/retailco_dag.py for tasks to queue
[2026-05-31T21:19:08.247+0000] {logging_mixin.py:188} INFO - [2026-05-31T21:19:08.246+0000] {dagbag.py:545} INFO - Filling up the DagBag from /opt/airflow/dags/retailco_dag.py
[2026-05-31T21:19:08.472+0000] {processor.py:840} INFO - DAG(s) 'retailco_master_pipeline' retrieved from /opt/airflow/dags/retailco_dag.py
[2026-05-31T21:19:08.540+0000] {logging_mixin.py:188} INFO - [2026-05-31T21:19:08.539+0000] {dag.py:3096} INFO - Sync 1 DAGs
[2026-05-31T21:19:08.586+0000] {logging_mixin.py:188} INFO - [2026-05-31T21:19:08.586+0000] {dag.py:3954} INFO - Setting next_dagrun for retailco_master_pipeline to 2026-05-31 00:00:00+00:00, run_after=2026-06-01 00:00:00+00:00
[2026-05-31T21:19:08.638+0000] {processor.py:183} INFO - Processing /opt/airflow/dags/retailco_dag.py took 0.482 seconds
[2026-05-31T21:19:39.130+0000] {processor.py:161} INFO - Started process (PID=4614) to work on /opt/airflow/dags/retailco_dag.py
[2026-05-31T21:19:39.133+0000] {processor.py:830} INFO - Processing file /opt/airflow/dags/retailco_dag.py for tasks to queue
[2026-05-31T21:19:39.137+0000] {logging_mixin.py:188} INFO - [2026-05-31T21:19:39.136+0000] {dagbag.py:545} INFO - Filling up the DagBag from /opt/airflow/dags/retailco_dag.py
[2026-05-31T21:19:39.207+0000] {processor.py:840} INFO - DAG(s) 'retailco_master_pipeline' retrieved from /opt/airflow/dags/retailco_dag.py
[2026-05-31T21:19:39.279+0000] {logging_mixin.py:188} INFO - [2026-05-31T21:19:39.279+0000] {dag.py:3096} INFO - Sync 1 DAGs
[2026-05-31T21:19:39.325+0000] {logging_mixin.py:188} INFO - [2026-05-31T21:19:39.324+0000] {dag.py:3954} INFO - Setting next_dagrun for retailco_master_pipeline to 2026-05-31 00:00:00+00:00, run_after=2026-06-01 00:00:00+00:00
[2026-05-31T21:19:39.366+0000] {processor.py:183} INFO - Processing /opt/airflow/dags/retailco_dag.py took 0.253 seconds
[2026-05-31T21:20:09.659+0000] {processor.py:161} INFO - Started process (PID=4619) to work on /opt/airflow/dags/retailco_dag.py
[2026-05-31T21:20:09.661+0000] {processor.py:830} INFO - Processing file /opt/airflow/dags/retailco_dag.py for tasks to queue
[2026-05-31T21:20:09.666+0000] {logging_mixin.py:188} INFO - [2026-05-31T21:20:09.665+0000] {dagbag.py:545} INFO - Filling up the DagBag from /opt/airflow/dags/retailco_dag.py
[2026-05-31T21:20:09.737+0000] {processor.py:840} INFO - DAG(s) 'retailco_master_pipeline' retrieved from /opt/airflow/dags/retailco_dag.py
[2026-05-31T21:20:09.802+0000] {logging_mixin.py:188} INFO - [2026-05-31T21:20:09.802+0000] {dag.py:3096} INFO - Sync 1 DAGs
[2026-05-31T21:20:09.848+0000] {logging_mixin.py:188} INFO - [2026-05-31T21:20:09.847+0000] {dag.py:3954} INFO - Setting next_dagrun for retailco_master_pipeline to 2026-05-31 00:00:00+00:00, run_after=2026-06-01 00:00:00+00:00
[2026-05-31T21:20:09.903+0000] {processor.py:183} INFO - Processing /opt/airflow/dags/retailco_dag.py took 0.258 seconds
[2026-05-31T21:20:40.388+0000] {processor.py:161} INFO - Started process (PID=4624) to work on /opt/airflow/dags/retailco_dag.py
[2026-05-31T21:20:40.390+0000] {processor.py:830} INFO - Processing file /opt/airflow/dags/retailco_dag.py for tasks to queue
[2026-05-31T21:20:40.397+0000] {logging_mixin.py:188} INFO - [2026-05-31T21:20:40.396+0000] {dagbag.py:545} INFO - Filling up the DagBag from /opt/airflow/dags/retailco_dag.py
[2026-05-31T21:20:40.463+0000] {processor.py:840} INFO - DAG(s) 'retailco_master_pipeline' retrieved from /opt/airflow/dags/retailco_dag.py
[2026-05-31T21:20:40.525+0000] {logging_mixin.py:188} INFO - [2026-05-31T21:20:40.525+0000] {dag.py:3096} INFO - Sync 1 DAGs
[2026-05-31T21:20:40.571+0000] {logging_mixin.py:188} INFO - [2026-05-31T21:20:40.571+0000] {dag.py:3954} INFO - Setting next_dagrun for retailco_master_pipeline to 2026-05-31 00:00:00+00:00, run_after=2026-06-01 00:00:00+00:00
[2026-05-31T21:20:40.619+0000] {processor.py:183} INFO - Processing /opt/airflow/dags/retailco_dag.py took 0.247 seconds
[2026-05-31T21:21:10.825+0000] {processor.py:161} INFO - Started process (PID=4629) to work on /opt/airflow/dags/retailco_dag.py
[2026-05-31T21:21:10.829+0000] {processor.py:830} INFO - Processing file /opt/airflow/dags/retailco_dag.py for tasks to queue
[2026-05-31T21:21:10.833+0000] {logging_mixin.py:188} INFO - [2026-05-31T21:21:10.832+0000] {dagbag.py:545} INFO - Filling up the DagBag from /opt/airflow/dags/retailco_dag.py
[2026-05-31T21:21:10.907+0000] {processor.py:840} INFO - DAG(s) 'retailco_master_pipeline' retrieved from /opt/airflow/dags/retailco_dag.py
[2026-05-31T21:21:10.964+0000] {logging_mixin.py:188} INFO - [2026-05-31T21:21:10.964+0000] {dag.py:3096} INFO - Sync 1 DAGs
[2026-05-31T21:21:11.000+0000] {logging_mixin.py:188} INFO - [2026-05-31T21:21:10.999+0000] {dag.py:3954} INFO - Setting next_dagrun for retailco_master_pipeline to 2026-05-31 00:00:00+00:00, run_after=2026-06-01 00:00:00+00:00
[2026-05-31T21:21:11.048+0000] {processor.py:183} INFO - Processing /opt/airflow/dags/retailco_dag.py took 0.234 seconds
[2026-05-31T21:21:41.493+0000] {processor.py:161} INFO - Started process (PID=4634) to work on /opt/airflow/dags/retailco_dag.py
[2026-05-31T21:21:41.495+0000] {processor.py:830} INFO - Processing file /opt/airflow/dags/retailco_dag.py for tasks to queue
[2026-05-31T21:21:41.499+0000] {logging_mixin.py:188} INFO - [2026-05-31T21:21:41.498+0000] {dagbag.py:545} INFO - Filling up the DagBag from /opt/airflow/dags/retailco_dag.py
[2026-05-31T21:21:41.561+0000] {processor.py:840} INFO - DAG(s) 'retailco_master_pipeline' retrieved from /opt/airflow/dags/retailco_dag.py
[2026-05-31T21:21:41.625+0000] {logging_mixin.py:188} INFO - [2026-05-31T21:21:41.624+0000] {dag.py:3096} INFO - Sync 1 DAGs
[2026-05-31T21:21:41.675+0000] {logging_mixin.py:188} INFO - [2026-05-31T21:21:41.674+0000] {dag.py:3954} INFO - Setting next_dagrun for retailco_master_pipeline to 2026-05-31 00:00:00+00:00, run_after=2026-06-01 00:00:00+00:00
[2026-05-31T21:21:41.724+0000] {processor.py:183} INFO - Processing /opt/airflow/dags/retailco_dag.py took 0.245 seconds
[2026-05-31T21:22:11.948+0000] {processor.py:161} INFO - Started process (PID=4639) to work on /opt/airflow/dags/retailco_dag.py
[2026-05-31T21:22:11.951+0000] {processor.py:830} INFO - Processing file /opt/airflow/dags/retailco_dag.py for tasks to queue
[2026-05-31T21:22:11.955+0000] {logging_mixin.py:188} INFO - [2026-05-31T21:22:11.955+0000] {dagbag.py:545} INFO - Filling up the DagBag from /opt/airflow/dags/retailco_dag.py
[2026-05-31T21:22:12.026+0000] {processor.py:840} INFO - DAG(s) 'retailco_master_pipeline' retrieved from /opt/airflow/dags/retailco_dag.py
[2026-05-31T21:22:12.096+0000] {logging_mixin.py:188} INFO - [2026-05-31T21:22:12.095+0000] {dag.py:3096} INFO - Sync 1 DAGs
[2026-05-31T21:22:12.154+0000] {logging_mixin.py:188} INFO - [2026-05-31T21:22:12.154+0000] {dag.py:3954} INFO - Setting next_dagrun for retailco_master_pipeline to 2026-05-31 00:00:00+00:00, run_after=2026-06-01 00:00:00+00:00
[2026-05-31T21:22:12.202+0000] {processor.py:183} INFO - Processing /opt/airflow/dags/retailco_dag.py took 0.268 seconds
[2026-05-31T21:22:42.798+0000] {processor.py:161} INFO - Started process (PID=4644) to work on /opt/airflow/dags/retailco_dag.py
[2026-05-31T21:22:42.801+0000] {processor.py:830} INFO - Processing file /opt/airflow/dags/retailco_dag.py for tasks to queue
[2026-05-31T21:22:42.805+0000] {logging_mixin.py:188} INFO - [2026-05-31T21:22:42.804+0000] {dagbag.py:545} INFO - Filling up the DagBag from /opt/airflow/dags/retailco_dag.py
[2026-05-31T21:22:42.862+0000] {processor.py:840} INFO - DAG(s) 'retailco_master_pipeline' retrieved from /opt/airflow/dags/retailco_dag.py
[2026-05-31T21:22:42.913+0000] {logging_mixin.py:188} INFO - [2026-05-31T21:22:42.913+0000] {dag.py:3096} INFO - Sync 1 DAGs
[2026-05-31T21:22:42.949+0000] {logging_mixin.py:188} INFO - [2026-05-31T21:22:42.949+0000] {dag.py:3954} INFO - Setting next_dagrun for retailco_master_pipeline to 2026-05-31 00:00:00+00:00, run_after=2026-06-01 00:00:00+00:00
[2026-05-31T21:22:42.998+0000] {processor.py:183} INFO - Processing /opt/airflow/dags/retailco_dag.py took 0.211 seconds
[2026-05-31T21:23:13.241+0000] {processor.py:161} INFO - Started process (PID=4649) to work on /opt/airflow/dags/retailco_dag.py
[2026-05-31T21:23:13.243+0000] {processor.py:830} INFO - Processing file /opt/airflow/dags/retailco_dag.py for tasks to queue
[2026-05-31T21:23:13.247+0000] {logging_mixin.py:188} INFO - [2026-05-31T21:23:13.246+0000] {dagbag.py:545} INFO - Filling up the DagBag from /opt/airflow/dags/retailco_dag.py
[2026-05-31T21:23:13.320+0000] {processor.py:840} INFO - DAG(s) 'retailco_master_pipeline' retrieved from /opt/airflow/dags/retailco_dag.py
[2026-05-31T21:23:13.396+0000] {logging_mixin.py:188} INFO - [2026-05-31T21:23:13.396+0000] {dag.py:3096} INFO - Sync 1 DAGs
[2026-05-31T21:23:13.440+0000] {logging_mixin.py:188} INFO - [2026-05-31T21:23:13.440+0000] {dag.py:3954} INFO - Setting next_dagrun for retailco_master_pipeline to 2026-05-31 00:00:00+00:00, run_after=2026-06-01 00:00:00+00:00
[2026-05-31T21:23:13.488+0000] {processor.py:183} INFO - Processing /opt/airflow/dags/retailco_dag.py took 0.260 seconds
[2026-05-31T21:23:44.019+0000] {processor.py:161} INFO - Started process (PID=4654) to work on /opt/airflow/dags/retailco_dag.py
[2026-05-31T21:23:44.023+0000] {processor.py:830} INFO - Processing file /opt/airflow/dags/retailco_dag.py for tasks to queue
[2026-05-31T21:23:44.041+0000] {logging_mixin.py:188} INFO - [2026-05-31T21:23:44.039+0000] {dagbag.py:545} INFO - Filling up the DagBag from /opt/airflow/dags/retailco_dag.py
[2026-05-31T21:23:44.227+0000] {processor.py:840} INFO - DAG(s) 'retailco_master_pipeline' retrieved from /opt/airflow/dags/retailco_dag.py
[2026-05-31T21:23:44.321+0000] {logging_mixin.py:188} INFO - [2026-05-31T21:23:44.321+0000] {dag.py:3096} INFO - Sync 1 DAGs
[2026-05-31T21:23:44.373+0000] {logging_mixin.py:188} INFO - [2026-05-31T21:23:44.372+0000] {dag.py:3954} INFO - Setting next_dagrun for retailco_master_pipeline to 2026-05-31 00:00:00+00:00, run_after=2026-06-01 00:00:00+00:00
[2026-05-31T21:23:44.424+0000] {processor.py:183} INFO - Processing /opt/airflow/dags/retailco_dag.py took 0.428 seconds
[2026-05-31T21:24:15.043+0000] {processor.py:161} INFO - Started process (PID=4659) to work on /opt/airflow/dags/retailco_dag.py
[2026-05-31T21:24:15.045+0000] {processor.py:830} INFO - Processing file /opt/airflow/dags/retailco_dag.py for tasks to queue
[2026-05-31T21:24:15.050+0000] {logging_mixin.py:188} INFO - [2026-05-31T21:24:15.049+0000] {dagbag.py:545} INFO - Filling up the DagBag from /opt/airflow/dags/retailco_dag.py
[2026-05-31T21:24:15.113+0000] {processor.py:840} INFO - DAG(s) 'retailco_master_pipeline' retrieved from /opt/airflow/dags/retailco_dag.py
[2026-05-31T21:24:15.189+0000] {logging_mixin.py:188} INFO - [2026-05-31T21:24:15.189+0000] {dag.py:3096} INFO - Sync 1 DAGs
[2026-05-31T21:24:15.237+0000] {logging_mixin.py:188} INFO - [2026-05-31T21:24:15.236+0000] {dag.py:3954} INFO - Setting next_dagrun for retailco_master_pipeline to 2026-05-31 00:00:00+00:00, run_after=2026-06-01 00:00:00+00:00
[2026-05-31T21:24:15.285+0000] {processor.py:183} INFO - Processing /opt/airflow/dags/retailco_dag.py took 0.257 seconds
[2026-05-31T21:24:45.571+0000] {processor.py:161} INFO - Started process (PID=4664) to work on /opt/airflow/dags/retailco_dag.py
[2026-05-31T21:24:45.574+0000] {processor.py:830} INFO - Processing file /opt/airflow/dags/retailco_dag.py for tasks to queue
[2026-05-31T21:24:45.578+0000] {logging_mixin.py:188} INFO - [2026-05-31T21:24:45.577+0000] {dagbag.py:545} INFO - Filling up the DagBag from /opt/airflow/dags/retailco_dag.py
[2026-05-31T21:24:45.641+0000] {processor.py:840} INFO - DAG(s) 'retailco_master_pipeline' retrieved from /opt/airflow/dags/retailco_dag.py
[2026-05-31T21:24:45.701+0000] {logging_mixin.py:188} INFO - [2026-05-31T21:24:45.701+0000] {dag.py:3096} INFO - Sync 1 DAGs
[2026-05-31T21:24:45.739+0000] {logging_mixin.py:188} INFO - [2026-05-31T21:24:45.738+0000] {dag.py:3954} INFO - Setting next_dagrun for retailco_master_pipeline to 2026-05-31 00:00:00+00:00, run_after=2026-06-01 00:00:00+00:00
[2026-05-31T21:24:45.778+0000] {processor.py:183} INFO - Processing /opt/airflow/dags/retailco_dag.py took 0.221 seconds
[2026-05-31T21:25:16.078+0000] {processor.py:161} INFO - Started process (PID=4669) to work on /opt/airflow/dags/retailco_dag.py
[2026-05-31T21:25:16.081+0000] {processor.py:830} INFO - Processing file /opt/airflow/dags/retailco_dag.py for tasks to queue
[2026-05-31T21:25:16.086+0000] {logging_mixin.py:188} INFO - [2026-05-31T21:25:16.085+0000] {dagbag.py:545} INFO - Filling up the DagBag from /opt/airflow/dags/retailco_dag.py
[2026-05-31T21:25:16.187+0000] {processor.py:840} INFO - DAG(s) 'retailco_master_pipeline' retrieved from /opt/airflow/dags/retailco_dag.py
[2026-05-31T21:25:16.340+0000] {logging_mixin.py:188} INFO - [2026-05-31T21:25:16.340+0000] {dag.py:3096} INFO - Sync 1 DAGs
[2026-05-31T21:25:16.446+0000] {logging_mixin.py:188} INFO - [2026-05-31T21:25:16.445+0000] {dag.py:3954} INFO - Setting next_dagrun for retailco_master_pipeline to 2026-05-31 00:00:00+00:00, run_after=2026-06-01 00:00:00+00:00
[2026-05-31T21:25:16.510+0000] {processor.py:183} INFO - Processing /opt/airflow/dags/retailco_dag.py took 0.446 seconds
[2026-05-31T21:25:46.885+0000] {processor.py:161} INFO - Started process (PID=4674) to work on /opt/airflow/dags/retailco_dag.py
[2026-05-31T21:25:46.887+0000] {processor.py:830} INFO - Processing file /opt/airflow/dags/retailco_dag.py for tasks to queue
[2026-05-31T21:25:46.891+0000] {logging_mixin.py:188} INFO - [2026-05-31T21:25:46.890+0000] {dagbag.py:545} INFO - Filling up the DagBag from /opt/airflow/dags/retailco_dag.py
[2026-05-31T21:25:46.956+0000] {processor.py:840} INFO - DAG(s) 'retailco_master_pipeline' retrieved from /opt/airflow/dags/retailco_dag.py
[2026-05-31T21:25:47.016+0000] {logging_mixin.py:188} INFO - [2026-05-31T21:25:47.015+0000] {dag.py:3096} INFO - Sync 1 DAGs
[2026-05-31T21:25:47.073+0000] {logging_mixin.py:188} INFO - [2026-05-31T21:25:47.072+0000] {dag.py:3954} INFO - Setting next_dagrun for retailco_master_pipeline to 2026-05-31 00:00:00+00:00, run_after=2026-06-01 00:00:00+00:00
[2026-05-31T21:25:47.128+0000] {processor.py:183} INFO - Processing /opt/airflow/dags/retailco_dag.py took 0.256 seconds
[2026-05-31T21:26:17.714+0000] {processor.py:161} INFO - Started process (PID=4679) to work on /opt/airflow/dags/retailco_dag.py
[2026-05-31T21:26:17.716+0000] {processor.py:830} INFO - Processing file /opt/airflow/dags/retailco_dag.py for tasks to queue
[2026-05-31T21:26:17.722+0000] {logging_mixin.py:188} INFO - [2026-05-31T21:26:17.720+0000] {dagbag.py:545} INFO - Filling up the DagBag from /opt/airflow/dags/retailco_dag.py
[2026-05-31T21:26:17.784+0000] {processor.py:840} INFO - DAG(s) 'retailco_master_pipeline' retrieved from /opt/airflow/dags/retailco_dag.py
[2026-05-31T21:26:17.859+0000] {logging_mixin.py:188} INFO - [2026-05-31T21:26:17.859+0000] {dag.py:3096} INFO - Sync 1 DAGs
[2026-05-31T21:26:17.919+0000] {logging_mixin.py:188} INFO - [2026-05-31T21:26:17.918+0000] {dag.py:3954} INFO - Setting next_dagrun for retailco_master_pipeline to 2026-05-31 00:00:00+00:00, run_after=2026-06-01 00:00:00+00:00
[2026-05-31T21:26:17.983+0000] {processor.py:183} INFO - Processing /opt/airflow/dags/retailco_dag.py took 0.282 seconds
[2026-05-31T21:26:48.446+0000] {processor.py:161} INFO - Started process (PID=4684) to work on /opt/airflow/dags/retailco_dag.py
[2026-05-31T21:26:48.448+0000] {processor.py:830} INFO - Processing file /opt/airflow/dags/retailco_dag.py for tasks to queue
[2026-05-31T21:26:48.452+0000] {logging_mixin.py:188} INFO - [2026-05-31T21:26:48.451+0000] {dagbag.py:545} INFO - Filling up the DagBag from /opt/airflow/dags/retailco_dag.py
[2026-05-31T21:26:48.560+0000] {processor.py:840} INFO - DAG(s) 'retailco_master_pipeline' retrieved from /opt/airflow/dags/retailco_dag.py
[2026-05-31T21:26:48.642+0000] {logging_mixin.py:188} INFO - [2026-05-31T21:26:48.641+0000] {dag.py:3096} INFO - Sync 1 DAGs
[2026-05-31T21:26:48.704+0000] {logging_mixin.py:188} INFO - [2026-05-31T21:26:48.704+0000] {dag.py:3954} INFO - Setting next_dagrun for retailco_master_pipeline to 2026-05-31 00:00:00+00:00, run_after=2026-06-01 00:00:00+00:00
[2026-05-31T21:26:48.746+0000] {processor.py:183} INFO - Processing /opt/airflow/dags/retailco_dag.py took 0.312 seconds
[2026-05-31T21:27:18.904+0000] {processor.py:161} INFO - Started process (PID=4689) to work on /opt/airflow/dags/retailco_dag.py
[2026-05-31T21:27:18.907+0000] {processor.py:830} INFO - Processing file /opt/airflow/dags/retailco_dag.py for tasks to queue
[2026-05-31T21:27:18.910+0000] {logging_mixin.py:188} INFO - [2026-05-31T21:27:18.910+0000] {dagbag.py:545} INFO - Filling up the DagBag from /opt/airflow/dags/retailco_dag.py
[2026-05-31T21:27:18.965+0000] {processor.py:840} INFO - DAG(s) 'retailco_master_pipeline' retrieved from /opt/airflow/dags/retailco_dag.py
[2026-05-31T21:27:19.026+0000] {logging_mixin.py:188} INFO - [2026-05-31T21:27:19.025+0000] {dag.py:3096} INFO - Sync 1 DAGs
[2026-05-31T21:27:19.073+0000] {logging_mixin.py:188} INFO - [2026-05-31T21:27:19.072+0000] {dag.py:3954} INFO - Setting next_dagrun for retailco_master_pipeline to 2026-05-31 00:00:00+00:00, run_after=2026-06-01 00:00:00+00:00
[2026-05-31T21:27:19.125+0000] {processor.py:183} INFO - Processing /opt/airflow/dags/retailco_dag.py took 0.233 seconds
[2026-05-31T21:27:49.483+0000] {processor.py:161} INFO - Started process (PID=4694) to work on /opt/airflow/dags/retailco_dag.py
[2026-05-31T21:27:49.486+0000] {processor.py:830} INFO - Processing file /opt/airflow/dags/retailco_dag.py for tasks to queue
[2026-05-31T21:27:49.490+0000] {logging_mixin.py:188} INFO - [2026-05-31T21:27:49.489+0000] {dagbag.py:545} INFO - Filling up the DagBag from /opt/airflow/dags/retailco_dag.py
[2026-05-31T21:27:49.555+0000] {processor.py:840} INFO - DAG(s) 'retailco_master_pipeline' retrieved from /opt/airflow/dags/retailco_dag.py
[2026-05-31T21:27:49.617+0000] {logging_mixin.py:188} INFO - [2026-05-31T21:27:49.616+0000] {dag.py:3096} INFO - Sync 1 DAGs
[2026-05-31T21:27:49.665+0000] {logging_mixin.py:188} INFO - [2026-05-31T21:27:49.664+0000] {dag.py:3954} INFO - Setting next_dagrun for retailco_master_pipeline to 2026-05-31 00:00:00+00:00, run_after=2026-06-01 00:00:00+00:00
[2026-05-31T21:27:49.707+0000] {processor.py:183} INFO - Processing /opt/airflow/dags/retailco_dag.py took 0.239 seconds
[2026-05-31T21:28:20.050+0000] {processor.py:161} INFO - Started process (PID=4699) to work on /opt/airflow/dags/retailco_dag.py
[2026-05-31T21:28:20.053+0000] {processor.py:830} INFO - Processing file /opt/airflow/dags/retailco_dag.py for tasks to queue
[2026-05-31T21:28:20.057+0000] {logging_mixin.py:188} INFO - [2026-05-31T21:28:20.056+0000] {dagbag.py:545} INFO - Filling up the DagBag from /opt/airflow/dags/retailco_dag.py
[2026-05-31T21:28:20.130+0000] {processor.py:840} INFO - DAG(s) 'retailco_master_pipeline' retrieved from /opt/airflow/dags/retailco_dag.py
[2026-05-31T21:28:20.190+0000] {logging_mixin.py:188} INFO - [2026-05-31T21:28:20.190+0000] {dag.py:3096} INFO - Sync 1 DAGs
[2026-05-31T21:28:20.230+0000] {logging_mixin.py:188} INFO - [2026-05-31T21:28:20.230+0000] {dag.py:3954} INFO - Setting next_dagrun for retailco_master_pipeline to 2026-05-31 00:00:00+00:00, run_after=2026-06-01 00:00:00+00:00
[2026-05-31T21:28:20.278+0000] {processor.py:183} INFO - Processing /opt/airflow/dags/retailco_dag.py took 0.241 seconds
[2026-05-31T21:28:50.817+0000] {processor.py:161} INFO - Started process (PID=4704) to work on /opt/airflow/dags/retailco_dag.py
[2026-05-31T21:28:50.821+0000] {processor.py:830} INFO - Processing file /opt/airflow/dags/retailco_dag.py for tasks to queue
[2026-05-31T21:28:50.827+0000] {logging_mixin.py:188} INFO - [2026-05-31T21:28:50.826+0000] {dagbag.py:545} INFO - Filling up the DagBag from /opt/airflow/dags/retailco_dag.py
[2026-05-31T21:28:50.919+0000] {processor.py:840} INFO - DAG(s) 'retailco_master_pipeline' retrieved from /opt/airflow/dags/retailco_dag.py
[2026-05-31T21:28:50.981+0000] {logging_mixin.py:188} INFO - [2026-05-31T21:28:50.981+0000] {dag.py:3096} INFO - Sync 1 DAGs
[2026-05-31T21:28:51.017+0000] {logging_mixin.py:188} INFO - [2026-05-31T21:28:51.017+0000] {dag.py:3954} INFO - Setting next_dagrun for retailco_master_pipeline to 2026-05-31 00:00:00+00:00, run_after=2026-06-01 00:00:00+00:00
[2026-05-31T21:28:51.058+0000] {processor.py:183} INFO - Processing /opt/airflow/dags/retailco_dag.py took 0.274 seconds
[2026-05-31T21:29:21.417+0000] {processor.py:161} INFO - Started process (PID=4709) to work on /opt/airflow/dags/retailco_dag.py
[2026-05-31T21:29:21.419+0000] {processor.py:830} INFO - Processing file /opt/airflow/dags/retailco_dag.py for tasks to queue
[2026-05-31T21:29:21.423+0000] {logging_mixin.py:188} INFO - [2026-05-31T21:29:21.423+0000] {dagbag.py:545} INFO - Filling up the DagBag from /opt/airflow/dags/retailco_dag.py
[2026-05-31T21:29:21.494+0000] {processor.py:840} INFO - DAG(s) 'retailco_master_pipeline' retrieved from /opt/airflow/dags/retailco_dag.py
[2026-05-31T21:29:21.562+0000] {logging_mixin.py:188} INFO - [2026-05-31T21:29:21.561+0000] {dag.py:3096} INFO - Sync 1 DAGs
[2026-05-31T21:29:21.635+0000] {logging_mixin.py:188} INFO - [2026-05-31T21:29:21.635+0000] {dag.py:3954} INFO - Setting next_dagrun for retailco_master_pipeline to 2026-05-31 00:00:00+00:00, run_after=2026-06-01 00:00:00+00:00
[2026-05-31T21:29:21.790+0000] {processor.py:183} INFO - Processing /opt/airflow/dags/retailco_dag.py took 0.387 seconds
[2026-05-31T21:29:52.178+0000] {processor.py:161} INFO - Started process (PID=4714) to work on /opt/airflow/dags/retailco_dag.py
[2026-05-31T21:29:52.180+0000] {processor.py:830} INFO - Processing file /opt/airflow/dags/retailco_dag.py for tasks to queue
[2026-05-31T21:29:52.184+0000] {logging_mixin.py:188} INFO - [2026-05-31T21:29:52.183+0000] {dagbag.py:545} INFO - Filling up the DagBag from /opt/airflow/dags/retailco_dag.py
[2026-05-31T21:29:52.251+0000] {processor.py:840} INFO - DAG(s) 'retailco_master_pipeline' retrieved from /opt/airflow/dags/retailco_dag.py
[2026-05-31T21:29:52.337+0000] {logging_mixin.py:188} INFO - [2026-05-31T21:29:52.337+0000] {dag.py:3096} INFO - Sync 1 DAGs
[2026-05-31T21:29:52.391+0000] {logging_mixin.py:188} INFO - [2026-05-31T21:29:52.391+0000] {dag.py:3954} INFO - Setting next_dagrun for retailco_master_pipeline to 2026-05-31 00:00:00+00:00, run_after=2026-06-01 00:00:00+00:00
[2026-05-31T21:29:52.442+0000] {processor.py:183} INFO - Processing /opt/airflow/dags/retailco_dag.py took 0.281 seconds
[2026-05-31T21:30:22.837+0000] {processor.py:161} INFO - Started process (PID=4719) to work on /opt/airflow/dags/retailco_dag.py
[2026-05-31T21:30:22.839+0000] {processor.py:830} INFO - Processing file /opt/airflow/dags/retailco_dag.py for tasks to queue
[2026-05-31T21:30:22.843+0000] {logging_mixin.py:188} INFO - [2026-05-31T21:30:22.842+0000] {dagbag.py:545} INFO - Filling up the DagBag from /opt/airflow/dags/retailco_dag.py
[2026-05-31T21:30:22.904+0000] {processor.py:840} INFO - DAG(s) 'retailco_master_pipeline' retrieved from /opt/airflow/dags/retailco_dag.py
[2026-05-31T21:30:22.968+0000] {logging_mixin.py:188} INFO - [2026-05-31T21:30:22.968+0000] {dag.py:3096} INFO - Sync 1 DAGs
[2026-05-31T21:30:23.004+0000] {logging_mixin.py:188} INFO - [2026-05-31T21:30:23.003+0000] {dag.py:3954} INFO - Setting next_dagrun for retailco_master_pipeline to 2026-05-31 00:00:00+00:00, run_after=2026-06-01 00:00:00+00:00
[2026-05-31T21:30:23.044+0000] {processor.py:183} INFO - Processing /opt/airflow/dags/retailco_dag.py took 0.219 seconds
[2026-05-31T21:30:53.658+0000] {processor.py:161} INFO - Started process (PID=4724) to work on /opt/airflow/dags/retailco_dag.py
[2026-05-31T21:30:53.660+0000] {processor.py:830} INFO - Processing file /opt/airflow/dags/retailco_dag.py for tasks to queue
[2026-05-31T21:30:53.664+0000] {logging_mixin.py:188} INFO - [2026-05-31T21:30:53.663+0000] {dagbag.py:545} INFO - Filling up the DagBag from /opt/airflow/dags/retailco_dag.py
[2026-05-31T21:30:53.719+0000] {processor.py:840} INFO - DAG(s) 'retailco_master_pipeline' retrieved from /opt/airflow/dags/retailco_dag.py
[2026-05-31T21:30:53.781+0000] {logging_mixin.py:188} INFO - [2026-05-31T21:30:53.781+0000] {dag.py:3096} INFO - Sync 1 DAGs
[2026-05-31T21:30:53.825+0000] {logging_mixin.py:188} INFO - [2026-05-31T21:30:53.824+0000] {dag.py:3954} INFO - Setting next_dagrun for retailco_master_pipeline to 2026-05-31 00:00:00+00:00, run_after=2026-06-01 00:00:00+00:00
[2026-05-31T21:30:53.869+0000] {processor.py:183} INFO - Processing /opt/airflow/dags/retailco_dag.py took 0.229 seconds
[2026-05-31T21:31:24.116+0000] {processor.py:161} INFO - Started process (PID=4729) to work on /opt/airflow/dags/retailco_dag.py
[2026-05-31T21:31:24.118+0000] {processor.py:830} INFO - Processing file /opt/airflow/dags/retailco_dag.py for tasks to queue
[2026-05-31T21:31:24.122+0000] {logging_mixin.py:188} INFO - [2026-05-31T21:31:24.121+0000] {dagbag.py:545} INFO - Filling up the DagBag from /opt/airflow/dags/retailco_dag.py
[2026-05-31T21:31:24.190+0000] {processor.py:840} INFO - DAG(s) 'retailco_master_pipeline' retrieved from /opt/airflow/dags/retailco_dag.py
[2026-05-31T21:31:24.246+0000] {logging_mixin.py:188} INFO - [2026-05-31T21:31:24.246+0000] {dag.py:3096} INFO - Sync 1 DAGs
[2026-05-31T21:31:24.284+0000] {logging_mixin.py:188} INFO - [2026-05-31T21:31:24.284+0000] {dag.py:3954} INFO - Setting next_dagrun for retailco_master_pipeline to 2026-05-31 00:00:00+00:00, run_after=2026-06-01 00:00:00+00:00
[2026-05-31T21:31:24.337+0000] {processor.py:183} INFO - Processing /opt/airflow/dags/retailco_dag.py took 0.235 seconds
[2026-05-31T21:31:54.949+0000] {processor.py:161} INFO - Started process (PID=4734) to work on /opt/airflow/dags/retailco_dag.py
[2026-05-31T21:31:54.951+0000] {processor.py:830} INFO - Processing file /opt/airflow/dags/retailco_dag.py for tasks to queue
[2026-05-31T21:31:54.954+0000] {logging_mixin.py:188} INFO - [2026-05-31T21:31:54.954+0000] {dagbag.py:545} INFO - Filling up the DagBag from /opt/airflow/dags/retailco_dag.py
[2026-05-31T21:31:55.019+0000] {processor.py:840} INFO - DAG(s) 'retailco_master_pipeline' retrieved from /opt/airflow/dags/retailco_dag.py
[2026-05-31T21:31:55.079+0000] {logging_mixin.py:188} INFO - [2026-05-31T21:31:55.078+0000] {dag.py:3096} INFO - Sync 1 DAGs
[2026-05-31T21:31:55.119+0000] {logging_mixin.py:188} INFO - [2026-05-31T21:31:55.119+0000] {dag.py:3954} INFO - Setting next_dagrun for retailco_master_pipeline to 2026-05-31 00:00:00+00:00, run_after=2026-06-01 00:00:00+00:00
[2026-05-31T21:31:55.172+0000] {processor.py:183} INFO - Processing /opt/airflow/dags/retailco_dag.py took 0.235 seconds
[2026-05-31T21:32:25.393+0000] {processor.py:161} INFO - Started process (PID=4739) to work on /opt/airflow/dags/retailco_dag.py
[2026-05-31T21:32:25.395+0000] {processor.py:830} INFO - Processing file /opt/airflow/dags/retailco_dag.py for tasks to queue
[2026-05-31T21:32:25.400+0000] {logging_mixin.py:188} INFO - [2026-05-31T21:32:25.399+0000] {dagbag.py:545} INFO - Filling up the DagBag from /opt/airflow/dags/retailco_dag.py
[2026-05-31T21:32:25.469+0000] {processor.py:840} INFO - DAG(s) 'retailco_master_pipeline' retrieved from /opt/airflow/dags/retailco_dag.py
[2026-05-31T21:32:25.566+0000] {logging_mixin.py:188} INFO - [2026-05-31T21:32:25.565+0000] {dag.py:3096} INFO - Sync 1 DAGs
[2026-05-31T21:32:25.710+0000] {logging_mixin.py:188} INFO - [2026-05-31T21:32:25.710+0000] {dag.py:3954} INFO - Setting next_dagrun for retailco_master_pipeline to 2026-05-31 00:00:00+00:00, run_after=2026-06-01 00:00:00+00:00
[2026-05-31T21:32:25.749+0000] {processor.py:183} INFO - Processing /opt/airflow/dags/retailco_dag.py took 0.366 seconds
[2026-05-31T21:32:56.224+0000] {processor.py:161} INFO - Started process (PID=4744) to work on /opt/airflow/dags/retailco_dag.py
[2026-05-31T21:32:56.227+0000] {processor.py:830} INFO - Processing file /opt/airflow/dags/retailco_dag.py for tasks to queue
[2026-05-31T21:32:56.231+0000] {logging_mixin.py:188} INFO - [2026-05-31T21:32:56.230+0000] {dagbag.py:545} INFO - Filling up the DagBag from /opt/airflow/dags/retailco_dag.py
[2026-05-31T21:32:56.309+0000] {processor.py:840} INFO - DAG(s) 'retailco_master_pipeline' retrieved from /opt/airflow/dags/retailco_dag.py
[2026-05-31T21:32:56.372+0000] {logging_mixin.py:188} INFO - [2026-05-31T21:32:56.371+0000] {dag.py:3096} INFO - Sync 1 DAGs
[2026-05-31T21:32:56.424+0000] {logging_mixin.py:188} INFO - [2026-05-31T21:32:56.424+0000] {dag.py:3954} INFO - Setting next_dagrun for retailco_master_pipeline to 2026-05-31 00:00:00+00:00, run_after=2026-06-01 00:00:00+00:00
[2026-05-31T21:32:56.470+0000] {processor.py:183} INFO - Processing /opt/airflow/dags/retailco_dag.py took 0.262 seconds
[2026-05-31T21:33:26.782+0000] {processor.py:161} INFO - Started process (PID=4749) to work on /opt/airflow/dags/retailco_dag.py
[2026-05-31T21:33:26.788+0000] {processor.py:830} INFO - Processing file /opt/airflow/dags/retailco_dag.py for tasks to queue
[2026-05-31T21:33:26.796+0000] {logging_mixin.py:188} INFO - [2026-05-31T21:33:26.795+0000] {dagbag.py:545} INFO - Filling up the DagBag from /opt/airflow/dags/retailco_dag.py
[2026-05-31T21:33:26.902+0000] {processor.py:840} INFO - DAG(s) 'retailco_master_pipeline' retrieved from /opt/airflow/dags/retailco_dag.py
[2026-05-31T21:33:26.989+0000] {logging_mixin.py:188} INFO - [2026-05-31T21:33:26.989+0000] {dag.py:3096} INFO - Sync 1 DAGs
[2026-05-31T21:33:27.035+0000] {logging_mixin.py:188} INFO - [2026-05-31T21:33:27.035+0000] {dag.py:3954} INFO - Setting next_dagrun for retailco_master_pipeline to 2026-05-31 00:00:00+00:00, run_after=2026-06-01 00:00:00+00:00
[2026-05-31T21:33:27.108+0000] {processor.py:183} INFO - Processing /opt/airflow/dags/retailco_dag.py took 0.375 seconds
[2026-05-31T21:33:57.443+0000] {processor.py:161} INFO - Started process (PID=4754) to work on /opt/airflow/dags/retailco_dag.py
[2026-05-31T21:33:57.446+0000] {processor.py:830} INFO - Processing file /opt/airflow/dags/retailco_dag.py for tasks to queue
[2026-05-31T21:33:57.450+0000] {logging_mixin.py:188} INFO - [2026-05-31T21:33:57.449+0000] {dagbag.py:545} INFO - Filling up the DagBag from /opt/airflow/dags/retailco_dag.py
[2026-05-31T21:33:57.525+0000] {processor.py:840} INFO - DAG(s) 'retailco_master_pipeline' retrieved from /opt/airflow/dags/retailco_dag.py
[2026-05-31T21:33:57.596+0000] {logging_mixin.py:188} INFO - [2026-05-31T21:33:57.596+0000] {dag.py:3096} INFO - Sync 1 DAGs
[2026-05-31T21:33:57.640+0000] {logging_mixin.py:188} INFO - [2026-05-31T21:33:57.640+0000] {dag.py:3954} INFO - Setting next_dagrun for retailco_master_pipeline to 2026-05-31 00:00:00+00:00, run_after=2026-06-01 00:00:00+00:00
[2026-05-31T21:33:57.685+0000] {processor.py:183} INFO - Processing /opt/airflow/dags/retailco_dag.py took 0.255 seconds
[2026-05-31T21:34:28.260+0000] {processor.py:161} INFO - Started process (PID=4759) to work on /opt/airflow/dags/retailco_dag.py
[2026-05-31T21:34:28.262+0000] {processor.py:830} INFO - Processing file /opt/airflow/dags/retailco_dag.py for tasks to queue
[2026-05-31T21:34:28.265+0000] {logging_mixin.py:188} INFO - [2026-05-31T21:34:28.265+0000] {dagbag.py:545} INFO - Filling up the DagBag from /opt/airflow/dags/retailco_dag.py
[2026-05-31T21:34:28.314+0000] {processor.py:840} INFO - DAG(s) 'retailco_master_pipeline' retrieved from /opt/airflow/dags/retailco_dag.py
[2026-05-31T21:34:28.380+0000] {logging_mixin.py:188} INFO - [2026-05-31T21:34:28.380+0000] {dag.py:3096} INFO - Sync 1 DAGs
[2026-05-31T21:34:28.431+0000] {logging_mixin.py:188} INFO - [2026-05-31T21:34:28.430+0000] {dag.py:3954} INFO - Setting next_dagrun for retailco_master_pipeline to 2026-05-31 00:00:00+00:00, run_after=2026-06-01 00:00:00+00:00
[2026-05-31T21:34:28.481+0000] {processor.py:183} INFO - Processing /opt/airflow/dags/retailco_dag.py took 0.232 seconds
[2026-05-31T21:34:58.967+0000] {processor.py:161} INFO - Started process (PID=4764) to work on /opt/airflow/dags/retailco_dag.py
[2026-05-31T21:34:58.971+0000] {processor.py:830} INFO - Processing file /opt/airflow/dags/retailco_dag.py for tasks to queue
[2026-05-31T21:34:58.985+0000] {logging_mixin.py:188} INFO - [2026-05-31T21:34:58.983+0000] {dagbag.py:545} INFO - Filling up the DagBag from /opt/airflow/dags/retailco_dag.py
[2026-05-31T21:34:59.049+0000] {processor.py:840} INFO - DAG(s) 'retailco_master_pipeline' retrieved from /opt/airflow/dags/retailco_dag.py
[2026-05-31T21:34:59.105+0000] {logging_mixin.py:188} INFO - [2026-05-31T21:34:59.104+0000] {dag.py:3096} INFO - Sync 1 DAGs
[2026-05-31T21:34:59.148+0000] {logging_mixin.py:188} INFO - [2026-05-31T21:34:59.147+0000] {dag.py:3954} INFO - Setting next_dagrun for retailco_master_pipeline to 2026-05-31 00:00:00+00:00, run_after=2026-06-01 00:00:00+00:00
[2026-05-31T21:34:59.204+0000] {processor.py:183} INFO - Processing /opt/airflow/dags/retailco_dag.py took 0.317 seconds
[2026-05-31T21:35:29.569+0000] {processor.py:161} INFO - Started process (PID=4769) to work on /opt/airflow/dags/retailco_dag.py
[2026-05-31T21:35:29.571+0000] {processor.py:830} INFO - Processing file /opt/airflow/dags/retailco_dag.py for tasks to queue
[2026-05-31T21:35:29.576+0000] {logging_mixin.py:188} INFO - [2026-05-31T21:35:29.575+0000] {dagbag.py:545} INFO - Filling up the DagBag from /opt/airflow/dags/retailco_dag.py
[2026-05-31T21:35:29.647+0000] {processor.py:840} INFO - DAG(s) 'retailco_master_pipeline' retrieved from /opt/airflow/dags/retailco_dag.py
[2026-05-31T21:35:29.711+0000] {logging_mixin.py:188} INFO - [2026-05-31T21:35:29.711+0000] {dag.py:3096} INFO - Sync 1 DAGs
[2026-05-31T21:35:29.756+0000] {logging_mixin.py:188} INFO - [2026-05-31T21:35:29.755+0000] {dag.py:3954} INFO - Setting next_dagrun for retailco_master_pipeline to 2026-05-31 00:00:00+00:00, run_after=2026-06-01 00:00:00+00:00
[2026-05-31T21:35:29.811+0000] {processor.py:183} INFO - Processing /opt/airflow/dags/retailco_dag.py took 0.258 seconds
[2026-05-31T21:36:00.464+0000] {processor.py:161} INFO - Started process (PID=4774) to work on /opt/airflow/dags/retailco_dag.py
[2026-05-31T21:36:00.468+0000] {processor.py:830} INFO - Processing file /opt/airflow/dags/retailco_dag.py for tasks to queue
[2026-05-31T21:36:00.474+0000] {logging_mixin.py:188} INFO - [2026-05-31T21:36:00.473+0000] {dagbag.py:545} INFO - Filling up the DagBag from /opt/airflow/dags/retailco_dag.py
[2026-05-31T21:36:00.543+0000] {processor.py:840} INFO - DAG(s) 'retailco_master_pipeline' retrieved from /opt/airflow/dags/retailco_dag.py
[2026-05-31T21:36:00.613+0000] {logging_mixin.py:188} INFO - [2026-05-31T21:36:00.612+0000] {dag.py:3096} INFO - Sync 1 DAGs
[2026-05-31T21:36:00.933+0000] {logging_mixin.py:188} INFO - [2026-05-31T21:36:00.931+0000] {dag.py:3954} INFO - Setting next_dagrun for retailco_master_pipeline to 2026-05-31 00:00:00+00:00, run_after=2026-06-01 00:00:00+00:00
[2026-05-31T21:36:01.079+0000] {processor.py:183} INFO - Processing /opt/airflow/dags/retailco_dag.py took 0.631 seconds
[2026-05-31T21:36:31.715+0000] {processor.py:161} INFO - Started process (PID=4779) to work on /opt/airflow/dags/retailco_dag.py
[2026-05-31T21:36:31.717+0000] {processor.py:830} INFO - Processing file /opt/airflow/dags/retailco_dag.py for tasks to queue
[2026-05-31T21:36:31.726+0000] {logging_mixin.py:188} INFO - [2026-05-31T21:36:31.726+0000] {dagbag.py:545} INFO - Filling up the DagBag from /opt/airflow/dags/retailco_dag.py
[2026-05-31T21:36:31.794+0000] {processor.py:840} INFO - DAG(s) 'retailco_master_pipeline' retrieved from /opt/airflow/dags/retailco_dag.py
[2026-05-31T21:36:31.865+0000] {logging_mixin.py:188} INFO - [2026-05-31T21:36:31.865+0000] {dag.py:3096} INFO - Sync 1 DAGs
[2026-05-31T21:36:31.956+0000] {logging_mixin.py:188} INFO - [2026-05-31T21:36:31.955+0000] {dag.py:3954} INFO - Setting next_dagrun for retailco_master_pipeline to 2026-05-31 00:00:00+00:00, run_after=2026-06-01 00:00:00+00:00
[2026-05-31T21:36:32.001+0000] {processor.py:183} INFO - Processing /opt/airflow/dags/retailco_dag.py took 0.302 seconds
[2026-05-31T21:37:02.408+0000] {processor.py:161} INFO - Started process (PID=4784) to work on /opt/airflow/dags/retailco_dag.py
[2026-05-31T21:37:02.411+0000] {processor.py:830} INFO - Processing file /opt/airflow/dags/retailco_dag.py for tasks to queue
[2026-05-31T21:37:02.415+0000] {logging_mixin.py:188} INFO - [2026-05-31T21:37:02.414+0000] {dagbag.py:545} INFO - Filling up the DagBag from /opt/airflow/dags/retailco_dag.py
[2026-05-31T21:37:02.485+0000] {processor.py:840} INFO - DAG(s) 'retailco_master_pipeline' retrieved from /opt/airflow/dags/retailco_dag.py
[2026-05-31T21:37:02.543+0000] {logging_mixin.py:188} INFO - [2026-05-31T21:37:02.542+0000] {dag.py:3096} INFO - Sync 1 DAGs
[2026-05-31T21:37:02.594+0000] {logging_mixin.py:188} INFO - [2026-05-31T21:37:02.593+0000] {dag.py:3954} INFO - Setting next_dagrun for retailco_master_pipeline to 2026-05-31 00:00:00+00:00, run_after=2026-06-01 00:00:00+00:00
[2026-05-31T21:37:02.638+0000] {processor.py:183} INFO - Processing /opt/airflow/dags/retailco_dag.py took 0.245 seconds
[2026-05-31T21:37:33.136+0000] {processor.py:161} INFO - Started process (PID=4789) to work on /opt/airflow/dags/retailco_dag.py
[2026-05-31T21:37:33.138+0000] {processor.py:830} INFO - Processing file /opt/airflow/dags/retailco_dag.py for tasks to queue
[2026-05-31T21:37:33.144+0000] {logging_mixin.py:188} INFO - [2026-05-31T21:37:33.143+0000] {dagbag.py:545} INFO - Filling up the DagBag from /opt/airflow/dags/retailco_dag.py
[2026-05-31T21:37:33.229+0000] {processor.py:840} INFO - DAG(s) 'retailco_master_pipeline' retrieved from /opt/airflow/dags/retailco_dag.py
[2026-05-31T21:37:33.337+0000] {logging_mixin.py:188} INFO - [2026-05-31T21:37:33.336+0000] {dag.py:3096} INFO - Sync 1 DAGs
[2026-05-31T21:37:33.413+0000] {logging_mixin.py:188} INFO - [2026-05-31T21:37:33.413+0000] {dag.py:3954} INFO - Setting next_dagrun for retailco_master_pipeline to 2026-05-31 00:00:00+00:00, run_after=2026-06-01 00:00:00+00:00
[2026-05-31T21:37:33.490+0000] {processor.py:183} INFO - Processing /opt/airflow/dags/retailco_dag.py took 0.367 seconds
[2026-05-31T21:38:03.738+0000] {processor.py:161} INFO - Started process (PID=4794) to work on /opt/airflow/dags/retailco_dag.py
[2026-05-31T21:38:03.741+0000] {processor.py:830} INFO - Processing file /opt/airflow/dags/retailco_dag.py for tasks to queue
[2026-05-31T21:38:03.745+0000] {logging_mixin.py:188} INFO - [2026-05-31T21:38:03.744+0000] {dagbag.py:545} INFO - Filling up the DagBag from /opt/airflow/dags/retailco_dag.py
[2026-05-31T21:38:03.804+0000] {processor.py:840} INFO - DAG(s) 'retailco_master_pipeline' retrieved from /opt/airflow/dags/retailco_dag.py
[2026-05-31T21:38:03.873+0000] {logging_mixin.py:188} INFO - [2026-05-31T21:38:03.873+0000] {dag.py:3096} INFO - Sync 1 DAGs
[2026-05-31T21:38:03.939+0000] {logging_mixin.py:188} INFO - [2026-05-31T21:38:03.938+0000] {dag.py:3954} INFO - Setting next_dagrun for retailco_master_pipeline to 2026-05-31 00:00:00+00:00, run_after=2026-06-01 00:00:00+00:00
[2026-05-31T21:38:04.076+0000] {processor.py:183} INFO - Processing /opt/airflow/dags/retailco_dag.py took 0.354 seconds
[2026-05-31T21:38:34.499+0000] {processor.py:161} INFO - Started process (PID=4799) to work on /opt/airflow/dags/retailco_dag.py
[2026-05-31T21:38:34.501+0000] {processor.py:830} INFO - Processing file /opt/airflow/dags/retailco_dag.py for tasks to queue
[2026-05-31T21:38:34.505+0000] {logging_mixin.py:188} INFO - [2026-05-31T21:38:34.504+0000] {dagbag.py:545} INFO - Filling up the DagBag from /opt/airflow/dags/retailco_dag.py
[2026-05-31T21:38:34.583+0000] {processor.py:840} INFO - DAG(s) 'retailco_master_pipeline' retrieved from /opt/airflow/dags/retailco_dag.py
[2026-05-31T21:38:34.652+0000] {logging_mixin.py:188} INFO - [2026-05-31T21:38:34.652+0000] {dag.py:3096} INFO - Sync 1 DAGs
[2026-05-31T21:38:34.715+0000] {logging_mixin.py:188} INFO - [2026-05-31T21:38:34.714+0000] {dag.py:3954} INFO - Setting next_dagrun for retailco_master_pipeline to 2026-05-31 00:00:00+00:00, run_after=2026-06-01 00:00:00+00:00
[2026-05-31T21:38:34.754+0000] {processor.py:183} INFO - Processing /opt/airflow/dags/retailco_dag.py took 0.270 seconds
[2026-05-31T21:39:04.955+0000] {processor.py:161} INFO - Started process (PID=4804) to work on /opt/airflow/dags/retailco_dag.py
[2026-05-31T21:39:04.957+0000] {processor.py:830} INFO - Processing file /opt/airflow/dags/retailco_dag.py for tasks to queue
[2026-05-31T21:39:04.961+0000] {logging_mixin.py:188} INFO - [2026-05-31T21:39:04.961+0000] {dagbag.py:545} INFO - Filling up the DagBag from /opt/airflow/dags/retailco_dag.py
[2026-05-31T21:39:05.031+0000] {processor.py:840} INFO - DAG(s) 'retailco_master_pipeline' retrieved from /opt/airflow/dags/retailco_dag.py
[2026-05-31T21:39:05.097+0000] {logging_mixin.py:188} INFO - [2026-05-31T21:39:05.097+0000] {dag.py:3096} INFO - Sync 1 DAGs
[2026-05-31T21:39:05.673+0000] {logging_mixin.py:188} INFO - [2026-05-31T21:39:05.672+0000] {dag.py:3954} INFO - Setting next_dagrun for retailco_master_pipeline to 2026-05-31 00:00:00+00:00, run_after=2026-06-01 00:00:00+00:00
[2026-05-31T21:39:05.732+0000] {processor.py:183} INFO - Processing /opt/airflow/dags/retailco_dag.py took 0.800 seconds
[2026-05-31T21:39:36.267+0000] {processor.py:161} INFO - Started process (PID=4809) to work on /opt/airflow/dags/retailco_dag.py
[2026-05-31T21:39:36.269+0000] {processor.py:830} INFO - Processing file /opt/airflow/dags/retailco_dag.py for tasks to queue
[2026-05-31T21:39:36.273+0000] {logging_mixin.py:188} INFO - [2026-05-31T21:39:36.272+0000] {dagbag.py:545} INFO - Filling up the DagBag from /opt/airflow/dags/retailco_dag.py
[2026-05-31T21:39:36.336+0000] {processor.py:840} INFO - DAG(s) 'retailco_master_pipeline' retrieved from /opt/airflow/dags/retailco_dag.py
[2026-05-31T21:39:36.422+0000] {logging_mixin.py:188} INFO - [2026-05-31T21:39:36.421+0000] {dag.py:3096} INFO - Sync 1 DAGs
[2026-05-31T21:39:36.496+0000] {logging_mixin.py:188} INFO - [2026-05-31T21:39:36.496+0000] {dag.py:3954} INFO - Setting next_dagrun for retailco_master_pipeline to 2026-05-31 00:00:00+00:00, run_after=2026-06-01 00:00:00+00:00
[2026-05-31T21:39:36.544+0000] {processor.py:183} INFO - Processing /opt/airflow/dags/retailco_dag.py took 0.290 seconds
[2026-05-31T21:40:07.082+0000] {processor.py:161} INFO - Started process (PID=4814) to work on /opt/airflow/dags/retailco_dag.py
[2026-05-31T21:40:07.090+0000] {processor.py:830} INFO - Processing file /opt/airflow/dags/retailco_dag.py for tasks to queue
[2026-05-31T21:40:07.097+0000] {logging_mixin.py:188} INFO - [2026-05-31T21:40:07.096+0000] {dagbag.py:545} INFO - Filling up the DagBag from /opt/airflow/dags/retailco_dag.py
[2026-05-31T21:40:07.208+0000] {processor.py:840} INFO - DAG(s) 'retailco_master_pipeline' retrieved from /opt/airflow/dags/retailco_dag.py
[2026-05-31T21:40:07.296+0000] {logging_mixin.py:188} INFO - [2026-05-31T21:40:07.296+0000] {dag.py:3096} INFO - Sync 1 DAGs
[2026-05-31T21:40:07.351+0000] {logging_mixin.py:188} INFO - [2026-05-31T21:40:07.350+0000] {dag.py:3954} INFO - Setting next_dagrun for retailco_master_pipeline to 2026-05-31 00:00:00+00:00, run_after=2026-06-01 00:00:00+00:00
[2026-05-31T21:40:07.394+0000] {processor.py:183} INFO - Processing /opt/airflow/dags/retailco_dag.py took 0.337 seconds
[2026-05-31T21:40:37.534+0000] {processor.py:161} INFO - Started process (PID=4819) to work on /opt/airflow/dags/retailco_dag.py
[2026-05-31T21:40:37.537+0000] {processor.py:830} INFO - Processing file /opt/airflow/dags/retailco_dag.py for tasks to queue
[2026-05-31T21:40:37.544+0000] {logging_mixin.py:188} INFO - [2026-05-31T21:40:37.542+0000] {dagbag.py:545} INFO - Filling up the DagBag from /opt/airflow/dags/retailco_dag.py
[2026-05-31T21:40:37.646+0000] {processor.py:840} INFO - DAG(s) 'retailco_master_pipeline' retrieved from /opt/airflow/dags/retailco_dag.py
[2026-05-31T21:40:37.756+0000] {logging_mixin.py:188} INFO - [2026-05-31T21:40:37.756+0000] {dag.py:3096} INFO - Sync 1 DAGs
[2026-05-31T21:40:37.830+0000] {logging_mixin.py:188} INFO - [2026-05-31T21:40:37.829+0000] {dag.py:3954} INFO - Setting next_dagrun for retailco_master_pipeline to 2026-05-31 00:00:00+00:00, run_after=2026-06-01 00:00:00+00:00
[2026-05-31T21:40:37.900+0000] {processor.py:183} INFO - Processing /opt/airflow/dags/retailco_dag.py took 0.387 seconds
[2026-05-31T21:41:08.431+0000] {processor.py:161} INFO - Started process (PID=4824) to work on /opt/airflow/dags/retailco_dag.py
[2026-05-31T21:41:08.433+0000] {processor.py:830} INFO - Processing file /opt/airflow/dags/retailco_dag.py for tasks to queue
[2026-05-31T21:41:08.438+0000] {logging_mixin.py:188} INFO - [2026-05-31T21:41:08.437+0000] {dagbag.py:545} INFO - Filling up the DagBag from /opt/airflow/dags/retailco_dag.py
[2026-05-31T21:41:08.513+0000] {processor.py:840} INFO - DAG(s) 'retailco_master_pipeline' retrieved from /opt/airflow/dags/retailco_dag.py
[2026-05-31T21:41:08.566+0000] {logging_mixin.py:188} INFO - [2026-05-31T21:41:08.566+0000] {dag.py:3096} INFO - Sync 1 DAGs
[2026-05-31T21:41:08.644+0000] {logging_mixin.py:188} INFO - [2026-05-31T21:41:08.644+0000] {dag.py:3954} INFO - Setting next_dagrun for retailco_master_pipeline to 2026-05-31 00:00:00+00:00, run_after=2026-06-01 00:00:00+00:00
[2026-05-31T21:41:08.692+0000] {processor.py:183} INFO - Processing /opt/airflow/dags/retailco_dag.py took 0.275 seconds
[2026-05-31T21:41:38.994+0000] {processor.py:161} INFO - Started process (PID=4829) to work on /opt/airflow/dags/retailco_dag.py
[2026-05-31T21:41:38.997+0000] {processor.py:830} INFO - Processing file /opt/airflow/dags/retailco_dag.py for tasks to queue
[2026-05-31T21:41:39.001+0000] {logging_mixin.py:188} INFO - [2026-05-31T21:41:39.000+0000] {dagbag.py:545} INFO - Filling up the DagBag from /opt/airflow/dags/retailco_dag.py
[2026-05-31T21:41:39.053+0000] {processor.py:840} INFO - DAG(s) 'retailco_master_pipeline' retrieved from /opt/airflow/dags/retailco_dag.py
[2026-05-31T21:41:39.148+0000] {logging_mixin.py:188} INFO - [2026-05-31T21:41:39.148+0000] {dag.py:3096} INFO - Sync 1 DAGs
[2026-05-31T21:41:39.206+0000] {logging_mixin.py:188} INFO - [2026-05-31T21:41:39.205+0000] {dag.py:3954} INFO - Setting next_dagrun for retailco_master_pipeline to 2026-05-31 00:00:00+00:00, run_after=2026-06-01 00:00:00+00:00
[2026-05-31T21:41:39.273+0000] {processor.py:183} INFO - Processing /opt/airflow/dags/retailco_dag.py took 0.295 seconds
[2026-05-31T21:42:09.665+0000] {processor.py:161} INFO - Started process (PID=4834) to work on /opt/airflow/dags/retailco_dag.py
[2026-05-31T21:42:09.666+0000] {processor.py:830} INFO - Processing file /opt/airflow/dags/retailco_dag.py for tasks to queue
[2026-05-31T21:42:09.670+0000] {logging_mixin.py:188} INFO - [2026-05-31T21:42:09.669+0000] {dagbag.py:545} INFO - Filling up the DagBag from /opt/airflow/dags/retailco_dag.py
[2026-05-31T21:42:09.731+0000] {processor.py:840} INFO - DAG(s) 'retailco_master_pipeline' retrieved from /opt/airflow/dags/retailco_dag.py
[2026-05-31T21:42:09.789+0000] {logging_mixin.py:188} INFO - [2026-05-31T21:42:09.789+0000] {dag.py:3096} INFO - Sync 1 DAGs
[2026-05-31T21:42:09.842+0000] {logging_mixin.py:188} INFO - [2026-05-31T21:42:09.841+0000] {dag.py:3954} INFO - Setting next_dagrun for retailco_master_pipeline to 2026-05-31 00:00:00+00:00, run_after=2026-06-01 00:00:00+00:00
[2026-05-31T21:42:09.894+0000] {processor.py:183} INFO - Processing /opt/airflow/dags/retailco_dag.py took 0.241 seconds
[2026-05-31T21:42:40.319+0000] {processor.py:161} INFO - Started process (PID=4839) to work on /opt/airflow/dags/retailco_dag.py
[2026-05-31T21:42:40.321+0000] {processor.py:830} INFO - Processing file /opt/airflow/dags/retailco_dag.py for tasks to queue
[2026-05-31T21:42:40.324+0000] {logging_mixin.py:188} INFO - [2026-05-31T21:42:40.324+0000] {dagbag.py:545} INFO - Filling up the DagBag from /opt/airflow/dags/retailco_dag.py
[2026-05-31T21:42:40.386+0000] {processor.py:840} INFO - DAG(s) 'retailco_master_pipeline' retrieved from /opt/airflow/dags/retailco_dag.py
[2026-05-31T21:42:40.447+0000] {logging_mixin.py:188} INFO - [2026-05-31T21:42:40.447+0000] {dag.py:3096} INFO - Sync 1 DAGs
[2026-05-31T21:42:40.489+0000] {logging_mixin.py:188} INFO - [2026-05-31T21:42:40.489+0000] {dag.py:3954} INFO - Setting next_dagrun for retailco_master_pipeline to 2026-05-31 00:00:00+00:00, run_after=2026-06-01 00:00:00+00:00
[2026-05-31T21:42:40.535+0000] {processor.py:183} INFO - Processing /opt/airflow/dags/retailco_dag.py took 0.235 seconds
[2026-05-31T21:43:10.913+0000] {processor.py:161} INFO - Started process (PID=4844) to work on /opt/airflow/dags/retailco_dag.py
[2026-05-31T21:43:10.916+0000] {processor.py:830} INFO - Processing file /opt/airflow/dags/retailco_dag.py for tasks to queue
[2026-05-31T21:43:10.920+0000] {logging_mixin.py:188} INFO - [2026-05-31T21:43:10.919+0000] {dagbag.py:545} INFO - Filling up the DagBag from /opt/airflow/dags/retailco_dag.py
[2026-05-31T21:43:10.991+0000] {processor.py:840} INFO - DAG(s) 'retailco_master_pipeline' retrieved from /opt/airflow/dags/retailco_dag.py
[2026-05-31T21:43:11.050+0000] {logging_mixin.py:188} INFO - [2026-05-31T21:43:11.050+0000] {dag.py:3096} INFO - Sync 1 DAGs
[2026-05-31T21:43:11.087+0000] {logging_mixin.py:188} INFO - [2026-05-31T21:43:11.087+0000] {dag.py:3954} INFO - Setting next_dagrun for retailco_master_pipeline to 2026-05-31 00:00:00+00:00, run_after=2026-06-01 00:00:00+00:00
[2026-05-31T21:43:11.135+0000] {processor.py:183} INFO - Processing /opt/airflow/dags/retailco_dag.py took 0.237 seconds
[2026-05-31T21:43:41.530+0000] {processor.py:161} INFO - Started process (PID=4849) to work on /opt/airflow/dags/retailco_dag.py
[2026-05-31T21:43:41.532+0000] {processor.py:830} INFO - Processing file /opt/airflow/dags/retailco_dag.py for tasks to queue
[2026-05-31T21:43:41.536+0000] {logging_mixin.py:188} INFO - [2026-05-31T21:43:41.535+0000] {dagbag.py:545} INFO - Filling up the DagBag from /opt/airflow/dags/retailco_dag.py
[2026-05-31T21:43:41.618+0000] {processor.py:840} INFO - DAG(s) 'retailco_master_pipeline' retrieved from /opt/airflow/dags/retailco_dag.py
[2026-05-31T21:43:41.670+0000] {logging_mixin.py:188} INFO - [2026-05-31T21:43:41.670+0000] {dag.py:3096} INFO - Sync 1 DAGs
[2026-05-31T21:43:41.842+0000] {logging_mixin.py:188} INFO - [2026-05-31T21:43:41.840+0000] {dag.py:3954} INFO - Setting next_dagrun for retailco_master_pipeline to 2026-05-31 00:00:00+00:00, run_after=2026-06-01 00:00:00+00:00
[2026-05-31T21:43:42.018+0000] {processor.py:183} INFO - Processing /opt/airflow/dags/retailco_dag.py took 0.499 seconds
[2026-05-31T21:44:12.543+0000] {processor.py:161} INFO - Started process (PID=4854) to work on /opt/airflow/dags/retailco_dag.py
[2026-05-31T21:44:12.546+0000] {processor.py:830} INFO - Processing file /opt/airflow/dags/retailco_dag.py for tasks to queue
[2026-05-31T21:44:12.553+0000] {logging_mixin.py:188} INFO - [2026-05-31T21:44:12.552+0000] {dagbag.py:545} INFO - Filling up the DagBag from /opt/airflow/dags/retailco_dag.py
[2026-05-31T21:44:12.627+0000] {processor.py:840} INFO - DAG(s) 'retailco_master_pipeline' retrieved from /opt/airflow/dags/retailco_dag.py
[2026-05-31T21:44:12.706+0000] {logging_mixin.py:188} INFO - [2026-05-31T21:44:12.706+0000] {dag.py:3096} INFO - Sync 1 DAGs
[2026-05-31T21:44:12.755+0000] {logging_mixin.py:188} INFO - [2026-05-31T21:44:12.755+0000] {dag.py:3954} INFO - Setting next_dagrun for retailco_master_pipeline to 2026-05-31 00:00:00+00:00, run_after=2026-06-01 00:00:00+00:00
[2026-05-31T21:44:12.814+0000] {processor.py:183} INFO - Processing /opt/airflow/dags/retailco_dag.py took 0.292 seconds
[2026-05-31T21:44:42.937+0000] {processor.py:161} INFO - Started process (PID=4859) to work on /opt/airflow/dags/retailco_dag.py
[2026-05-31T21:44:42.940+0000] {processor.py:830} INFO - Processing file /opt/airflow/dags/retailco_dag.py for tasks to queue
[2026-05-31T21:44:42.946+0000] {logging_mixin.py:188} INFO - [2026-05-31T21:44:42.945+0000] {dagbag.py:545} INFO - Filling up the DagBag from /opt/airflow/dags/retailco_dag.py
[2026-05-31T21:44:43.027+0000] {processor.py:840} INFO - DAG(s) 'retailco_master_pipeline' retrieved from /opt/airflow/dags/retailco_dag.py
[2026-05-31T21:44:43.106+0000] {logging_mixin.py:188} INFO - [2026-05-31T21:44:43.105+0000] {dag.py:3096} INFO - Sync 1 DAGs
[2026-05-31T21:44:43.157+0000] {logging_mixin.py:188} INFO - [2026-05-31T21:44:43.157+0000] {dag.py:3954} INFO - Setting next_dagrun for retailco_master_pipeline to 2026-05-31 00:00:00+00:00, run_after=2026-06-01 00:00:00+00:00
[2026-05-31T21:44:43.206+0000] {processor.py:183} INFO - Processing /opt/airflow/dags/retailco_dag.py took 0.282 seconds
[2026-05-31T21:45:13.691+0000] {processor.py:161} INFO - Started process (PID=4864) to work on /opt/airflow/dags/retailco_dag.py
[2026-05-31T21:45:13.693+0000] {processor.py:830} INFO - Processing file /opt/airflow/dags/retailco_dag.py for tasks to queue
[2026-05-31T21:45:13.696+0000] {logging_mixin.py:188} INFO - [2026-05-31T21:45:13.696+0000] {dagbag.py:545} INFO - Filling up the DagBag from /opt/airflow/dags/retailco_dag.py
[2026-05-31T21:45:13.760+0000] {processor.py:840} INFO - DAG(s) 'retailco_master_pipeline' retrieved from /opt/airflow/dags/retailco_dag.py
[2026-05-31T21:45:13.823+0000] {logging_mixin.py:188} INFO - [2026-05-31T21:45:13.823+0000] {dag.py:3096} INFO - Sync 1 DAGs
[2026-05-31T21:45:13.874+0000] {logging_mixin.py:188} INFO - [2026-05-31T21:45:13.874+0000] {dag.py:3954} INFO - Setting next_dagrun for retailco_master_pipeline to 2026-05-31 00:00:00+00:00, run_after=2026-06-01 00:00:00+00:00
[2026-05-31T21:45:13.945+0000] {processor.py:183} INFO - Processing /opt/airflow/dags/retailco_dag.py took 0.269 seconds
[2026-05-31T21:45:44.437+0000] {processor.py:161} INFO - Started process (PID=4869) to work on /opt/airflow/dags/retailco_dag.py
[2026-05-31T21:45:44.440+0000] {processor.py:830} INFO - Processing file /opt/airflow/dags/retailco_dag.py for tasks to queue
[2026-05-31T21:45:44.446+0000] {logging_mixin.py:188} INFO - [2026-05-31T21:45:44.445+0000] {dagbag.py:545} INFO - Filling up the DagBag from /opt/airflow/dags/retailco_dag.py
[2026-05-31T21:45:44.515+0000] {processor.py:840} INFO - DAG(s) 'retailco_master_pipeline' retrieved from /opt/airflow/dags/retailco_dag.py
[2026-05-31T21:45:44.580+0000] {logging_mixin.py:188} INFO - [2026-05-31T21:45:44.579+0000] {dag.py:3096} INFO - Sync 1 DAGs
[2026-05-31T21:45:44.647+0000] {logging_mixin.py:188} INFO - [2026-05-31T21:45:44.646+0000] {dag.py:3954} INFO - Setting next_dagrun for retailco_master_pipeline to 2026-05-31 00:00:00+00:00, run_after=2026-06-01 00:00:00+00:00
[2026-05-31T21:45:44.692+0000] {processor.py:183} INFO - Processing /opt/airflow/dags/retailco_dag.py took 0.268 seconds
[2026-05-31T21:46:14.904+0000] {processor.py:161} INFO - Started process (PID=4874) to work on /opt/airflow/dags/retailco_dag.py
[2026-05-31T21:46:14.907+0000] {processor.py:830} INFO - Processing file /opt/airflow/dags/retailco_dag.py for tasks to queue
[2026-05-31T21:46:14.912+0000] {logging_mixin.py:188} INFO - [2026-05-31T21:46:14.911+0000] {dagbag.py:545} INFO - Filling up the DagBag from /opt/airflow/dags/retailco_dag.py
[2026-05-31T21:46:14.972+0000] {processor.py:840} INFO - DAG(s) 'retailco_master_pipeline' retrieved from /opt/airflow/dags/retailco_dag.py
[2026-05-31T21:46:15.033+0000] {logging_mixin.py:188} INFO - [2026-05-31T21:46:15.033+0000] {dag.py:3096} INFO - Sync 1 DAGs
[2026-05-31T21:46:15.068+0000] {logging_mixin.py:188} INFO - [2026-05-31T21:46:15.067+0000] {dag.py:3954} INFO - Setting next_dagrun for retailco_master_pipeline to 2026-05-31 00:00:00+00:00, run_after=2026-06-01 00:00:00+00:00
[2026-05-31T21:46:15.117+0000] {processor.py:183} INFO - Processing /opt/airflow/dags/retailco_dag.py took 0.227 seconds
[2026-05-31T21:46:45.413+0000] {processor.py:161} INFO - Started process (PID=4879) to work on /opt/airflow/dags/retailco_dag.py
[2026-05-31T21:46:45.415+0000] {processor.py:830} INFO - Processing file /opt/airflow/dags/retailco_dag.py for tasks to queue
[2026-05-31T21:46:45.420+0000] {logging_mixin.py:188} INFO - [2026-05-31T21:46:45.419+0000] {dagbag.py:545} INFO - Filling up the DagBag from /opt/airflow/dags/retailco_dag.py
[2026-05-31T21:46:45.478+0000] {processor.py:840} INFO - DAG(s) 'retailco_master_pipeline' retrieved from /opt/airflow/dags/retailco_dag.py
[2026-05-31T21:46:45.543+0000] {logging_mixin.py:188} INFO - [2026-05-31T21:46:45.543+0000] {dag.py:3096} INFO - Sync 1 DAGs
[2026-05-31T21:46:45.588+0000] {logging_mixin.py:188} INFO - [2026-05-31T21:46:45.587+0000] {dag.py:3954} INFO - Setting next_dagrun for retailco_master_pipeline to 2026-05-31 00:00:00+00:00, run_after=2026-06-01 00:00:00+00:00
[2026-05-31T21:46:45.632+0000] {processor.py:183} INFO - Processing /opt/airflow/dags/retailco_dag.py took 0.234 seconds
[2026-05-31T21:47:16.188+0000] {processor.py:161} INFO - Started process (PID=4884) to work on /opt/airflow/dags/retailco_dag.py
[2026-05-31T21:47:16.191+0000] {processor.py:830} INFO - Processing file /opt/airflow/dags/retailco_dag.py for tasks to queue
[2026-05-31T21:47:16.197+0000] {logging_mixin.py:188} INFO - [2026-05-31T21:47:16.196+0000] {dagbag.py:545} INFO - Filling up the DagBag from /opt/airflow/dags/retailco_dag.py
[2026-05-31T21:47:16.276+0000] {processor.py:840} INFO - DAG(s) 'retailco_master_pipeline' retrieved from /opt/airflow/dags/retailco_dag.py
[2026-05-31T21:47:16.336+0000] {logging_mixin.py:188} INFO - [2026-05-31T21:47:16.336+0000] {dag.py:3096} INFO - Sync 1 DAGs
[2026-05-31T21:47:16.370+0000] {logging_mixin.py:188} INFO - [2026-05-31T21:47:16.369+0000] {dag.py:3954} INFO - Setting next_dagrun for retailco_master_pipeline to 2026-05-31 00:00:00+00:00, run_after=2026-06-01 00:00:00+00:00
[2026-05-31T21:47:16.417+0000] {processor.py:183} INFO - Processing /opt/airflow/dags/retailco_dag.py took 0.244 seconds
[2026-05-31T21:47:46.777+0000] {processor.py:161} INFO - Started process (PID=4889) to work on /opt/airflow/dags/retailco_dag.py
[2026-05-31T21:47:46.779+0000] {processor.py:830} INFO - Processing file /opt/airflow/dags/retailco_dag.py for tasks to queue
[2026-05-31T21:47:46.784+0000] {logging_mixin.py:188} INFO - [2026-05-31T21:47:46.784+0000] {dagbag.py:545} INFO - Filling up the DagBag from /opt/airflow/dags/retailco_dag.py
[2026-05-31T21:47:46.864+0000] {processor.py:840} INFO - DAG(s) 'retailco_master_pipeline' retrieved from /opt/airflow/dags/retailco_dag.py
[2026-05-31T21:47:46.927+0000] {logging_mixin.py:188} INFO - [2026-05-31T21:47:46.927+0000] {dag.py:3096} INFO - Sync 1 DAGs
[2026-05-31T21:47:46.965+0000] {logging_mixin.py:188} INFO - [2026-05-31T21:47:46.965+0000] {dag.py:3954} INFO - Setting next_dagrun for retailco_master_pipeline to 2026-05-31 00:00:00+00:00, run_after=2026-06-01 00:00:00+00:00
[2026-05-31T21:47:47.004+0000] {processor.py:183} INFO - Processing /opt/airflow/dags/retailco_dag.py took 0.242 seconds
[2026-05-31T21:48:17.485+0000] {processor.py:161} INFO - Started process (PID=4894) to work on /opt/airflow/dags/retailco_dag.py
[2026-05-31T21:48:17.491+0000] {processor.py:830} INFO - Processing file /opt/airflow/dags/retailco_dag.py for tasks to queue
[2026-05-31T21:48:17.503+0000] {logging_mixin.py:188} INFO - [2026-05-31T21:48:17.501+0000] {dagbag.py:545} INFO - Filling up the DagBag from /opt/airflow/dags/retailco_dag.py
[2026-05-31T21:48:17.594+0000] {processor.py:840} INFO - DAG(s) 'retailco_master_pipeline' retrieved from /opt/airflow/dags/retailco_dag.py
[2026-05-31T21:48:17.684+0000] {logging_mixin.py:188} INFO - [2026-05-31T21:48:17.683+0000] {dag.py:3096} INFO - Sync 1 DAGs
[2026-05-31T21:48:17.729+0000] {logging_mixin.py:188} INFO - [2026-05-31T21:48:17.728+0000] {dag.py:3954} INFO - Setting next_dagrun for retailco_master_pipeline to 2026-05-31 00:00:00+00:00, run_after=2026-06-01 00:00:00+00:00
[2026-05-31T21:48:17.765+0000] {processor.py:183} INFO - Processing /opt/airflow/dags/retailco_dag.py took 0.305 seconds
[2026-05-31T21:48:48.145+0000] {processor.py:161} INFO - Started process (PID=4899) to work on /opt/airflow/dags/retailco_dag.py
[2026-05-31T21:48:48.148+0000] {processor.py:830} INFO - Processing file /opt/airflow/dags/retailco_dag.py for tasks to queue
[2026-05-31T21:48:48.154+0000] {logging_mixin.py:188} INFO - [2026-05-31T21:48:48.153+0000] {dagbag.py:545} INFO - Filling up the DagBag from /opt/airflow/dags/retailco_dag.py
[2026-05-31T21:48:48.259+0000] {processor.py:840} INFO - DAG(s) 'retailco_master_pipeline' retrieved from /opt/airflow/dags/retailco_dag.py
[2026-05-31T21:48:48.348+0000] {logging_mixin.py:188} INFO - [2026-05-31T21:48:48.347+0000] {dag.py:3096} INFO - Sync 1 DAGs
[2026-05-31T21:48:48.383+0000] {logging_mixin.py:188} INFO - [2026-05-31T21:48:48.383+0000] {dag.py:3954} INFO - Setting next_dagrun for retailco_master_pipeline to 2026-05-31 00:00:00+00:00, run_after=2026-06-01 00:00:00+00:00
[2026-05-31T21:48:48.422+0000] {processor.py:183} INFO - Processing /opt/airflow/dags/retailco_dag.py took 0.312 seconds
[2026-05-31T21:49:18.910+0000] {processor.py:161} INFO - Started process (PID=4904) to work on /opt/airflow/dags/retailco_dag.py
[2026-05-31T21:49:18.912+0000] {processor.py:830} INFO - Processing file /opt/airflow/dags/retailco_dag.py for tasks to queue
[2026-05-31T21:49:18.915+0000] {logging_mixin.py:188} INFO - [2026-05-31T21:49:18.915+0000] {dagbag.py:545} INFO - Filling up the DagBag from /opt/airflow/dags/retailco_dag.py
[2026-05-31T21:49:18.987+0000] {processor.py:840} INFO - DAG(s) 'retailco_master_pipeline' retrieved from /opt/airflow/dags/retailco_dag.py
[2026-05-31T21:49:19.047+0000] {logging_mixin.py:188} INFO - [2026-05-31T21:49:19.047+0000] {dag.py:3096} INFO - Sync 1 DAGs
[2026-05-31T21:49:19.093+0000] {logging_mixin.py:188} INFO - [2026-05-31T21:49:19.092+0000] {dag.py:3954} INFO - Setting next_dagrun for retailco_master_pipeline to 2026-05-31 00:00:00+00:00, run_after=2026-06-01 00:00:00+00:00
[2026-05-31T21:49:19.138+0000] {processor.py:183} INFO - Processing /opt/airflow/dags/retailco_dag.py took 0.239 seconds
[2026-05-31T21:49:49.452+0000] {processor.py:161} INFO - Started process (PID=4909) to work on /opt/airflow/dags/retailco_dag.py
[2026-05-31T21:49:49.455+0000] {processor.py:830} INFO - Processing file /opt/airflow/dags/retailco_dag.py for tasks to queue
[2026-05-31T21:49:49.462+0000] {logging_mixin.py:188} INFO - [2026-05-31T21:49:49.461+0000] {dagbag.py:545} INFO - Filling up the DagBag from /opt/airflow/dags/retailco_dag.py
[2026-05-31T21:49:49.530+0000] {processor.py:840} INFO - DAG(s) 'retailco_master_pipeline' retrieved from /opt/airflow/dags/retailco_dag.py
[2026-05-31T21:49:49.589+0000] {logging_mixin.py:188} INFO - [2026-05-31T21:49:49.588+0000] {dag.py:3096} INFO - Sync 1 DAGs
[2026-05-31T21:49:49.661+0000] {logging_mixin.py:188} INFO - [2026-05-31T21:49:49.660+0000] {dag.py:3954} INFO - Setting next_dagrun for retailco_master_pipeline to 2026-05-31 00:00:00+00:00, run_after=2026-06-01 00:00:00+00:00
[2026-05-31T21:49:49.717+0000] {processor.py:183} INFO - Processing /opt/airflow/dags/retailco_dag.py took 0.275 seconds
[2026-05-31T21:50:20.205+0000] {processor.py:161} INFO - Started process (PID=4914) to work on /opt/airflow/dags/retailco_dag.py
[2026-05-31T21:50:20.207+0000] {processor.py:830} INFO - Processing file /opt/airflow/dags/retailco_dag.py for tasks to queue
[2026-05-31T21:50:20.212+0000] {logging_mixin.py:188} INFO - [2026-05-31T21:50:20.211+0000] {dagbag.py:545} INFO - Filling up the DagBag from /opt/airflow/dags/retailco_dag.py
[2026-05-31T21:50:20.272+0000] {processor.py:840} INFO - DAG(s) 'retailco_master_pipeline' retrieved from /opt/airflow/dags/retailco_dag.py
[2026-05-31T21:50:20.333+0000] {logging_mixin.py:188} INFO - [2026-05-31T21:50:20.332+0000] {dag.py:3096} INFO - Sync 1 DAGs
[2026-05-31T21:50:20.388+0000] {logging_mixin.py:188} INFO - [2026-05-31T21:50:20.387+0000] {dag.py:3954} INFO - Setting next_dagrun for retailco_master_pipeline to 2026-05-31 00:00:00+00:00, run_after=2026-06-01 00:00:00+00:00
[2026-05-31T21:50:20.433+0000] {processor.py:183} INFO - Processing /opt/airflow/dags/retailco_dag.py took 0.238 seconds
[2026-05-31T21:50:50.931+0000] {processor.py:161} INFO - Started process (PID=4919) to work on /opt/airflow/dags/retailco_dag.py
[2026-05-31T21:50:50.933+0000] {processor.py:830} INFO - Processing file /opt/airflow/dags/retailco_dag.py for tasks to queue
[2026-05-31T21:50:50.940+0000] {logging_mixin.py:188} INFO - [2026-05-31T21:50:50.940+0000] {dagbag.py:545} INFO - Filling up the DagBag from /opt/airflow/dags/retailco_dag.py
[2026-05-31T21:50:51.002+0000] {processor.py:840} INFO - DAG(s) 'retailco_master_pipeline' retrieved from /opt/airflow/dags/retailco_dag.py
[2026-05-31T21:50:51.063+0000] {logging_mixin.py:188} INFO - [2026-05-31T21:50:51.062+0000] {dag.py:3096} INFO - Sync 1 DAGs
[2026-05-31T21:50:51.123+0000] {logging_mixin.py:188} INFO - [2026-05-31T21:50:51.123+0000] {dag.py:3954} INFO - Setting next_dagrun for retailco_master_pipeline to 2026-05-31 00:00:00+00:00, run_after=2026-06-01 00:00:00+00:00
[2026-05-31T21:50:51.171+0000] {processor.py:183} INFO - Processing /opt/airflow/dags/retailco_dag.py took 0.251 seconds
[2026-05-31T21:51:21.496+0000] {processor.py:161} INFO - Started process (PID=4924) to work on /opt/airflow/dags/retailco_dag.py
[2026-05-31T21:51:21.499+0000] {processor.py:830} INFO - Processing file /opt/airflow/dags/retailco_dag.py for tasks to queue
[2026-05-31T21:51:21.503+0000] {logging_mixin.py:188} INFO - [2026-05-31T21:51:21.502+0000] {dagbag.py:545} INFO - Filling up the DagBag from /opt/airflow/dags/retailco_dag.py
[2026-05-31T21:51:21.594+0000] {processor.py:840} INFO - DAG(s) 'retailco_master_pipeline' retrieved from /opt/airflow/dags/retailco_dag.py
[2026-05-31T21:51:21.670+0000] {logging_mixin.py:188} INFO - [2026-05-31T21:51:21.670+0000] {dag.py:3096} INFO - Sync 1 DAGs
[2026-05-31T21:51:21.741+0000] {logging_mixin.py:188} INFO - [2026-05-31T21:51:21.740+0000] {dag.py:3954} INFO - Setting next_dagrun for retailco_master_pipeline to 2026-05-31 00:00:00+00:00, run_after=2026-06-01 00:00:00+00:00
[2026-05-31T21:51:21.791+0000] {processor.py:183} INFO - Processing /opt/airflow/dags/retailco_dag.py took 0.308 seconds
[2026-05-31T21:51:52.247+0000] {processor.py:161} INFO - Started process (PID=4929) to work on /opt/airflow/dags/retailco_dag.py
[2026-05-31T21:51:52.250+0000] {processor.py:830} INFO - Processing file /opt/airflow/dags/retailco_dag.py for tasks to queue
[2026-05-31T21:51:52.253+0000] {logging_mixin.py:188} INFO - [2026-05-31T21:51:52.253+0000] {dagbag.py:545} INFO - Filling up the DagBag from /opt/airflow/dags/retailco_dag.py
[2026-05-31T21:51:52.328+0000] {processor.py:840} INFO - DAG(s) 'retailco_master_pipeline' retrieved from /opt/airflow/dags/retailco_dag.py
[2026-05-31T21:51:52.394+0000] {logging_mixin.py:188} INFO - [2026-05-31T21:51:52.394+0000] {dag.py:3096} INFO - Sync 1 DAGs
[2026-05-31T21:51:52.424+0000] {logging_mixin.py:188} INFO - [2026-05-31T21:51:52.424+0000] {dag.py:3954} INFO - Setting next_dagrun for retailco_master_pipeline to 2026-05-31 00:00:00+00:00, run_after=2026-06-01 00:00:00+00:00
[2026-05-31T21:51:52.471+0000] {processor.py:183} INFO - Processing /opt/airflow/dags/retailco_dag.py took 0.239 seconds
[2026-05-31T21:52:22.886+0000] {processor.py:161} INFO - Started process (PID=4934) to work on /opt/airflow/dags/retailco_dag.py
[2026-05-31T21:52:22.888+0000] {processor.py:830} INFO - Processing file /opt/airflow/dags/retailco_dag.py for tasks to queue
[2026-05-31T21:52:22.891+0000] {logging_mixin.py:188} INFO - [2026-05-31T21:52:22.890+0000] {dagbag.py:545} INFO - Filling up the DagBag from /opt/airflow/dags/retailco_dag.py
[2026-05-31T21:52:22.958+0000] {processor.py:840} INFO - DAG(s) 'retailco_master_pipeline' retrieved from /opt/airflow/dags/retailco_dag.py
[2026-05-31T21:52:23.012+0000] {logging_mixin.py:188} INFO - [2026-05-31T21:52:23.011+0000] {dag.py:3096} INFO - Sync 1 DAGs
[2026-05-31T21:52:23.057+0000] {logging_mixin.py:188} INFO - [2026-05-31T21:52:23.057+0000] {dag.py:3954} INFO - Setting next_dagrun for retailco_master_pipeline to 2026-05-31 00:00:00+00:00, run_after=2026-06-01 00:00:00+00:00
[2026-05-31T21:52:23.097+0000] {processor.py:183} INFO - Processing /opt/airflow/dags/retailco_dag.py took 0.228 seconds
[2026-05-31T21:52:53.576+0000] {processor.py:161} INFO - Started process (PID=4939) to work on /opt/airflow/dags/retailco_dag.py
[2026-05-31T21:52:53.578+0000] {processor.py:830} INFO - Processing file /opt/airflow/dags/retailco_dag.py for tasks to queue
[2026-05-31T21:52:53.583+0000] {logging_mixin.py:188} INFO - [2026-05-31T21:52:53.582+0000] {dagbag.py:545} INFO - Filling up the DagBag from /opt/airflow/dags/retailco_dag.py
[2026-05-31T21:52:53.639+0000] {processor.py:840} INFO - DAG(s) 'retailco_master_pipeline' retrieved from /opt/airflow/dags/retailco_dag.py
[2026-05-31T21:52:53.712+0000] {logging_mixin.py:188} INFO - [2026-05-31T21:52:53.711+0000] {dag.py:3096} INFO - Sync 1 DAGs
[2026-05-31T21:52:53.741+0000] {logging_mixin.py:188} INFO - [2026-05-31T21:52:53.741+0000] {dag.py:3954} INFO - Setting next_dagrun for retailco_master_pipeline to 2026-05-31 00:00:00+00:00, run_after=2026-06-01 00:00:00+00:00
[2026-05-31T21:52:53.789+0000] {processor.py:183} INFO - Processing /opt/airflow/dags/retailco_dag.py took 0.230 seconds
[2026-05-31T21:53:24.117+0000] {processor.py:161} INFO - Started process (PID=4944) to work on /opt/airflow/dags/retailco_dag.py
[2026-05-31T21:53:24.119+0000] {processor.py:830} INFO - Processing file /opt/airflow/dags/retailco_dag.py for tasks to queue
[2026-05-31T21:53:24.124+0000] {logging_mixin.py:188} INFO - [2026-05-31T21:53:24.123+0000] {dagbag.py:545} INFO - Filling up the DagBag from /opt/airflow/dags/retailco_dag.py
[2026-05-31T21:53:24.182+0000] {processor.py:840} INFO - DAG(s) 'retailco_master_pipeline' retrieved from /opt/airflow/dags/retailco_dag.py
[2026-05-31T21:53:24.250+0000] {logging_mixin.py:188} INFO - [2026-05-31T21:53:24.250+0000] {dag.py:3096} INFO - Sync 1 DAGs
[2026-05-31T21:53:24.300+0000] {logging_mixin.py:188} INFO - [2026-05-31T21:53:24.299+0000] {dag.py:3954} INFO - Setting next_dagrun for retailco_master_pipeline to 2026-05-31 00:00:00+00:00, run_after=2026-06-01 00:00:00+00:00
[2026-05-31T21:53:24.370+0000] {processor.py:183} INFO - Processing /opt/airflow/dags/retailco_dag.py took 0.265 seconds
[2026-05-31T21:53:54.947+0000] {processor.py:161} INFO - Started process (PID=4949) to work on /opt/airflow/dags/retailco_dag.py
[2026-05-31T21:53:54.949+0000] {processor.py:830} INFO - Processing file /opt/airflow/dags/retailco_dag.py for tasks to queue
[2026-05-31T21:53:54.952+0000] {logging_mixin.py:188} INFO - [2026-05-31T21:53:54.952+0000] {dagbag.py:545} INFO - Filling up the DagBag from /opt/airflow/dags/retailco_dag.py
[2026-05-31T21:53:55.050+0000] {processor.py:840} INFO - DAG(s) 'retailco_master_pipeline' retrieved from /opt/airflow/dags/retailco_dag.py
[2026-05-31T21:53:55.115+0000] {logging_mixin.py:188} INFO - [2026-05-31T21:53:55.115+0000] {dag.py:3096} INFO - Sync 1 DAGs
[2026-05-31T21:53:55.161+0000] {logging_mixin.py:188} INFO - [2026-05-31T21:53:55.160+0000] {dag.py:3954} INFO - Setting next_dagrun for retailco_master_pipeline to 2026-05-31 00:00:00+00:00, run_after=2026-06-01 00:00:00+00:00
[2026-05-31T21:53:55.200+0000] {processor.py:183} INFO - Processing /opt/airflow/dags/retailco_dag.py took 0.262 seconds
[2026-05-31T21:54:25.490+0000] {processor.py:161} INFO - Started process (PID=4954) to work on /opt/airflow/dags/retailco_dag.py
[2026-05-31T21:54:25.492+0000] {processor.py:830} INFO - Processing file /opt/airflow/dags/retailco_dag.py for tasks to queue
[2026-05-31T21:54:25.496+0000] {logging_mixin.py:188} INFO - [2026-05-31T21:54:25.495+0000] {dagbag.py:545} INFO - Filling up the DagBag from /opt/airflow/dags/retailco_dag.py
[2026-05-31T21:54:25.567+0000] {processor.py:840} INFO - DAG(s) 'retailco_master_pipeline' retrieved from /opt/airflow/dags/retailco_dag.py
[2026-05-31T21:54:25.625+0000] {logging_mixin.py:188} INFO - [2026-05-31T21:54:25.624+0000] {dag.py:3096} INFO - Sync 1 DAGs
[2026-05-31T21:54:25.664+0000] {logging_mixin.py:188} INFO - [2026-05-31T21:54:25.664+0000] {dag.py:3954} INFO - Setting next_dagrun for retailco_master_pipeline to 2026-05-31 00:00:00+00:00, run_after=2026-06-01 00:00:00+00:00
[2026-05-31T21:54:25.701+0000] {processor.py:183} INFO - Processing /opt/airflow/dags/retailco_dag.py took 0.227 seconds
[2026-05-31T21:54:56.291+0000] {processor.py:161} INFO - Started process (PID=4959) to work on /opt/airflow/dags/retailco_dag.py
[2026-05-31T21:54:56.294+0000] {processor.py:830} INFO - Processing file /opt/airflow/dags/retailco_dag.py for tasks to queue
[2026-05-31T21:54:56.298+0000] {logging_mixin.py:188} INFO - [2026-05-31T21:54:56.297+0000] {dagbag.py:545} INFO - Filling up the DagBag from /opt/airflow/dags/retailco_dag.py
[2026-05-31T21:54:56.377+0000] {processor.py:840} INFO - DAG(s) 'retailco_master_pipeline' retrieved from /opt/airflow/dags/retailco_dag.py
[2026-05-31T21:54:56.435+0000] {logging_mixin.py:188} INFO - [2026-05-31T21:54:56.434+0000] {dag.py:3096} INFO - Sync 1 DAGs
[2026-05-31T21:54:56.487+0000] {logging_mixin.py:188} INFO - [2026-05-31T21:54:56.486+0000] {dag.py:3954} INFO - Setting next_dagrun for retailco_master_pipeline to 2026-05-31 00:00:00+00:00, run_after=2026-06-01 00:00:00+00:00
[2026-05-31T21:54:56.526+0000] {processor.py:183} INFO - Processing /opt/airflow/dags/retailco_dag.py took 0.249 seconds
[2026-05-31T21:55:26.905+0000] {processor.py:161} INFO - Started process (PID=4964) to work on /opt/airflow/dags/retailco_dag.py
[2026-05-31T21:55:26.908+0000] {processor.py:830} INFO - Processing file /opt/airflow/dags/retailco_dag.py for tasks to queue
[2026-05-31T21:55:26.912+0000] {logging_mixin.py:188} INFO - [2026-05-31T21:55:26.911+0000] {dagbag.py:545} INFO - Filling up the DagBag from /opt/airflow/dags/retailco_dag.py
[2026-05-31T21:55:26.984+0000] {processor.py:840} INFO - DAG(s) 'retailco_master_pipeline' retrieved from /opt/airflow/dags/retailco_dag.py
[2026-05-31T21:55:27.053+0000] {logging_mixin.py:188} INFO - [2026-05-31T21:55:27.053+0000] {dag.py:3096} INFO - Sync 1 DAGs
[2026-05-31T21:55:27.104+0000] {logging_mixin.py:188} INFO - [2026-05-31T21:55:27.104+0000] {dag.py:3954} INFO - Setting next_dagrun for retailco_master_pipeline to 2026-05-31 00:00:00+00:00, run_after=2026-06-01 00:00:00+00:00
[2026-05-31T21:55:27.146+0000] {processor.py:183} INFO - Processing /opt/airflow/dags/retailco_dag.py took 0.255 seconds
