[2026-06-01T00:55:50.599+0000] {processor.py:161} INFO - Started process (PID=4969) to work on /opt/airflow/dags/retailco_dag.py
[2026-06-01T00:55:50.604+0000] {processor.py:830} INFO - Processing file /opt/airflow/dags/retailco_dag.py for tasks to queue
[2026-06-01T00:55:50.642+0000] {logging_mixin.py:188} INFO - [2026-06-01T00:55:50.639+0000] {dagbag.py:545} INFO - Filling up the DagBag from /opt/airflow/dags/retailco_dag.py
[2026-06-01T00:55:52.351+0000] {processor.py:840} INFO - DAG(s) 'retailco_master_pipeline' retrieved from /opt/airflow/dags/retailco_dag.py
[2026-06-01T00:56:05.647+0000] {logging_mixin.py:188} INFO - [2026-06-01T00:56:05.646+0000] {dag.py:3096} INFO - Sync 1 DAGs
[2026-06-01T05:15:06.321+0000] {logging_mixin.py:188} INFO - [2026-06-01T05:15:06.321+0000] {dag.py:3954} INFO - Setting next_dagrun for retailco_master_pipeline to 2026-06-01 00:00:00+00:00, run_after=2026-06-02 00:00:00+00:00
[2026-06-01T05:15:06.906+0000] {processor.py:183} INFO - Processing /opt/airflow/dags/retailco_dag.py took 16.725 seconds
[2026-06-01T05:15:38.860+0000] {processor.py:161} INFO - Started process (PID=4980) to work on /opt/airflow/dags/retailco_dag.py
[2026-06-01T05:15:38.862+0000] {processor.py:830} INFO - Processing file /opt/airflow/dags/retailco_dag.py for tasks to queue
[2026-06-01T05:15:38.864+0000] {logging_mixin.py:188} INFO - [2026-06-01T05:15:38.864+0000] {dagbag.py:545} INFO - Filling up the DagBag from /opt/airflow/dags/retailco_dag.py
[2026-06-01T05:15:38.913+0000] {processor.py:840} INFO - DAG(s) 'retailco_master_pipeline' retrieved from /opt/airflow/dags/retailco_dag.py
[2026-06-01T05:15:39.044+0000] {logging_mixin.py:188} INFO - [2026-06-01T05:15:39.044+0000] {dag.py:3096} INFO - Sync 1 DAGs
[2026-06-01T05:15:39.116+0000] {logging_mixin.py:188} INFO - [2026-06-01T05:15:39.115+0000] {dag.py:3954} INFO - Setting next_dagrun for retailco_master_pipeline to 2026-06-01 00:00:00+00:00, run_after=2026-06-02 00:00:00+00:00
[2026-06-01T05:15:39.153+0000] {processor.py:183} INFO - Processing /opt/airflow/dags/retailco_dag.py took 0.301 seconds
[2026-06-01T05:16:09.394+0000] {processor.py:161} INFO - Started process (PID=4985) to work on /opt/airflow/dags/retailco_dag.py
[2026-06-01T05:16:09.396+0000] {processor.py:830} INFO - Processing file /opt/airflow/dags/retailco_dag.py for tasks to queue
[2026-06-01T05:16:09.398+0000] {logging_mixin.py:188} INFO - [2026-06-01T05:16:09.398+0000] {dagbag.py:545} INFO - Filling up the DagBag from /opt/airflow/dags/retailco_dag.py
[2026-06-01T05:16:09.429+0000] {processor.py:840} INFO - DAG(s) 'retailco_master_pipeline' retrieved from /opt/airflow/dags/retailco_dag.py
[2026-06-01T05:16:09.469+0000] {logging_mixin.py:188} INFO - [2026-06-01T05:16:09.468+0000] {dag.py:3096} INFO - Sync 1 DAGs
[2026-06-01T05:16:09.496+0000] {logging_mixin.py:188} INFO - [2026-06-01T05:16:09.496+0000] {dag.py:3954} INFO - Setting next_dagrun for retailco_master_pipeline to 2026-06-01 00:00:00+00:00, run_after=2026-06-02 00:00:00+00:00
[2026-06-01T05:16:09.522+0000] {processor.py:183} INFO - Processing /opt/airflow/dags/retailco_dag.py took 0.137 seconds
[2026-06-01T05:16:39.634+0000] {processor.py:161} INFO - Started process (PID=4990) to work on /opt/airflow/dags/retailco_dag.py
[2026-06-01T05:16:39.635+0000] {processor.py:830} INFO - Processing file /opt/airflow/dags/retailco_dag.py for tasks to queue
[2026-06-01T05:16:39.637+0000] {logging_mixin.py:188} INFO - [2026-06-01T05:16:39.637+0000] {dagbag.py:545} INFO - Filling up the DagBag from /opt/airflow/dags/retailco_dag.py
[2026-06-01T05:16:39.666+0000] {processor.py:840} INFO - DAG(s) 'retailco_master_pipeline' retrieved from /opt/airflow/dags/retailco_dag.py
[2026-06-01T05:16:39.702+0000] {logging_mixin.py:188} INFO - [2026-06-01T05:16:39.701+0000] {dag.py:3096} INFO - Sync 1 DAGs
[2026-06-01T05:16:39.726+0000] {logging_mixin.py:188} INFO - [2026-06-01T05:16:39.726+0000] {dag.py:3954} INFO - Setting next_dagrun for retailco_master_pipeline to 2026-06-01 00:00:00+00:00, run_after=2026-06-02 00:00:00+00:00
[2026-06-01T05:16:39.754+0000] {processor.py:183} INFO - Processing /opt/airflow/dags/retailco_dag.py took 0.127 seconds
[2026-06-01T05:17:10.244+0000] {processor.py:161} INFO - Started process (PID=4995) to work on /opt/airflow/dags/retailco_dag.py
[2026-06-01T05:17:10.245+0000] {processor.py:830} INFO - Processing file /opt/airflow/dags/retailco_dag.py for tasks to queue
[2026-06-01T05:17:10.247+0000] {logging_mixin.py:188} INFO - [2026-06-01T05:17:10.247+0000] {dagbag.py:545} INFO - Filling up the DagBag from /opt/airflow/dags/retailco_dag.py
[2026-06-01T05:17:10.286+0000] {processor.py:840} INFO - DAG(s) 'retailco_master_pipeline' retrieved from /opt/airflow/dags/retailco_dag.py
[2026-06-01T05:17:10.380+0000] {logging_mixin.py:188} INFO - [2026-06-01T05:17:10.379+0000] {dag.py:3096} INFO - Sync 1 DAGs
[2026-06-01T05:17:10.438+0000] {logging_mixin.py:188} INFO - [2026-06-01T05:17:10.438+0000] {dag.py:3954} INFO - Setting next_dagrun for retailco_master_pipeline to 2026-06-01 00:00:00+00:00, run_after=2026-06-02 00:00:00+00:00
[2026-06-01T05:17:10.480+0000] {processor.py:183} INFO - Processing /opt/airflow/dags/retailco_dag.py took 0.243 seconds
[2026-06-01T05:17:40.815+0000] {processor.py:161} INFO - Started process (PID=5000) to work on /opt/airflow/dags/retailco_dag.py
[2026-06-01T05:17:40.818+0000] {processor.py:830} INFO - Processing file /opt/airflow/dags/retailco_dag.py for tasks to queue
[2026-06-01T05:17:40.822+0000] {logging_mixin.py:188} INFO - [2026-06-01T05:17:40.822+0000] {dagbag.py:545} INFO - Filling up the DagBag from /opt/airflow/dags/retailco_dag.py
[2026-06-01T05:17:40.869+0000] {processor.py:840} INFO - DAG(s) 'retailco_master_pipeline' retrieved from /opt/airflow/dags/retailco_dag.py
[2026-06-01T05:17:40.908+0000] {logging_mixin.py:188} INFO - [2026-06-01T05:17:40.908+0000] {dag.py:3096} INFO - Sync 1 DAGs
[2026-06-01T05:17:40.933+0000] {logging_mixin.py:188} INFO - [2026-06-01T05:17:40.933+0000] {dag.py:3954} INFO - Setting next_dagrun for retailco_master_pipeline to 2026-06-01 00:00:00+00:00, run_after=2026-06-02 00:00:00+00:00
[2026-06-01T05:17:40.964+0000] {processor.py:183} INFO - Processing /opt/airflow/dags/retailco_dag.py took 0.173 seconds
[2026-06-01T05:18:11.327+0000] {processor.py:161} INFO - Started process (PID=5005) to work on /opt/airflow/dags/retailco_dag.py
[2026-06-01T05:18:11.329+0000] {processor.py:830} INFO - Processing file /opt/airflow/dags/retailco_dag.py for tasks to queue
[2026-06-01T05:18:11.331+0000] {logging_mixin.py:188} INFO - [2026-06-01T05:18:11.331+0000] {dagbag.py:545} INFO - Filling up the DagBag from /opt/airflow/dags/retailco_dag.py
[2026-06-01T05:18:11.364+0000] {processor.py:840} INFO - DAG(s) 'retailco_master_pipeline' retrieved from /opt/airflow/dags/retailco_dag.py
[2026-06-01T05:18:11.405+0000] {logging_mixin.py:188} INFO - [2026-06-01T05:18:11.405+0000] {dag.py:3096} INFO - Sync 1 DAGs
[2026-06-01T05:18:11.428+0000] {logging_mixin.py:188} INFO - [2026-06-01T05:18:11.427+0000] {dag.py:3954} INFO - Setting next_dagrun for retailco_master_pipeline to 2026-06-01 00:00:00+00:00, run_after=2026-06-02 00:00:00+00:00
[2026-06-01T05:18:11.455+0000] {processor.py:183} INFO - Processing /opt/airflow/dags/retailco_dag.py took 0.133 seconds
[2026-06-01T05:18:41.760+0000] {processor.py:161} INFO - Started process (PID=5010) to work on /opt/airflow/dags/retailco_dag.py
[2026-06-01T05:18:41.761+0000] {processor.py:830} INFO - Processing file /opt/airflow/dags/retailco_dag.py for tasks to queue
[2026-06-01T05:18:41.765+0000] {logging_mixin.py:188} INFO - [2026-06-01T05:18:41.764+0000] {dagbag.py:545} INFO - Filling up the DagBag from /opt/airflow/dags/retailco_dag.py
[2026-06-01T05:18:41.799+0000] {processor.py:840} INFO - DAG(s) 'retailco_master_pipeline' retrieved from /opt/airflow/dags/retailco_dag.py
[2026-06-01T05:18:41.867+0000] {logging_mixin.py:188} INFO - [2026-06-01T05:18:41.867+0000] {dag.py:3096} INFO - Sync 1 DAGs
[2026-06-01T05:18:41.909+0000] {logging_mixin.py:188} INFO - [2026-06-01T05:18:41.909+0000] {dag.py:3954} INFO - Setting next_dagrun for retailco_master_pipeline to 2026-06-01 00:00:00+00:00, run_after=2026-06-02 00:00:00+00:00
[2026-06-01T05:18:41.943+0000] {processor.py:183} INFO - Processing /opt/airflow/dags/retailco_dag.py took 0.196 seconds
[2026-06-01T05:19:12.177+0000] {processor.py:161} INFO - Started process (PID=5018) to work on /opt/airflow/dags/retailco_dag.py
[2026-06-01T05:19:12.180+0000] {processor.py:830} INFO - Processing file /opt/airflow/dags/retailco_dag.py for tasks to queue
[2026-06-01T05:19:12.185+0000] {logging_mixin.py:188} INFO - [2026-06-01T05:19:12.184+0000] {dagbag.py:545} INFO - Filling up the DagBag from /opt/airflow/dags/retailco_dag.py
[2026-06-01T05:19:12.238+0000] {processor.py:840} INFO - DAG(s) 'retailco_master_pipeline' retrieved from /opt/airflow/dags/retailco_dag.py
[2026-06-01T05:19:12.297+0000] {logging_mixin.py:188} INFO - [2026-06-01T05:19:12.296+0000] {dag.py:3096} INFO - Sync 1 DAGs
[2026-06-01T05:19:12.344+0000] {logging_mixin.py:188} INFO - [2026-06-01T05:19:12.344+0000] {dag.py:3954} INFO - Setting next_dagrun for retailco_master_pipeline to 2026-06-01 00:00:00+00:00, run_after=2026-06-02 00:00:00+00:00
[2026-06-01T05:19:12.383+0000] {processor.py:183} INFO - Processing /opt/airflow/dags/retailco_dag.py took 0.225 seconds
[2026-06-01T05:19:42.883+0000] {processor.py:161} INFO - Started process (PID=5023) to work on /opt/airflow/dags/retailco_dag.py
[2026-06-01T05:19:42.884+0000] {processor.py:830} INFO - Processing file /opt/airflow/dags/retailco_dag.py for tasks to queue
[2026-06-01T05:19:42.886+0000] {logging_mixin.py:188} INFO - [2026-06-01T05:19:42.886+0000] {dagbag.py:545} INFO - Filling up the DagBag from /opt/airflow/dags/retailco_dag.py
[2026-06-01T05:19:42.916+0000] {processor.py:840} INFO - DAG(s) 'retailco_master_pipeline' retrieved from /opt/airflow/dags/retailco_dag.py
[2026-06-01T05:19:42.953+0000] {logging_mixin.py:188} INFO - [2026-06-01T05:19:42.953+0000] {dag.py:3096} INFO - Sync 1 DAGs
[2026-06-01T05:19:42.980+0000] {logging_mixin.py:188} INFO - [2026-06-01T05:19:42.980+0000] {dag.py:3954} INFO - Setting next_dagrun for retailco_master_pipeline to 2026-06-01 00:00:00+00:00, run_after=2026-06-02 00:00:00+00:00
[2026-06-01T05:19:43.008+0000] {processor.py:183} INFO - Processing /opt/airflow/dags/retailco_dag.py took 0.132 seconds
[2026-06-01T05:20:13.262+0000] {processor.py:161} INFO - Started process (PID=5028) to work on /opt/airflow/dags/retailco_dag.py
[2026-06-01T05:20:13.263+0000] {processor.py:830} INFO - Processing file /opt/airflow/dags/retailco_dag.py for tasks to queue
[2026-06-01T05:20:13.265+0000] {logging_mixin.py:188} INFO - [2026-06-01T05:20:13.265+0000] {dagbag.py:545} INFO - Filling up the DagBag from /opt/airflow/dags/retailco_dag.py
[2026-06-01T05:20:13.297+0000] {processor.py:840} INFO - DAG(s) 'retailco_master_pipeline' retrieved from /opt/airflow/dags/retailco_dag.py
[2026-06-01T05:20:13.330+0000] {logging_mixin.py:188} INFO - [2026-06-01T05:20:13.330+0000] {dag.py:3096} INFO - Sync 1 DAGs
[2026-06-01T05:20:13.354+0000] {logging_mixin.py:188} INFO - [2026-06-01T05:20:13.354+0000] {dag.py:3954} INFO - Setting next_dagrun for retailco_master_pipeline to 2026-06-01 00:00:00+00:00, run_after=2026-06-02 00:00:00+00:00
[2026-06-01T05:20:13.380+0000] {processor.py:183} INFO - Processing /opt/airflow/dags/retailco_dag.py took 0.125 seconds
[2026-06-01T05:20:43.594+0000] {processor.py:161} INFO - Started process (PID=5033) to work on /opt/airflow/dags/retailco_dag.py
[2026-06-01T05:20:43.595+0000] {processor.py:830} INFO - Processing file /opt/airflow/dags/retailco_dag.py for tasks to queue
[2026-06-01T05:20:43.597+0000] {logging_mixin.py:188} INFO - [2026-06-01T05:20:43.597+0000] {dagbag.py:545} INFO - Filling up the DagBag from /opt/airflow/dags/retailco_dag.py
[2026-06-01T05:20:43.631+0000] {processor.py:840} INFO - DAG(s) 'retailco_master_pipeline' retrieved from /opt/airflow/dags/retailco_dag.py
[2026-06-01T05:20:43.670+0000] {logging_mixin.py:188} INFO - [2026-06-01T05:20:43.670+0000] {dag.py:3096} INFO - Sync 1 DAGs
[2026-06-01T05:20:43.696+0000] {logging_mixin.py:188} INFO - [2026-06-01T05:20:43.696+0000] {dag.py:3954} INFO - Setting next_dagrun for retailco_master_pipeline to 2026-06-01 00:00:00+00:00, run_after=2026-06-02 00:00:00+00:00
[2026-06-01T05:20:43.725+0000] {processor.py:183} INFO - Processing /opt/airflow/dags/retailco_dag.py took 0.138 seconds
[2026-06-01T05:21:14.016+0000] {processor.py:161} INFO - Started process (PID=5038) to work on /opt/airflow/dags/retailco_dag.py
[2026-06-01T05:21:14.017+0000] {processor.py:830} INFO - Processing file /opt/airflow/dags/retailco_dag.py for tasks to queue
[2026-06-01T05:21:14.019+0000] {logging_mixin.py:188} INFO - [2026-06-01T05:21:14.019+0000] {dagbag.py:545} INFO - Filling up the DagBag from /opt/airflow/dags/retailco_dag.py
[2026-06-01T05:21:14.054+0000] {processor.py:840} INFO - DAG(s) 'retailco_master_pipeline' retrieved from /opt/airflow/dags/retailco_dag.py
[2026-06-01T05:21:14.087+0000] {logging_mixin.py:188} INFO - [2026-06-01T05:21:14.086+0000] {dag.py:3096} INFO - Sync 1 DAGs
[2026-06-01T05:21:14.112+0000] {logging_mixin.py:188} INFO - [2026-06-01T05:21:14.111+0000] {dag.py:3954} INFO - Setting next_dagrun for retailco_master_pipeline to 2026-06-01 00:00:00+00:00, run_after=2026-06-02 00:00:00+00:00
[2026-06-01T05:21:14.141+0000] {processor.py:183} INFO - Processing /opt/airflow/dags/retailco_dag.py took 0.132 seconds
[2026-06-01T05:21:44.423+0000] {processor.py:161} INFO - Started process (PID=5043) to work on /opt/airflow/dags/retailco_dag.py
[2026-06-01T05:21:44.424+0000] {processor.py:830} INFO - Processing file /opt/airflow/dags/retailco_dag.py for tasks to queue
[2026-06-01T05:21:44.426+0000] {logging_mixin.py:188} INFO - [2026-06-01T05:21:44.426+0000] {dagbag.py:545} INFO - Filling up the DagBag from /opt/airflow/dags/retailco_dag.py
[2026-06-01T05:21:44.459+0000] {processor.py:840} INFO - DAG(s) 'retailco_master_pipeline' retrieved from /opt/airflow/dags/retailco_dag.py
[2026-06-01T05:21:44.493+0000] {logging_mixin.py:188} INFO - [2026-06-01T05:21:44.493+0000] {dag.py:3096} INFO - Sync 1 DAGs
[2026-06-01T05:21:44.524+0000] {logging_mixin.py:188} INFO - [2026-06-01T05:21:44.523+0000] {dag.py:3954} INFO - Setting next_dagrun for retailco_master_pipeline to 2026-06-01 00:00:00+00:00, run_after=2026-06-02 00:00:00+00:00
[2026-06-01T05:21:44.549+0000] {processor.py:183} INFO - Processing /opt/airflow/dags/retailco_dag.py took 0.133 seconds
[2026-06-01T05:22:14.789+0000] {processor.py:161} INFO - Started process (PID=5048) to work on /opt/airflow/dags/retailco_dag.py
[2026-06-01T05:22:14.790+0000] {processor.py:830} INFO - Processing file /opt/airflow/dags/retailco_dag.py for tasks to queue
[2026-06-01T05:22:14.792+0000] {logging_mixin.py:188} INFO - [2026-06-01T05:22:14.792+0000] {dagbag.py:545} INFO - Filling up the DagBag from /opt/airflow/dags/retailco_dag.py
[2026-06-01T05:22:14.827+0000] {processor.py:840} INFO - DAG(s) 'retailco_master_pipeline' retrieved from /opt/airflow/dags/retailco_dag.py
[2026-06-01T05:22:14.861+0000] {logging_mixin.py:188} INFO - [2026-06-01T05:22:14.860+0000] {dag.py:3096} INFO - Sync 1 DAGs
[2026-06-01T05:22:14.887+0000] {logging_mixin.py:188} INFO - [2026-06-01T05:22:14.887+0000] {dag.py:3954} INFO - Setting next_dagrun for retailco_master_pipeline to 2026-06-01 00:00:00+00:00, run_after=2026-06-02 00:00:00+00:00
[2026-06-01T05:22:14.915+0000] {processor.py:183} INFO - Processing /opt/airflow/dags/retailco_dag.py took 0.134 seconds
[2026-06-01T05:22:45.208+0000] {processor.py:161} INFO - Started process (PID=5056) to work on /opt/airflow/dags/retailco_dag.py
[2026-06-01T05:22:45.211+0000] {processor.py:830} INFO - Processing file /opt/airflow/dags/retailco_dag.py for tasks to queue
[2026-06-01T05:22:45.214+0000] {logging_mixin.py:188} INFO - [2026-06-01T05:22:45.213+0000] {dagbag.py:545} INFO - Filling up the DagBag from /opt/airflow/dags/retailco_dag.py
[2026-06-01T05:22:45.249+0000] {processor.py:840} INFO - DAG(s) 'retailco_master_pipeline' retrieved from /opt/airflow/dags/retailco_dag.py
[2026-06-01T05:22:45.286+0000] {logging_mixin.py:188} INFO - [2026-06-01T05:22:45.285+0000] {dag.py:3096} INFO - Sync 1 DAGs
[2026-06-01T05:22:45.314+0000] {logging_mixin.py:188} INFO - [2026-06-01T05:22:45.314+0000] {dag.py:3954} INFO - Setting next_dagrun for retailco_master_pipeline to 2026-06-01 00:00:00+00:00, run_after=2026-06-02 00:00:00+00:00
[2026-06-01T05:22:45.344+0000] {processor.py:183} INFO - Processing /opt/airflow/dags/retailco_dag.py took 0.144 seconds
[2026-06-01T05:23:15.565+0000] {processor.py:161} INFO - Started process (PID=5061) to work on /opt/airflow/dags/retailco_dag.py
[2026-06-01T05:23:15.567+0000] {processor.py:830} INFO - Processing file /opt/airflow/dags/retailco_dag.py for tasks to queue
[2026-06-01T05:23:15.570+0000] {logging_mixin.py:188} INFO - [2026-06-01T05:23:15.569+0000] {dagbag.py:545} INFO - Filling up the DagBag from /opt/airflow/dags/retailco_dag.py
[2026-06-01T05:23:15.603+0000] {processor.py:840} INFO - DAG(s) 'retailco_master_pipeline' retrieved from /opt/airflow/dags/retailco_dag.py
[2026-06-01T05:23:15.691+0000] {logging_mixin.py:188} INFO - [2026-06-01T05:23:15.683+0000] {dag.py:3096} INFO - Sync 1 DAGs
[2026-06-01T05:23:15.745+0000] {logging_mixin.py:188} INFO - [2026-06-01T05:23:15.745+0000] {dag.py:3954} INFO - Setting next_dagrun for retailco_master_pipeline to 2026-06-01 00:00:00+00:00, run_after=2026-06-02 00:00:00+00:00
[2026-06-01T05:23:15.775+0000] {processor.py:183} INFO - Processing /opt/airflow/dags/retailco_dag.py took 0.217 seconds
[2026-06-01T05:23:46.084+0000] {processor.py:161} INFO - Started process (PID=5066) to work on /opt/airflow/dags/retailco_dag.py
[2026-06-01T05:23:46.085+0000] {processor.py:830} INFO - Processing file /opt/airflow/dags/retailco_dag.py for tasks to queue
[2026-06-01T05:23:46.087+0000] {logging_mixin.py:188} INFO - [2026-06-01T05:23:46.087+0000] {dagbag.py:545} INFO - Filling up the DagBag from /opt/airflow/dags/retailco_dag.py
[2026-06-01T05:23:46.119+0000] {processor.py:840} INFO - DAG(s) 'retailco_master_pipeline' retrieved from /opt/airflow/dags/retailco_dag.py
[2026-06-01T05:23:46.151+0000] {logging_mixin.py:188} INFO - [2026-06-01T05:23:46.151+0000] {dag.py:3096} INFO - Sync 1 DAGs
[2026-06-01T05:23:46.176+0000] {logging_mixin.py:188} INFO - [2026-06-01T05:23:46.176+0000] {dag.py:3954} INFO - Setting next_dagrun for retailco_master_pipeline to 2026-06-01 00:00:00+00:00, run_after=2026-06-02 00:00:00+00:00
[2026-06-01T05:23:46.204+0000] {processor.py:183} INFO - Processing /opt/airflow/dags/retailco_dag.py took 0.128 seconds
[2026-06-01T05:24:16.429+0000] {processor.py:161} INFO - Started process (PID=5071) to work on /opt/airflow/dags/retailco_dag.py
[2026-06-01T05:24:16.430+0000] {processor.py:830} INFO - Processing file /opt/airflow/dags/retailco_dag.py for tasks to queue
[2026-06-01T05:24:16.432+0000] {logging_mixin.py:188} INFO - [2026-06-01T05:24:16.432+0000] {dagbag.py:545} INFO - Filling up the DagBag from /opt/airflow/dags/retailco_dag.py
[2026-06-01T05:24:16.465+0000] {processor.py:840} INFO - DAG(s) 'retailco_master_pipeline' retrieved from /opt/airflow/dags/retailco_dag.py
[2026-06-01T05:24:16.499+0000] {logging_mixin.py:188} INFO - [2026-06-01T05:24:16.499+0000] {dag.py:3096} INFO - Sync 1 DAGs
[2026-06-01T05:24:16.527+0000] {logging_mixin.py:188} INFO - [2026-06-01T05:24:16.526+0000] {dag.py:3954} INFO - Setting next_dagrun for retailco_master_pipeline to 2026-06-01 00:00:00+00:00, run_after=2026-06-02 00:00:00+00:00
[2026-06-01T05:24:16.555+0000] {processor.py:183} INFO - Processing /opt/airflow/dags/retailco_dag.py took 0.133 seconds
[2026-06-01T05:24:46.903+0000] {processor.py:161} INFO - Started process (PID=5076) to work on /opt/airflow/dags/retailco_dag.py
[2026-06-01T05:24:46.904+0000] {processor.py:830} INFO - Processing file /opt/airflow/dags/retailco_dag.py for tasks to queue
[2026-06-01T05:24:46.906+0000] {logging_mixin.py:188} INFO - [2026-06-01T05:24:46.906+0000] {dagbag.py:545} INFO - Filling up the DagBag from /opt/airflow/dags/retailco_dag.py
[2026-06-01T05:24:46.936+0000] {processor.py:840} INFO - DAG(s) 'retailco_master_pipeline' retrieved from /opt/airflow/dags/retailco_dag.py
[2026-06-01T05:24:46.969+0000] {logging_mixin.py:188} INFO - [2026-06-01T05:24:46.969+0000] {dag.py:3096} INFO - Sync 1 DAGs
[2026-06-01T05:24:46.995+0000] {logging_mixin.py:188} INFO - [2026-06-01T05:24:46.995+0000] {dag.py:3954} INFO - Setting next_dagrun for retailco_master_pipeline to 2026-06-01 00:00:00+00:00, run_after=2026-06-02 00:00:00+00:00
[2026-06-01T05:24:47.024+0000] {processor.py:183} INFO - Processing /opt/airflow/dags/retailco_dag.py took 0.127 seconds
[2026-06-01T05:25:17.257+0000] {processor.py:161} INFO - Started process (PID=5081) to work on /opt/airflow/dags/retailco_dag.py
[2026-06-01T05:25:17.259+0000] {processor.py:830} INFO - Processing file /opt/airflow/dags/retailco_dag.py for tasks to queue
[2026-06-01T05:25:17.261+0000] {logging_mixin.py:188} INFO - [2026-06-01T05:25:17.261+0000] {dagbag.py:545} INFO - Filling up the DagBag from /opt/airflow/dags/retailco_dag.py
[2026-06-01T05:25:17.290+0000] {processor.py:840} INFO - DAG(s) 'retailco_master_pipeline' retrieved from /opt/airflow/dags/retailco_dag.py
[2026-06-01T05:25:17.327+0000] {logging_mixin.py:188} INFO - [2026-06-01T05:25:17.326+0000] {dag.py:3096} INFO - Sync 1 DAGs
[2026-06-01T05:25:17.354+0000] {logging_mixin.py:188} INFO - [2026-06-01T05:25:17.354+0000] {dag.py:3954} INFO - Setting next_dagrun for retailco_master_pipeline to 2026-06-01 00:00:00+00:00, run_after=2026-06-02 00:00:00+00:00
[2026-06-01T05:25:17.379+0000] {processor.py:183} INFO - Processing /opt/airflow/dags/retailco_dag.py took 0.130 seconds
[2026-06-01T05:25:47.721+0000] {processor.py:161} INFO - Started process (PID=5086) to work on /opt/airflow/dags/retailco_dag.py
[2026-06-01T05:25:47.723+0000] {processor.py:830} INFO - Processing file /opt/airflow/dags/retailco_dag.py for tasks to queue
[2026-06-01T05:25:47.725+0000] {logging_mixin.py:188} INFO - [2026-06-01T05:25:47.724+0000] {dagbag.py:545} INFO - Filling up the DagBag from /opt/airflow/dags/retailco_dag.py
[2026-06-01T05:25:47.759+0000] {processor.py:840} INFO - DAG(s) 'retailco_master_pipeline' retrieved from /opt/airflow/dags/retailco_dag.py
[2026-06-01T05:25:47.793+0000] {logging_mixin.py:188} INFO - [2026-06-01T05:25:47.793+0000] {dag.py:3096} INFO - Sync 1 DAGs
[2026-06-01T05:25:47.820+0000] {logging_mixin.py:188} INFO - [2026-06-01T05:25:47.820+0000] {dag.py:3954} INFO - Setting next_dagrun for retailco_master_pipeline to 2026-06-01 00:00:00+00:00, run_after=2026-06-02 00:00:00+00:00
[2026-06-01T05:25:47.843+0000] {processor.py:183} INFO - Processing /opt/airflow/dags/retailco_dag.py took 0.130 seconds
[2026-06-01T05:26:17.975+0000] {processor.py:161} INFO - Started process (PID=5094) to work on /opt/airflow/dags/retailco_dag.py
[2026-06-01T05:26:17.978+0000] {processor.py:830} INFO - Processing file /opt/airflow/dags/retailco_dag.py for tasks to queue
[2026-06-01T05:26:17.980+0000] {logging_mixin.py:188} INFO - [2026-06-01T05:26:17.980+0000] {dagbag.py:545} INFO - Filling up the DagBag from /opt/airflow/dags/retailco_dag.py
[2026-06-01T05:26:18.014+0000] {processor.py:840} INFO - DAG(s) 'retailco_master_pipeline' retrieved from /opt/airflow/dags/retailco_dag.py
[2026-06-01T05:26:18.053+0000] {logging_mixin.py:188} INFO - [2026-06-01T05:26:18.053+0000] {dag.py:3096} INFO - Sync 1 DAGs
[2026-06-01T05:26:18.080+0000] {logging_mixin.py:188} INFO - [2026-06-01T05:26:18.080+0000] {dag.py:3954} INFO - Setting next_dagrun for retailco_master_pipeline to 2026-06-01 00:00:00+00:00, run_after=2026-06-02 00:00:00+00:00
[2026-06-01T05:26:18.104+0000] {processor.py:183} INFO - Processing /opt/airflow/dags/retailco_dag.py took 0.137 seconds
[2026-06-01T05:26:48.363+0000] {processor.py:161} INFO - Started process (PID=5099) to work on /opt/airflow/dags/retailco_dag.py
[2026-06-01T05:26:48.365+0000] {processor.py:830} INFO - Processing file /opt/airflow/dags/retailco_dag.py for tasks to queue
[2026-06-01T05:26:48.368+0000] {logging_mixin.py:188} INFO - [2026-06-01T05:26:48.368+0000] {dagbag.py:545} INFO - Filling up the DagBag from /opt/airflow/dags/retailco_dag.py
[2026-06-01T05:26:48.403+0000] {processor.py:840} INFO - DAG(s) 'retailco_master_pipeline' retrieved from /opt/airflow/dags/retailco_dag.py
[2026-06-01T05:26:48.449+0000] {logging_mixin.py:188} INFO - [2026-06-01T05:26:48.448+0000] {dag.py:3096} INFO - Sync 1 DAGs
[2026-06-01T05:26:48.478+0000] {logging_mixin.py:188} INFO - [2026-06-01T05:26:48.478+0000] {dag.py:3954} INFO - Setting next_dagrun for retailco_master_pipeline to 2026-06-01 00:00:00+00:00, run_after=2026-06-02 00:00:00+00:00
[2026-06-01T05:26:48.506+0000] {processor.py:183} INFO - Processing /opt/airflow/dags/retailco_dag.py took 0.150 seconds
[2026-06-01T05:27:18.627+0000] {processor.py:161} INFO - Started process (PID=5104) to work on /opt/airflow/dags/retailco_dag.py
[2026-06-01T05:27:18.628+0000] {processor.py:830} INFO - Processing file /opt/airflow/dags/retailco_dag.py for tasks to queue
[2026-06-01T05:27:18.631+0000] {logging_mixin.py:188} INFO - [2026-06-01T05:27:18.631+0000] {dagbag.py:545} INFO - Filling up the DagBag from /opt/airflow/dags/retailco_dag.py
[2026-06-01T05:27:18.666+0000] {processor.py:840} INFO - DAG(s) 'retailco_master_pipeline' retrieved from /opt/airflow/dags/retailco_dag.py
[2026-06-01T05:27:18.709+0000] {logging_mixin.py:188} INFO - [2026-06-01T05:27:18.709+0000] {dag.py:3096} INFO - Sync 1 DAGs
[2026-06-01T05:27:18.740+0000] {logging_mixin.py:188} INFO - [2026-06-01T05:27:18.740+0000] {dag.py:3954} INFO - Setting next_dagrun for retailco_master_pipeline to 2026-06-01 00:00:00+00:00, run_after=2026-06-02 00:00:00+00:00
[2026-06-01T05:27:18.768+0000] {processor.py:183} INFO - Processing /opt/airflow/dags/retailco_dag.py took 0.149 seconds
[2026-06-01T05:27:48.993+0000] {processor.py:161} INFO - Started process (PID=5109) to work on /opt/airflow/dags/retailco_dag.py
[2026-06-01T05:27:48.994+0000] {processor.py:830} INFO - Processing file /opt/airflow/dags/retailco_dag.py for tasks to queue
[2026-06-01T05:27:48.997+0000] {logging_mixin.py:188} INFO - [2026-06-01T05:27:48.996+0000] {dagbag.py:545} INFO - Filling up the DagBag from /opt/airflow/dags/retailco_dag.py
[2026-06-01T05:27:49.031+0000] {processor.py:840} INFO - DAG(s) 'retailco_master_pipeline' retrieved from /opt/airflow/dags/retailco_dag.py
[2026-06-01T05:27:49.082+0000] {logging_mixin.py:188} INFO - [2026-06-01T05:27:49.082+0000] {dag.py:3096} INFO - Sync 1 DAGs
[2026-06-01T05:27:49.125+0000] {logging_mixin.py:188} INFO - [2026-06-01T05:27:49.125+0000] {dag.py:3954} INFO - Setting next_dagrun for retailco_master_pipeline to 2026-06-01 00:00:00+00:00, run_after=2026-06-02 00:00:00+00:00
[2026-06-01T05:27:49.162+0000] {processor.py:183} INFO - Processing /opt/airflow/dags/retailco_dag.py took 0.179 seconds
[2026-06-01T05:28:19.273+0000] {processor.py:161} INFO - Started process (PID=5114) to work on /opt/airflow/dags/retailco_dag.py
[2026-06-01T05:28:19.275+0000] {processor.py:830} INFO - Processing file /opt/airflow/dags/retailco_dag.py for tasks to queue
[2026-06-01T05:28:19.277+0000] {logging_mixin.py:188} INFO - [2026-06-01T05:28:19.277+0000] {dagbag.py:545} INFO - Filling up the DagBag from /opt/airflow/dags/retailco_dag.py
[2026-06-01T05:28:19.316+0000] {processor.py:840} INFO - DAG(s) 'retailco_master_pipeline' retrieved from /opt/airflow/dags/retailco_dag.py
[2026-06-01T05:28:19.357+0000] {logging_mixin.py:188} INFO - [2026-06-01T05:28:19.357+0000] {dag.py:3096} INFO - Sync 1 DAGs
[2026-06-01T05:28:19.388+0000] {logging_mixin.py:188} INFO - [2026-06-01T05:28:19.388+0000] {dag.py:3954} INFO - Setting next_dagrun for retailco_master_pipeline to 2026-06-01 00:00:00+00:00, run_after=2026-06-02 00:00:00+00:00
[2026-06-01T05:28:19.417+0000] {processor.py:183} INFO - Processing /opt/airflow/dags/retailco_dag.py took 0.152 seconds
[2026-06-01T05:28:49.700+0000] {processor.py:161} INFO - Started process (PID=5119) to work on /opt/airflow/dags/retailco_dag.py
[2026-06-01T05:28:49.701+0000] {processor.py:830} INFO - Processing file /opt/airflow/dags/retailco_dag.py for tasks to queue
[2026-06-01T05:28:49.703+0000] {logging_mixin.py:188} INFO - [2026-06-01T05:28:49.703+0000] {dagbag.py:545} INFO - Filling up the DagBag from /opt/airflow/dags/retailco_dag.py
[2026-06-01T05:28:49.734+0000] {processor.py:840} INFO - DAG(s) 'retailco_master_pipeline' retrieved from /opt/airflow/dags/retailco_dag.py
[2026-06-01T05:28:49.774+0000] {logging_mixin.py:188} INFO - [2026-06-01T05:28:49.774+0000] {dag.py:3096} INFO - Sync 1 DAGs
[2026-06-01T05:28:49.801+0000] {logging_mixin.py:188} INFO - [2026-06-01T05:28:49.801+0000] {dag.py:3954} INFO - Setting next_dagrun for retailco_master_pipeline to 2026-06-01 00:00:00+00:00, run_after=2026-06-02 00:00:00+00:00
[2026-06-01T05:28:49.829+0000] {processor.py:183} INFO - Processing /opt/airflow/dags/retailco_dag.py took 0.136 seconds
[2026-06-01T05:29:19.969+0000] {processor.py:161} INFO - Started process (PID=5124) to work on /opt/airflow/dags/retailco_dag.py
[2026-06-01T05:29:19.970+0000] {processor.py:830} INFO - Processing file /opt/airflow/dags/retailco_dag.py for tasks to queue
[2026-06-01T05:29:19.973+0000] {logging_mixin.py:188} INFO - [2026-06-01T05:29:19.972+0000] {dagbag.py:545} INFO - Filling up the DagBag from /opt/airflow/dags/retailco_dag.py
[2026-06-01T05:29:20.005+0000] {processor.py:840} INFO - DAG(s) 'retailco_master_pipeline' retrieved from /opt/airflow/dags/retailco_dag.py
[2026-06-01T05:29:20.049+0000] {logging_mixin.py:188} INFO - [2026-06-01T05:29:20.049+0000] {dag.py:3096} INFO - Sync 1 DAGs
[2026-06-01T05:29:20.079+0000] {logging_mixin.py:188} INFO - [2026-06-01T05:29:20.079+0000] {dag.py:3954} INFO - Setting next_dagrun for retailco_master_pipeline to 2026-06-01 00:00:00+00:00, run_after=2026-06-02 00:00:00+00:00
[2026-06-01T05:29:20.107+0000] {processor.py:183} INFO - Processing /opt/airflow/dags/retailco_dag.py took 0.146 seconds
[2026-06-01T05:29:50.335+0000] {processor.py:161} INFO - Started process (PID=5129) to work on /opt/airflow/dags/retailco_dag.py
[2026-06-01T05:29:50.337+0000] {processor.py:830} INFO - Processing file /opt/airflow/dags/retailco_dag.py for tasks to queue
[2026-06-01T05:29:50.339+0000] {logging_mixin.py:188} INFO - [2026-06-01T05:29:50.338+0000] {dagbag.py:545} INFO - Filling up the DagBag from /opt/airflow/dags/retailco_dag.py
[2026-06-01T05:29:50.367+0000] {processor.py:840} INFO - DAG(s) 'retailco_master_pipeline' retrieved from /opt/airflow/dags/retailco_dag.py
[2026-06-01T05:29:50.402+0000] {logging_mixin.py:188} INFO - [2026-06-01T05:29:50.401+0000] {dag.py:3096} INFO - Sync 1 DAGs
[2026-06-01T05:29:50.431+0000] {logging_mixin.py:188} INFO - [2026-06-01T05:29:50.431+0000] {dag.py:3954} INFO - Setting next_dagrun for retailco_master_pipeline to 2026-06-01 00:00:00+00:00, run_after=2026-06-02 00:00:00+00:00
[2026-06-01T05:29:50.463+0000] {processor.py:183} INFO - Processing /opt/airflow/dags/retailco_dag.py took 0.134 seconds
[2026-06-01T05:30:20.689+0000] {processor.py:161} INFO - Started process (PID=5134) to work on /opt/airflow/dags/retailco_dag.py
[2026-06-01T05:30:20.691+0000] {processor.py:830} INFO - Processing file /opt/airflow/dags/retailco_dag.py for tasks to queue
[2026-06-01T05:30:20.705+0000] {logging_mixin.py:188} INFO - [2026-06-01T05:30:20.704+0000] {dagbag.py:545} INFO - Filling up the DagBag from /opt/airflow/dags/retailco_dag.py
[2026-06-01T05:30:20.788+0000] {processor.py:840} INFO - DAG(s) 'retailco_master_pipeline' retrieved from /opt/airflow/dags/retailco_dag.py
[2026-06-01T05:30:20.947+0000] {logging_mixin.py:188} INFO - [2026-06-01T05:30:20.946+0000] {dag.py:3096} INFO - Sync 1 DAGs
[2026-06-01T05:30:21.108+0000] {logging_mixin.py:188} INFO - [2026-06-01T05:30:21.108+0000] {dag.py:3954} INFO - Setting next_dagrun for retailco_master_pipeline to 2026-06-01 00:00:00+00:00, run_after=2026-06-02 00:00:00+00:00
[2026-06-01T05:30:21.225+0000] {processor.py:183} INFO - Processing /opt/airflow/dags/retailco_dag.py took 0.569 seconds
[2026-06-01T05:30:51.601+0000] {processor.py:161} INFO - Started process (PID=5139) to work on /opt/airflow/dags/retailco_dag.py
[2026-06-01T05:30:51.603+0000] {processor.py:830} INFO - Processing file /opt/airflow/dags/retailco_dag.py for tasks to queue
[2026-06-01T05:30:51.605+0000] {logging_mixin.py:188} INFO - [2026-06-01T05:30:51.605+0000] {dagbag.py:545} INFO - Filling up the DagBag from /opt/airflow/dags/retailco_dag.py
[2026-06-01T05:30:51.651+0000] {processor.py:840} INFO - DAG(s) 'retailco_master_pipeline' retrieved from /opt/airflow/dags/retailco_dag.py
[2026-06-01T05:30:51.701+0000] {logging_mixin.py:188} INFO - [2026-06-01T05:30:51.701+0000] {dag.py:3096} INFO - Sync 1 DAGs
[2026-06-01T05:30:51.734+0000] {logging_mixin.py:188} INFO - [2026-06-01T05:30:51.733+0000] {dag.py:3954} INFO - Setting next_dagrun for retailco_master_pipeline to 2026-06-01 00:00:00+00:00, run_after=2026-06-02 00:00:00+00:00
[2026-06-01T05:30:51.763+0000] {processor.py:183} INFO - Processing /opt/airflow/dags/retailco_dag.py took 0.171 seconds
[2026-06-01T05:31:21.856+0000] {processor.py:161} INFO - Started process (PID=5144) to work on /opt/airflow/dags/retailco_dag.py
[2026-06-01T05:31:21.857+0000] {processor.py:830} INFO - Processing file /opt/airflow/dags/retailco_dag.py for tasks to queue
[2026-06-01T05:31:21.859+0000] {logging_mixin.py:188} INFO - [2026-06-01T05:31:21.859+0000] {dagbag.py:545} INFO - Filling up the DagBag from /opt/airflow/dags/retailco_dag.py
[2026-06-01T05:31:21.894+0000] {processor.py:840} INFO - DAG(s) 'retailco_master_pipeline' retrieved from /opt/airflow/dags/retailco_dag.py
[2026-06-01T05:31:21.928+0000] {logging_mixin.py:188} INFO - [2026-06-01T05:31:21.928+0000] {dag.py:3096} INFO - Sync 1 DAGs
[2026-06-01T05:31:21.957+0000] {logging_mixin.py:188} INFO - [2026-06-01T05:31:21.956+0000] {dag.py:3954} INFO - Setting next_dagrun for retailco_master_pipeline to 2026-06-01 00:00:00+00:00, run_after=2026-06-02 00:00:00+00:00
[2026-06-01T05:31:21.987+0000] {processor.py:183} INFO - Processing /opt/airflow/dags/retailco_dag.py took 0.137 seconds
[2026-06-01T05:31:52.340+0000] {processor.py:161} INFO - Started process (PID=5149) to work on /opt/airflow/dags/retailco_dag.py
[2026-06-01T05:31:52.341+0000] {processor.py:830} INFO - Processing file /opt/airflow/dags/retailco_dag.py for tasks to queue
[2026-06-01T05:31:52.344+0000] {logging_mixin.py:188} INFO - [2026-06-01T05:31:52.343+0000] {dagbag.py:545} INFO - Filling up the DagBag from /opt/airflow/dags/retailco_dag.py
[2026-06-01T05:31:52.372+0000] {processor.py:840} INFO - DAG(s) 'retailco_master_pipeline' retrieved from /opt/airflow/dags/retailco_dag.py
[2026-06-01T05:31:52.407+0000] {logging_mixin.py:188} INFO - [2026-06-01T05:31:52.406+0000] {dag.py:3096} INFO - Sync 1 DAGs
[2026-06-01T05:31:52.432+0000] {logging_mixin.py:188} INFO - [2026-06-01T05:31:52.432+0000] {dag.py:3954} INFO - Setting next_dagrun for retailco_master_pipeline to 2026-06-01 00:00:00+00:00, run_after=2026-06-02 00:00:00+00:00
[2026-06-01T05:31:52.456+0000] {processor.py:183} INFO - Processing /opt/airflow/dags/retailco_dag.py took 0.122 seconds
[2026-06-01T05:32:22.739+0000] {processor.py:161} INFO - Started process (PID=5154) to work on /opt/airflow/dags/retailco_dag.py
[2026-06-01T05:32:22.741+0000] {processor.py:830} INFO - Processing file /opt/airflow/dags/retailco_dag.py for tasks to queue
[2026-06-01T05:32:22.745+0000] {logging_mixin.py:188} INFO - [2026-06-01T05:32:22.744+0000] {dagbag.py:545} INFO - Filling up the DagBag from /opt/airflow/dags/retailco_dag.py
[2026-06-01T05:32:22.799+0000] {processor.py:840} INFO - DAG(s) 'retailco_master_pipeline' retrieved from /opt/airflow/dags/retailco_dag.py
[2026-06-01T05:32:22.846+0000] {logging_mixin.py:188} INFO - [2026-06-01T05:32:22.845+0000] {dag.py:3096} INFO - Sync 1 DAGs
[2026-06-01T05:32:22.880+0000] {logging_mixin.py:188} INFO - [2026-06-01T05:32:22.880+0000] {dag.py:3954} INFO - Setting next_dagrun for retailco_master_pipeline to 2026-06-01 00:00:00+00:00, run_after=2026-06-02 00:00:00+00:00
[2026-06-01T05:32:22.913+0000] {processor.py:183} INFO - Processing /opt/airflow/dags/retailco_dag.py took 0.186 seconds
[2026-06-01T05:32:53.289+0000] {processor.py:161} INFO - Started process (PID=5159) to work on /opt/airflow/dags/retailco_dag.py
[2026-06-01T05:32:53.290+0000] {processor.py:830} INFO - Processing file /opt/airflow/dags/retailco_dag.py for tasks to queue
[2026-06-01T05:32:53.292+0000] {logging_mixin.py:188} INFO - [2026-06-01T05:32:53.292+0000] {dagbag.py:545} INFO - Filling up the DagBag from /opt/airflow/dags/retailco_dag.py
[2026-06-01T05:32:53.329+0000] {processor.py:840} INFO - DAG(s) 'retailco_master_pipeline' retrieved from /opt/airflow/dags/retailco_dag.py
[2026-06-01T05:32:53.365+0000] {logging_mixin.py:188} INFO - [2026-06-01T05:32:53.364+0000] {dag.py:3096} INFO - Sync 1 DAGs
[2026-06-01T05:32:53.391+0000] {logging_mixin.py:188} INFO - [2026-06-01T05:32:53.390+0000] {dag.py:3954} INFO - Setting next_dagrun for retailco_master_pipeline to 2026-06-01 00:00:00+00:00, run_after=2026-06-02 00:00:00+00:00
[2026-06-01T05:32:53.424+0000] {processor.py:183} INFO - Processing /opt/airflow/dags/retailco_dag.py took 0.142 seconds
[2026-06-01T05:33:23.750+0000] {processor.py:161} INFO - Started process (PID=5164) to work on /opt/airflow/dags/retailco_dag.py
[2026-06-01T05:33:23.751+0000] {processor.py:830} INFO - Processing file /opt/airflow/dags/retailco_dag.py for tasks to queue
[2026-06-01T05:33:23.754+0000] {logging_mixin.py:188} INFO - [2026-06-01T05:33:23.753+0000] {dagbag.py:545} INFO - Filling up the DagBag from /opt/airflow/dags/retailco_dag.py
[2026-06-01T05:33:23.786+0000] {processor.py:840} INFO - DAG(s) 'retailco_master_pipeline' retrieved from /opt/airflow/dags/retailco_dag.py
[2026-06-01T05:33:23.825+0000] {logging_mixin.py:188} INFO - [2026-06-01T05:33:23.825+0000] {dag.py:3096} INFO - Sync 1 DAGs
[2026-06-01T05:33:23.850+0000] {logging_mixin.py:188} INFO - [2026-06-01T05:33:23.850+0000] {dag.py:3954} INFO - Setting next_dagrun for retailco_master_pipeline to 2026-06-01 00:00:00+00:00, run_after=2026-06-02 00:00:00+00:00
[2026-06-01T05:33:23.882+0000] {processor.py:183} INFO - Processing /opt/airflow/dags/retailco_dag.py took 0.139 seconds
[2026-06-01T05:33:54.307+0000] {processor.py:161} INFO - Started process (PID=5169) to work on /opt/airflow/dags/retailco_dag.py
[2026-06-01T05:33:54.308+0000] {processor.py:830} INFO - Processing file /opt/airflow/dags/retailco_dag.py for tasks to queue
[2026-06-01T05:33:54.310+0000] {logging_mixin.py:188} INFO - [2026-06-01T05:33:54.310+0000] {dagbag.py:545} INFO - Filling up the DagBag from /opt/airflow/dags/retailco_dag.py
[2026-06-01T05:33:54.338+0000] {processor.py:840} INFO - DAG(s) 'retailco_master_pipeline' retrieved from /opt/airflow/dags/retailco_dag.py
[2026-06-01T05:33:54.373+0000] {logging_mixin.py:188} INFO - [2026-06-01T05:33:54.373+0000] {dag.py:3096} INFO - Sync 1 DAGs
[2026-06-01T05:33:54.399+0000] {logging_mixin.py:188} INFO - [2026-06-01T05:33:54.399+0000] {dag.py:3954} INFO - Setting next_dagrun for retailco_master_pipeline to 2026-06-01 00:00:00+00:00, run_after=2026-06-02 00:00:00+00:00
[2026-06-01T05:33:54.424+0000] {processor.py:183} INFO - Processing /opt/airflow/dags/retailco_dag.py took 0.123 seconds
[2026-06-01T05:34:24.764+0000] {processor.py:161} INFO - Started process (PID=5174) to work on /opt/airflow/dags/retailco_dag.py
[2026-06-01T05:34:24.766+0000] {processor.py:830} INFO - Processing file /opt/airflow/dags/retailco_dag.py for tasks to queue
[2026-06-01T05:34:24.768+0000] {logging_mixin.py:188} INFO - [2026-06-01T05:34:24.768+0000] {dagbag.py:545} INFO - Filling up the DagBag from /opt/airflow/dags/retailco_dag.py
[2026-06-01T05:34:24.800+0000] {processor.py:840} INFO - DAG(s) 'retailco_master_pipeline' retrieved from /opt/airflow/dags/retailco_dag.py
[2026-06-01T05:34:24.835+0000] {logging_mixin.py:188} INFO - [2026-06-01T05:34:24.835+0000] {dag.py:3096} INFO - Sync 1 DAGs
[2026-06-01T05:34:24.861+0000] {logging_mixin.py:188} INFO - [2026-06-01T05:34:24.861+0000] {dag.py:3954} INFO - Setting next_dagrun for retailco_master_pipeline to 2026-06-01 00:00:00+00:00, run_after=2026-06-02 00:00:00+00:00
[2026-06-01T05:34:24.885+0000] {processor.py:183} INFO - Processing /opt/airflow/dags/retailco_dag.py took 0.127 seconds
[2026-06-01T05:34:55.371+0000] {processor.py:161} INFO - Started process (PID=5179) to work on /opt/airflow/dags/retailco_dag.py
[2026-06-01T05:34:55.373+0000] {processor.py:830} INFO - Processing file /opt/airflow/dags/retailco_dag.py for tasks to queue
[2026-06-01T05:34:55.375+0000] {logging_mixin.py:188} INFO - [2026-06-01T05:34:55.375+0000] {dagbag.py:545} INFO - Filling up the DagBag from /opt/airflow/dags/retailco_dag.py
[2026-06-01T05:34:55.407+0000] {processor.py:840} INFO - DAG(s) 'retailco_master_pipeline' retrieved from /opt/airflow/dags/retailco_dag.py
[2026-06-01T05:34:55.445+0000] {logging_mixin.py:188} INFO - [2026-06-01T05:34:55.445+0000] {dag.py:3096} INFO - Sync 1 DAGs
[2026-06-01T05:34:55.470+0000] {logging_mixin.py:188} INFO - [2026-06-01T05:34:55.469+0000] {dag.py:3954} INFO - Setting next_dagrun for retailco_master_pipeline to 2026-06-01 00:00:00+00:00, run_after=2026-06-02 00:00:00+00:00
[2026-06-01T05:34:55.497+0000] {processor.py:183} INFO - Processing /opt/airflow/dags/retailco_dag.py took 0.132 seconds
[2026-06-01T05:35:25.920+0000] {processor.py:161} INFO - Started process (PID=5184) to work on /opt/airflow/dags/retailco_dag.py
[2026-06-01T05:35:25.922+0000] {processor.py:830} INFO - Processing file /opt/airflow/dags/retailco_dag.py for tasks to queue
[2026-06-01T05:35:25.924+0000] {logging_mixin.py:188} INFO - [2026-06-01T05:35:25.924+0000] {dagbag.py:545} INFO - Filling up the DagBag from /opt/airflow/dags/retailco_dag.py
[2026-06-01T05:35:25.954+0000] {processor.py:840} INFO - DAG(s) 'retailco_master_pipeline' retrieved from /opt/airflow/dags/retailco_dag.py
[2026-06-01T05:35:25.988+0000] {logging_mixin.py:188} INFO - [2026-06-01T05:35:25.987+0000] {dag.py:3096} INFO - Sync 1 DAGs
[2026-06-01T05:35:26.010+0000] {logging_mixin.py:188} INFO - [2026-06-01T05:35:26.010+0000] {dag.py:3954} INFO - Setting next_dagrun for retailco_master_pipeline to 2026-06-01 00:00:00+00:00, run_after=2026-06-02 00:00:00+00:00
[2026-06-01T05:35:26.037+0000] {processor.py:183} INFO - Processing /opt/airflow/dags/retailco_dag.py took 0.126 seconds
[2026-06-01T05:35:56.367+0000] {processor.py:161} INFO - Started process (PID=5189) to work on /opt/airflow/dags/retailco_dag.py
[2026-06-01T05:35:56.370+0000] {processor.py:830} INFO - Processing file /opt/airflow/dags/retailco_dag.py for tasks to queue
[2026-06-01T05:35:56.374+0000] {logging_mixin.py:188} INFO - [2026-06-01T05:35:56.373+0000] {dagbag.py:545} INFO - Filling up the DagBag from /opt/airflow/dags/retailco_dag.py
[2026-06-01T05:35:56.417+0000] {processor.py:840} INFO - DAG(s) 'retailco_master_pipeline' retrieved from /opt/airflow/dags/retailco_dag.py
[2026-06-01T05:35:56.464+0000] {logging_mixin.py:188} INFO - [2026-06-01T05:35:56.464+0000] {dag.py:3096} INFO - Sync 1 DAGs
[2026-06-01T05:35:56.500+0000] {logging_mixin.py:188} INFO - [2026-06-01T05:35:56.500+0000] {dag.py:3954} INFO - Setting next_dagrun for retailco_master_pipeline to 2026-06-01 00:00:00+00:00, run_after=2026-06-02 00:00:00+00:00
[2026-06-01T05:35:56.534+0000] {processor.py:183} INFO - Processing /opt/airflow/dags/retailco_dag.py took 0.185 seconds
[2026-06-01T05:36:26.897+0000] {processor.py:161} INFO - Started process (PID=5194) to work on /opt/airflow/dags/retailco_dag.py
[2026-06-01T05:36:26.899+0000] {processor.py:830} INFO - Processing file /opt/airflow/dags/retailco_dag.py for tasks to queue
[2026-06-01T05:36:26.901+0000] {logging_mixin.py:188} INFO - [2026-06-01T05:36:26.901+0000] {dagbag.py:545} INFO - Filling up the DagBag from /opt/airflow/dags/retailco_dag.py
[2026-06-01T05:36:26.935+0000] {processor.py:840} INFO - DAG(s) 'retailco_master_pipeline' retrieved from /opt/airflow/dags/retailco_dag.py
[2026-06-01T05:36:26.967+0000] {logging_mixin.py:188} INFO - [2026-06-01T05:36:26.967+0000] {dag.py:3096} INFO - Sync 1 DAGs
[2026-06-01T05:36:26.991+0000] {logging_mixin.py:188} INFO - [2026-06-01T05:36:26.991+0000] {dag.py:3954} INFO - Setting next_dagrun for retailco_master_pipeline to 2026-06-01 00:00:00+00:00, run_after=2026-06-02 00:00:00+00:00
[2026-06-01T05:36:27.014+0000] {processor.py:183} INFO - Processing /opt/airflow/dags/retailco_dag.py took 0.127 seconds
[2026-06-01T05:36:57.246+0000] {processor.py:161} INFO - Started process (PID=5199) to work on /opt/airflow/dags/retailco_dag.py
[2026-06-01T05:36:57.248+0000] {processor.py:830} INFO - Processing file /opt/airflow/dags/retailco_dag.py for tasks to queue
[2026-06-01T05:36:57.251+0000] {logging_mixin.py:188} INFO - [2026-06-01T05:36:57.250+0000] {dagbag.py:545} INFO - Filling up the DagBag from /opt/airflow/dags/retailco_dag.py
[2026-06-01T05:36:57.287+0000] {processor.py:840} INFO - DAG(s) 'retailco_master_pipeline' retrieved from /opt/airflow/dags/retailco_dag.py
[2026-06-01T05:36:57.324+0000] {logging_mixin.py:188} INFO - [2026-06-01T05:36:57.324+0000] {dag.py:3096} INFO - Sync 1 DAGs
[2026-06-01T05:36:57.355+0000] {logging_mixin.py:188} INFO - [2026-06-01T05:36:57.355+0000] {dag.py:3954} INFO - Setting next_dagrun for retailco_master_pipeline to 2026-06-01 00:00:00+00:00, run_after=2026-06-02 00:00:00+00:00
[2026-06-01T05:36:57.381+0000] {processor.py:183} INFO - Processing /opt/airflow/dags/retailco_dag.py took 0.149 seconds
[2026-06-01T05:37:27.774+0000] {processor.py:161} INFO - Started process (PID=5204) to work on /opt/airflow/dags/retailco_dag.py
[2026-06-01T05:37:27.777+0000] {processor.py:830} INFO - Processing file /opt/airflow/dags/retailco_dag.py for tasks to queue
[2026-06-01T05:37:27.781+0000] {logging_mixin.py:188} INFO - [2026-06-01T05:37:27.780+0000] {dagbag.py:545} INFO - Filling up the DagBag from /opt/airflow/dags/retailco_dag.py
[2026-06-01T05:37:27.823+0000] {processor.py:840} INFO - DAG(s) 'retailco_master_pipeline' retrieved from /opt/airflow/dags/retailco_dag.py
[2026-06-01T05:37:27.864+0000] {logging_mixin.py:188} INFO - [2026-06-01T05:37:27.864+0000] {dag.py:3096} INFO - Sync 1 DAGs
[2026-06-01T05:37:27.898+0000] {logging_mixin.py:188} INFO - [2026-06-01T05:37:27.897+0000] {dag.py:3954} INFO - Setting next_dagrun for retailco_master_pipeline to 2026-06-01 00:00:00+00:00, run_after=2026-06-02 00:00:00+00:00
[2026-06-01T05:37:27.932+0000] {processor.py:183} INFO - Processing /opt/airflow/dags/retailco_dag.py took 0.173 seconds
[2026-06-01T05:37:58.160+0000] {processor.py:161} INFO - Started process (PID=5209) to work on /opt/airflow/dags/retailco_dag.py
[2026-06-01T05:37:58.162+0000] {processor.py:830} INFO - Processing file /opt/airflow/dags/retailco_dag.py for tasks to queue
[2026-06-01T05:37:58.165+0000] {logging_mixin.py:188} INFO - [2026-06-01T05:37:58.164+0000] {dagbag.py:545} INFO - Filling up the DagBag from /opt/airflow/dags/retailco_dag.py
[2026-06-01T05:37:58.195+0000] {processor.py:840} INFO - DAG(s) 'retailco_master_pipeline' retrieved from /opt/airflow/dags/retailco_dag.py
[2026-06-01T05:37:58.229+0000] {logging_mixin.py:188} INFO - [2026-06-01T05:37:58.228+0000] {dag.py:3096} INFO - Sync 1 DAGs
[2026-06-01T05:37:58.252+0000] {logging_mixin.py:188} INFO - [2026-06-01T05:37:58.252+0000] {dag.py:3954} INFO - Setting next_dagrun for retailco_master_pipeline to 2026-06-01 00:00:00+00:00, run_after=2026-06-02 00:00:00+00:00
[2026-06-01T05:37:58.279+0000] {processor.py:183} INFO - Processing /opt/airflow/dags/retailco_dag.py took 0.126 seconds
[2026-06-01T05:38:28.669+0000] {processor.py:161} INFO - Started process (PID=5214) to work on /opt/airflow/dags/retailco_dag.py
[2026-06-01T05:38:28.672+0000] {processor.py:830} INFO - Processing file /opt/airflow/dags/retailco_dag.py for tasks to queue
[2026-06-01T05:38:28.677+0000] {logging_mixin.py:188} INFO - [2026-06-01T05:38:28.677+0000] {dagbag.py:545} INFO - Filling up the DagBag from /opt/airflow/dags/retailco_dag.py
[2026-06-01T05:38:28.746+0000] {processor.py:840} INFO - DAG(s) 'retailco_master_pipeline' retrieved from /opt/airflow/dags/retailco_dag.py
[2026-06-01T05:38:28.784+0000] {logging_mixin.py:188} INFO - [2026-06-01T05:38:28.784+0000] {dag.py:3096} INFO - Sync 1 DAGs
[2026-06-01T05:38:28.807+0000] {logging_mixin.py:188} INFO - [2026-06-01T05:38:28.807+0000] {dag.py:3954} INFO - Setting next_dagrun for retailco_master_pipeline to 2026-06-01 00:00:00+00:00, run_after=2026-06-02 00:00:00+00:00
[2026-06-01T05:38:28.836+0000] {processor.py:183} INFO - Processing /opt/airflow/dags/retailco_dag.py took 0.186 seconds
[2026-06-01T05:38:59.093+0000] {processor.py:161} INFO - Started process (PID=5219) to work on /opt/airflow/dags/retailco_dag.py
[2026-06-01T05:38:59.095+0000] {processor.py:830} INFO - Processing file /opt/airflow/dags/retailco_dag.py for tasks to queue
[2026-06-01T05:38:59.097+0000] {logging_mixin.py:188} INFO - [2026-06-01T05:38:59.097+0000] {dagbag.py:545} INFO - Filling up the DagBag from /opt/airflow/dags/retailco_dag.py
[2026-06-01T05:38:59.128+0000] {processor.py:840} INFO - DAG(s) 'retailco_master_pipeline' retrieved from /opt/airflow/dags/retailco_dag.py
[2026-06-01T05:38:59.161+0000] {logging_mixin.py:188} INFO - [2026-06-01T05:38:59.161+0000] {dag.py:3096} INFO - Sync 1 DAGs
[2026-06-01T05:38:59.184+0000] {logging_mixin.py:188} INFO - [2026-06-01T05:38:59.183+0000] {dag.py:3954} INFO - Setting next_dagrun for retailco_master_pipeline to 2026-06-01 00:00:00+00:00, run_after=2026-06-02 00:00:00+00:00
[2026-06-01T05:38:59.214+0000] {processor.py:183} INFO - Processing /opt/airflow/dags/retailco_dag.py took 0.128 seconds
[2026-06-01T05:39:29.595+0000] {processor.py:161} INFO - Started process (PID=5224) to work on /opt/airflow/dags/retailco_dag.py
[2026-06-01T05:39:29.597+0000] {processor.py:830} INFO - Processing file /opt/airflow/dags/retailco_dag.py for tasks to queue
[2026-06-01T05:39:29.600+0000] {logging_mixin.py:188} INFO - [2026-06-01T05:39:29.600+0000] {dagbag.py:545} INFO - Filling up the DagBag from /opt/airflow/dags/retailco_dag.py
[2026-06-01T05:39:29.635+0000] {processor.py:840} INFO - DAG(s) 'retailco_master_pipeline' retrieved from /opt/airflow/dags/retailco_dag.py
[2026-06-01T05:39:29.672+0000] {logging_mixin.py:188} INFO - [2026-06-01T05:39:29.672+0000] {dag.py:3096} INFO - Sync 1 DAGs
[2026-06-01T05:39:29.699+0000] {logging_mixin.py:188} INFO - [2026-06-01T05:39:29.699+0000] {dag.py:3954} INFO - Setting next_dagrun for retailco_master_pipeline to 2026-06-01 00:00:00+00:00, run_after=2026-06-02 00:00:00+00:00
[2026-06-01T05:39:29.722+0000] {processor.py:183} INFO - Processing /opt/airflow/dags/retailco_dag.py took 0.134 seconds
[2026-06-01T05:40:00.044+0000] {processor.py:161} INFO - Started process (PID=5229) to work on /opt/airflow/dags/retailco_dag.py
[2026-06-01T05:40:00.045+0000] {processor.py:830} INFO - Processing file /opt/airflow/dags/retailco_dag.py for tasks to queue
[2026-06-01T05:40:00.048+0000] {logging_mixin.py:188} INFO - [2026-06-01T05:40:00.048+0000] {dagbag.py:545} INFO - Filling up the DagBag from /opt/airflow/dags/retailco_dag.py
[2026-06-01T05:40:00.077+0000] {processor.py:840} INFO - DAG(s) 'retailco_master_pipeline' retrieved from /opt/airflow/dags/retailco_dag.py
[2026-06-01T05:40:00.109+0000] {logging_mixin.py:188} INFO - [2026-06-01T05:40:00.108+0000] {dag.py:3096} INFO - Sync 1 DAGs
[2026-06-01T05:40:00.134+0000] {logging_mixin.py:188} INFO - [2026-06-01T05:40:00.134+0000] {dag.py:3954} INFO - Setting next_dagrun for retailco_master_pipeline to 2026-06-01 00:00:00+00:00, run_after=2026-06-02 00:00:00+00:00
[2026-06-01T05:40:00.164+0000] {processor.py:183} INFO - Processing /opt/airflow/dags/retailco_dag.py took 0.127 seconds
[2026-06-01T05:40:30.573+0000] {processor.py:161} INFO - Started process (PID=5234) to work on /opt/airflow/dags/retailco_dag.py
[2026-06-01T05:40:30.574+0000] {processor.py:830} INFO - Processing file /opt/airflow/dags/retailco_dag.py for tasks to queue
[2026-06-01T05:40:30.577+0000] {logging_mixin.py:188} INFO - [2026-06-01T05:40:30.576+0000] {dagbag.py:545} INFO - Filling up the DagBag from /opt/airflow/dags/retailco_dag.py
[2026-06-01T05:40:30.606+0000] {processor.py:840} INFO - DAG(s) 'retailco_master_pipeline' retrieved from /opt/airflow/dags/retailco_dag.py
[2026-06-01T05:40:30.648+0000] {logging_mixin.py:188} INFO - [2026-06-01T05:40:30.648+0000] {dag.py:3096} INFO - Sync 1 DAGs
[2026-06-01T05:40:30.675+0000] {logging_mixin.py:188} INFO - [2026-06-01T05:40:30.674+0000] {dag.py:3954} INFO - Setting next_dagrun for retailco_master_pipeline to 2026-06-01 00:00:00+00:00, run_after=2026-06-02 00:00:00+00:00
[2026-06-01T05:40:30.702+0000] {processor.py:183} INFO - Processing /opt/airflow/dags/retailco_dag.py took 0.138 seconds
[2026-06-01T05:41:00.983+0000] {processor.py:161} INFO - Started process (PID=5239) to work on /opt/airflow/dags/retailco_dag.py
[2026-06-01T05:41:00.985+0000] {processor.py:830} INFO - Processing file /opt/airflow/dags/retailco_dag.py for tasks to queue
[2026-06-01T05:41:00.987+0000] {logging_mixin.py:188} INFO - [2026-06-01T05:41:00.986+0000] {dagbag.py:545} INFO - Filling up the DagBag from /opt/airflow/dags/retailco_dag.py
[2026-06-01T05:41:01.018+0000] {processor.py:840} INFO - DAG(s) 'retailco_master_pipeline' retrieved from /opt/airflow/dags/retailco_dag.py
[2026-06-01T05:41:01.056+0000] {logging_mixin.py:188} INFO - [2026-06-01T05:41:01.056+0000] {dag.py:3096} INFO - Sync 1 DAGs
[2026-06-01T05:41:01.081+0000] {logging_mixin.py:188} INFO - [2026-06-01T05:41:01.081+0000] {dag.py:3954} INFO - Setting next_dagrun for retailco_master_pipeline to 2026-06-01 00:00:00+00:00, run_after=2026-06-02 00:00:00+00:00
[2026-06-01T05:41:01.107+0000] {processor.py:183} INFO - Processing /opt/airflow/dags/retailco_dag.py took 0.131 seconds
[2026-06-01T05:41:31.446+0000] {processor.py:161} INFO - Started process (PID=5244) to work on /opt/airflow/dags/retailco_dag.py
[2026-06-01T05:41:31.447+0000] {processor.py:830} INFO - Processing file /opt/airflow/dags/retailco_dag.py for tasks to queue
[2026-06-01T05:41:31.451+0000] {logging_mixin.py:188} INFO - [2026-06-01T05:41:31.450+0000] {dagbag.py:545} INFO - Filling up the DagBag from /opt/airflow/dags/retailco_dag.py
[2026-06-01T05:41:31.504+0000] {processor.py:840} INFO - DAG(s) 'retailco_master_pipeline' retrieved from /opt/airflow/dags/retailco_dag.py
[2026-06-01T05:41:31.565+0000] {logging_mixin.py:188} INFO - [2026-06-01T05:41:31.565+0000] {dag.py:3096} INFO - Sync 1 DAGs
[2026-06-01T05:41:31.607+0000] {logging_mixin.py:188} INFO - [2026-06-01T05:41:31.606+0000] {dag.py:3954} INFO - Setting next_dagrun for retailco_master_pipeline to 2026-06-01 00:00:00+00:00, run_after=2026-06-02 00:00:00+00:00
[2026-06-01T05:41:31.648+0000] {processor.py:183} INFO - Processing /opt/airflow/dags/retailco_dag.py took 0.208 seconds
[2026-06-01T05:42:01.826+0000] {processor.py:161} INFO - Started process (PID=5249) to work on /opt/airflow/dags/retailco_dag.py
[2026-06-01T05:42:01.827+0000] {processor.py:830} INFO - Processing file /opt/airflow/dags/retailco_dag.py for tasks to queue
[2026-06-01T05:42:01.830+0000] {logging_mixin.py:188} INFO - [2026-06-01T05:42:01.830+0000] {dagbag.py:545} INFO - Filling up the DagBag from /opt/airflow/dags/retailco_dag.py
[2026-06-01T05:42:01.859+0000] {processor.py:840} INFO - DAG(s) 'retailco_master_pipeline' retrieved from /opt/airflow/dags/retailco_dag.py
[2026-06-01T05:42:01.897+0000] {logging_mixin.py:188} INFO - [2026-06-01T05:42:01.897+0000] {dag.py:3096} INFO - Sync 1 DAGs
[2026-06-01T05:42:01.922+0000] {logging_mixin.py:188} INFO - [2026-06-01T05:42:01.921+0000] {dag.py:3954} INFO - Setting next_dagrun for retailco_master_pipeline to 2026-06-01 00:00:00+00:00, run_after=2026-06-02 00:00:00+00:00
[2026-06-01T05:42:01.944+0000] {processor.py:183} INFO - Processing /opt/airflow/dags/retailco_dag.py took 0.124 seconds
[2026-06-01T05:42:32.274+0000] {processor.py:161} INFO - Started process (PID=5254) to work on /opt/airflow/dags/retailco_dag.py
[2026-06-01T05:42:32.275+0000] {processor.py:830} INFO - Processing file /opt/airflow/dags/retailco_dag.py for tasks to queue
[2026-06-01T05:42:32.277+0000] {logging_mixin.py:188} INFO - [2026-06-01T05:42:32.277+0000] {dagbag.py:545} INFO - Filling up the DagBag from /opt/airflow/dags/retailco_dag.py
[2026-06-01T05:42:32.311+0000] {processor.py:840} INFO - DAG(s) 'retailco_master_pipeline' retrieved from /opt/airflow/dags/retailco_dag.py
[2026-06-01T05:42:32.343+0000] {logging_mixin.py:188} INFO - [2026-06-01T05:42:32.343+0000] {dag.py:3096} INFO - Sync 1 DAGs
[2026-06-01T05:42:32.367+0000] {logging_mixin.py:188} INFO - [2026-06-01T05:42:32.367+0000] {dag.py:3954} INFO - Setting next_dagrun for retailco_master_pipeline to 2026-06-01 00:00:00+00:00, run_after=2026-06-02 00:00:00+00:00
[2026-06-01T05:42:32.398+0000] {processor.py:183} INFO - Processing /opt/airflow/dags/retailco_dag.py took 0.130 seconds
[2026-06-01T05:43:02.652+0000] {processor.py:161} INFO - Started process (PID=5259) to work on /opt/airflow/dags/retailco_dag.py
[2026-06-01T05:43:02.654+0000] {processor.py:830} INFO - Processing file /opt/airflow/dags/retailco_dag.py for tasks to queue
[2026-06-01T05:43:02.656+0000] {logging_mixin.py:188} INFO - [2026-06-01T05:43:02.656+0000] {dagbag.py:545} INFO - Filling up the DagBag from /opt/airflow/dags/retailco_dag.py
[2026-06-01T05:43:02.689+0000] {processor.py:840} INFO - DAG(s) 'retailco_master_pipeline' retrieved from /opt/airflow/dags/retailco_dag.py
[2026-06-01T05:43:02.738+0000] {logging_mixin.py:188} INFO - [2026-06-01T05:43:02.738+0000] {dag.py:3096} INFO - Sync 1 DAGs
[2026-06-01T05:43:02.770+0000] {logging_mixin.py:188} INFO - [2026-06-01T05:43:02.769+0000] {dag.py:3954} INFO - Setting next_dagrun for retailco_master_pipeline to 2026-06-01 00:00:00+00:00, run_after=2026-06-02 00:00:00+00:00
[2026-06-01T05:43:02.793+0000] {processor.py:183} INFO - Processing /opt/airflow/dags/retailco_dag.py took 0.148 seconds
[2026-06-01T05:43:33.088+0000] {processor.py:161} INFO - Started process (PID=5264) to work on /opt/airflow/dags/retailco_dag.py
[2026-06-01T05:43:33.089+0000] {processor.py:830} INFO - Processing file /opt/airflow/dags/retailco_dag.py for tasks to queue
[2026-06-01T05:43:33.091+0000] {logging_mixin.py:188} INFO - [2026-06-01T05:43:33.091+0000] {dagbag.py:545} INFO - Filling up the DagBag from /opt/airflow/dags/retailco_dag.py
[2026-06-01T05:43:33.120+0000] {processor.py:840} INFO - DAG(s) 'retailco_master_pipeline' retrieved from /opt/airflow/dags/retailco_dag.py
[2026-06-01T05:43:33.165+0000] {logging_mixin.py:188} INFO - [2026-06-01T05:43:33.164+0000] {dag.py:3096} INFO - Sync 1 DAGs
[2026-06-01T05:43:33.264+0000] {logging_mixin.py:188} INFO - [2026-06-01T05:43:33.259+0000] {dag.py:3954} INFO - Setting next_dagrun for retailco_master_pipeline to 2026-06-01 00:00:00+00:00, run_after=2026-06-02 00:00:00+00:00
[2026-06-01T05:43:33.353+0000] {processor.py:183} INFO - Processing /opt/airflow/dags/retailco_dag.py took 0.272 seconds
[2026-06-01T05:44:03.477+0000] {processor.py:161} INFO - Started process (PID=5269) to work on /opt/airflow/dags/retailco_dag.py
[2026-06-01T05:44:03.478+0000] {processor.py:830} INFO - Processing file /opt/airflow/dags/retailco_dag.py for tasks to queue
[2026-06-01T05:44:03.480+0000] {logging_mixin.py:188} INFO - [2026-06-01T05:44:03.480+0000] {dagbag.py:545} INFO - Filling up the DagBag from /opt/airflow/dags/retailco_dag.py
[2026-06-01T05:44:03.510+0000] {processor.py:840} INFO - DAG(s) 'retailco_master_pipeline' retrieved from /opt/airflow/dags/retailco_dag.py
[2026-06-01T05:44:03.545+0000] {logging_mixin.py:188} INFO - [2026-06-01T05:44:03.545+0000] {dag.py:3096} INFO - Sync 1 DAGs
[2026-06-01T05:44:03.568+0000] {logging_mixin.py:188} INFO - [2026-06-01T05:44:03.568+0000] {dag.py:3954} INFO - Setting next_dagrun for retailco_master_pipeline to 2026-06-01 00:00:00+00:00, run_after=2026-06-02 00:00:00+00:00
[2026-06-01T05:44:03.598+0000] {processor.py:183} INFO - Processing /opt/airflow/dags/retailco_dag.py took 0.127 seconds
[2026-06-01T05:44:33.919+0000] {processor.py:161} INFO - Started process (PID=5274) to work on /opt/airflow/dags/retailco_dag.py
[2026-06-01T05:44:33.921+0000] {processor.py:830} INFO - Processing file /opt/airflow/dags/retailco_dag.py for tasks to queue
[2026-06-01T05:44:33.924+0000] {logging_mixin.py:188} INFO - [2026-06-01T05:44:33.923+0000] {dagbag.py:545} INFO - Filling up the DagBag from /opt/airflow/dags/retailco_dag.py
[2026-06-01T05:44:33.960+0000] {processor.py:840} INFO - DAG(s) 'retailco_master_pipeline' retrieved from /opt/airflow/dags/retailco_dag.py
[2026-06-01T05:44:33.997+0000] {logging_mixin.py:188} INFO - [2026-06-01T05:44:33.997+0000] {dag.py:3096} INFO - Sync 1 DAGs
[2026-06-01T05:44:34.025+0000] {logging_mixin.py:188} INFO - [2026-06-01T05:44:34.025+0000] {dag.py:3954} INFO - Setting next_dagrun for retailco_master_pipeline to 2026-06-01 00:00:00+00:00, run_after=2026-06-02 00:00:00+00:00
[2026-06-01T05:44:34.059+0000] {processor.py:183} INFO - Processing /opt/airflow/dags/retailco_dag.py took 0.147 seconds
[2026-06-01T05:45:04.423+0000] {processor.py:161} INFO - Started process (PID=5279) to work on /opt/airflow/dags/retailco_dag.py
[2026-06-01T05:45:04.424+0000] {processor.py:830} INFO - Processing file /opt/airflow/dags/retailco_dag.py for tasks to queue
[2026-06-01T05:45:04.426+0000] {logging_mixin.py:188} INFO - [2026-06-01T05:45:04.426+0000] {dagbag.py:545} INFO - Filling up the DagBag from /opt/airflow/dags/retailco_dag.py
[2026-06-01T05:45:04.459+0000] {processor.py:840} INFO - DAG(s) 'retailco_master_pipeline' retrieved from /opt/airflow/dags/retailco_dag.py
[2026-06-01T05:45:04.491+0000] {logging_mixin.py:188} INFO - [2026-06-01T05:45:04.491+0000] {dag.py:3096} INFO - Sync 1 DAGs
[2026-06-01T05:45:04.517+0000] {logging_mixin.py:188} INFO - [2026-06-01T05:45:04.517+0000] {dag.py:3954} INFO - Setting next_dagrun for retailco_master_pipeline to 2026-06-01 00:00:00+00:00, run_after=2026-06-02 00:00:00+00:00
[2026-06-01T05:45:04.546+0000] {processor.py:183} INFO - Processing /opt/airflow/dags/retailco_dag.py took 0.130 seconds
[2026-06-01T05:45:34.937+0000] {processor.py:161} INFO - Started process (PID=5284) to work on /opt/airflow/dags/retailco_dag.py
[2026-06-01T05:45:34.938+0000] {processor.py:830} INFO - Processing file /opt/airflow/dags/retailco_dag.py for tasks to queue
[2026-06-01T05:45:34.940+0000] {logging_mixin.py:188} INFO - [2026-06-01T05:45:34.940+0000] {dagbag.py:545} INFO - Filling up the DagBag from /opt/airflow/dags/retailco_dag.py
[2026-06-01T05:45:34.975+0000] {processor.py:840} INFO - DAG(s) 'retailco_master_pipeline' retrieved from /opt/airflow/dags/retailco_dag.py
[2026-06-01T05:45:35.010+0000] {logging_mixin.py:188} INFO - [2026-06-01T05:45:35.010+0000] {dag.py:3096} INFO - Sync 1 DAGs
[2026-06-01T05:45:35.036+0000] {logging_mixin.py:188} INFO - [2026-06-01T05:45:35.035+0000] {dag.py:3954} INFO - Setting next_dagrun for retailco_master_pipeline to 2026-06-01 00:00:00+00:00, run_after=2026-06-02 00:00:00+00:00
[2026-06-01T05:45:35.066+0000] {processor.py:183} INFO - Processing /opt/airflow/dags/retailco_dag.py took 0.135 seconds
[2026-06-01T05:46:05.229+0000] {processor.py:161} INFO - Started process (PID=5289) to work on /opt/airflow/dags/retailco_dag.py
[2026-06-01T05:46:05.230+0000] {processor.py:830} INFO - Processing file /opt/airflow/dags/retailco_dag.py for tasks to queue
[2026-06-01T05:46:05.232+0000] {logging_mixin.py:188} INFO - [2026-06-01T05:46:05.232+0000] {dagbag.py:545} INFO - Filling up the DagBag from /opt/airflow/dags/retailco_dag.py
[2026-06-01T05:46:05.286+0000] {processor.py:840} INFO - DAG(s) 'retailco_master_pipeline' retrieved from /opt/airflow/dags/retailco_dag.py
[2026-06-01T05:46:05.322+0000] {logging_mixin.py:188} INFO - [2026-06-01T05:46:05.322+0000] {dag.py:3096} INFO - Sync 1 DAGs
[2026-06-01T05:46:05.348+0000] {logging_mixin.py:188} INFO - [2026-06-01T05:46:05.347+0000] {dag.py:3954} INFO - Setting next_dagrun for retailco_master_pipeline to 2026-06-01 00:00:00+00:00, run_after=2026-06-02 00:00:00+00:00
[2026-06-01T05:46:05.375+0000] {processor.py:183} INFO - Processing /opt/airflow/dags/retailco_dag.py took 0.153 seconds
[2026-06-01T05:46:35.642+0000] {processor.py:161} INFO - Started process (PID=5294) to work on /opt/airflow/dags/retailco_dag.py
[2026-06-01T05:46:35.643+0000] {processor.py:830} INFO - Processing file /opt/airflow/dags/retailco_dag.py for tasks to queue
[2026-06-01T05:46:35.645+0000] {logging_mixin.py:188} INFO - [2026-06-01T05:46:35.645+0000] {dagbag.py:545} INFO - Filling up the DagBag from /opt/airflow/dags/retailco_dag.py
[2026-06-01T05:46:35.678+0000] {processor.py:840} INFO - DAG(s) 'retailco_master_pipeline' retrieved from /opt/airflow/dags/retailco_dag.py
[2026-06-01T05:46:35.717+0000] {logging_mixin.py:188} INFO - [2026-06-01T05:46:35.716+0000] {dag.py:3096} INFO - Sync 1 DAGs
[2026-06-01T05:46:35.744+0000] {logging_mixin.py:188} INFO - [2026-06-01T05:46:35.744+0000] {dag.py:3954} INFO - Setting next_dagrun for retailco_master_pipeline to 2026-06-01 00:00:00+00:00, run_after=2026-06-02 00:00:00+00:00
[2026-06-01T05:46:35.775+0000] {processor.py:183} INFO - Processing /opt/airflow/dags/retailco_dag.py took 0.139 seconds
[2026-06-01T05:47:06.036+0000] {processor.py:161} INFO - Started process (PID=5299) to work on /opt/airflow/dags/retailco_dag.py
[2026-06-01T05:47:06.038+0000] {processor.py:830} INFO - Processing file /opt/airflow/dags/retailco_dag.py for tasks to queue
[2026-06-01T05:47:06.041+0000] {logging_mixin.py:188} INFO - [2026-06-01T05:47:06.040+0000] {dagbag.py:545} INFO - Filling up the DagBag from /opt/airflow/dags/retailco_dag.py
[2026-06-01T05:47:06.069+0000] {processor.py:840} INFO - DAG(s) 'retailco_master_pipeline' retrieved from /opt/airflow/dags/retailco_dag.py
[2026-06-01T05:47:06.102+0000] {logging_mixin.py:188} INFO - [2026-06-01T05:47:06.102+0000] {dag.py:3096} INFO - Sync 1 DAGs
[2026-06-01T05:47:06.128+0000] {logging_mixin.py:188} INFO - [2026-06-01T05:47:06.128+0000] {dag.py:3954} INFO - Setting next_dagrun for retailco_master_pipeline to 2026-06-01 00:00:00+00:00, run_after=2026-06-02 00:00:00+00:00
[2026-06-01T05:47:06.155+0000] {processor.py:183} INFO - Processing /opt/airflow/dags/retailco_dag.py took 0.126 seconds
[2026-06-01T05:47:36.389+0000] {processor.py:161} INFO - Started process (PID=5304) to work on /opt/airflow/dags/retailco_dag.py
[2026-06-01T05:47:36.390+0000] {processor.py:830} INFO - Processing file /opt/airflow/dags/retailco_dag.py for tasks to queue
[2026-06-01T05:47:36.392+0000] {logging_mixin.py:188} INFO - [2026-06-01T05:47:36.392+0000] {dagbag.py:545} INFO - Filling up the DagBag from /opt/airflow/dags/retailco_dag.py
[2026-06-01T05:47:36.426+0000] {processor.py:840} INFO - DAG(s) 'retailco_master_pipeline' retrieved from /opt/airflow/dags/retailco_dag.py
[2026-06-01T05:47:36.460+0000] {logging_mixin.py:188} INFO - [2026-06-01T05:47:36.460+0000] {dag.py:3096} INFO - Sync 1 DAGs
[2026-06-01T05:47:36.487+0000] {logging_mixin.py:188} INFO - [2026-06-01T05:47:36.487+0000] {dag.py:3954} INFO - Setting next_dagrun for retailco_master_pipeline to 2026-06-01 00:00:00+00:00, run_after=2026-06-02 00:00:00+00:00
[2026-06-01T05:47:36.511+0000] {processor.py:183} INFO - Processing /opt/airflow/dags/retailco_dag.py took 0.128 seconds
[2026-06-01T05:48:06.826+0000] {processor.py:161} INFO - Started process (PID=5309) to work on /opt/airflow/dags/retailco_dag.py
[2026-06-01T05:48:06.827+0000] {processor.py:830} INFO - Processing file /opt/airflow/dags/retailco_dag.py for tasks to queue
[2026-06-01T05:48:06.829+0000] {logging_mixin.py:188} INFO - [2026-06-01T05:48:06.829+0000] {dagbag.py:545} INFO - Filling up the DagBag from /opt/airflow/dags/retailco_dag.py
[2026-06-01T05:48:06.860+0000] {processor.py:840} INFO - DAG(s) 'retailco_master_pipeline' retrieved from /opt/airflow/dags/retailco_dag.py
[2026-06-01T05:48:06.893+0000] {logging_mixin.py:188} INFO - [2026-06-01T05:48:06.893+0000] {dag.py:3096} INFO - Sync 1 DAGs
[2026-06-01T05:48:06.924+0000] {logging_mixin.py:188} INFO - [2026-06-01T05:48:06.924+0000] {dag.py:3954} INFO - Setting next_dagrun for retailco_master_pipeline to 2026-06-01 00:00:00+00:00, run_after=2026-06-02 00:00:00+00:00
[2026-06-01T05:48:06.951+0000] {processor.py:183} INFO - Processing /opt/airflow/dags/retailco_dag.py took 0.132 seconds
[2026-06-01T05:48:37.287+0000] {processor.py:161} INFO - Started process (PID=5314) to work on /opt/airflow/dags/retailco_dag.py
[2026-06-01T05:48:37.288+0000] {processor.py:830} INFO - Processing file /opt/airflow/dags/retailco_dag.py for tasks to queue
[2026-06-01T05:48:37.290+0000] {logging_mixin.py:188} INFO - [2026-06-01T05:48:37.290+0000] {dagbag.py:545} INFO - Filling up the DagBag from /opt/airflow/dags/retailco_dag.py
[2026-06-01T05:48:37.325+0000] {processor.py:840} INFO - DAG(s) 'retailco_master_pipeline' retrieved from /opt/airflow/dags/retailco_dag.py
[2026-06-01T05:48:37.358+0000] {logging_mixin.py:188} INFO - [2026-06-01T05:48:37.358+0000] {dag.py:3096} INFO - Sync 1 DAGs
[2026-06-01T05:48:37.383+0000] {logging_mixin.py:188} INFO - [2026-06-01T05:48:37.383+0000] {dag.py:3954} INFO - Setting next_dagrun for retailco_master_pipeline to 2026-06-01 00:00:00+00:00, run_after=2026-06-02 00:00:00+00:00
[2026-06-01T05:48:37.410+0000] {processor.py:183} INFO - Processing /opt/airflow/dags/retailco_dag.py took 0.132 seconds
[2026-06-01T05:49:07.789+0000] {processor.py:161} INFO - Started process (PID=5319) to work on /opt/airflow/dags/retailco_dag.py
[2026-06-01T05:49:07.791+0000] {processor.py:830} INFO - Processing file /opt/airflow/dags/retailco_dag.py for tasks to queue
[2026-06-01T05:49:07.794+0000] {logging_mixin.py:188} INFO - [2026-06-01T05:49:07.793+0000] {dagbag.py:545} INFO - Filling up the DagBag from /opt/airflow/dags/retailco_dag.py
[2026-06-01T05:49:07.830+0000] {processor.py:840} INFO - DAG(s) 'retailco_master_pipeline' retrieved from /opt/airflow/dags/retailco_dag.py
[2026-06-01T05:49:07.866+0000] {logging_mixin.py:188} INFO - [2026-06-01T05:49:07.866+0000] {dag.py:3096} INFO - Sync 1 DAGs
[2026-06-01T05:49:07.894+0000] {logging_mixin.py:188} INFO - [2026-06-01T05:49:07.894+0000] {dag.py:3954} INFO - Setting next_dagrun for retailco_master_pipeline to 2026-06-01 00:00:00+00:00, run_after=2026-06-02 00:00:00+00:00
[2026-06-01T05:49:07.919+0000] {processor.py:183} INFO - Processing /opt/airflow/dags/retailco_dag.py took 0.137 seconds
[2026-06-01T05:49:38.172+0000] {processor.py:161} INFO - Started process (PID=5324) to work on /opt/airflow/dags/retailco_dag.py
[2026-06-01T05:49:38.173+0000] {processor.py:830} INFO - Processing file /opt/airflow/dags/retailco_dag.py for tasks to queue
[2026-06-01T05:49:38.175+0000] {logging_mixin.py:188} INFO - [2026-06-01T05:49:38.175+0000] {dagbag.py:545} INFO - Filling up the DagBag from /opt/airflow/dags/retailco_dag.py
[2026-06-01T05:49:38.204+0000] {processor.py:840} INFO - DAG(s) 'retailco_master_pipeline' retrieved from /opt/airflow/dags/retailco_dag.py
[2026-06-01T05:49:38.238+0000] {logging_mixin.py:188} INFO - [2026-06-01T05:49:38.238+0000] {dag.py:3096} INFO - Sync 1 DAGs
[2026-06-01T05:49:38.264+0000] {logging_mixin.py:188} INFO - [2026-06-01T05:49:38.264+0000] {dag.py:3954} INFO - Setting next_dagrun for retailco_master_pipeline to 2026-06-01 00:00:00+00:00, run_after=2026-06-02 00:00:00+00:00
[2026-06-01T05:49:38.334+0000] {processor.py:183} INFO - Processing /opt/airflow/dags/retailco_dag.py took 0.170 seconds
[2026-06-01T05:50:08.782+0000] {processor.py:161} INFO - Started process (PID=5329) to work on /opt/airflow/dags/retailco_dag.py
[2026-06-01T05:50:08.785+0000] {processor.py:830} INFO - Processing file /opt/airflow/dags/retailco_dag.py for tasks to queue
[2026-06-01T05:50:08.790+0000] {logging_mixin.py:188} INFO - [2026-06-01T05:50:08.790+0000] {dagbag.py:545} INFO - Filling up the DagBag from /opt/airflow/dags/retailco_dag.py
[2026-06-01T05:50:08.823+0000] {processor.py:840} INFO - DAG(s) 'retailco_master_pipeline' retrieved from /opt/airflow/dags/retailco_dag.py
[2026-06-01T05:50:08.859+0000] {logging_mixin.py:188} INFO - [2026-06-01T05:50:08.859+0000] {dag.py:3096} INFO - Sync 1 DAGs
[2026-06-01T05:50:08.886+0000] {logging_mixin.py:188} INFO - [2026-06-01T05:50:08.886+0000] {dag.py:3954} INFO - Setting next_dagrun for retailco_master_pipeline to 2026-06-01 00:00:00+00:00, run_after=2026-06-02 00:00:00+00:00
[2026-06-01T05:50:08.915+0000] {processor.py:183} INFO - Processing /opt/airflow/dags/retailco_dag.py took 0.143 seconds
[2026-06-01T05:50:39.163+0000] {processor.py:161} INFO - Started process (PID=5334) to work on /opt/airflow/dags/retailco_dag.py
[2026-06-01T05:50:39.165+0000] {processor.py:830} INFO - Processing file /opt/airflow/dags/retailco_dag.py for tasks to queue
[2026-06-01T05:50:39.168+0000] {logging_mixin.py:188} INFO - [2026-06-01T05:50:39.167+0000] {dagbag.py:545} INFO - Filling up the DagBag from /opt/airflow/dags/retailco_dag.py
[2026-06-01T05:50:39.206+0000] {processor.py:840} INFO - DAG(s) 'retailco_master_pipeline' retrieved from /opt/airflow/dags/retailco_dag.py
[2026-06-01T05:50:39.241+0000] {logging_mixin.py:188} INFO - [2026-06-01T05:50:39.241+0000] {dag.py:3096} INFO - Sync 1 DAGs
[2026-06-01T05:50:39.264+0000] {logging_mixin.py:188} INFO - [2026-06-01T05:50:39.264+0000] {dag.py:3954} INFO - Setting next_dagrun for retailco_master_pipeline to 2026-06-01 00:00:00+00:00, run_after=2026-06-02 00:00:00+00:00
[2026-06-01T05:50:39.294+0000] {processor.py:183} INFO - Processing /opt/airflow/dags/retailco_dag.py took 0.138 seconds
[2026-06-01T05:51:09.525+0000] {processor.py:161} INFO - Started process (PID=5339) to work on /opt/airflow/dags/retailco_dag.py
[2026-06-01T05:51:09.530+0000] {processor.py:830} INFO - Processing file /opt/airflow/dags/retailco_dag.py for tasks to queue
[2026-06-01T05:51:09.533+0000] {logging_mixin.py:188} INFO - [2026-06-01T05:51:09.533+0000] {dagbag.py:545} INFO - Filling up the DagBag from /opt/airflow/dags/retailco_dag.py
[2026-06-01T05:51:09.566+0000] {processor.py:840} INFO - DAG(s) 'retailco_master_pipeline' retrieved from /opt/airflow/dags/retailco_dag.py
[2026-06-01T05:51:09.604+0000] {logging_mixin.py:188} INFO - [2026-06-01T05:51:09.604+0000] {dag.py:3096} INFO - Sync 1 DAGs
[2026-06-01T05:51:09.628+0000] {logging_mixin.py:188} INFO - [2026-06-01T05:51:09.628+0000] {dag.py:3954} INFO - Setting next_dagrun for retailco_master_pipeline to 2026-06-01 00:00:00+00:00, run_after=2026-06-02 00:00:00+00:00
[2026-06-01T05:51:09.652+0000] {processor.py:183} INFO - Processing /opt/airflow/dags/retailco_dag.py took 0.135 seconds
[2026-06-01T05:51:40.088+0000] {processor.py:161} INFO - Started process (PID=5344) to work on /opt/airflow/dags/retailco_dag.py
[2026-06-01T05:51:40.089+0000] {processor.py:830} INFO - Processing file /opt/airflow/dags/retailco_dag.py for tasks to queue
[2026-06-01T05:51:40.092+0000] {logging_mixin.py:188} INFO - [2026-06-01T05:51:40.092+0000] {dagbag.py:545} INFO - Filling up the DagBag from /opt/airflow/dags/retailco_dag.py
[2026-06-01T05:51:40.128+0000] {processor.py:840} INFO - DAG(s) 'retailco_master_pipeline' retrieved from /opt/airflow/dags/retailco_dag.py
[2026-06-01T05:51:40.161+0000] {logging_mixin.py:188} INFO - [2026-06-01T05:51:40.160+0000] {dag.py:3096} INFO - Sync 1 DAGs
[2026-06-01T05:51:40.195+0000] {logging_mixin.py:188} INFO - [2026-06-01T05:51:40.195+0000] {dag.py:3954} INFO - Setting next_dagrun for retailco_master_pipeline to 2026-06-01 00:00:00+00:00, run_after=2026-06-02 00:00:00+00:00
[2026-06-01T05:51:40.224+0000] {processor.py:183} INFO - Processing /opt/airflow/dags/retailco_dag.py took 0.142 seconds
[2026-06-01T05:52:10.517+0000] {processor.py:161} INFO - Started process (PID=5349) to work on /opt/airflow/dags/retailco_dag.py
[2026-06-01T05:52:10.518+0000] {processor.py:830} INFO - Processing file /opt/airflow/dags/retailco_dag.py for tasks to queue
[2026-06-01T05:52:10.521+0000] {logging_mixin.py:188} INFO - [2026-06-01T05:52:10.521+0000] {dagbag.py:545} INFO - Filling up the DagBag from /opt/airflow/dags/retailco_dag.py
[2026-06-01T05:52:10.554+0000] {processor.py:840} INFO - DAG(s) 'retailco_master_pipeline' retrieved from /opt/airflow/dags/retailco_dag.py
[2026-06-01T05:52:10.592+0000] {logging_mixin.py:188} INFO - [2026-06-01T05:52:10.592+0000] {dag.py:3096} INFO - Sync 1 DAGs
[2026-06-01T05:52:10.622+0000] {logging_mixin.py:188} INFO - [2026-06-01T05:52:10.622+0000] {dag.py:3954} INFO - Setting next_dagrun for retailco_master_pipeline to 2026-06-01 00:00:00+00:00, run_after=2026-06-02 00:00:00+00:00
[2026-06-01T05:52:10.657+0000] {processor.py:183} INFO - Processing /opt/airflow/dags/retailco_dag.py took 0.149 seconds
[2026-06-01T05:52:40.931+0000] {processor.py:161} INFO - Started process (PID=5354) to work on /opt/airflow/dags/retailco_dag.py
[2026-06-01T05:52:40.932+0000] {processor.py:830} INFO - Processing file /opt/airflow/dags/retailco_dag.py for tasks to queue
[2026-06-01T05:52:40.935+0000] {logging_mixin.py:188} INFO - [2026-06-01T05:52:40.935+0000] {dagbag.py:545} INFO - Filling up the DagBag from /opt/airflow/dags/retailco_dag.py
[2026-06-01T05:52:40.966+0000] {processor.py:840} INFO - DAG(s) 'retailco_master_pipeline' retrieved from /opt/airflow/dags/retailco_dag.py
[2026-06-01T05:52:41.001+0000] {logging_mixin.py:188} INFO - [2026-06-01T05:52:41.001+0000] {dag.py:3096} INFO - Sync 1 DAGs
[2026-06-01T05:52:41.031+0000] {logging_mixin.py:188} INFO - [2026-06-01T05:52:41.031+0000] {dag.py:3954} INFO - Setting next_dagrun for retailco_master_pipeline to 2026-06-01 00:00:00+00:00, run_after=2026-06-02 00:00:00+00:00
[2026-06-01T05:52:41.055+0000] {processor.py:183} INFO - Processing /opt/airflow/dags/retailco_dag.py took 0.131 seconds
[2026-06-01T05:53:11.301+0000] {processor.py:161} INFO - Started process (PID=5359) to work on /opt/airflow/dags/retailco_dag.py
[2026-06-01T05:53:11.303+0000] {processor.py:830} INFO - Processing file /opt/airflow/dags/retailco_dag.py for tasks to queue
[2026-06-01T05:53:11.305+0000] {logging_mixin.py:188} INFO - [2026-06-01T05:53:11.304+0000] {dagbag.py:545} INFO - Filling up the DagBag from /opt/airflow/dags/retailco_dag.py
[2026-06-01T05:53:11.335+0000] {processor.py:840} INFO - DAG(s) 'retailco_master_pipeline' retrieved from /opt/airflow/dags/retailco_dag.py
[2026-06-01T05:53:11.368+0000] {logging_mixin.py:188} INFO - [2026-06-01T05:53:11.367+0000] {dag.py:3096} INFO - Sync 1 DAGs
[2026-06-01T05:53:11.391+0000] {logging_mixin.py:188} INFO - [2026-06-01T05:53:11.391+0000] {dag.py:3954} INFO - Setting next_dagrun for retailco_master_pipeline to 2026-06-01 00:00:00+00:00, run_after=2026-06-02 00:00:00+00:00
[2026-06-01T05:53:11.419+0000] {processor.py:183} INFO - Processing /opt/airflow/dags/retailco_dag.py took 0.126 seconds
[2026-06-01T05:53:41.672+0000] {processor.py:161} INFO - Started process (PID=5364) to work on /opt/airflow/dags/retailco_dag.py
[2026-06-01T05:53:41.673+0000] {processor.py:830} INFO - Processing file /opt/airflow/dags/retailco_dag.py for tasks to queue
[2026-06-01T05:53:41.677+0000] {logging_mixin.py:188} INFO - [2026-06-01T05:53:41.677+0000] {dagbag.py:545} INFO - Filling up the DagBag from /opt/airflow/dags/retailco_dag.py
[2026-06-01T05:53:41.713+0000] {processor.py:840} INFO - DAG(s) 'retailco_master_pipeline' retrieved from /opt/airflow/dags/retailco_dag.py
[2026-06-01T05:53:41.746+0000] {logging_mixin.py:188} INFO - [2026-06-01T05:53:41.745+0000] {dag.py:3096} INFO - Sync 1 DAGs
[2026-06-01T05:53:41.769+0000] {logging_mixin.py:188} INFO - [2026-06-01T05:53:41.769+0000] {dag.py:3954} INFO - Setting next_dagrun for retailco_master_pipeline to 2026-06-01 00:00:00+00:00, run_after=2026-06-02 00:00:00+00:00
[2026-06-01T05:53:41.797+0000] {processor.py:183} INFO - Processing /opt/airflow/dags/retailco_dag.py took 0.132 seconds
[2026-06-01T05:54:12.034+0000] {processor.py:161} INFO - Started process (PID=5369) to work on /opt/airflow/dags/retailco_dag.py
[2026-06-01T05:54:12.035+0000] {processor.py:830} INFO - Processing file /opt/airflow/dags/retailco_dag.py for tasks to queue
[2026-06-01T05:54:12.038+0000] {logging_mixin.py:188} INFO - [2026-06-01T05:54:12.038+0000] {dagbag.py:545} INFO - Filling up the DagBag from /opt/airflow/dags/retailco_dag.py
[2026-06-01T05:54:12.091+0000] {processor.py:840} INFO - DAG(s) 'retailco_master_pipeline' retrieved from /opt/airflow/dags/retailco_dag.py
[2026-06-01T05:54:12.150+0000] {logging_mixin.py:188} INFO - [2026-06-01T05:54:12.149+0000] {dag.py:3096} INFO - Sync 1 DAGs
[2026-06-01T05:54:12.188+0000] {logging_mixin.py:188} INFO - [2026-06-01T05:54:12.187+0000] {dag.py:3954} INFO - Setting next_dagrun for retailco_master_pipeline to 2026-06-01 00:00:00+00:00, run_after=2026-06-02 00:00:00+00:00
[2026-06-01T05:54:12.231+0000] {processor.py:183} INFO - Processing /opt/airflow/dags/retailco_dag.py took 0.206 seconds
[2026-06-01T05:54:42.424+0000] {processor.py:161} INFO - Started process (PID=5374) to work on /opt/airflow/dags/retailco_dag.py
[2026-06-01T05:54:42.425+0000] {processor.py:830} INFO - Processing file /opt/airflow/dags/retailco_dag.py for tasks to queue
[2026-06-01T05:54:42.429+0000] {logging_mixin.py:188} INFO - [2026-06-01T05:54:42.428+0000] {dagbag.py:545} INFO - Filling up the DagBag from /opt/airflow/dags/retailco_dag.py
[2026-06-01T05:54:42.464+0000] {processor.py:840} INFO - DAG(s) 'retailco_master_pipeline' retrieved from /opt/airflow/dags/retailco_dag.py
[2026-06-01T05:54:42.504+0000] {logging_mixin.py:188} INFO - [2026-06-01T05:54:42.504+0000] {dag.py:3096} INFO - Sync 1 DAGs
[2026-06-01T05:54:42.535+0000] {logging_mixin.py:188} INFO - [2026-06-01T05:54:42.535+0000] {dag.py:3954} INFO - Setting next_dagrun for retailco_master_pipeline to 2026-06-01 00:00:00+00:00, run_after=2026-06-02 00:00:00+00:00
[2026-06-01T05:54:42.558+0000] {processor.py:183} INFO - Processing /opt/airflow/dags/retailco_dag.py took 0.141 seconds
[2026-06-01T05:55:12.863+0000] {processor.py:161} INFO - Started process (PID=5379) to work on /opt/airflow/dags/retailco_dag.py
[2026-06-01T05:55:12.865+0000] {processor.py:830} INFO - Processing file /opt/airflow/dags/retailco_dag.py for tasks to queue
[2026-06-01T05:55:12.867+0000] {logging_mixin.py:188} INFO - [2026-06-01T05:55:12.866+0000] {dagbag.py:545} INFO - Filling up the DagBag from /opt/airflow/dags/retailco_dag.py
[2026-06-01T05:55:12.897+0000] {processor.py:840} INFO - DAG(s) 'retailco_master_pipeline' retrieved from /opt/airflow/dags/retailco_dag.py
[2026-06-01T05:55:12.935+0000] {logging_mixin.py:188} INFO - [2026-06-01T05:55:12.935+0000] {dag.py:3096} INFO - Sync 1 DAGs
[2026-06-01T05:55:12.959+0000] {logging_mixin.py:188} INFO - [2026-06-01T05:55:12.959+0000] {dag.py:3954} INFO - Setting next_dagrun for retailco_master_pipeline to 2026-06-01 00:00:00+00:00, run_after=2026-06-02 00:00:00+00:00
[2026-06-01T05:55:12.982+0000] {processor.py:183} INFO - Processing /opt/airflow/dags/retailco_dag.py took 0.125 seconds
[2026-06-01T05:55:43.440+0000] {processor.py:161} INFO - Started process (PID=5384) to work on /opt/airflow/dags/retailco_dag.py
[2026-06-01T05:55:43.468+0000] {processor.py:830} INFO - Processing file /opt/airflow/dags/retailco_dag.py for tasks to queue
[2026-06-01T05:55:43.553+0000] {logging_mixin.py:188} INFO - [2026-06-01T05:55:43.540+0000] {dagbag.py:545} INFO - Filling up the DagBag from /opt/airflow/dags/retailco_dag.py
[2026-06-01T05:55:44.022+0000] {processor.py:840} INFO - DAG(s) 'retailco_master_pipeline' retrieved from /opt/airflow/dags/retailco_dag.py
[2026-06-01T05:55:44.301+0000] {logging_mixin.py:188} INFO - [2026-06-01T05:55:44.301+0000] {dag.py:3096} INFO - Sync 1 DAGs
[2026-06-01T05:55:44.519+0000] {logging_mixin.py:188} INFO - [2026-06-01T05:55:44.518+0000] {dag.py:3954} INFO - Setting next_dagrun for retailco_master_pipeline to 2026-06-01 00:00:00+00:00, run_after=2026-06-02 00:00:00+00:00
[2026-06-01T05:55:44.680+0000] {processor.py:183} INFO - Processing /opt/airflow/dags/retailco_dag.py took 1.433 seconds
[2026-06-01T05:56:14.780+0000] {processor.py:161} INFO - Started process (PID=5389) to work on /opt/airflow/dags/retailco_dag.py
[2026-06-01T05:56:14.781+0000] {processor.py:830} INFO - Processing file /opt/airflow/dags/retailco_dag.py for tasks to queue
[2026-06-01T05:56:14.783+0000] {logging_mixin.py:188} INFO - [2026-06-01T05:56:14.783+0000] {dagbag.py:545} INFO - Filling up the DagBag from /opt/airflow/dags/retailco_dag.py
[2026-06-01T05:56:14.813+0000] {processor.py:840} INFO - DAG(s) 'retailco_master_pipeline' retrieved from /opt/airflow/dags/retailco_dag.py
[2026-06-01T05:56:14.849+0000] {logging_mixin.py:188} INFO - [2026-06-01T05:56:14.849+0000] {dag.py:3096} INFO - Sync 1 DAGs
[2026-06-01T05:56:15.033+0000] {logging_mixin.py:188} INFO - [2026-06-01T05:56:15.033+0000] {dag.py:3954} INFO - Setting next_dagrun for retailco_master_pipeline to 2026-06-01 00:00:00+00:00, run_after=2026-06-02 00:00:00+00:00
[2026-06-01T05:56:15.076+0000] {processor.py:183} INFO - Processing /opt/airflow/dags/retailco_dag.py took 0.303 seconds
[2026-06-01T05:56:45.315+0000] {processor.py:161} INFO - Started process (PID=5394) to work on /opt/airflow/dags/retailco_dag.py
[2026-06-01T05:56:45.316+0000] {processor.py:830} INFO - Processing file /opt/airflow/dags/retailco_dag.py for tasks to queue
[2026-06-01T05:56:45.318+0000] {logging_mixin.py:188} INFO - [2026-06-01T05:56:45.318+0000] {dagbag.py:545} INFO - Filling up the DagBag from /opt/airflow/dags/retailco_dag.py
[2026-06-01T05:56:45.353+0000] {processor.py:840} INFO - DAG(s) 'retailco_master_pipeline' retrieved from /opt/airflow/dags/retailco_dag.py
[2026-06-01T05:56:45.392+0000] {logging_mixin.py:188} INFO - [2026-06-01T05:56:45.391+0000] {dag.py:3096} INFO - Sync 1 DAGs
[2026-06-01T05:56:45.427+0000] {logging_mixin.py:188} INFO - [2026-06-01T05:56:45.427+0000] {dag.py:3954} INFO - Setting next_dagrun for retailco_master_pipeline to 2026-06-01 00:00:00+00:00, run_after=2026-06-02 00:00:00+00:00
[2026-06-01T05:56:45.451+0000] {processor.py:183} INFO - Processing /opt/airflow/dags/retailco_dag.py took 0.143 seconds
[2026-06-01T05:57:15.630+0000] {processor.py:161} INFO - Started process (PID=5399) to work on /opt/airflow/dags/retailco_dag.py
[2026-06-01T05:57:15.631+0000] {processor.py:830} INFO - Processing file /opt/airflow/dags/retailco_dag.py for tasks to queue
[2026-06-01T05:57:15.633+0000] {logging_mixin.py:188} INFO - [2026-06-01T05:57:15.633+0000] {dagbag.py:545} INFO - Filling up the DagBag from /opt/airflow/dags/retailco_dag.py
[2026-06-01T05:57:15.661+0000] {processor.py:840} INFO - DAG(s) 'retailco_master_pipeline' retrieved from /opt/airflow/dags/retailco_dag.py
[2026-06-01T05:57:15.699+0000] {logging_mixin.py:188} INFO - [2026-06-01T05:57:15.699+0000] {dag.py:3096} INFO - Sync 1 DAGs
[2026-06-01T05:57:15.725+0000] {logging_mixin.py:188} INFO - [2026-06-01T05:57:15.724+0000] {dag.py:3954} INFO - Setting next_dagrun for retailco_master_pipeline to 2026-06-01 00:00:00+00:00, run_after=2026-06-02 00:00:00+00:00
[2026-06-01T05:57:15.749+0000] {processor.py:183} INFO - Processing /opt/airflow/dags/retailco_dag.py took 0.126 seconds
[2026-06-01T05:57:46.027+0000] {processor.py:161} INFO - Started process (PID=5404) to work on /opt/airflow/dags/retailco_dag.py
[2026-06-01T05:57:46.029+0000] {processor.py:830} INFO - Processing file /opt/airflow/dags/retailco_dag.py for tasks to queue
[2026-06-01T05:57:46.031+0000] {logging_mixin.py:188} INFO - [2026-06-01T05:57:46.030+0000] {dagbag.py:545} INFO - Filling up the DagBag from /opt/airflow/dags/retailco_dag.py
[2026-06-01T05:57:46.063+0000] {processor.py:840} INFO - DAG(s) 'retailco_master_pipeline' retrieved from /opt/airflow/dags/retailco_dag.py
[2026-06-01T05:57:46.097+0000] {logging_mixin.py:188} INFO - [2026-06-01T05:57:46.096+0000] {dag.py:3096} INFO - Sync 1 DAGs
[2026-06-01T05:57:46.130+0000] {logging_mixin.py:188} INFO - [2026-06-01T05:57:46.129+0000] {dag.py:3954} INFO - Setting next_dagrun for retailco_master_pipeline to 2026-06-01 00:00:00+00:00, run_after=2026-06-02 00:00:00+00:00
[2026-06-01T05:57:46.158+0000] {processor.py:183} INFO - Processing /opt/airflow/dags/retailco_dag.py took 0.137 seconds
[2026-06-01T05:58:16.402+0000] {processor.py:161} INFO - Started process (PID=5409) to work on /opt/airflow/dags/retailco_dag.py
[2026-06-01T05:58:16.403+0000] {processor.py:830} INFO - Processing file /opt/airflow/dags/retailco_dag.py for tasks to queue
[2026-06-01T05:58:16.405+0000] {logging_mixin.py:188} INFO - [2026-06-01T05:58:16.405+0000] {dagbag.py:545} INFO - Filling up the DagBag from /opt/airflow/dags/retailco_dag.py
[2026-06-01T05:58:16.436+0000] {processor.py:840} INFO - DAG(s) 'retailco_master_pipeline' retrieved from /opt/airflow/dags/retailco_dag.py
[2026-06-01T05:58:16.585+0000] {logging_mixin.py:188} INFO - [2026-06-01T05:58:16.585+0000] {dag.py:3096} INFO - Sync 1 DAGs
[2026-06-01T05:58:16.807+0000] {logging_mixin.py:188} INFO - [2026-06-01T05:58:16.806+0000] {dag.py:3954} INFO - Setting next_dagrun for retailco_master_pipeline to 2026-06-01 00:00:00+00:00, run_after=2026-06-02 00:00:00+00:00
[2026-06-01T05:58:16.871+0000] {processor.py:183} INFO - Processing /opt/airflow/dags/retailco_dag.py took 0.476 seconds
[2026-06-01T05:58:47.291+0000] {processor.py:161} INFO - Started process (PID=5414) to work on /opt/airflow/dags/retailco_dag.py
[2026-06-01T05:58:47.292+0000] {processor.py:830} INFO - Processing file /opt/airflow/dags/retailco_dag.py for tasks to queue
[2026-06-01T05:58:47.294+0000] {logging_mixin.py:188} INFO - [2026-06-01T05:58:47.294+0000] {dagbag.py:545} INFO - Filling up the DagBag from /opt/airflow/dags/retailco_dag.py
[2026-06-01T05:58:47.327+0000] {processor.py:840} INFO - DAG(s) 'retailco_master_pipeline' retrieved from /opt/airflow/dags/retailco_dag.py
[2026-06-01T05:58:47.361+0000] {logging_mixin.py:188} INFO - [2026-06-01T05:58:47.361+0000] {dag.py:3096} INFO - Sync 1 DAGs
[2026-06-01T05:58:47.385+0000] {logging_mixin.py:188} INFO - [2026-06-01T05:58:47.385+0000] {dag.py:3954} INFO - Setting next_dagrun for retailco_master_pipeline to 2026-06-01 00:00:00+00:00, run_after=2026-06-02 00:00:00+00:00
[2026-06-01T05:58:47.414+0000] {processor.py:183} INFO - Processing /opt/airflow/dags/retailco_dag.py took 0.130 seconds
[2026-06-01T05:59:17.690+0000] {processor.py:161} INFO - Started process (PID=5419) to work on /opt/airflow/dags/retailco_dag.py
[2026-06-01T05:59:17.691+0000] {processor.py:830} INFO - Processing file /opt/airflow/dags/retailco_dag.py for tasks to queue
[2026-06-01T05:59:17.693+0000] {logging_mixin.py:188} INFO - [2026-06-01T05:59:17.693+0000] {dagbag.py:545} INFO - Filling up the DagBag from /opt/airflow/dags/retailco_dag.py
[2026-06-01T05:59:17.721+0000] {processor.py:840} INFO - DAG(s) 'retailco_master_pipeline' retrieved from /opt/airflow/dags/retailco_dag.py
[2026-06-01T05:59:17.753+0000] {logging_mixin.py:188} INFO - [2026-06-01T05:59:17.753+0000] {dag.py:3096} INFO - Sync 1 DAGs
[2026-06-01T05:59:17.778+0000] {logging_mixin.py:188} INFO - [2026-06-01T05:59:17.777+0000] {dag.py:3954} INFO - Setting next_dagrun for retailco_master_pipeline to 2026-06-01 00:00:00+00:00, run_after=2026-06-02 00:00:00+00:00
[2026-06-01T05:59:17.805+0000] {processor.py:183} INFO - Processing /opt/airflow/dags/retailco_dag.py took 0.123 seconds
[2026-06-01T05:59:48.143+0000] {processor.py:161} INFO - Started process (PID=5424) to work on /opt/airflow/dags/retailco_dag.py
[2026-06-01T05:59:48.144+0000] {processor.py:830} INFO - Processing file /opt/airflow/dags/retailco_dag.py for tasks to queue
[2026-06-01T05:59:48.147+0000] {logging_mixin.py:188} INFO - [2026-06-01T05:59:48.146+0000] {dagbag.py:545} INFO - Filling up the DagBag from /opt/airflow/dags/retailco_dag.py
[2026-06-01T05:59:48.178+0000] {processor.py:840} INFO - DAG(s) 'retailco_master_pipeline' retrieved from /opt/airflow/dags/retailco_dag.py
[2026-06-01T05:59:48.211+0000] {logging_mixin.py:188} INFO - [2026-06-01T05:59:48.210+0000] {dag.py:3096} INFO - Sync 1 DAGs
[2026-06-01T05:59:48.264+0000] {logging_mixin.py:188} INFO - [2026-06-01T05:59:48.263+0000] {dag.py:3954} INFO - Setting next_dagrun for retailco_master_pipeline to 2026-06-01 00:00:00+00:00, run_after=2026-06-02 00:00:00+00:00
[2026-06-01T05:59:48.357+0000] {processor.py:183} INFO - Processing /opt/airflow/dags/retailco_dag.py took 0.222 seconds
[2026-06-01T06:00:18.663+0000] {processor.py:161} INFO - Started process (PID=5429) to work on /opt/airflow/dags/retailco_dag.py
[2026-06-01T06:00:18.664+0000] {processor.py:830} INFO - Processing file /opt/airflow/dags/retailco_dag.py for tasks to queue
[2026-06-01T06:00:18.667+0000] {logging_mixin.py:188} INFO - [2026-06-01T06:00:18.666+0000] {dagbag.py:545} INFO - Filling up the DagBag from /opt/airflow/dags/retailco_dag.py
[2026-06-01T06:00:18.695+0000] {processor.py:840} INFO - DAG(s) 'retailco_master_pipeline' retrieved from /opt/airflow/dags/retailco_dag.py
[2026-06-01T06:00:18.729+0000] {logging_mixin.py:188} INFO - [2026-06-01T06:00:18.729+0000] {dag.py:3096} INFO - Sync 1 DAGs
[2026-06-01T06:00:18.754+0000] {logging_mixin.py:188} INFO - [2026-06-01T06:00:18.754+0000] {dag.py:3954} INFO - Setting next_dagrun for retailco_master_pipeline to 2026-06-01 00:00:00+00:00, run_after=2026-06-02 00:00:00+00:00
[2026-06-01T06:00:18.790+0000] {processor.py:183} INFO - Processing /opt/airflow/dags/retailco_dag.py took 0.133 seconds
[2026-06-01T06:00:49.068+0000] {processor.py:161} INFO - Started process (PID=5434) to work on /opt/airflow/dags/retailco_dag.py
[2026-06-01T06:00:49.070+0000] {processor.py:830} INFO - Processing file /opt/airflow/dags/retailco_dag.py for tasks to queue
[2026-06-01T06:00:49.072+0000] {logging_mixin.py:188} INFO - [2026-06-01T06:00:49.071+0000] {dagbag.py:545} INFO - Filling up the DagBag from /opt/airflow/dags/retailco_dag.py
[2026-06-01T06:00:49.100+0000] {processor.py:840} INFO - DAG(s) 'retailco_master_pipeline' retrieved from /opt/airflow/dags/retailco_dag.py
[2026-06-01T06:00:49.154+0000] {logging_mixin.py:188} INFO - [2026-06-01T06:00:49.154+0000] {dag.py:3096} INFO - Sync 1 DAGs
[2026-06-01T06:00:49.216+0000] {logging_mixin.py:188} INFO - [2026-06-01T06:00:49.216+0000] {dag.py:3954} INFO - Setting next_dagrun for retailco_master_pipeline to 2026-06-01 00:00:00+00:00, run_after=2026-06-02 00:00:00+00:00
[2026-06-01T06:00:49.307+0000] {processor.py:183} INFO - Processing /opt/airflow/dags/retailco_dag.py took 0.245 seconds
[2026-06-01T06:01:19.447+0000] {processor.py:161} INFO - Started process (PID=5439) to work on /opt/airflow/dags/retailco_dag.py
[2026-06-01T06:01:19.449+0000] {processor.py:830} INFO - Processing file /opt/airflow/dags/retailco_dag.py for tasks to queue
[2026-06-01T06:01:19.451+0000] {logging_mixin.py:188} INFO - [2026-06-01T06:01:19.451+0000] {dagbag.py:545} INFO - Filling up the DagBag from /opt/airflow/dags/retailco_dag.py
[2026-06-01T06:01:19.480+0000] {processor.py:840} INFO - DAG(s) 'retailco_master_pipeline' retrieved from /opt/airflow/dags/retailco_dag.py
[2026-06-01T06:01:19.520+0000] {logging_mixin.py:188} INFO - [2026-06-01T06:01:19.520+0000] {dag.py:3096} INFO - Sync 1 DAGs
[2026-06-01T06:01:19.545+0000] {logging_mixin.py:188} INFO - [2026-06-01T06:01:19.545+0000] {dag.py:3954} INFO - Setting next_dagrun for retailco_master_pipeline to 2026-06-01 00:00:00+00:00, run_after=2026-06-02 00:00:00+00:00
[2026-06-01T06:01:19.570+0000] {processor.py:183} INFO - Processing /opt/airflow/dags/retailco_dag.py took 0.129 seconds
[2026-06-01T06:01:50.026+0000] {processor.py:161} INFO - Started process (PID=5444) to work on /opt/airflow/dags/retailco_dag.py
[2026-06-01T06:01:50.028+0000] {processor.py:830} INFO - Processing file /opt/airflow/dags/retailco_dag.py for tasks to queue
[2026-06-01T06:01:50.030+0000] {logging_mixin.py:188} INFO - [2026-06-01T06:01:50.029+0000] {dagbag.py:545} INFO - Filling up the DagBag from /opt/airflow/dags/retailco_dag.py
[2026-06-01T06:01:50.059+0000] {processor.py:840} INFO - DAG(s) 'retailco_master_pipeline' retrieved from /opt/airflow/dags/retailco_dag.py
[2026-06-01T06:01:50.094+0000] {logging_mixin.py:188} INFO - [2026-06-01T06:01:50.094+0000] {dag.py:3096} INFO - Sync 1 DAGs
[2026-06-01T06:01:50.120+0000] {logging_mixin.py:188} INFO - [2026-06-01T06:01:50.120+0000] {dag.py:3954} INFO - Setting next_dagrun for retailco_master_pipeline to 2026-06-01 00:00:00+00:00, run_after=2026-06-02 00:00:00+00:00
[2026-06-01T06:01:50.146+0000] {processor.py:183} INFO - Processing /opt/airflow/dags/retailco_dag.py took 0.126 seconds
[2026-06-01T06:02:20.406+0000] {processor.py:161} INFO - Started process (PID=5449) to work on /opt/airflow/dags/retailco_dag.py
[2026-06-01T06:02:20.407+0000] {processor.py:830} INFO - Processing file /opt/airflow/dags/retailco_dag.py for tasks to queue
[2026-06-01T06:02:20.410+0000] {logging_mixin.py:188} INFO - [2026-06-01T06:02:20.409+0000] {dagbag.py:545} INFO - Filling up the DagBag from /opt/airflow/dags/retailco_dag.py
[2026-06-01T06:02:20.443+0000] {processor.py:840} INFO - DAG(s) 'retailco_master_pipeline' retrieved from /opt/airflow/dags/retailco_dag.py
[2026-06-01T06:02:20.476+0000] {logging_mixin.py:188} INFO - [2026-06-01T06:02:20.476+0000] {dag.py:3096} INFO - Sync 1 DAGs
[2026-06-01T06:02:20.504+0000] {logging_mixin.py:188} INFO - [2026-06-01T06:02:20.504+0000] {dag.py:3954} INFO - Setting next_dagrun for retailco_master_pipeline to 2026-06-01 00:00:00+00:00, run_after=2026-06-02 00:00:00+00:00
[2026-06-01T06:02:20.532+0000] {processor.py:183} INFO - Processing /opt/airflow/dags/retailco_dag.py took 0.133 seconds
[2026-06-01T06:02:50.900+0000] {processor.py:161} INFO - Started process (PID=5454) to work on /opt/airflow/dags/retailco_dag.py
[2026-06-01T06:02:50.902+0000] {processor.py:830} INFO - Processing file /opt/airflow/dags/retailco_dag.py for tasks to queue
[2026-06-01T06:02:50.904+0000] {logging_mixin.py:188} INFO - [2026-06-01T06:02:50.903+0000] {dagbag.py:545} INFO - Filling up the DagBag from /opt/airflow/dags/retailco_dag.py
[2026-06-01T06:02:50.944+0000] {processor.py:840} INFO - DAG(s) 'retailco_master_pipeline' retrieved from /opt/airflow/dags/retailco_dag.py
[2026-06-01T06:02:50.979+0000] {logging_mixin.py:188} INFO - [2026-06-01T06:02:50.979+0000] {dag.py:3096} INFO - Sync 1 DAGs
[2026-06-01T06:02:51.002+0000] {logging_mixin.py:188} INFO - [2026-06-01T06:02:51.002+0000] {dag.py:3954} INFO - Setting next_dagrun for retailco_master_pipeline to 2026-06-01 00:00:00+00:00, run_after=2026-06-02 00:00:00+00:00
[2026-06-01T06:02:51.035+0000] {processor.py:183} INFO - Processing /opt/airflow/dags/retailco_dag.py took 0.141 seconds
[2026-06-01T06:03:21.254+0000] {processor.py:161} INFO - Started process (PID=5459) to work on /opt/airflow/dags/retailco_dag.py
[2026-06-01T06:03:21.256+0000] {processor.py:830} INFO - Processing file /opt/airflow/dags/retailco_dag.py for tasks to queue
[2026-06-01T06:03:21.259+0000] {logging_mixin.py:188} INFO - [2026-06-01T06:03:21.258+0000] {dagbag.py:545} INFO - Filling up the DagBag from /opt/airflow/dags/retailco_dag.py
[2026-06-01T06:03:21.291+0000] {processor.py:840} INFO - DAG(s) 'retailco_master_pipeline' retrieved from /opt/airflow/dags/retailco_dag.py
[2026-06-01T06:03:21.331+0000] {logging_mixin.py:188} INFO - [2026-06-01T06:03:21.330+0000] {dag.py:3096} INFO - Sync 1 DAGs
[2026-06-01T06:03:21.358+0000] {logging_mixin.py:188} INFO - [2026-06-01T06:03:21.358+0000] {dag.py:3954} INFO - Setting next_dagrun for retailco_master_pipeline to 2026-06-01 00:00:00+00:00, run_after=2026-06-02 00:00:00+00:00
[2026-06-01T06:03:21.384+0000] {processor.py:183} INFO - Processing /opt/airflow/dags/retailco_dag.py took 0.139 seconds
[2026-06-01T06:03:51.709+0000] {processor.py:161} INFO - Started process (PID=5464) to work on /opt/airflow/dags/retailco_dag.py
[2026-06-01T06:03:51.711+0000] {processor.py:830} INFO - Processing file /opt/airflow/dags/retailco_dag.py for tasks to queue
[2026-06-01T06:03:51.714+0000] {logging_mixin.py:188} INFO - [2026-06-01T06:03:51.713+0000] {dagbag.py:545} INFO - Filling up the DagBag from /opt/airflow/dags/retailco_dag.py
[2026-06-01T06:03:51.748+0000] {processor.py:840} INFO - DAG(s) 'retailco_master_pipeline' retrieved from /opt/airflow/dags/retailco_dag.py
[2026-06-01T06:03:51.781+0000] {logging_mixin.py:188} INFO - [2026-06-01T06:03:51.781+0000] {dag.py:3096} INFO - Sync 1 DAGs
[2026-06-01T06:03:51.807+0000] {logging_mixin.py:188} INFO - [2026-06-01T06:03:51.807+0000] {dag.py:3954} INFO - Setting next_dagrun for retailco_master_pipeline to 2026-06-01 00:00:00+00:00, run_after=2026-06-02 00:00:00+00:00
[2026-06-01T06:03:51.840+0000] {processor.py:183} INFO - Processing /opt/airflow/dags/retailco_dag.py took 0.140 seconds
[2026-06-01T06:04:22.161+0000] {processor.py:161} INFO - Started process (PID=5469) to work on /opt/airflow/dags/retailco_dag.py
[2026-06-01T06:04:22.163+0000] {processor.py:830} INFO - Processing file /opt/airflow/dags/retailco_dag.py for tasks to queue
[2026-06-01T06:04:22.167+0000] {logging_mixin.py:188} INFO - [2026-06-01T06:04:22.167+0000] {dagbag.py:545} INFO - Filling up the DagBag from /opt/airflow/dags/retailco_dag.py
[2026-06-01T06:04:22.208+0000] {processor.py:840} INFO - DAG(s) 'retailco_master_pipeline' retrieved from /opt/airflow/dags/retailco_dag.py
[2026-06-01T06:04:22.241+0000] {logging_mixin.py:188} INFO - [2026-06-01T06:04:22.241+0000] {dag.py:3096} INFO - Sync 1 DAGs
[2026-06-01T06:04:22.281+0000] {logging_mixin.py:188} INFO - [2026-06-01T06:04:22.280+0000] {dag.py:3954} INFO - Setting next_dagrun for retailco_master_pipeline to 2026-06-01 00:00:00+00:00, run_after=2026-06-02 00:00:00+00:00
[2026-06-01T06:04:22.315+0000] {processor.py:183} INFO - Processing /opt/airflow/dags/retailco_dag.py took 0.168 seconds
[2026-06-01T06:04:52.647+0000] {processor.py:161} INFO - Started process (PID=5474) to work on /opt/airflow/dags/retailco_dag.py
[2026-06-01T06:04:52.650+0000] {processor.py:830} INFO - Processing file /opt/airflow/dags/retailco_dag.py for tasks to queue
[2026-06-01T06:04:52.655+0000] {logging_mixin.py:188} INFO - [2026-06-01T06:04:52.654+0000] {dagbag.py:545} INFO - Filling up the DagBag from /opt/airflow/dags/retailco_dag.py
[2026-06-01T06:04:52.707+0000] {processor.py:840} INFO - DAG(s) 'retailco_master_pipeline' retrieved from /opt/airflow/dags/retailco_dag.py
[2026-06-01T06:04:52.761+0000] {logging_mixin.py:188} INFO - [2026-06-01T06:04:52.761+0000] {dag.py:3096} INFO - Sync 1 DAGs
[2026-06-01T06:04:52.786+0000] {logging_mixin.py:188} INFO - [2026-06-01T06:04:52.786+0000] {dag.py:3954} INFO - Setting next_dagrun for retailco_master_pipeline to 2026-06-01 00:00:00+00:00, run_after=2026-06-02 00:00:00+00:00
[2026-06-01T06:04:52.809+0000] {processor.py:183} INFO - Processing /opt/airflow/dags/retailco_dag.py took 0.180 seconds
[2026-06-01T06:05:23.087+0000] {processor.py:161} INFO - Started process (PID=5479) to work on /opt/airflow/dags/retailco_dag.py
[2026-06-01T06:05:23.088+0000] {processor.py:830} INFO - Processing file /opt/airflow/dags/retailco_dag.py for tasks to queue
[2026-06-01T06:05:23.091+0000] {logging_mixin.py:188} INFO - [2026-06-01T06:05:23.090+0000] {dagbag.py:545} INFO - Filling up the DagBag from /opt/airflow/dags/retailco_dag.py
[2026-06-01T06:05:23.126+0000] {processor.py:840} INFO - DAG(s) 'retailco_master_pipeline' retrieved from /opt/airflow/dags/retailco_dag.py
[2026-06-01T06:05:23.159+0000] {logging_mixin.py:188} INFO - [2026-06-01T06:05:23.159+0000] {dag.py:3096} INFO - Sync 1 DAGs
[2026-06-01T06:05:23.183+0000] {logging_mixin.py:188} INFO - [2026-06-01T06:05:23.183+0000] {dag.py:3954} INFO - Setting next_dagrun for retailco_master_pipeline to 2026-06-01 00:00:00+00:00, run_after=2026-06-02 00:00:00+00:00
[2026-06-01T06:05:23.211+0000] {processor.py:183} INFO - Processing /opt/airflow/dags/retailco_dag.py took 0.130 seconds
[2026-06-01T06:05:53.542+0000] {processor.py:161} INFO - Started process (PID=5484) to work on /opt/airflow/dags/retailco_dag.py
[2026-06-01T06:05:53.544+0000] {processor.py:830} INFO - Processing file /opt/airflow/dags/retailco_dag.py for tasks to queue
[2026-06-01T06:05:53.547+0000] {logging_mixin.py:188} INFO - [2026-06-01T06:05:53.547+0000] {dagbag.py:545} INFO - Filling up the DagBag from /opt/airflow/dags/retailco_dag.py
[2026-06-01T06:05:53.588+0000] {processor.py:840} INFO - DAG(s) 'retailco_master_pipeline' retrieved from /opt/airflow/dags/retailco_dag.py
[2026-06-01T06:05:53.622+0000] {logging_mixin.py:188} INFO - [2026-06-01T06:05:53.621+0000] {dag.py:3096} INFO - Sync 1 DAGs
[2026-06-01T06:05:53.712+0000] {logging_mixin.py:188} INFO - [2026-06-01T06:05:53.711+0000] {dag.py:3954} INFO - Setting next_dagrun for retailco_master_pipeline to 2026-06-01 00:00:00+00:00, run_after=2026-06-02 00:00:00+00:00
[2026-06-01T06:05:53.798+0000] {processor.py:183} INFO - Processing /opt/airflow/dags/retailco_dag.py took 0.261 seconds
[2026-06-01T06:06:23.994+0000] {processor.py:161} INFO - Started process (PID=5489) to work on /opt/airflow/dags/retailco_dag.py
[2026-06-01T06:06:23.996+0000] {processor.py:830} INFO - Processing file /opt/airflow/dags/retailco_dag.py for tasks to queue
[2026-06-01T06:06:23.998+0000] {logging_mixin.py:188} INFO - [2026-06-01T06:06:23.997+0000] {dagbag.py:545} INFO - Filling up the DagBag from /opt/airflow/dags/retailco_dag.py
[2026-06-01T06:06:24.031+0000] {processor.py:840} INFO - DAG(s) 'retailco_master_pipeline' retrieved from /opt/airflow/dags/retailco_dag.py
[2026-06-01T06:06:24.065+0000] {logging_mixin.py:188} INFO - [2026-06-01T06:06:24.064+0000] {dag.py:3096} INFO - Sync 1 DAGs
[2026-06-01T06:06:24.095+0000] {logging_mixin.py:188} INFO - [2026-06-01T06:06:24.095+0000] {dag.py:3954} INFO - Setting next_dagrun for retailco_master_pipeline to 2026-06-01 00:00:00+00:00, run_after=2026-06-02 00:00:00+00:00
[2026-06-01T06:06:24.131+0000] {processor.py:183} INFO - Processing /opt/airflow/dags/retailco_dag.py took 0.144 seconds
[2026-06-01T06:06:54.466+0000] {processor.py:161} INFO - Started process (PID=5494) to work on /opt/airflow/dags/retailco_dag.py
[2026-06-01T06:06:54.468+0000] {processor.py:830} INFO - Processing file /opt/airflow/dags/retailco_dag.py for tasks to queue
[2026-06-01T06:06:54.470+0000] {logging_mixin.py:188} INFO - [2026-06-01T06:06:54.470+0000] {dagbag.py:545} INFO - Filling up the DagBag from /opt/airflow/dags/retailco_dag.py
[2026-06-01T06:06:54.499+0000] {processor.py:840} INFO - DAG(s) 'retailco_master_pipeline' retrieved from /opt/airflow/dags/retailco_dag.py
[2026-06-01T06:06:54.531+0000] {logging_mixin.py:188} INFO - [2026-06-01T06:06:54.531+0000] {dag.py:3096} INFO - Sync 1 DAGs
[2026-06-01T06:06:54.556+0000] {logging_mixin.py:188} INFO - [2026-06-01T06:06:54.556+0000] {dag.py:3954} INFO - Setting next_dagrun for retailco_master_pipeline to 2026-06-01 00:00:00+00:00, run_after=2026-06-02 00:00:00+00:00
[2026-06-01T06:06:54.584+0000] {processor.py:183} INFO - Processing /opt/airflow/dags/retailco_dag.py took 0.124 seconds
[2026-06-01T06:07:24.805+0000] {processor.py:161} INFO - Started process (PID=5499) to work on /opt/airflow/dags/retailco_dag.py
[2026-06-01T06:07:24.806+0000] {processor.py:830} INFO - Processing file /opt/airflow/dags/retailco_dag.py for tasks to queue
[2026-06-01T06:07:24.808+0000] {logging_mixin.py:188} INFO - [2026-06-01T06:07:24.808+0000] {dagbag.py:545} INFO - Filling up the DagBag from /opt/airflow/dags/retailco_dag.py
[2026-06-01T06:07:24.844+0000] {processor.py:840} INFO - DAG(s) 'retailco_master_pipeline' retrieved from /opt/airflow/dags/retailco_dag.py
[2026-06-01T06:07:24.901+0000] {logging_mixin.py:188} INFO - [2026-06-01T06:07:24.901+0000] {dag.py:3096} INFO - Sync 1 DAGs
[2026-06-01T06:07:24.931+0000] {logging_mixin.py:188} INFO - [2026-06-01T06:07:24.931+0000] {dag.py:3954} INFO - Setting next_dagrun for retailco_master_pipeline to 2026-06-01 00:00:00+00:00, run_after=2026-06-02 00:00:00+00:00
[2026-06-01T06:07:24.961+0000] {processor.py:183} INFO - Processing /opt/airflow/dags/retailco_dag.py took 0.163 seconds
[2026-06-01T06:07:55.435+0000] {processor.py:161} INFO - Started process (PID=5504) to work on /opt/airflow/dags/retailco_dag.py
[2026-06-01T06:07:55.437+0000] {processor.py:830} INFO - Processing file /opt/airflow/dags/retailco_dag.py for tasks to queue
[2026-06-01T06:07:55.439+0000] {logging_mixin.py:188} INFO - [2026-06-01T06:07:55.439+0000] {dagbag.py:545} INFO - Filling up the DagBag from /opt/airflow/dags/retailco_dag.py
[2026-06-01T06:07:55.471+0000] {processor.py:840} INFO - DAG(s) 'retailco_master_pipeline' retrieved from /opt/airflow/dags/retailco_dag.py
[2026-06-01T06:07:55.503+0000] {logging_mixin.py:188} INFO - [2026-06-01T06:07:55.503+0000] {dag.py:3096} INFO - Sync 1 DAGs
[2026-06-01T06:07:55.529+0000] {logging_mixin.py:188} INFO - [2026-06-01T06:07:55.529+0000] {dag.py:3954} INFO - Setting next_dagrun for retailco_master_pipeline to 2026-06-01 00:00:00+00:00, run_after=2026-06-02 00:00:00+00:00
[2026-06-01T06:07:55.559+0000] {processor.py:183} INFO - Processing /opt/airflow/dags/retailco_dag.py took 0.132 seconds
[2026-06-01T06:08:25.876+0000] {processor.py:161} INFO - Started process (PID=5509) to work on /opt/airflow/dags/retailco_dag.py
[2026-06-01T06:08:25.877+0000] {processor.py:830} INFO - Processing file /opt/airflow/dags/retailco_dag.py for tasks to queue
[2026-06-01T06:08:25.879+0000] {logging_mixin.py:188} INFO - [2026-06-01T06:08:25.879+0000] {dagbag.py:545} INFO - Filling up the DagBag from /opt/airflow/dags/retailco_dag.py
[2026-06-01T06:08:25.932+0000] {processor.py:840} INFO - DAG(s) 'retailco_master_pipeline' retrieved from /opt/airflow/dags/retailco_dag.py
[2026-06-01T06:08:25.969+0000] {logging_mixin.py:188} INFO - [2026-06-01T06:08:25.968+0000] {dag.py:3096} INFO - Sync 1 DAGs
[2026-06-01T06:08:25.991+0000] {logging_mixin.py:188} INFO - [2026-06-01T06:08:25.991+0000] {dag.py:3954} INFO - Setting next_dagrun for retailco_master_pipeline to 2026-06-01 00:00:00+00:00, run_after=2026-06-02 00:00:00+00:00
[2026-06-01T06:08:26.064+0000] {processor.py:183} INFO - Processing /opt/airflow/dags/retailco_dag.py took 0.196 seconds
[2026-06-01T06:08:56.451+0000] {processor.py:161} INFO - Started process (PID=5514) to work on /opt/airflow/dags/retailco_dag.py
[2026-06-01T06:08:56.452+0000] {processor.py:830} INFO - Processing file /opt/airflow/dags/retailco_dag.py for tasks to queue
[2026-06-01T06:08:56.454+0000] {logging_mixin.py:188} INFO - [2026-06-01T06:08:56.454+0000] {dagbag.py:545} INFO - Filling up the DagBag from /opt/airflow/dags/retailco_dag.py
[2026-06-01T06:08:56.484+0000] {processor.py:840} INFO - DAG(s) 'retailco_master_pipeline' retrieved from /opt/airflow/dags/retailco_dag.py
[2026-06-01T06:08:56.518+0000] {logging_mixin.py:188} INFO - [2026-06-01T06:08:56.517+0000] {dag.py:3096} INFO - Sync 1 DAGs
[2026-06-01T06:08:56.541+0000] {logging_mixin.py:188} INFO - [2026-06-01T06:08:56.541+0000] {dag.py:3954} INFO - Setting next_dagrun for retailco_master_pipeline to 2026-06-01 00:00:00+00:00, run_after=2026-06-02 00:00:00+00:00
[2026-06-01T06:08:56.572+0000] {processor.py:183} INFO - Processing /opt/airflow/dags/retailco_dag.py took 0.128 seconds
[2026-06-01T06:09:26.863+0000] {processor.py:161} INFO - Started process (PID=5519) to work on /opt/airflow/dags/retailco_dag.py
[2026-06-01T06:09:26.866+0000] {processor.py:830} INFO - Processing file /opt/airflow/dags/retailco_dag.py for tasks to queue
[2026-06-01T06:09:26.869+0000] {logging_mixin.py:188} INFO - [2026-06-01T06:09:26.868+0000] {dagbag.py:545} INFO - Filling up the DagBag from /opt/airflow/dags/retailco_dag.py
[2026-06-01T06:09:26.897+0000] {processor.py:840} INFO - DAG(s) 'retailco_master_pipeline' retrieved from /opt/airflow/dags/retailco_dag.py
[2026-06-01T06:09:26.930+0000] {logging_mixin.py:188} INFO - [2026-06-01T06:09:26.929+0000] {dag.py:3096} INFO - Sync 1 DAGs
[2026-06-01T06:09:26.954+0000] {logging_mixin.py:188} INFO - [2026-06-01T06:09:26.953+0000] {dag.py:3954} INFO - Setting next_dagrun for retailco_master_pipeline to 2026-06-01 00:00:00+00:00, run_after=2026-06-02 00:00:00+00:00
[2026-06-01T06:09:26.987+0000] {processor.py:183} INFO - Processing /opt/airflow/dags/retailco_dag.py took 0.134 seconds
[2026-06-01T06:09:57.180+0000] {processor.py:161} INFO - Started process (PID=5524) to work on /opt/airflow/dags/retailco_dag.py
[2026-06-01T06:09:57.181+0000] {processor.py:830} INFO - Processing file /opt/airflow/dags/retailco_dag.py for tasks to queue
[2026-06-01T06:09:57.184+0000] {logging_mixin.py:188} INFO - [2026-06-01T06:09:57.183+0000] {dagbag.py:545} INFO - Filling up the DagBag from /opt/airflow/dags/retailco_dag.py
[2026-06-01T06:09:57.216+0000] {processor.py:840} INFO - DAG(s) 'retailco_master_pipeline' retrieved from /opt/airflow/dags/retailco_dag.py
[2026-06-01T06:09:57.254+0000] {logging_mixin.py:188} INFO - [2026-06-01T06:09:57.253+0000] {dag.py:3096} INFO - Sync 1 DAGs
[2026-06-01T06:09:57.278+0000] {logging_mixin.py:188} INFO - [2026-06-01T06:09:57.278+0000] {dag.py:3954} INFO - Setting next_dagrun for retailco_master_pipeline to 2026-06-01 00:00:00+00:00, run_after=2026-06-02 00:00:00+00:00
[2026-06-01T06:09:57.308+0000] {processor.py:183} INFO - Processing /opt/airflow/dags/retailco_dag.py took 0.135 seconds
[2026-06-01T06:10:27.724+0000] {processor.py:161} INFO - Started process (PID=5529) to work on /opt/airflow/dags/retailco_dag.py
[2026-06-01T06:10:27.725+0000] {processor.py:830} INFO - Processing file /opt/airflow/dags/retailco_dag.py for tasks to queue
[2026-06-01T06:10:27.728+0000] {logging_mixin.py:188} INFO - [2026-06-01T06:10:27.727+0000] {dagbag.py:545} INFO - Filling up the DagBag from /opt/airflow/dags/retailco_dag.py
[2026-06-01T06:10:27.761+0000] {processor.py:840} INFO - DAG(s) 'retailco_master_pipeline' retrieved from /opt/airflow/dags/retailco_dag.py
[2026-06-01T06:10:27.798+0000] {logging_mixin.py:188} INFO - [2026-06-01T06:10:27.798+0000] {dag.py:3096} INFO - Sync 1 DAGs
[2026-06-01T06:10:27.823+0000] {logging_mixin.py:188} INFO - [2026-06-01T06:10:27.823+0000] {dag.py:3954} INFO - Setting next_dagrun for retailco_master_pipeline to 2026-06-01 00:00:00+00:00, run_after=2026-06-02 00:00:00+00:00
[2026-06-01T06:10:27.850+0000] {processor.py:183} INFO - Processing /opt/airflow/dags/retailco_dag.py took 0.131 seconds
[2026-06-01T06:10:58.127+0000] {processor.py:161} INFO - Started process (PID=5534) to work on /opt/airflow/dags/retailco_dag.py
[2026-06-01T06:10:58.129+0000] {processor.py:830} INFO - Processing file /opt/airflow/dags/retailco_dag.py for tasks to queue
[2026-06-01T06:10:58.132+0000] {logging_mixin.py:188} INFO - [2026-06-01T06:10:58.131+0000] {dagbag.py:545} INFO - Filling up the DagBag from /opt/airflow/dags/retailco_dag.py
[2026-06-01T06:10:58.184+0000] {processor.py:840} INFO - DAG(s) 'retailco_master_pipeline' retrieved from /opt/airflow/dags/retailco_dag.py
[2026-06-01T06:10:58.222+0000] {logging_mixin.py:188} INFO - [2026-06-01T06:10:58.221+0000] {dag.py:3096} INFO - Sync 1 DAGs
[2026-06-01T06:10:58.248+0000] {logging_mixin.py:188} INFO - [2026-06-01T06:10:58.248+0000] {dag.py:3954} INFO - Setting next_dagrun for retailco_master_pipeline to 2026-06-01 00:00:00+00:00, run_after=2026-06-02 00:00:00+00:00
[2026-06-01T06:10:58.282+0000] {processor.py:183} INFO - Processing /opt/airflow/dags/retailco_dag.py took 0.165 seconds
[2026-06-01T06:11:28.524+0000] {processor.py:161} INFO - Started process (PID=5539) to work on /opt/airflow/dags/retailco_dag.py
[2026-06-01T06:11:28.525+0000] {processor.py:830} INFO - Processing file /opt/airflow/dags/retailco_dag.py for tasks to queue
[2026-06-01T06:11:28.527+0000] {logging_mixin.py:188} INFO - [2026-06-01T06:11:28.527+0000] {dagbag.py:545} INFO - Filling up the DagBag from /opt/airflow/dags/retailco_dag.py
[2026-06-01T06:11:28.556+0000] {processor.py:840} INFO - DAG(s) 'retailco_master_pipeline' retrieved from /opt/airflow/dags/retailco_dag.py
[2026-06-01T06:11:28.593+0000] {logging_mixin.py:188} INFO - [2026-06-01T06:11:28.592+0000] {dag.py:3096} INFO - Sync 1 DAGs
[2026-06-01T06:11:28.618+0000] {logging_mixin.py:188} INFO - [2026-06-01T06:11:28.618+0000] {dag.py:3954} INFO - Setting next_dagrun for retailco_master_pipeline to 2026-06-01 00:00:00+00:00, run_after=2026-06-02 00:00:00+00:00
[2026-06-01T06:11:28.640+0000] {processor.py:183} INFO - Processing /opt/airflow/dags/retailco_dag.py took 0.123 seconds
[2026-06-01T06:11:58.961+0000] {processor.py:161} INFO - Started process (PID=5544) to work on /opt/airflow/dags/retailco_dag.py
[2026-06-01T06:11:58.962+0000] {processor.py:830} INFO - Processing file /opt/airflow/dags/retailco_dag.py for tasks to queue
[2026-06-01T06:11:58.964+0000] {logging_mixin.py:188} INFO - [2026-06-01T06:11:58.964+0000] {dagbag.py:545} INFO - Filling up the DagBag from /opt/airflow/dags/retailco_dag.py
[2026-06-01T06:11:58.998+0000] {processor.py:840} INFO - DAG(s) 'retailco_master_pipeline' retrieved from /opt/airflow/dags/retailco_dag.py
[2026-06-01T06:11:59.034+0000] {logging_mixin.py:188} INFO - [2026-06-01T06:11:59.034+0000] {dag.py:3096} INFO - Sync 1 DAGs
[2026-06-01T06:11:59.061+0000] {logging_mixin.py:188} INFO - [2026-06-01T06:11:59.060+0000] {dag.py:3954} INFO - Setting next_dagrun for retailco_master_pipeline to 2026-06-01 00:00:00+00:00, run_after=2026-06-02 00:00:00+00:00
[2026-06-01T06:11:59.096+0000] {processor.py:183} INFO - Processing /opt/airflow/dags/retailco_dag.py took 0.142 seconds
[2026-06-01T06:12:29.336+0000] {processor.py:161} INFO - Started process (PID=5549) to work on /opt/airflow/dags/retailco_dag.py
[2026-06-01T06:12:29.338+0000] {processor.py:830} INFO - Processing file /opt/airflow/dags/retailco_dag.py for tasks to queue
[2026-06-01T06:12:29.340+0000] {logging_mixin.py:188} INFO - [2026-06-01T06:12:29.340+0000] {dagbag.py:545} INFO - Filling up the DagBag from /opt/airflow/dags/retailco_dag.py
[2026-06-01T06:12:29.368+0000] {processor.py:840} INFO - DAG(s) 'retailco_master_pipeline' retrieved from /opt/airflow/dags/retailco_dag.py
[2026-06-01T06:12:29.402+0000] {logging_mixin.py:188} INFO - [2026-06-01T06:12:29.401+0000] {dag.py:3096} INFO - Sync 1 DAGs
[2026-06-01T06:12:29.426+0000] {logging_mixin.py:188} INFO - [2026-06-01T06:12:29.425+0000] {dag.py:3954} INFO - Setting next_dagrun for retailco_master_pipeline to 2026-06-01 00:00:00+00:00, run_after=2026-06-02 00:00:00+00:00
[2026-06-01T06:12:29.468+0000] {processor.py:183} INFO - Processing /opt/airflow/dags/retailco_dag.py took 0.139 seconds
[2026-06-01T06:12:59.842+0000] {processor.py:161} INFO - Started process (PID=5554) to work on /opt/airflow/dags/retailco_dag.py
[2026-06-01T06:12:59.843+0000] {processor.py:830} INFO - Processing file /opt/airflow/dags/retailco_dag.py for tasks to queue
[2026-06-01T06:12:59.846+0000] {logging_mixin.py:188} INFO - [2026-06-01T06:12:59.845+0000] {dagbag.py:545} INFO - Filling up the DagBag from /opt/airflow/dags/retailco_dag.py
[2026-06-01T06:12:59.876+0000] {processor.py:840} INFO - DAG(s) 'retailco_master_pipeline' retrieved from /opt/airflow/dags/retailco_dag.py
[2026-06-01T06:12:59.910+0000] {logging_mixin.py:188} INFO - [2026-06-01T06:12:59.910+0000] {dag.py:3096} INFO - Sync 1 DAGs
[2026-06-01T06:12:59.936+0000] {logging_mixin.py:188} INFO - [2026-06-01T06:12:59.936+0000] {dag.py:3954} INFO - Setting next_dagrun for retailco_master_pipeline to 2026-06-01 00:00:00+00:00, run_after=2026-06-02 00:00:00+00:00
[2026-06-01T06:12:59.966+0000] {processor.py:183} INFO - Processing /opt/airflow/dags/retailco_dag.py took 0.132 seconds
[2026-06-01T06:13:30.124+0000] {processor.py:161} INFO - Started process (PID=5559) to work on /opt/airflow/dags/retailco_dag.py
[2026-06-01T06:13:30.126+0000] {processor.py:830} INFO - Processing file /opt/airflow/dags/retailco_dag.py for tasks to queue
[2026-06-01T06:13:30.128+0000] {logging_mixin.py:188} INFO - [2026-06-01T06:13:30.128+0000] {dagbag.py:545} INFO - Filling up the DagBag from /opt/airflow/dags/retailco_dag.py
[2026-06-01T06:13:30.159+0000] {processor.py:840} INFO - DAG(s) 'retailco_master_pipeline' retrieved from /opt/airflow/dags/retailco_dag.py
[2026-06-01T06:13:30.197+0000] {logging_mixin.py:188} INFO - [2026-06-01T06:13:30.196+0000] {dag.py:3096} INFO - Sync 1 DAGs
[2026-06-01T06:13:30.225+0000] {logging_mixin.py:188} INFO - [2026-06-01T06:13:30.225+0000] {dag.py:3954} INFO - Setting next_dagrun for retailco_master_pipeline to 2026-06-01 00:00:00+00:00, run_after=2026-06-02 00:00:00+00:00
[2026-06-01T06:13:30.253+0000] {processor.py:183} INFO - Processing /opt/airflow/dags/retailco_dag.py took 0.136 seconds
[2026-06-01T06:14:00.599+0000] {processor.py:161} INFO - Started process (PID=5564) to work on /opt/airflow/dags/retailco_dag.py
[2026-06-01T06:14:00.600+0000] {processor.py:830} INFO - Processing file /opt/airflow/dags/retailco_dag.py for tasks to queue
[2026-06-01T06:14:00.602+0000] {logging_mixin.py:188} INFO - [2026-06-01T06:14:00.602+0000] {dagbag.py:545} INFO - Filling up the DagBag from /opt/airflow/dags/retailco_dag.py
[2026-06-01T06:14:00.636+0000] {processor.py:840} INFO - DAG(s) 'retailco_master_pipeline' retrieved from /opt/airflow/dags/retailco_dag.py
[2026-06-01T06:14:00.677+0000] {logging_mixin.py:188} INFO - [2026-06-01T06:14:00.677+0000] {dag.py:3096} INFO - Sync 1 DAGs
[2026-06-01T06:14:00.702+0000] {logging_mixin.py:188} INFO - [2026-06-01T06:14:00.702+0000] {dag.py:3954} INFO - Setting next_dagrun for retailco_master_pipeline to 2026-06-01 00:00:00+00:00, run_after=2026-06-02 00:00:00+00:00
[2026-06-01T06:14:00.731+0000] {processor.py:183} INFO - Processing /opt/airflow/dags/retailco_dag.py took 0.139 seconds
[2026-06-01T06:14:30.980+0000] {processor.py:161} INFO - Started process (PID=5569) to work on /opt/airflow/dags/retailco_dag.py
[2026-06-01T06:14:30.982+0000] {processor.py:830} INFO - Processing file /opt/airflow/dags/retailco_dag.py for tasks to queue
[2026-06-01T06:14:30.985+0000] {logging_mixin.py:188} INFO - [2026-06-01T06:14:30.985+0000] {dagbag.py:545} INFO - Filling up the DagBag from /opt/airflow/dags/retailco_dag.py
[2026-06-01T06:14:31.021+0000] {processor.py:840} INFO - DAG(s) 'retailco_master_pipeline' retrieved from /opt/airflow/dags/retailco_dag.py
[2026-06-01T06:14:31.055+0000] {logging_mixin.py:188} INFO - [2026-06-01T06:14:31.055+0000] {dag.py:3096} INFO - Sync 1 DAGs
[2026-06-01T06:14:31.079+0000] {logging_mixin.py:188} INFO - [2026-06-01T06:14:31.079+0000] {dag.py:3954} INFO - Setting next_dagrun for retailco_master_pipeline to 2026-06-01 00:00:00+00:00, run_after=2026-06-02 00:00:00+00:00
[2026-06-01T06:14:31.107+0000] {processor.py:183} INFO - Processing /opt/airflow/dags/retailco_dag.py took 0.135 seconds
[2026-06-01T06:15:01.414+0000] {processor.py:161} INFO - Started process (PID=5574) to work on /opt/airflow/dags/retailco_dag.py
[2026-06-01T06:15:01.415+0000] {processor.py:830} INFO - Processing file /opt/airflow/dags/retailco_dag.py for tasks to queue
[2026-06-01T06:15:01.417+0000] {logging_mixin.py:188} INFO - [2026-06-01T06:15:01.417+0000] {dagbag.py:545} INFO - Filling up the DagBag from /opt/airflow/dags/retailco_dag.py
[2026-06-01T06:15:01.446+0000] {processor.py:840} INFO - DAG(s) 'retailco_master_pipeline' retrieved from /opt/airflow/dags/retailco_dag.py
[2026-06-01T06:15:01.481+0000] {logging_mixin.py:188} INFO - [2026-06-01T06:15:01.480+0000] {dag.py:3096} INFO - Sync 1 DAGs
[2026-06-01T06:15:01.503+0000] {logging_mixin.py:188} INFO - [2026-06-01T06:15:01.503+0000] {dag.py:3954} INFO - Setting next_dagrun for retailco_master_pipeline to 2026-06-01 00:00:00+00:00, run_after=2026-06-02 00:00:00+00:00
[2026-06-01T06:15:01.532+0000] {processor.py:183} INFO - Processing /opt/airflow/dags/retailco_dag.py took 0.126 seconds
[2026-06-01T06:15:31.792+0000] {processor.py:161} INFO - Started process (PID=5579) to work on /opt/airflow/dags/retailco_dag.py
[2026-06-01T06:15:31.793+0000] {processor.py:830} INFO - Processing file /opt/airflow/dags/retailco_dag.py for tasks to queue
[2026-06-01T06:15:31.796+0000] {logging_mixin.py:188} INFO - [2026-06-01T06:15:31.795+0000] {dagbag.py:545} INFO - Filling up the DagBag from /opt/airflow/dags/retailco_dag.py
[2026-06-01T06:15:31.823+0000] {processor.py:840} INFO - DAG(s) 'retailco_master_pipeline' retrieved from /opt/airflow/dags/retailco_dag.py
[2026-06-01T06:15:31.857+0000] {logging_mixin.py:188} INFO - [2026-06-01T06:15:31.857+0000] {dag.py:3096} INFO - Sync 1 DAGs
[2026-06-01T06:15:31.882+0000] {logging_mixin.py:188} INFO - [2026-06-01T06:15:31.882+0000] {dag.py:3954} INFO - Setting next_dagrun for retailco_master_pipeline to 2026-06-01 00:00:00+00:00, run_after=2026-06-02 00:00:00+00:00
[2026-06-01T06:15:31.911+0000] {processor.py:183} INFO - Processing /opt/airflow/dags/retailco_dag.py took 0.127 seconds
[2026-06-01T06:16:02.194+0000] {processor.py:161} INFO - Started process (PID=5584) to work on /opt/airflow/dags/retailco_dag.py
[2026-06-01T06:16:02.195+0000] {processor.py:830} INFO - Processing file /opt/airflow/dags/retailco_dag.py for tasks to queue
[2026-06-01T06:16:02.198+0000] {logging_mixin.py:188} INFO - [2026-06-01T06:16:02.198+0000] {dagbag.py:545} INFO - Filling up the DagBag from /opt/airflow/dags/retailco_dag.py
[2026-06-01T06:16:02.230+0000] {processor.py:840} INFO - DAG(s) 'retailco_master_pipeline' retrieved from /opt/airflow/dags/retailco_dag.py
[2026-06-01T06:16:02.269+0000] {logging_mixin.py:188} INFO - [2026-06-01T06:16:02.268+0000] {dag.py:3096} INFO - Sync 1 DAGs
[2026-06-01T06:16:02.292+0000] {logging_mixin.py:188} INFO - [2026-06-01T06:16:02.291+0000] {dag.py:3954} INFO - Setting next_dagrun for retailco_master_pipeline to 2026-06-01 00:00:00+00:00, run_after=2026-06-02 00:00:00+00:00
[2026-06-01T06:16:02.322+0000] {processor.py:183} INFO - Processing /opt/airflow/dags/retailco_dag.py took 0.135 seconds
[2026-06-01T06:16:32.586+0000] {processor.py:161} INFO - Started process (PID=5589) to work on /opt/airflow/dags/retailco_dag.py
[2026-06-01T06:16:32.588+0000] {processor.py:830} INFO - Processing file /opt/airflow/dags/retailco_dag.py for tasks to queue
[2026-06-01T06:16:32.591+0000] {logging_mixin.py:188} INFO - [2026-06-01T06:16:32.591+0000] {dagbag.py:545} INFO - Filling up the DagBag from /opt/airflow/dags/retailco_dag.py
[2026-06-01T06:16:32.621+0000] {processor.py:840} INFO - DAG(s) 'retailco_master_pipeline' retrieved from /opt/airflow/dags/retailco_dag.py
[2026-06-01T06:16:32.656+0000] {logging_mixin.py:188} INFO - [2026-06-01T06:16:32.656+0000] {dag.py:3096} INFO - Sync 1 DAGs
[2026-06-01T06:16:32.680+0000] {logging_mixin.py:188} INFO - [2026-06-01T06:16:32.679+0000] {dag.py:3954} INFO - Setting next_dagrun for retailco_master_pipeline to 2026-06-01 00:00:00+00:00, run_after=2026-06-02 00:00:00+00:00
[2026-06-01T06:16:32.709+0000] {processor.py:183} INFO - Processing /opt/airflow/dags/retailco_dag.py took 0.129 seconds
[2026-06-01T06:17:02.968+0000] {processor.py:161} INFO - Started process (PID=5594) to work on /opt/airflow/dags/retailco_dag.py
[2026-06-01T06:17:02.969+0000] {processor.py:830} INFO - Processing file /opt/airflow/dags/retailco_dag.py for tasks to queue
[2026-06-01T06:17:02.982+0000] {logging_mixin.py:188} INFO - [2026-06-01T06:17:02.979+0000] {dagbag.py:545} INFO - Filling up the DagBag from /opt/airflow/dags/retailco_dag.py
[2026-06-01T06:17:03.050+0000] {processor.py:840} INFO - DAG(s) 'retailco_master_pipeline' retrieved from /opt/airflow/dags/retailco_dag.py
[2026-06-01T06:17:03.112+0000] {logging_mixin.py:188} INFO - [2026-06-01T06:17:03.112+0000] {dag.py:3096} INFO - Sync 1 DAGs
[2026-06-01T06:17:03.173+0000] {logging_mixin.py:188} INFO - [2026-06-01T06:17:03.172+0000] {dag.py:3954} INFO - Setting next_dagrun for retailco_master_pipeline to 2026-06-01 00:00:00+00:00, run_after=2026-06-02 00:00:00+00:00
[2026-06-01T06:17:03.229+0000] {processor.py:183} INFO - Processing /opt/airflow/dags/retailco_dag.py took 0.270 seconds
[2026-06-01T06:17:33.614+0000] {processor.py:161} INFO - Started process (PID=5599) to work on /opt/airflow/dags/retailco_dag.py
[2026-06-01T06:17:33.616+0000] {processor.py:830} INFO - Processing file /opt/airflow/dags/retailco_dag.py for tasks to queue
[2026-06-01T06:17:33.618+0000] {logging_mixin.py:188} INFO - [2026-06-01T06:17:33.618+0000] {dagbag.py:545} INFO - Filling up the DagBag from /opt/airflow/dags/retailco_dag.py
[2026-06-01T06:17:33.653+0000] {processor.py:840} INFO - DAG(s) 'retailco_master_pipeline' retrieved from /opt/airflow/dags/retailco_dag.py
[2026-06-01T06:17:33.692+0000] {logging_mixin.py:188} INFO - [2026-06-01T06:17:33.692+0000] {dag.py:3096} INFO - Sync 1 DAGs
[2026-06-01T06:17:33.720+0000] {logging_mixin.py:188} INFO - [2026-06-01T06:17:33.719+0000] {dag.py:3954} INFO - Setting next_dagrun for retailco_master_pipeline to 2026-06-01 00:00:00+00:00, run_after=2026-06-02 00:00:00+00:00
[2026-06-01T06:17:33.748+0000] {processor.py:183} INFO - Processing /opt/airflow/dags/retailco_dag.py took 0.143 seconds
[2026-06-01T06:18:03.955+0000] {processor.py:161} INFO - Started process (PID=5604) to work on /opt/airflow/dags/retailco_dag.py
[2026-06-01T06:18:03.956+0000] {processor.py:830} INFO - Processing file /opt/airflow/dags/retailco_dag.py for tasks to queue
[2026-06-01T06:18:03.959+0000] {logging_mixin.py:188} INFO - [2026-06-01T06:18:03.959+0000] {dagbag.py:545} INFO - Filling up the DagBag from /opt/airflow/dags/retailco_dag.py
[2026-06-01T06:18:03.991+0000] {processor.py:840} INFO - DAG(s) 'retailco_master_pipeline' retrieved from /opt/airflow/dags/retailco_dag.py
[2026-06-01T06:18:04.025+0000] {logging_mixin.py:188} INFO - [2026-06-01T06:18:04.024+0000] {dag.py:3096} INFO - Sync 1 DAGs
[2026-06-01T06:18:04.050+0000] {logging_mixin.py:188} INFO - [2026-06-01T06:18:04.050+0000] {dag.py:3954} INFO - Setting next_dagrun for retailco_master_pipeline to 2026-06-01 00:00:00+00:00, run_after=2026-06-02 00:00:00+00:00
[2026-06-01T06:18:04.123+0000] {processor.py:183} INFO - Processing /opt/airflow/dags/retailco_dag.py took 0.177 seconds
[2026-06-01T06:18:34.446+0000] {processor.py:161} INFO - Started process (PID=5609) to work on /opt/airflow/dags/retailco_dag.py
[2026-06-01T06:18:34.448+0000] {processor.py:830} INFO - Processing file /opt/airflow/dags/retailco_dag.py for tasks to queue
[2026-06-01T06:18:34.450+0000] {logging_mixin.py:188} INFO - [2026-06-01T06:18:34.450+0000] {dagbag.py:545} INFO - Filling up the DagBag from /opt/airflow/dags/retailco_dag.py
[2026-06-01T06:18:34.495+0000] {processor.py:840} INFO - DAG(s) 'retailco_master_pipeline' retrieved from /opt/airflow/dags/retailco_dag.py
[2026-06-01T06:18:34.547+0000] {logging_mixin.py:188} INFO - [2026-06-01T06:18:34.547+0000] {dag.py:3096} INFO - Sync 1 DAGs
[2026-06-01T06:18:34.595+0000] {logging_mixin.py:188} INFO - [2026-06-01T06:18:34.595+0000] {dag.py:3954} INFO - Setting next_dagrun for retailco_master_pipeline to 2026-06-01 00:00:00+00:00, run_after=2026-06-02 00:00:00+00:00
[2026-06-01T06:18:34.627+0000] {processor.py:183} INFO - Processing /opt/airflow/dags/retailco_dag.py took 0.189 seconds
[2026-06-01T06:19:04.793+0000] {processor.py:161} INFO - Started process (PID=5614) to work on /opt/airflow/dags/retailco_dag.py
[2026-06-01T06:19:04.794+0000] {processor.py:830} INFO - Processing file /opt/airflow/dags/retailco_dag.py for tasks to queue
[2026-06-01T06:19:04.797+0000] {logging_mixin.py:188} INFO - [2026-06-01T06:19:04.797+0000] {dagbag.py:545} INFO - Filling up the DagBag from /opt/airflow/dags/retailco_dag.py
[2026-06-01T06:19:04.830+0000] {processor.py:840} INFO - DAG(s) 'retailco_master_pipeline' retrieved from /opt/airflow/dags/retailco_dag.py
[2026-06-01T06:19:04.873+0000] {logging_mixin.py:188} INFO - [2026-06-01T06:19:04.872+0000] {dag.py:3096} INFO - Sync 1 DAGs
[2026-06-01T06:19:04.896+0000] {logging_mixin.py:188} INFO - [2026-06-01T06:19:04.896+0000] {dag.py:3954} INFO - Setting next_dagrun for retailco_master_pipeline to 2026-06-01 00:00:00+00:00, run_after=2026-06-02 00:00:00+00:00
[2026-06-01T06:19:04.923+0000] {processor.py:183} INFO - Processing /opt/airflow/dags/retailco_dag.py took 0.137 seconds
[2026-06-01T06:19:35.120+0000] {processor.py:161} INFO - Started process (PID=5619) to work on /opt/airflow/dags/retailco_dag.py
[2026-06-01T06:19:35.122+0000] {processor.py:830} INFO - Processing file /opt/airflow/dags/retailco_dag.py for tasks to queue
[2026-06-01T06:19:35.124+0000] {logging_mixin.py:188} INFO - [2026-06-01T06:19:35.124+0000] {dagbag.py:545} INFO - Filling up the DagBag from /opt/airflow/dags/retailco_dag.py
[2026-06-01T06:19:35.157+0000] {processor.py:840} INFO - DAG(s) 'retailco_master_pipeline' retrieved from /opt/airflow/dags/retailco_dag.py
[2026-06-01T06:19:35.191+0000] {logging_mixin.py:188} INFO - [2026-06-01T06:19:35.190+0000] {dag.py:3096} INFO - Sync 1 DAGs
[2026-06-01T06:19:35.215+0000] {logging_mixin.py:188} INFO - [2026-06-01T06:19:35.215+0000] {dag.py:3954} INFO - Setting next_dagrun for retailco_master_pipeline to 2026-06-01 00:00:00+00:00, run_after=2026-06-02 00:00:00+00:00
[2026-06-01T06:19:35.242+0000] {processor.py:183} INFO - Processing /opt/airflow/dags/retailco_dag.py took 0.129 seconds
[2026-06-01T06:20:05.642+0000] {processor.py:161} INFO - Started process (PID=5624) to work on /opt/airflow/dags/retailco_dag.py
[2026-06-01T06:20:05.643+0000] {processor.py:830} INFO - Processing file /opt/airflow/dags/retailco_dag.py for tasks to queue
[2026-06-01T06:20:05.645+0000] {logging_mixin.py:188} INFO - [2026-06-01T06:20:05.645+0000] {dagbag.py:545} INFO - Filling up the DagBag from /opt/airflow/dags/retailco_dag.py
[2026-06-01T06:20:05.678+0000] {processor.py:840} INFO - DAG(s) 'retailco_master_pipeline' retrieved from /opt/airflow/dags/retailco_dag.py
[2026-06-01T06:20:05.710+0000] {logging_mixin.py:188} INFO - [2026-06-01T06:20:05.709+0000] {dag.py:3096} INFO - Sync 1 DAGs
[2026-06-01T06:20:05.733+0000] {logging_mixin.py:188} INFO - [2026-06-01T06:20:05.733+0000] {dag.py:3954} INFO - Setting next_dagrun for retailco_master_pipeline to 2026-06-01 00:00:00+00:00, run_after=2026-06-02 00:00:00+00:00
[2026-06-01T06:20:05.758+0000] {processor.py:183} INFO - Processing /opt/airflow/dags/retailco_dag.py took 0.125 seconds
[2026-06-01T06:20:36.079+0000] {processor.py:161} INFO - Started process (PID=5629) to work on /opt/airflow/dags/retailco_dag.py
[2026-06-01T06:20:36.081+0000] {processor.py:830} INFO - Processing file /opt/airflow/dags/retailco_dag.py for tasks to queue
[2026-06-01T06:20:36.084+0000] {logging_mixin.py:188} INFO - [2026-06-01T06:20:36.084+0000] {dagbag.py:545} INFO - Filling up the DagBag from /opt/airflow/dags/retailco_dag.py
[2026-06-01T06:20:36.121+0000] {processor.py:840} INFO - DAG(s) 'retailco_master_pipeline' retrieved from /opt/airflow/dags/retailco_dag.py
[2026-06-01T06:20:36.161+0000] {logging_mixin.py:188} INFO - [2026-06-01T06:20:36.161+0000] {dag.py:3096} INFO - Sync 1 DAGs
[2026-06-01T06:20:36.188+0000] {logging_mixin.py:188} INFO - [2026-06-01T06:20:36.188+0000] {dag.py:3954} INFO - Setting next_dagrun for retailco_master_pipeline to 2026-06-01 00:00:00+00:00, run_after=2026-06-02 00:00:00+00:00
[2026-06-01T06:20:36.217+0000] {processor.py:183} INFO - Processing /opt/airflow/dags/retailco_dag.py took 0.149 seconds
[2026-06-01T06:21:06.402+0000] {processor.py:161} INFO - Started process (PID=5634) to work on /opt/airflow/dags/retailco_dag.py
[2026-06-01T06:21:06.403+0000] {processor.py:830} INFO - Processing file /opt/airflow/dags/retailco_dag.py for tasks to queue
[2026-06-01T06:21:06.405+0000] {logging_mixin.py:188} INFO - [2026-06-01T06:21:06.405+0000] {dagbag.py:545} INFO - Filling up the DagBag from /opt/airflow/dags/retailco_dag.py
[2026-06-01T06:21:06.432+0000] {processor.py:840} INFO - DAG(s) 'retailco_master_pipeline' retrieved from /opt/airflow/dags/retailco_dag.py
[2026-06-01T06:21:06.470+0000] {logging_mixin.py:188} INFO - [2026-06-01T06:21:06.469+0000] {dag.py:3096} INFO - Sync 1 DAGs
[2026-06-01T06:21:06.494+0000] {logging_mixin.py:188} INFO - [2026-06-01T06:21:06.494+0000] {dag.py:3954} INFO - Setting next_dagrun for retailco_master_pipeline to 2026-06-01 00:00:00+00:00, run_after=2026-06-02 00:00:00+00:00
[2026-06-01T06:21:06.524+0000] {processor.py:183} INFO - Processing /opt/airflow/dags/retailco_dag.py took 0.129 seconds
[2026-06-01T06:21:36.820+0000] {processor.py:161} INFO - Started process (PID=5639) to work on /opt/airflow/dags/retailco_dag.py
[2026-06-01T06:21:36.822+0000] {processor.py:830} INFO - Processing file /opt/airflow/dags/retailco_dag.py for tasks to queue
[2026-06-01T06:21:36.823+0000] {logging_mixin.py:188} INFO - [2026-06-01T06:21:36.823+0000] {dagbag.py:545} INFO - Filling up the DagBag from /opt/airflow/dags/retailco_dag.py
[2026-06-01T06:21:36.857+0000] {processor.py:840} INFO - DAG(s) 'retailco_master_pipeline' retrieved from /opt/airflow/dags/retailco_dag.py
[2026-06-01T06:21:36.890+0000] {logging_mixin.py:188} INFO - [2026-06-01T06:21:36.890+0000] {dag.py:3096} INFO - Sync 1 DAGs
[2026-06-01T06:21:36.915+0000] {logging_mixin.py:188} INFO - [2026-06-01T06:21:36.915+0000] {dag.py:3954} INFO - Setting next_dagrun for retailco_master_pipeline to 2026-06-01 00:00:00+00:00, run_after=2026-06-02 00:00:00+00:00
[2026-06-01T06:21:36.942+0000] {processor.py:183} INFO - Processing /opt/airflow/dags/retailco_dag.py took 0.127 seconds
[2026-06-01T06:22:07.192+0000] {processor.py:161} INFO - Started process (PID=5644) to work on /opt/airflow/dags/retailco_dag.py
[2026-06-01T06:22:07.193+0000] {processor.py:830} INFO - Processing file /opt/airflow/dags/retailco_dag.py for tasks to queue
[2026-06-01T06:22:07.195+0000] {logging_mixin.py:188} INFO - [2026-06-01T06:22:07.195+0000] {dagbag.py:545} INFO - Filling up the DagBag from /opt/airflow/dags/retailco_dag.py
[2026-06-01T06:22:07.227+0000] {processor.py:840} INFO - DAG(s) 'retailco_master_pipeline' retrieved from /opt/airflow/dags/retailco_dag.py
[2026-06-01T06:22:07.262+0000] {logging_mixin.py:188} INFO - [2026-06-01T06:22:07.262+0000] {dag.py:3096} INFO - Sync 1 DAGs
[2026-06-01T06:22:07.287+0000] {logging_mixin.py:188} INFO - [2026-06-01T06:22:07.287+0000] {dag.py:3954} INFO - Setting next_dagrun for retailco_master_pipeline to 2026-06-01 00:00:00+00:00, run_after=2026-06-02 00:00:00+00:00
[2026-06-01T06:22:07.314+0000] {processor.py:183} INFO - Processing /opt/airflow/dags/retailco_dag.py took 0.130 seconds
[2026-06-01T06:22:37.611+0000] {processor.py:161} INFO - Started process (PID=5649) to work on /opt/airflow/dags/retailco_dag.py
[2026-06-01T06:22:37.613+0000] {processor.py:830} INFO - Processing file /opt/airflow/dags/retailco_dag.py for tasks to queue
[2026-06-01T06:22:37.615+0000] {logging_mixin.py:188} INFO - [2026-06-01T06:22:37.615+0000] {dagbag.py:545} INFO - Filling up the DagBag from /opt/airflow/dags/retailco_dag.py
[2026-06-01T06:22:37.649+0000] {processor.py:840} INFO - DAG(s) 'retailco_master_pipeline' retrieved from /opt/airflow/dags/retailco_dag.py
[2026-06-01T06:22:37.683+0000] {logging_mixin.py:188} INFO - [2026-06-01T06:22:37.683+0000] {dag.py:3096} INFO - Sync 1 DAGs
[2026-06-01T06:22:37.709+0000] {logging_mixin.py:188} INFO - [2026-06-01T06:22:37.709+0000] {dag.py:3954} INFO - Setting next_dagrun for retailco_master_pipeline to 2026-06-01 00:00:00+00:00, run_after=2026-06-02 00:00:00+00:00
[2026-06-01T06:22:37.774+0000] {processor.py:183} INFO - Processing /opt/airflow/dags/retailco_dag.py took 0.169 seconds
[2026-06-01T06:23:07.961+0000] {processor.py:161} INFO - Started process (PID=5654) to work on /opt/airflow/dags/retailco_dag.py
[2026-06-01T06:23:07.963+0000] {processor.py:830} INFO - Processing file /opt/airflow/dags/retailco_dag.py for tasks to queue
[2026-06-01T06:23:07.965+0000] {logging_mixin.py:188} INFO - [2026-06-01T06:23:07.965+0000] {dagbag.py:545} INFO - Filling up the DagBag from /opt/airflow/dags/retailco_dag.py
[2026-06-01T06:23:08.014+0000] {processor.py:840} INFO - DAG(s) 'retailco_master_pipeline' retrieved from /opt/airflow/dags/retailco_dag.py
[2026-06-01T06:23:08.050+0000] {logging_mixin.py:188} INFO - [2026-06-01T06:23:08.049+0000] {dag.py:3096} INFO - Sync 1 DAGs
[2026-06-01T06:23:08.075+0000] {logging_mixin.py:188} INFO - [2026-06-01T06:23:08.075+0000] {dag.py:3954} INFO - Setting next_dagrun for retailco_master_pipeline to 2026-06-01 00:00:00+00:00, run_after=2026-06-02 00:00:00+00:00
[2026-06-01T06:23:08.102+0000] {processor.py:183} INFO - Processing /opt/airflow/dags/retailco_dag.py took 0.149 seconds
[2026-06-01T06:23:38.428+0000] {processor.py:161} INFO - Started process (PID=5659) to work on /opt/airflow/dags/retailco_dag.py
[2026-06-01T06:23:38.429+0000] {processor.py:830} INFO - Processing file /opt/airflow/dags/retailco_dag.py for tasks to queue
[2026-06-01T06:23:38.431+0000] {logging_mixin.py:188} INFO - [2026-06-01T06:23:38.431+0000] {dagbag.py:545} INFO - Filling up the DagBag from /opt/airflow/dags/retailco_dag.py
[2026-06-01T06:23:38.463+0000] {processor.py:840} INFO - DAG(s) 'retailco_master_pipeline' retrieved from /opt/airflow/dags/retailco_dag.py
[2026-06-01T06:23:38.497+0000] {logging_mixin.py:188} INFO - [2026-06-01T06:23:38.496+0000] {dag.py:3096} INFO - Sync 1 DAGs
[2026-06-01T06:23:38.519+0000] {logging_mixin.py:188} INFO - [2026-06-01T06:23:38.519+0000] {dag.py:3954} INFO - Setting next_dagrun for retailco_master_pipeline to 2026-06-01 00:00:00+00:00, run_after=2026-06-02 00:00:00+00:00
[2026-06-01T06:23:38.547+0000] {processor.py:183} INFO - Processing /opt/airflow/dags/retailco_dag.py took 0.125 seconds
[2026-06-01T06:24:08.948+0000] {processor.py:161} INFO - Started process (PID=5664) to work on /opt/airflow/dags/retailco_dag.py
[2026-06-01T06:24:08.949+0000] {processor.py:830} INFO - Processing file /opt/airflow/dags/retailco_dag.py for tasks to queue
[2026-06-01T06:24:08.952+0000] {logging_mixin.py:188} INFO - [2026-06-01T06:24:08.951+0000] {dagbag.py:545} INFO - Filling up the DagBag from /opt/airflow/dags/retailco_dag.py
[2026-06-01T06:24:08.987+0000] {processor.py:840} INFO - DAG(s) 'retailco_master_pipeline' retrieved from /opt/airflow/dags/retailco_dag.py
[2026-06-01T06:24:09.023+0000] {logging_mixin.py:188} INFO - [2026-06-01T06:24:09.023+0000] {dag.py:3096} INFO - Sync 1 DAGs
[2026-06-01T06:24:09.050+0000] {logging_mixin.py:188} INFO - [2026-06-01T06:24:09.050+0000] {dag.py:3954} INFO - Setting next_dagrun for retailco_master_pipeline to 2026-06-01 00:00:00+00:00, run_after=2026-06-02 00:00:00+00:00
[2026-06-01T06:24:09.077+0000] {processor.py:183} INFO - Processing /opt/airflow/dags/retailco_dag.py took 0.137 seconds
[2026-06-01T06:24:39.407+0000] {processor.py:161} INFO - Started process (PID=5669) to work on /opt/airflow/dags/retailco_dag.py
[2026-06-01T06:24:39.409+0000] {processor.py:830} INFO - Processing file /opt/airflow/dags/retailco_dag.py for tasks to queue
[2026-06-01T06:24:39.411+0000] {logging_mixin.py:188} INFO - [2026-06-01T06:24:39.410+0000] {dagbag.py:545} INFO - Filling up the DagBag from /opt/airflow/dags/retailco_dag.py
[2026-06-01T06:24:39.443+0000] {processor.py:840} INFO - DAG(s) 'retailco_master_pipeline' retrieved from /opt/airflow/dags/retailco_dag.py
[2026-06-01T06:24:39.477+0000] {logging_mixin.py:188} INFO - [2026-06-01T06:24:39.477+0000] {dag.py:3096} INFO - Sync 1 DAGs
[2026-06-01T06:24:39.503+0000] {logging_mixin.py:188} INFO - [2026-06-01T06:24:39.502+0000] {dag.py:3954} INFO - Setting next_dagrun for retailco_master_pipeline to 2026-06-01 00:00:00+00:00, run_after=2026-06-02 00:00:00+00:00
[2026-06-01T06:24:39.534+0000] {processor.py:183} INFO - Processing /opt/airflow/dags/retailco_dag.py took 0.134 seconds
[2026-06-01T06:25:09.922+0000] {processor.py:161} INFO - Started process (PID=5674) to work on /opt/airflow/dags/retailco_dag.py
[2026-06-01T06:25:09.923+0000] {processor.py:830} INFO - Processing file /opt/airflow/dags/retailco_dag.py for tasks to queue
[2026-06-01T06:25:09.925+0000] {logging_mixin.py:188} INFO - [2026-06-01T06:25:09.925+0000] {dagbag.py:545} INFO - Filling up the DagBag from /opt/airflow/dags/retailco_dag.py
[2026-06-01T06:25:09.956+0000] {processor.py:840} INFO - DAG(s) 'retailco_master_pipeline' retrieved from /opt/airflow/dags/retailco_dag.py
[2026-06-01T06:25:09.989+0000] {logging_mixin.py:188} INFO - [2026-06-01T06:25:09.989+0000] {dag.py:3096} INFO - Sync 1 DAGs
[2026-06-01T06:25:10.013+0000] {logging_mixin.py:188} INFO - [2026-06-01T06:25:10.013+0000] {dag.py:3954} INFO - Setting next_dagrun for retailco_master_pipeline to 2026-06-01 00:00:00+00:00, run_after=2026-06-02 00:00:00+00:00
[2026-06-01T06:25:10.039+0000] {processor.py:183} INFO - Processing /opt/airflow/dags/retailco_dag.py took 0.124 seconds
[2026-06-01T06:25:40.381+0000] {processor.py:161} INFO - Started process (PID=5679) to work on /opt/airflow/dags/retailco_dag.py
[2026-06-01T06:25:40.382+0000] {processor.py:830} INFO - Processing file /opt/airflow/dags/retailco_dag.py for tasks to queue
[2026-06-01T06:25:40.384+0000] {logging_mixin.py:188} INFO - [2026-06-01T06:25:40.384+0000] {dagbag.py:545} INFO - Filling up the DagBag from /opt/airflow/dags/retailco_dag.py
[2026-06-01T06:25:40.412+0000] {processor.py:840} INFO - DAG(s) 'retailco_master_pipeline' retrieved from /opt/airflow/dags/retailco_dag.py
[2026-06-01T06:25:40.448+0000] {logging_mixin.py:188} INFO - [2026-06-01T06:25:40.448+0000] {dag.py:3096} INFO - Sync 1 DAGs
[2026-06-01T06:25:40.472+0000] {logging_mixin.py:188} INFO - [2026-06-01T06:25:40.471+0000] {dag.py:3954} INFO - Setting next_dagrun for retailco_master_pipeline to 2026-06-01 00:00:00+00:00, run_after=2026-06-02 00:00:00+00:00
[2026-06-01T06:25:40.495+0000] {processor.py:183} INFO - Processing /opt/airflow/dags/retailco_dag.py took 0.121 seconds
[2026-06-01T06:26:10.949+0000] {processor.py:161} INFO - Started process (PID=5684) to work on /opt/airflow/dags/retailco_dag.py
[2026-06-01T06:26:10.951+0000] {processor.py:830} INFO - Processing file /opt/airflow/dags/retailco_dag.py for tasks to queue
[2026-06-01T06:26:10.953+0000] {logging_mixin.py:188} INFO - [2026-06-01T06:26:10.952+0000] {dagbag.py:545} INFO - Filling up the DagBag from /opt/airflow/dags/retailco_dag.py
[2026-06-01T06:26:10.985+0000] {processor.py:840} INFO - DAG(s) 'retailco_master_pipeline' retrieved from /opt/airflow/dags/retailco_dag.py
[2026-06-01T06:26:11.017+0000] {logging_mixin.py:188} INFO - [2026-06-01T06:26:11.017+0000] {dag.py:3096} INFO - Sync 1 DAGs
[2026-06-01T06:26:11.042+0000] {logging_mixin.py:188} INFO - [2026-06-01T06:26:11.041+0000] {dag.py:3954} INFO - Setting next_dagrun for retailco_master_pipeline to 2026-06-01 00:00:00+00:00, run_after=2026-06-02 00:00:00+00:00
[2026-06-01T06:26:11.068+0000] {processor.py:183} INFO - Processing /opt/airflow/dags/retailco_dag.py took 0.125 seconds
[2026-06-01T06:26:41.380+0000] {processor.py:161} INFO - Started process (PID=5689) to work on /opt/airflow/dags/retailco_dag.py
[2026-06-01T06:26:41.382+0000] {processor.py:830} INFO - Processing file /opt/airflow/dags/retailco_dag.py for tasks to queue
[2026-06-01T06:26:41.384+0000] {logging_mixin.py:188} INFO - [2026-06-01T06:26:41.383+0000] {dagbag.py:545} INFO - Filling up the DagBag from /opt/airflow/dags/retailco_dag.py
[2026-06-01T06:26:41.414+0000] {processor.py:840} INFO - DAG(s) 'retailco_master_pipeline' retrieved from /opt/airflow/dags/retailco_dag.py
[2026-06-01T06:26:41.448+0000] {logging_mixin.py:188} INFO - [2026-06-01T06:26:41.447+0000] {dag.py:3096} INFO - Sync 1 DAGs
[2026-06-01T06:26:41.472+0000] {logging_mixin.py:188} INFO - [2026-06-01T06:26:41.472+0000] {dag.py:3954} INFO - Setting next_dagrun for retailco_master_pipeline to 2026-06-01 00:00:00+00:00, run_after=2026-06-02 00:00:00+00:00
[2026-06-01T06:26:41.498+0000] {processor.py:183} INFO - Processing /opt/airflow/dags/retailco_dag.py took 0.124 seconds
[2026-06-01T06:27:11.838+0000] {processor.py:161} INFO - Started process (PID=5694) to work on /opt/airflow/dags/retailco_dag.py
[2026-06-01T06:27:11.840+0000] {processor.py:830} INFO - Processing file /opt/airflow/dags/retailco_dag.py for tasks to queue
[2026-06-01T06:27:11.842+0000] {logging_mixin.py:188} INFO - [2026-06-01T06:27:11.842+0000] {dagbag.py:545} INFO - Filling up the DagBag from /opt/airflow/dags/retailco_dag.py
[2026-06-01T06:27:11.874+0000] {processor.py:840} INFO - DAG(s) 'retailco_master_pipeline' retrieved from /opt/airflow/dags/retailco_dag.py
[2026-06-01T06:27:11.907+0000] {logging_mixin.py:188} INFO - [2026-06-01T06:27:11.907+0000] {dag.py:3096} INFO - Sync 1 DAGs
[2026-06-01T06:27:11.931+0000] {logging_mixin.py:188} INFO - [2026-06-01T06:27:11.930+0000] {dag.py:3954} INFO - Setting next_dagrun for retailco_master_pipeline to 2026-06-01 00:00:00+00:00, run_after=2026-06-02 00:00:00+00:00
[2026-06-01T06:27:11.959+0000] {processor.py:183} INFO - Processing /opt/airflow/dags/retailco_dag.py took 0.126 seconds
[2026-06-01T06:27:42.338+0000] {processor.py:161} INFO - Started process (PID=5699) to work on /opt/airflow/dags/retailco_dag.py
[2026-06-01T06:27:42.339+0000] {processor.py:830} INFO - Processing file /opt/airflow/dags/retailco_dag.py for tasks to queue
[2026-06-01T06:27:42.341+0000] {logging_mixin.py:188} INFO - [2026-06-01T06:27:42.341+0000] {dagbag.py:545} INFO - Filling up the DagBag from /opt/airflow/dags/retailco_dag.py
[2026-06-01T06:27:42.373+0000] {processor.py:840} INFO - DAG(s) 'retailco_master_pipeline' retrieved from /opt/airflow/dags/retailco_dag.py
[2026-06-01T06:27:42.405+0000] {logging_mixin.py:188} INFO - [2026-06-01T06:27:42.405+0000] {dag.py:3096} INFO - Sync 1 DAGs
[2026-06-01T06:27:42.428+0000] {logging_mixin.py:188} INFO - [2026-06-01T06:27:42.428+0000] {dag.py:3954} INFO - Setting next_dagrun for retailco_master_pipeline to 2026-06-01 00:00:00+00:00, run_after=2026-06-02 00:00:00+00:00
[2026-06-01T06:27:42.583+0000] {processor.py:183} INFO - Processing /opt/airflow/dags/retailco_dag.py took 0.251 seconds
[2026-06-01T06:28:12.923+0000] {processor.py:161} INFO - Started process (PID=5704) to work on /opt/airflow/dags/retailco_dag.py
[2026-06-01T06:28:12.924+0000] {processor.py:830} INFO - Processing file /opt/airflow/dags/retailco_dag.py for tasks to queue
[2026-06-01T06:28:12.927+0000] {logging_mixin.py:188} INFO - [2026-06-01T06:28:12.927+0000] {dagbag.py:545} INFO - Filling up the DagBag from /opt/airflow/dags/retailco_dag.py
[2026-06-01T06:28:12.997+0000] {processor.py:840} INFO - DAG(s) 'retailco_master_pipeline' retrieved from /opt/airflow/dags/retailco_dag.py
[2026-06-01T06:28:13.045+0000] {logging_mixin.py:188} INFO - [2026-06-01T06:28:13.045+0000] {dag.py:3096} INFO - Sync 1 DAGs
[2026-06-01T06:28:13.087+0000] {logging_mixin.py:188} INFO - [2026-06-01T06:28:13.087+0000] {dag.py:3954} INFO - Setting next_dagrun for retailco_master_pipeline to 2026-06-01 00:00:00+00:00, run_after=2026-06-02 00:00:00+00:00
[2026-06-01T06:28:13.117+0000] {processor.py:183} INFO - Processing /opt/airflow/dags/retailco_dag.py took 0.206 seconds
[2026-06-01T06:28:43.463+0000] {processor.py:161} INFO - Started process (PID=5709) to work on /opt/airflow/dags/retailco_dag.py
[2026-06-01T06:28:43.465+0000] {processor.py:830} INFO - Processing file /opt/airflow/dags/retailco_dag.py for tasks to queue
[2026-06-01T06:28:43.467+0000] {logging_mixin.py:188} INFO - [2026-06-01T06:28:43.466+0000] {dagbag.py:545} INFO - Filling up the DagBag from /opt/airflow/dags/retailco_dag.py
[2026-06-01T06:28:43.497+0000] {processor.py:840} INFO - DAG(s) 'retailco_master_pipeline' retrieved from /opt/airflow/dags/retailco_dag.py
[2026-06-01T06:28:43.532+0000] {logging_mixin.py:188} INFO - [2026-06-01T06:28:43.532+0000] {dag.py:3096} INFO - Sync 1 DAGs
[2026-06-01T06:28:43.556+0000] {logging_mixin.py:188} INFO - [2026-06-01T06:28:43.556+0000] {dag.py:3954} INFO - Setting next_dagrun for retailco_master_pipeline to 2026-06-01 00:00:00+00:00, run_after=2026-06-02 00:00:00+00:00
[2026-06-01T06:28:43.584+0000] {processor.py:183} INFO - Processing /opt/airflow/dags/retailco_dag.py took 0.129 seconds
[2026-06-01T06:29:13.938+0000] {processor.py:161} INFO - Started process (PID=5714) to work on /opt/airflow/dags/retailco_dag.py
[2026-06-01T06:29:13.939+0000] {processor.py:830} INFO - Processing file /opt/airflow/dags/retailco_dag.py for tasks to queue
[2026-06-01T06:29:13.943+0000] {logging_mixin.py:188} INFO - [2026-06-01T06:29:13.942+0000] {dagbag.py:545} INFO - Filling up the DagBag from /opt/airflow/dags/retailco_dag.py
[2026-06-01T06:29:13.975+0000] {processor.py:840} INFO - DAG(s) 'retailco_master_pipeline' retrieved from /opt/airflow/dags/retailco_dag.py
[2026-06-01T06:29:14.009+0000] {logging_mixin.py:188} INFO - [2026-06-01T06:29:14.009+0000] {dag.py:3096} INFO - Sync 1 DAGs
[2026-06-01T06:29:14.031+0000] {logging_mixin.py:188} INFO - [2026-06-01T06:29:14.031+0000] {dag.py:3954} INFO - Setting next_dagrun for retailco_master_pipeline to 2026-06-01 00:00:00+00:00, run_after=2026-06-02 00:00:00+00:00
[2026-06-01T06:29:14.051+0000] {processor.py:183} INFO - Processing /opt/airflow/dags/retailco_dag.py took 0.122 seconds
[2026-06-01T06:29:44.432+0000] {processor.py:161} INFO - Started process (PID=5719) to work on /opt/airflow/dags/retailco_dag.py
[2026-06-01T06:29:44.434+0000] {processor.py:830} INFO - Processing file /opt/airflow/dags/retailco_dag.py for tasks to queue
[2026-06-01T06:29:44.436+0000] {logging_mixin.py:188} INFO - [2026-06-01T06:29:44.436+0000] {dagbag.py:545} INFO - Filling up the DagBag from /opt/airflow/dags/retailco_dag.py
[2026-06-01T06:29:44.471+0000] {processor.py:840} INFO - DAG(s) 'retailco_master_pipeline' retrieved from /opt/airflow/dags/retailco_dag.py
[2026-06-01T06:29:44.505+0000] {logging_mixin.py:188} INFO - [2026-06-01T06:29:44.505+0000] {dag.py:3096} INFO - Sync 1 DAGs
[2026-06-01T06:29:44.527+0000] {logging_mixin.py:188} INFO - [2026-06-01T06:29:44.527+0000] {dag.py:3954} INFO - Setting next_dagrun for retailco_master_pipeline to 2026-06-01 00:00:00+00:00, run_after=2026-06-02 00:00:00+00:00
[2026-06-01T06:29:44.556+0000] {processor.py:183} INFO - Processing /opt/airflow/dags/retailco_dag.py took 0.133 seconds
[2026-06-01T06:30:15.028+0000] {processor.py:161} INFO - Started process (PID=5724) to work on /opt/airflow/dags/retailco_dag.py
[2026-06-01T06:30:15.029+0000] {processor.py:830} INFO - Processing file /opt/airflow/dags/retailco_dag.py for tasks to queue
[2026-06-01T06:30:15.033+0000] {logging_mixin.py:188} INFO - [2026-06-01T06:30:15.032+0000] {dagbag.py:545} INFO - Filling up the DagBag from /opt/airflow/dags/retailco_dag.py
[2026-06-01T06:30:15.073+0000] {processor.py:840} INFO - DAG(s) 'retailco_master_pipeline' retrieved from /opt/airflow/dags/retailco_dag.py
[2026-06-01T06:30:15.106+0000] {logging_mixin.py:188} INFO - [2026-06-01T06:30:15.106+0000] {dag.py:3096} INFO - Sync 1 DAGs
[2026-06-01T06:30:15.133+0000] {logging_mixin.py:188} INFO - [2026-06-01T06:30:15.133+0000] {dag.py:3954} INFO - Setting next_dagrun for retailco_master_pipeline to 2026-06-01 00:00:00+00:00, run_after=2026-06-02 00:00:00+00:00
[2026-06-01T06:30:15.161+0000] {processor.py:183} INFO - Processing /opt/airflow/dags/retailco_dag.py took 0.140 seconds
[2026-06-01T06:30:45.584+0000] {processor.py:161} INFO - Started process (PID=5729) to work on /opt/airflow/dags/retailco_dag.py
[2026-06-01T06:30:45.585+0000] {processor.py:830} INFO - Processing file /opt/airflow/dags/retailco_dag.py for tasks to queue
[2026-06-01T06:30:45.587+0000] {logging_mixin.py:188} INFO - [2026-06-01T06:30:45.587+0000] {dagbag.py:545} INFO - Filling up the DagBag from /opt/airflow/dags/retailco_dag.py
[2026-06-01T06:30:45.621+0000] {processor.py:840} INFO - DAG(s) 'retailco_master_pipeline' retrieved from /opt/airflow/dags/retailco_dag.py
[2026-06-01T06:30:45.662+0000] {logging_mixin.py:188} INFO - [2026-06-01T06:30:45.661+0000] {dag.py:3096} INFO - Sync 1 DAGs
[2026-06-01T06:30:45.690+0000] {logging_mixin.py:188} INFO - [2026-06-01T06:30:45.690+0000] {dag.py:3954} INFO - Setting next_dagrun for retailco_master_pipeline to 2026-06-01 00:00:00+00:00, run_after=2026-06-02 00:00:00+00:00
[2026-06-01T06:30:45.714+0000] {processor.py:183} INFO - Processing /opt/airflow/dags/retailco_dag.py took 0.137 seconds
[2026-06-01T06:31:16.031+0000] {processor.py:161} INFO - Started process (PID=5734) to work on /opt/airflow/dags/retailco_dag.py
[2026-06-01T06:31:16.032+0000] {processor.py:830} INFO - Processing file /opt/airflow/dags/retailco_dag.py for tasks to queue
[2026-06-01T06:31:16.034+0000] {logging_mixin.py:188} INFO - [2026-06-01T06:31:16.034+0000] {dagbag.py:545} INFO - Filling up the DagBag from /opt/airflow/dags/retailco_dag.py
[2026-06-01T06:31:16.086+0000] {processor.py:840} INFO - DAG(s) 'retailco_master_pipeline' retrieved from /opt/airflow/dags/retailco_dag.py
[2026-06-01T06:31:16.122+0000] {logging_mixin.py:188} INFO - [2026-06-01T06:31:16.122+0000] {dag.py:3096} INFO - Sync 1 DAGs
[2026-06-01T06:31:16.149+0000] {logging_mixin.py:188} INFO - [2026-06-01T06:31:16.149+0000] {dag.py:3954} INFO - Setting next_dagrun for retailco_master_pipeline to 2026-06-01 00:00:00+00:00, run_after=2026-06-02 00:00:00+00:00
[2026-06-01T06:31:16.179+0000] {processor.py:183} INFO - Processing /opt/airflow/dags/retailco_dag.py took 0.155 seconds
[2026-06-01T06:31:46.479+0000] {processor.py:161} INFO - Started process (PID=5739) to work on /opt/airflow/dags/retailco_dag.py
[2026-06-01T06:31:46.481+0000] {processor.py:830} INFO - Processing file /opt/airflow/dags/retailco_dag.py for tasks to queue
[2026-06-01T06:31:46.483+0000] {logging_mixin.py:188} INFO - [2026-06-01T06:31:46.483+0000] {dagbag.py:545} INFO - Filling up the DagBag from /opt/airflow/dags/retailco_dag.py
[2026-06-01T06:31:46.527+0000] {processor.py:840} INFO - DAG(s) 'retailco_master_pipeline' retrieved from /opt/airflow/dags/retailco_dag.py
[2026-06-01T06:31:46.560+0000] {logging_mixin.py:188} INFO - [2026-06-01T06:31:46.560+0000] {dag.py:3096} INFO - Sync 1 DAGs
[2026-06-01T06:31:46.583+0000] {logging_mixin.py:188} INFO - [2026-06-01T06:31:46.582+0000] {dag.py:3954} INFO - Setting next_dagrun for retailco_master_pipeline to 2026-06-01 00:00:00+00:00, run_after=2026-06-02 00:00:00+00:00
[2026-06-01T06:31:46.611+0000] {processor.py:183} INFO - Processing /opt/airflow/dags/retailco_dag.py took 0.141 seconds
[2026-06-01T06:32:17.085+0000] {processor.py:161} INFO - Started process (PID=5744) to work on /opt/airflow/dags/retailco_dag.py
[2026-06-01T06:32:17.087+0000] {processor.py:830} INFO - Processing file /opt/airflow/dags/retailco_dag.py for tasks to queue
[2026-06-01T06:32:17.089+0000] {logging_mixin.py:188} INFO - [2026-06-01T06:32:17.089+0000] {dagbag.py:545} INFO - Filling up the DagBag from /opt/airflow/dags/retailco_dag.py
[2026-06-01T06:32:17.120+0000] {processor.py:840} INFO - DAG(s) 'retailco_master_pipeline' retrieved from /opt/airflow/dags/retailco_dag.py
[2026-06-01T06:32:17.154+0000] {logging_mixin.py:188} INFO - [2026-06-01T06:32:17.154+0000] {dag.py:3096} INFO - Sync 1 DAGs
[2026-06-01T06:32:17.177+0000] {logging_mixin.py:188} INFO - [2026-06-01T06:32:17.177+0000] {dag.py:3954} INFO - Setting next_dagrun for retailco_master_pipeline to 2026-06-01 00:00:00+00:00, run_after=2026-06-02 00:00:00+00:00
[2026-06-01T06:32:17.206+0000] {processor.py:183} INFO - Processing /opt/airflow/dags/retailco_dag.py took 0.127 seconds
[2026-06-01T06:32:47.580+0000] {processor.py:161} INFO - Started process (PID=5749) to work on /opt/airflow/dags/retailco_dag.py
[2026-06-01T06:32:47.582+0000] {processor.py:830} INFO - Processing file /opt/airflow/dags/retailco_dag.py for tasks to queue
[2026-06-01T06:32:47.584+0000] {logging_mixin.py:188} INFO - [2026-06-01T06:32:47.583+0000] {dagbag.py:545} INFO - Filling up the DagBag from /opt/airflow/dags/retailco_dag.py
[2026-06-01T06:32:47.613+0000] {processor.py:840} INFO - DAG(s) 'retailco_master_pipeline' retrieved from /opt/airflow/dags/retailco_dag.py
[2026-06-01T06:32:47.645+0000] {logging_mixin.py:188} INFO - [2026-06-01T06:32:47.644+0000] {dag.py:3096} INFO - Sync 1 DAGs
[2026-06-01T06:32:47.753+0000] {logging_mixin.py:188} INFO - [2026-06-01T06:32:47.752+0000] {dag.py:3954} INFO - Setting next_dagrun for retailco_master_pipeline to 2026-06-01 00:00:00+00:00, run_after=2026-06-02 00:00:00+00:00
[2026-06-01T06:32:47.816+0000] {processor.py:183} INFO - Processing /opt/airflow/dags/retailco_dag.py took 0.243 seconds
[2026-06-01T06:33:18.025+0000] {processor.py:161} INFO - Started process (PID=5754) to work on /opt/airflow/dags/retailco_dag.py
[2026-06-01T06:33:18.027+0000] {processor.py:830} INFO - Processing file /opt/airflow/dags/retailco_dag.py for tasks to queue
[2026-06-01T06:33:18.031+0000] {logging_mixin.py:188} INFO - [2026-06-01T06:33:18.030+0000] {dagbag.py:545} INFO - Filling up the DagBag from /opt/airflow/dags/retailco_dag.py
[2026-06-01T06:33:18.061+0000] {processor.py:840} INFO - DAG(s) 'retailco_master_pipeline' retrieved from /opt/airflow/dags/retailco_dag.py
[2026-06-01T06:33:18.098+0000] {logging_mixin.py:188} INFO - [2026-06-01T06:33:18.098+0000] {dag.py:3096} INFO - Sync 1 DAGs
[2026-06-01T06:33:18.126+0000] {logging_mixin.py:188} INFO - [2026-06-01T06:33:18.126+0000] {dag.py:3954} INFO - Setting next_dagrun for retailco_master_pipeline to 2026-06-01 00:00:00+00:00, run_after=2026-06-02 00:00:00+00:00
[2026-06-01T06:33:18.154+0000] {processor.py:183} INFO - Processing /opt/airflow/dags/retailco_dag.py took 0.151 seconds
[2026-06-01T06:33:48.669+0000] {processor.py:161} INFO - Started process (PID=5759) to work on /opt/airflow/dags/retailco_dag.py
[2026-06-01T06:33:48.671+0000] {processor.py:830} INFO - Processing file /opt/airflow/dags/retailco_dag.py for tasks to queue
[2026-06-01T06:33:48.673+0000] {logging_mixin.py:188} INFO - [2026-06-01T06:33:48.672+0000] {dagbag.py:545} INFO - Filling up the DagBag from /opt/airflow/dags/retailco_dag.py
[2026-06-01T06:33:48.706+0000] {processor.py:840} INFO - DAG(s) 'retailco_master_pipeline' retrieved from /opt/airflow/dags/retailco_dag.py
[2026-06-01T06:33:48.739+0000] {logging_mixin.py:188} INFO - [2026-06-01T06:33:48.739+0000] {dag.py:3096} INFO - Sync 1 DAGs
[2026-06-01T06:33:48.765+0000] {logging_mixin.py:188} INFO - [2026-06-01T06:33:48.765+0000] {dag.py:3954} INFO - Setting next_dagrun for retailco_master_pipeline to 2026-06-01 00:00:00+00:00, run_after=2026-06-02 00:00:00+00:00
[2026-06-01T06:33:48.795+0000] {processor.py:183} INFO - Processing /opt/airflow/dags/retailco_dag.py took 0.132 seconds
[2026-06-01T06:34:19.172+0000] {processor.py:161} INFO - Started process (PID=5764) to work on /opt/airflow/dags/retailco_dag.py
[2026-06-01T06:34:19.173+0000] {processor.py:830} INFO - Processing file /opt/airflow/dags/retailco_dag.py for tasks to queue
[2026-06-01T06:34:19.177+0000] {logging_mixin.py:188} INFO - [2026-06-01T06:34:19.177+0000] {dagbag.py:545} INFO - Filling up the DagBag from /opt/airflow/dags/retailco_dag.py
[2026-06-01T06:34:19.212+0000] {processor.py:840} INFO - DAG(s) 'retailco_master_pipeline' retrieved from /opt/airflow/dags/retailco_dag.py
[2026-06-01T06:34:19.245+0000] {logging_mixin.py:188} INFO - [2026-06-01T06:34:19.245+0000] {dag.py:3096} INFO - Sync 1 DAGs
[2026-06-01T06:34:19.268+0000] {logging_mixin.py:188} INFO - [2026-06-01T06:34:19.268+0000] {dag.py:3954} INFO - Setting next_dagrun for retailco_master_pipeline to 2026-06-01 00:00:00+00:00, run_after=2026-06-02 00:00:00+00:00
[2026-06-01T06:34:19.296+0000] {processor.py:183} INFO - Processing /opt/airflow/dags/retailco_dag.py took 0.138 seconds
[2026-06-01T06:34:49.666+0000] {processor.py:161} INFO - Started process (PID=5769) to work on /opt/airflow/dags/retailco_dag.py
[2026-06-01T06:34:49.668+0000] {processor.py:830} INFO - Processing file /opt/airflow/dags/retailco_dag.py for tasks to queue
[2026-06-01T06:34:49.670+0000] {logging_mixin.py:188} INFO - [2026-06-01T06:34:49.670+0000] {dagbag.py:545} INFO - Filling up the DagBag from /opt/airflow/dags/retailco_dag.py
[2026-06-01T06:34:49.701+0000] {processor.py:840} INFO - DAG(s) 'retailco_master_pipeline' retrieved from /opt/airflow/dags/retailco_dag.py
[2026-06-01T06:34:49.734+0000] {logging_mixin.py:188} INFO - [2026-06-01T06:34:49.734+0000] {dag.py:3096} INFO - Sync 1 DAGs
[2026-06-01T06:34:49.759+0000] {logging_mixin.py:188} INFO - [2026-06-01T06:34:49.759+0000] {dag.py:3954} INFO - Setting next_dagrun for retailco_master_pipeline to 2026-06-01 00:00:00+00:00, run_after=2026-06-02 00:00:00+00:00
[2026-06-01T06:34:49.786+0000] {processor.py:183} INFO - Processing /opt/airflow/dags/retailco_dag.py took 0.126 seconds
[2026-06-01T06:35:20.229+0000] {processor.py:161} INFO - Started process (PID=5774) to work on /opt/airflow/dags/retailco_dag.py
[2026-06-01T06:35:20.231+0000] {processor.py:830} INFO - Processing file /opt/airflow/dags/retailco_dag.py for tasks to queue
[2026-06-01T06:35:20.234+0000] {logging_mixin.py:188} INFO - [2026-06-01T06:35:20.233+0000] {dagbag.py:545} INFO - Filling up the DagBag from /opt/airflow/dags/retailco_dag.py
[2026-06-01T06:35:20.260+0000] {processor.py:840} INFO - DAG(s) 'retailco_master_pipeline' retrieved from /opt/airflow/dags/retailco_dag.py
[2026-06-01T06:35:20.292+0000] {logging_mixin.py:188} INFO - [2026-06-01T06:35:20.292+0000] {dag.py:3096} INFO - Sync 1 DAGs
[2026-06-01T06:35:20.315+0000] {logging_mixin.py:188} INFO - [2026-06-01T06:35:20.315+0000] {dag.py:3954} INFO - Setting next_dagrun for retailco_master_pipeline to 2026-06-01 00:00:00+00:00, run_after=2026-06-02 00:00:00+00:00
[2026-06-01T06:35:20.342+0000] {processor.py:183} INFO - Processing /opt/airflow/dags/retailco_dag.py took 0.119 seconds
[2026-06-01T06:35:50.820+0000] {processor.py:161} INFO - Started process (PID=5779) to work on /opt/airflow/dags/retailco_dag.py
[2026-06-01T06:35:50.822+0000] {processor.py:830} INFO - Processing file /opt/airflow/dags/retailco_dag.py for tasks to queue
[2026-06-01T06:35:50.825+0000] {logging_mixin.py:188} INFO - [2026-06-01T06:35:50.825+0000] {dagbag.py:545} INFO - Filling up the DagBag from /opt/airflow/dags/retailco_dag.py
[2026-06-01T06:35:50.865+0000] {processor.py:840} INFO - DAG(s) 'retailco_master_pipeline' retrieved from /opt/airflow/dags/retailco_dag.py
[2026-06-01T06:35:50.899+0000] {logging_mixin.py:188} INFO - [2026-06-01T06:35:50.899+0000] {dag.py:3096} INFO - Sync 1 DAGs
[2026-06-01T06:35:50.924+0000] {logging_mixin.py:188} INFO - [2026-06-01T06:35:50.923+0000] {dag.py:3954} INFO - Setting next_dagrun for retailco_master_pipeline to 2026-06-01 00:00:00+00:00, run_after=2026-06-02 00:00:00+00:00
[2026-06-01T06:35:50.951+0000] {processor.py:183} INFO - Processing /opt/airflow/dags/retailco_dag.py took 0.144 seconds
[2026-06-01T06:36:21.348+0000] {processor.py:161} INFO - Started process (PID=5784) to work on /opt/airflow/dags/retailco_dag.py
[2026-06-01T06:36:21.349+0000] {processor.py:830} INFO - Processing file /opt/airflow/dags/retailco_dag.py for tasks to queue
[2026-06-01T06:36:21.351+0000] {logging_mixin.py:188} INFO - [2026-06-01T06:36:21.351+0000] {dagbag.py:545} INFO - Filling up the DagBag from /opt/airflow/dags/retailco_dag.py
[2026-06-01T06:36:21.383+0000] {processor.py:840} INFO - DAG(s) 'retailco_master_pipeline' retrieved from /opt/airflow/dags/retailco_dag.py
[2026-06-01T06:36:21.421+0000] {logging_mixin.py:188} INFO - [2026-06-01T06:36:21.420+0000] {dag.py:3096} INFO - Sync 1 DAGs
[2026-06-01T06:36:21.446+0000] {logging_mixin.py:188} INFO - [2026-06-01T06:36:21.446+0000] {dag.py:3954} INFO - Setting next_dagrun for retailco_master_pipeline to 2026-06-01 00:00:00+00:00, run_after=2026-06-02 00:00:00+00:00
[2026-06-01T06:36:21.475+0000] {processor.py:183} INFO - Processing /opt/airflow/dags/retailco_dag.py took 0.133 seconds
[2026-06-01T06:36:51.880+0000] {processor.py:161} INFO - Started process (PID=5789) to work on /opt/airflow/dags/retailco_dag.py
[2026-06-01T06:36:51.881+0000] {processor.py:830} INFO - Processing file /opt/airflow/dags/retailco_dag.py for tasks to queue
[2026-06-01T06:36:51.883+0000] {logging_mixin.py:188} INFO - [2026-06-01T06:36:51.883+0000] {dagbag.py:545} INFO - Filling up the DagBag from /opt/airflow/dags/retailco_dag.py
[2026-06-01T06:36:51.914+0000] {processor.py:840} INFO - DAG(s) 'retailco_master_pipeline' retrieved from /opt/airflow/dags/retailco_dag.py
[2026-06-01T06:36:51.946+0000] {logging_mixin.py:188} INFO - [2026-06-01T06:36:51.946+0000] {dag.py:3096} INFO - Sync 1 DAGs
[2026-06-01T06:36:51.971+0000] {logging_mixin.py:188} INFO - [2026-06-01T06:36:51.970+0000] {dag.py:3954} INFO - Setting next_dagrun for retailco_master_pipeline to 2026-06-01 00:00:00+00:00, run_after=2026-06-02 00:00:00+00:00
[2026-06-01T06:36:51.997+0000] {processor.py:183} INFO - Processing /opt/airflow/dags/retailco_dag.py took 0.124 seconds
[2026-06-01T06:37:22.331+0000] {processor.py:161} INFO - Started process (PID=5794) to work on /opt/airflow/dags/retailco_dag.py
[2026-06-01T06:37:22.332+0000] {processor.py:830} INFO - Processing file /opt/airflow/dags/retailco_dag.py for tasks to queue
[2026-06-01T06:37:22.335+0000] {logging_mixin.py:188} INFO - [2026-06-01T06:37:22.334+0000] {dagbag.py:545} INFO - Filling up the DagBag from /opt/airflow/dags/retailco_dag.py
[2026-06-01T06:37:22.363+0000] {processor.py:840} INFO - DAG(s) 'retailco_master_pipeline' retrieved from /opt/airflow/dags/retailco_dag.py
[2026-06-01T06:37:22.396+0000] {logging_mixin.py:188} INFO - [2026-06-01T06:37:22.395+0000] {dag.py:3096} INFO - Sync 1 DAGs
[2026-06-01T06:37:22.418+0000] {logging_mixin.py:188} INFO - [2026-06-01T06:37:22.418+0000] {dag.py:3954} INFO - Setting next_dagrun for retailco_master_pipeline to 2026-06-01 00:00:00+00:00, run_after=2026-06-02 00:00:00+00:00
[2026-06-01T06:37:22.447+0000] {processor.py:183} INFO - Processing /opt/airflow/dags/retailco_dag.py took 0.123 seconds
[2026-06-01T06:37:52.758+0000] {processor.py:161} INFO - Started process (PID=5799) to work on /opt/airflow/dags/retailco_dag.py
[2026-06-01T06:37:52.759+0000] {processor.py:830} INFO - Processing file /opt/airflow/dags/retailco_dag.py for tasks to queue
[2026-06-01T06:37:52.762+0000] {logging_mixin.py:188} INFO - [2026-06-01T06:37:52.761+0000] {dagbag.py:545} INFO - Filling up the DagBag from /opt/airflow/dags/retailco_dag.py
[2026-06-01T06:37:52.795+0000] {processor.py:840} INFO - DAG(s) 'retailco_master_pipeline' retrieved from /opt/airflow/dags/retailco_dag.py
[2026-06-01T06:37:52.827+0000] {logging_mixin.py:188} INFO - [2026-06-01T06:37:52.827+0000] {dag.py:3096} INFO - Sync 1 DAGs
[2026-06-01T06:37:52.851+0000] {logging_mixin.py:188} INFO - [2026-06-01T06:37:52.850+0000] {dag.py:3954} INFO - Setting next_dagrun for retailco_master_pipeline to 2026-06-01 00:00:00+00:00, run_after=2026-06-02 00:00:00+00:00
[2026-06-01T06:37:52.880+0000] {processor.py:183} INFO - Processing /opt/airflow/dags/retailco_dag.py took 0.129 seconds
[2026-06-01T06:38:23.134+0000] {processor.py:161} INFO - Started process (PID=5804) to work on /opt/airflow/dags/retailco_dag.py
[2026-06-01T06:38:23.137+0000] {processor.py:830} INFO - Processing file /opt/airflow/dags/retailco_dag.py for tasks to queue
[2026-06-01T06:38:23.140+0000] {logging_mixin.py:188} INFO - [2026-06-01T06:38:23.140+0000] {dagbag.py:545} INFO - Filling up the DagBag from /opt/airflow/dags/retailco_dag.py
[2026-06-01T06:38:23.188+0000] {processor.py:840} INFO - DAG(s) 'retailco_master_pipeline' retrieved from /opt/airflow/dags/retailco_dag.py
[2026-06-01T06:38:23.226+0000] {logging_mixin.py:188} INFO - [2026-06-01T06:38:23.226+0000] {dag.py:3096} INFO - Sync 1 DAGs
[2026-06-01T06:38:23.254+0000] {logging_mixin.py:188} INFO - [2026-06-01T06:38:23.254+0000] {dag.py:3954} INFO - Setting next_dagrun for retailco_master_pipeline to 2026-06-01 00:00:00+00:00, run_after=2026-06-02 00:00:00+00:00
[2026-06-01T06:38:23.282+0000] {processor.py:183} INFO - Processing /opt/airflow/dags/retailco_dag.py took 0.156 seconds
[2026-06-01T06:38:53.530+0000] {processor.py:161} INFO - Started process (PID=5809) to work on /opt/airflow/dags/retailco_dag.py
[2026-06-01T06:38:53.533+0000] {processor.py:830} INFO - Processing file /opt/airflow/dags/retailco_dag.py for tasks to queue
[2026-06-01T06:38:53.536+0000] {logging_mixin.py:188} INFO - [2026-06-01T06:38:53.535+0000] {dagbag.py:545} INFO - Filling up the DagBag from /opt/airflow/dags/retailco_dag.py
[2026-06-01T06:38:53.575+0000] {processor.py:840} INFO - DAG(s) 'retailco_master_pipeline' retrieved from /opt/airflow/dags/retailco_dag.py
[2026-06-01T06:38:53.610+0000] {logging_mixin.py:188} INFO - [2026-06-01T06:38:53.610+0000] {dag.py:3096} INFO - Sync 1 DAGs
[2026-06-01T06:38:53.637+0000] {logging_mixin.py:188} INFO - [2026-06-01T06:38:53.636+0000] {dag.py:3954} INFO - Setting next_dagrun for retailco_master_pipeline to 2026-06-01 00:00:00+00:00, run_after=2026-06-02 00:00:00+00:00
[2026-06-01T06:38:53.706+0000] {processor.py:183} INFO - Processing /opt/airflow/dags/retailco_dag.py took 0.184 seconds
[2026-06-01T06:39:23.913+0000] {processor.py:161} INFO - Started process (PID=5814) to work on /opt/airflow/dags/retailco_dag.py
[2026-06-01T06:39:23.914+0000] {processor.py:830} INFO - Processing file /opt/airflow/dags/retailco_dag.py for tasks to queue
[2026-06-01T06:39:23.917+0000] {logging_mixin.py:188} INFO - [2026-06-01T06:39:23.917+0000] {dagbag.py:545} INFO - Filling up the DagBag from /opt/airflow/dags/retailco_dag.py
[2026-06-01T06:39:23.975+0000] {processor.py:840} INFO - DAG(s) 'retailco_master_pipeline' retrieved from /opt/airflow/dags/retailco_dag.py
[2026-06-01T06:39:24.023+0000] {logging_mixin.py:188} INFO - [2026-06-01T06:39:24.022+0000] {dag.py:3096} INFO - Sync 1 DAGs
[2026-06-01T06:39:24.056+0000] {logging_mixin.py:188} INFO - [2026-06-01T06:39:24.056+0000] {dag.py:3954} INFO - Setting next_dagrun for retailco_master_pipeline to 2026-06-01 00:00:00+00:00, run_after=2026-06-02 00:00:00+00:00
[2026-06-01T06:39:24.085+0000] {processor.py:183} INFO - Processing /opt/airflow/dags/retailco_dag.py took 0.181 seconds
[2026-06-01T06:39:54.276+0000] {processor.py:161} INFO - Started process (PID=5819) to work on /opt/airflow/dags/retailco_dag.py
[2026-06-01T06:39:54.277+0000] {processor.py:830} INFO - Processing file /opt/airflow/dags/retailco_dag.py for tasks to queue
[2026-06-01T06:39:54.282+0000] {logging_mixin.py:188} INFO - [2026-06-01T06:39:54.281+0000] {dagbag.py:545} INFO - Filling up the DagBag from /opt/airflow/dags/retailco_dag.py
[2026-06-01T06:39:54.386+0000] {processor.py:840} INFO - DAG(s) 'retailco_master_pipeline' retrieved from /opt/airflow/dags/retailco_dag.py
[2026-06-01T06:39:54.484+0000] {logging_mixin.py:188} INFO - [2026-06-01T06:39:54.483+0000] {dag.py:3096} INFO - Sync 1 DAGs
[2026-06-01T06:39:54.586+0000] {logging_mixin.py:188} INFO - [2026-06-01T06:39:54.585+0000] {dag.py:3954} INFO - Setting next_dagrun for retailco_master_pipeline to 2026-06-01 00:00:00+00:00, run_after=2026-06-02 00:00:00+00:00
[2026-06-01T06:39:54.655+0000] {processor.py:183} INFO - Processing /opt/airflow/dags/retailco_dag.py took 0.399 seconds
[2026-06-01T06:40:24.997+0000] {processor.py:161} INFO - Started process (PID=5824) to work on /opt/airflow/dags/retailco_dag.py
[2026-06-01T06:40:24.999+0000] {processor.py:830} INFO - Processing file /opt/airflow/dags/retailco_dag.py for tasks to queue
[2026-06-01T06:40:25.004+0000] {logging_mixin.py:188} INFO - [2026-06-01T06:40:25.003+0000] {dagbag.py:545} INFO - Filling up the DagBag from /opt/airflow/dags/retailco_dag.py
[2026-06-01T06:40:25.054+0000] {processor.py:840} INFO - DAG(s) 'retailco_master_pipeline' retrieved from /opt/airflow/dags/retailco_dag.py
[2026-06-01T06:40:25.119+0000] {logging_mixin.py:188} INFO - [2026-06-01T06:40:25.118+0000] {dag.py:3096} INFO - Sync 1 DAGs
[2026-06-01T06:40:25.156+0000] {logging_mixin.py:188} INFO - [2026-06-01T06:40:25.156+0000] {dag.py:3954} INFO - Setting next_dagrun for retailco_master_pipeline to 2026-06-01 00:00:00+00:00, run_after=2026-06-02 00:00:00+00:00
[2026-06-01T06:40:25.204+0000] {processor.py:183} INFO - Processing /opt/airflow/dags/retailco_dag.py took 0.221 seconds
[2026-06-01T06:40:55.742+0000] {processor.py:161} INFO - Started process (PID=5829) to work on /opt/airflow/dags/retailco_dag.py
[2026-06-01T06:40:55.781+0000] {processor.py:830} INFO - Processing file /opt/airflow/dags/retailco_dag.py for tasks to queue
[2026-06-01T06:40:55.793+0000] {logging_mixin.py:188} INFO - [2026-06-01T06:40:55.792+0000] {dagbag.py:545} INFO - Filling up the DagBag from /opt/airflow/dags/retailco_dag.py
[2026-06-01T06:40:55.929+0000] {processor.py:840} INFO - DAG(s) 'retailco_master_pipeline' retrieved from /opt/airflow/dags/retailco_dag.py
[2026-06-01T06:40:56.031+0000] {logging_mixin.py:188} INFO - [2026-06-01T06:40:56.030+0000] {dag.py:3096} INFO - Sync 1 DAGs
[2026-06-01T06:40:56.147+0000] {logging_mixin.py:188} INFO - [2026-06-01T06:40:56.147+0000] {dag.py:3954} INFO - Setting next_dagrun for retailco_master_pipeline to 2026-06-01 00:00:00+00:00, run_after=2026-06-02 00:00:00+00:00
[2026-06-01T06:40:56.227+0000] {processor.py:183} INFO - Processing /opt/airflow/dags/retailco_dag.py took 0.505 seconds
[2026-06-01T06:41:27.235+0000] {processor.py:161} INFO - Started process (PID=5834) to work on /opt/airflow/dags/retailco_dag.py
[2026-06-01T06:41:27.238+0000] {processor.py:830} INFO - Processing file /opt/airflow/dags/retailco_dag.py for tasks to queue
[2026-06-01T06:41:27.244+0000] {logging_mixin.py:188} INFO - [2026-06-01T06:41:27.243+0000] {dagbag.py:545} INFO - Filling up the DagBag from /opt/airflow/dags/retailco_dag.py
[2026-06-01T06:41:27.308+0000] {processor.py:840} INFO - DAG(s) 'retailco_master_pipeline' retrieved from /opt/airflow/dags/retailco_dag.py
[2026-06-01T06:41:27.423+0000] {logging_mixin.py:188} INFO - [2026-06-01T06:41:27.422+0000] {dag.py:3096} INFO - Sync 1 DAGs
[2026-06-01T06:41:27.768+0000] {logging_mixin.py:188} INFO - [2026-06-01T06:41:27.765+0000] {dag.py:3954} INFO - Setting next_dagrun for retailco_master_pipeline to 2026-06-01 00:00:00+00:00, run_after=2026-06-02 00:00:00+00:00
[2026-06-01T06:41:28.595+0000] {processor.py:183} INFO - Processing /opt/airflow/dags/retailco_dag.py took 1.373 seconds
[2026-06-01T06:41:58.920+0000] {processor.py:161} INFO - Started process (PID=5839) to work on /opt/airflow/dags/retailco_dag.py
[2026-06-01T06:41:58.922+0000] {processor.py:830} INFO - Processing file /opt/airflow/dags/retailco_dag.py for tasks to queue
[2026-06-01T06:41:58.927+0000] {logging_mixin.py:188} INFO - [2026-06-01T06:41:58.926+0000] {dagbag.py:545} INFO - Filling up the DagBag from /opt/airflow/dags/retailco_dag.py
[2026-06-01T06:41:58.984+0000] {processor.py:840} INFO - DAG(s) 'retailco_master_pipeline' retrieved from /opt/airflow/dags/retailco_dag.py
[2026-06-01T06:41:59.094+0000] {logging_mixin.py:188} INFO - [2026-06-01T06:41:59.094+0000] {dag.py:3096} INFO - Sync 1 DAGs
[2026-06-01T06:41:59.137+0000] {logging_mixin.py:188} INFO - [2026-06-01T06:41:59.137+0000] {dag.py:3954} INFO - Setting next_dagrun for retailco_master_pipeline to 2026-06-01 00:00:00+00:00, run_after=2026-06-02 00:00:00+00:00
[2026-06-01T06:41:59.167+0000] {processor.py:183} INFO - Processing /opt/airflow/dags/retailco_dag.py took 0.259 seconds
[2026-06-01T06:42:29.379+0000] {processor.py:161} INFO - Started process (PID=5844) to work on /opt/airflow/dags/retailco_dag.py
[2026-06-01T06:42:29.381+0000] {processor.py:830} INFO - Processing file /opt/airflow/dags/retailco_dag.py for tasks to queue
[2026-06-01T06:42:29.384+0000] {logging_mixin.py:188} INFO - [2026-06-01T06:42:29.384+0000] {dagbag.py:545} INFO - Filling up the DagBag from /opt/airflow/dags/retailco_dag.py
[2026-06-01T06:42:29.422+0000] {processor.py:840} INFO - DAG(s) 'retailco_master_pipeline' retrieved from /opt/airflow/dags/retailco_dag.py
[2026-06-01T06:42:29.482+0000] {logging_mixin.py:188} INFO - [2026-06-01T06:42:29.482+0000] {dag.py:3096} INFO - Sync 1 DAGs
[2026-06-01T06:42:29.523+0000] {logging_mixin.py:188} INFO - [2026-06-01T06:42:29.522+0000] {dag.py:3954} INFO - Setting next_dagrun for retailco_master_pipeline to 2026-06-01 00:00:00+00:00, run_after=2026-06-02 00:00:00+00:00
[2026-06-01T06:42:29.554+0000] {processor.py:183} INFO - Processing /opt/airflow/dags/retailco_dag.py took 0.190 seconds
[2026-06-01T06:43:00.065+0000] {processor.py:161} INFO - Started process (PID=5849) to work on /opt/airflow/dags/retailco_dag.py
[2026-06-01T06:43:00.066+0000] {processor.py:830} INFO - Processing file /opt/airflow/dags/retailco_dag.py for tasks to queue
[2026-06-01T06:43:00.068+0000] {logging_mixin.py:188} INFO - [2026-06-01T06:43:00.067+0000] {dagbag.py:545} INFO - Filling up the DagBag from /opt/airflow/dags/retailco_dag.py
[2026-06-01T06:43:00.095+0000] {processor.py:840} INFO - DAG(s) 'retailco_master_pipeline' retrieved from /opt/airflow/dags/retailco_dag.py
[2026-06-01T06:43:00.159+0000] {logging_mixin.py:188} INFO - [2026-06-01T06:43:00.159+0000] {dag.py:3096} INFO - Sync 1 DAGs
[2026-06-01T06:43:00.183+0000] {logging_mixin.py:188} INFO - [2026-06-01T06:43:00.183+0000] {dag.py:3954} INFO - Setting next_dagrun for retailco_master_pipeline to 2026-06-01 00:00:00+00:00, run_after=2026-06-02 00:00:00+00:00
[2026-06-01T06:43:00.210+0000] {processor.py:183} INFO - Processing /opt/airflow/dags/retailco_dag.py took 0.153 seconds
[2026-06-01T06:43:30.337+0000] {processor.py:161} INFO - Started process (PID=5854) to work on /opt/airflow/dags/retailco_dag.py
[2026-06-01T06:43:30.339+0000] {processor.py:830} INFO - Processing file /opt/airflow/dags/retailco_dag.py for tasks to queue
[2026-06-01T06:43:30.342+0000] {logging_mixin.py:188} INFO - [2026-06-01T06:43:30.342+0000] {dagbag.py:545} INFO - Filling up the DagBag from /opt/airflow/dags/retailco_dag.py
[2026-06-01T06:43:30.385+0000] {processor.py:840} INFO - DAG(s) 'retailco_master_pipeline' retrieved from /opt/airflow/dags/retailco_dag.py
[2026-06-01T06:43:30.428+0000] {logging_mixin.py:188} INFO - [2026-06-01T06:43:30.428+0000] {dag.py:3096} INFO - Sync 1 DAGs
[2026-06-01T06:43:30.459+0000] {logging_mixin.py:188} INFO - [2026-06-01T06:43:30.458+0000] {dag.py:3954} INFO - Setting next_dagrun for retailco_master_pipeline to 2026-06-01 00:00:00+00:00, run_after=2026-06-02 00:00:00+00:00
[2026-06-01T06:43:30.488+0000] {processor.py:183} INFO - Processing /opt/airflow/dags/retailco_dag.py took 0.161 seconds
[2026-06-01T06:44:00.693+0000] {processor.py:161} INFO - Started process (PID=5859) to work on /opt/airflow/dags/retailco_dag.py
[2026-06-01T06:44:00.694+0000] {processor.py:830} INFO - Processing file /opt/airflow/dags/retailco_dag.py for tasks to queue
[2026-06-01T06:44:00.696+0000] {logging_mixin.py:188} INFO - [2026-06-01T06:44:00.696+0000] {dagbag.py:545} INFO - Filling up the DagBag from /opt/airflow/dags/retailco_dag.py
[2026-06-01T06:44:00.724+0000] {processor.py:840} INFO - DAG(s) 'retailco_master_pipeline' retrieved from /opt/airflow/dags/retailco_dag.py
[2026-06-01T06:44:00.758+0000] {logging_mixin.py:188} INFO - [2026-06-01T06:44:00.758+0000] {dag.py:3096} INFO - Sync 1 DAGs
[2026-06-01T06:44:00.784+0000] {logging_mixin.py:188} INFO - [2026-06-01T06:44:00.784+0000] {dag.py:3954} INFO - Setting next_dagrun for retailco_master_pipeline to 2026-06-01 00:00:00+00:00, run_after=2026-06-02 00:00:00+00:00
[2026-06-01T06:44:00.806+0000] {processor.py:183} INFO - Processing /opt/airflow/dags/retailco_dag.py took 0.123 seconds
[2026-06-01T06:44:31.024+0000] {processor.py:161} INFO - Started process (PID=5864) to work on /opt/airflow/dags/retailco_dag.py
[2026-06-01T06:44:31.026+0000] {processor.py:830} INFO - Processing file /opt/airflow/dags/retailco_dag.py for tasks to queue
[2026-06-01T06:44:31.029+0000] {logging_mixin.py:188} INFO - [2026-06-01T06:44:31.029+0000] {dagbag.py:545} INFO - Filling up the DagBag from /opt/airflow/dags/retailco_dag.py
[2026-06-01T06:44:31.069+0000] {processor.py:840} INFO - DAG(s) 'retailco_master_pipeline' retrieved from /opt/airflow/dags/retailco_dag.py
[2026-06-01T06:44:31.112+0000] {logging_mixin.py:188} INFO - [2026-06-01T06:44:31.112+0000] {dag.py:3096} INFO - Sync 1 DAGs
[2026-06-01T06:44:31.145+0000] {logging_mixin.py:188} INFO - [2026-06-01T06:44:31.144+0000] {dag.py:3954} INFO - Setting next_dagrun for retailco_master_pipeline to 2026-06-01 00:00:00+00:00, run_after=2026-06-02 00:00:00+00:00
[2026-06-01T06:44:31.178+0000] {processor.py:183} INFO - Processing /opt/airflow/dags/retailco_dag.py took 0.161 seconds
[2026-06-01T06:45:01.340+0000] {processor.py:161} INFO - Started process (PID=5869) to work on /opt/airflow/dags/retailco_dag.py
[2026-06-01T06:45:01.342+0000] {processor.py:830} INFO - Processing file /opt/airflow/dags/retailco_dag.py for tasks to queue
[2026-06-01T06:45:01.344+0000] {logging_mixin.py:188} INFO - [2026-06-01T06:45:01.344+0000] {dagbag.py:545} INFO - Filling up the DagBag from /opt/airflow/dags/retailco_dag.py
[2026-06-01T06:45:01.372+0000] {processor.py:840} INFO - DAG(s) 'retailco_master_pipeline' retrieved from /opt/airflow/dags/retailco_dag.py
[2026-06-01T06:45:01.409+0000] {logging_mixin.py:188} INFO - [2026-06-01T06:45:01.408+0000] {dag.py:3096} INFO - Sync 1 DAGs
[2026-06-01T06:45:01.431+0000] {logging_mixin.py:188} INFO - [2026-06-01T06:45:01.430+0000] {dag.py:3954} INFO - Setting next_dagrun for retailco_master_pipeline to 2026-06-01 00:00:00+00:00, run_after=2026-06-02 00:00:00+00:00
[2026-06-01T06:45:01.458+0000] {processor.py:183} INFO - Processing /opt/airflow/dags/retailco_dag.py took 0.125 seconds
[2026-06-01T06:45:31.897+0000] {processor.py:161} INFO - Started process (PID=5874) to work on /opt/airflow/dags/retailco_dag.py
[2026-06-01T06:45:31.898+0000] {processor.py:830} INFO - Processing file /opt/airflow/dags/retailco_dag.py for tasks to queue
[2026-06-01T06:45:31.901+0000] {logging_mixin.py:188} INFO - [2026-06-01T06:45:31.900+0000] {dagbag.py:545} INFO - Filling up the DagBag from /opt/airflow/dags/retailco_dag.py
[2026-06-01T06:45:31.931+0000] {processor.py:840} INFO - DAG(s) 'retailco_master_pipeline' retrieved from /opt/airflow/dags/retailco_dag.py
[2026-06-01T06:45:31.985+0000] {logging_mixin.py:188} INFO - [2026-06-01T06:45:31.985+0000] {dag.py:3096} INFO - Sync 1 DAGs
[2026-06-01T06:45:32.017+0000] {logging_mixin.py:188} INFO - [2026-06-01T06:45:32.017+0000] {dag.py:3954} INFO - Setting next_dagrun for retailco_master_pipeline to 2026-06-01 00:00:00+00:00, run_after=2026-06-02 00:00:00+00:00
[2026-06-01T06:45:32.064+0000] {processor.py:183} INFO - Processing /opt/airflow/dags/retailco_dag.py took 0.174 seconds
[2026-06-01T06:46:02.303+0000] {processor.py:161} INFO - Started process (PID=5879) to work on /opt/airflow/dags/retailco_dag.py
[2026-06-01T06:46:02.305+0000] {processor.py:830} INFO - Processing file /opt/airflow/dags/retailco_dag.py for tasks to queue
[2026-06-01T06:46:02.307+0000] {logging_mixin.py:188} INFO - [2026-06-01T06:46:02.307+0000] {dagbag.py:545} INFO - Filling up the DagBag from /opt/airflow/dags/retailco_dag.py
[2026-06-01T06:46:02.348+0000] {processor.py:840} INFO - DAG(s) 'retailco_master_pipeline' retrieved from /opt/airflow/dags/retailco_dag.py
[2026-06-01T06:46:02.388+0000] {logging_mixin.py:188} INFO - [2026-06-01T06:46:02.388+0000] {dag.py:3096} INFO - Sync 1 DAGs
[2026-06-01T06:46:02.456+0000] {logging_mixin.py:188} INFO - [2026-06-01T06:46:02.456+0000] {dag.py:3954} INFO - Setting next_dagrun for retailco_master_pipeline to 2026-06-01 00:00:00+00:00, run_after=2026-06-02 00:00:00+00:00
[2026-06-01T06:46:02.503+0000] {processor.py:183} INFO - Processing /opt/airflow/dags/retailco_dag.py took 0.207 seconds
[2026-06-01T06:46:32.731+0000] {processor.py:161} INFO - Started process (PID=5884) to work on /opt/airflow/dags/retailco_dag.py
[2026-06-01T06:46:32.732+0000] {processor.py:830} INFO - Processing file /opt/airflow/dags/retailco_dag.py for tasks to queue
[2026-06-01T06:46:32.734+0000] {logging_mixin.py:188} INFO - [2026-06-01T06:46:32.734+0000] {dagbag.py:545} INFO - Filling up the DagBag from /opt/airflow/dags/retailco_dag.py
[2026-06-01T06:46:32.766+0000] {processor.py:840} INFO - DAG(s) 'retailco_master_pipeline' retrieved from /opt/airflow/dags/retailco_dag.py
[2026-06-01T06:46:32.802+0000] {logging_mixin.py:188} INFO - [2026-06-01T06:46:32.801+0000] {dag.py:3096} INFO - Sync 1 DAGs
[2026-06-01T06:46:32.828+0000] {logging_mixin.py:188} INFO - [2026-06-01T06:46:32.828+0000] {dag.py:3954} INFO - Setting next_dagrun for retailco_master_pipeline to 2026-06-01 00:00:00+00:00, run_after=2026-06-02 00:00:00+00:00
[2026-06-01T06:46:32.854+0000] {processor.py:183} INFO - Processing /opt/airflow/dags/retailco_dag.py took 0.131 seconds
[2026-06-01T06:47:03.098+0000] {processor.py:161} INFO - Started process (PID=5889) to work on /opt/airflow/dags/retailco_dag.py
[2026-06-01T06:47:03.100+0000] {processor.py:830} INFO - Processing file /opt/airflow/dags/retailco_dag.py for tasks to queue
[2026-06-01T06:47:03.104+0000] {logging_mixin.py:188} INFO - [2026-06-01T06:47:03.103+0000] {dagbag.py:545} INFO - Filling up the DagBag from /opt/airflow/dags/retailco_dag.py
[2026-06-01T06:47:03.156+0000] {processor.py:840} INFO - DAG(s) 'retailco_master_pipeline' retrieved from /opt/airflow/dags/retailco_dag.py
[2026-06-01T06:47:03.198+0000] {logging_mixin.py:188} INFO - [2026-06-01T06:47:03.197+0000] {dag.py:3096} INFO - Sync 1 DAGs
[2026-06-01T06:47:03.223+0000] {logging_mixin.py:188} INFO - [2026-06-01T06:47:03.223+0000] {dag.py:3954} INFO - Setting next_dagrun for retailco_master_pipeline to 2026-06-01 00:00:00+00:00, run_after=2026-06-02 00:00:00+00:00
[2026-06-01T06:47:03.248+0000] {processor.py:183} INFO - Processing /opt/airflow/dags/retailco_dag.py took 0.160 seconds
[2026-06-01T06:47:33.547+0000] {processor.py:161} INFO - Started process (PID=5894) to work on /opt/airflow/dags/retailco_dag.py
[2026-06-01T06:47:33.549+0000] {processor.py:830} INFO - Processing file /opt/airflow/dags/retailco_dag.py for tasks to queue
[2026-06-01T06:47:33.551+0000] {logging_mixin.py:188} INFO - [2026-06-01T06:47:33.550+0000] {dagbag.py:545} INFO - Filling up the DagBag from /opt/airflow/dags/retailco_dag.py
[2026-06-01T06:47:33.578+0000] {processor.py:840} INFO - DAG(s) 'retailco_master_pipeline' retrieved from /opt/airflow/dags/retailco_dag.py
[2026-06-01T06:47:33.615+0000] {logging_mixin.py:188} INFO - [2026-06-01T06:47:33.614+0000] {dag.py:3096} INFO - Sync 1 DAGs
[2026-06-01T06:47:33.645+0000] {logging_mixin.py:188} INFO - [2026-06-01T06:47:33.645+0000] {dag.py:3954} INFO - Setting next_dagrun for retailco_master_pipeline to 2026-06-01 00:00:00+00:00, run_after=2026-06-02 00:00:00+00:00
[2026-06-01T06:47:33.786+0000] {processor.py:183} INFO - Processing /opt/airflow/dags/retailco_dag.py took 0.246 seconds
[2026-06-01T06:48:03.992+0000] {processor.py:161} INFO - Started process (PID=5899) to work on /opt/airflow/dags/retailco_dag.py
[2026-06-01T06:48:04.012+0000] {processor.py:830} INFO - Processing file /opt/airflow/dags/retailco_dag.py for tasks to queue
[2026-06-01T06:48:04.020+0000] {logging_mixin.py:188} INFO - [2026-06-01T06:48:04.017+0000] {dagbag.py:545} INFO - Filling up the DagBag from /opt/airflow/dags/retailco_dag.py
[2026-06-01T06:48:04.075+0000] {processor.py:840} INFO - DAG(s) 'retailco_master_pipeline' retrieved from /opt/airflow/dags/retailco_dag.py
[2026-06-01T06:48:04.113+0000] {logging_mixin.py:188} INFO - [2026-06-01T06:48:04.113+0000] {dag.py:3096} INFO - Sync 1 DAGs
[2026-06-01T06:48:04.139+0000] {logging_mixin.py:188} INFO - [2026-06-01T06:48:04.139+0000] {dag.py:3954} INFO - Setting next_dagrun for retailco_master_pipeline to 2026-06-01 00:00:00+00:00, run_after=2026-06-02 00:00:00+00:00
[2026-06-01T06:48:04.178+0000] {processor.py:183} INFO - Processing /opt/airflow/dags/retailco_dag.py took 0.263 seconds
[2026-06-01T06:48:34.474+0000] {processor.py:161} INFO - Started process (PID=5904) to work on /opt/airflow/dags/retailco_dag.py
[2026-06-01T06:48:34.476+0000] {processor.py:830} INFO - Processing file /opt/airflow/dags/retailco_dag.py for tasks to queue
[2026-06-01T06:48:34.479+0000] {logging_mixin.py:188} INFO - [2026-06-01T06:48:34.479+0000] {dagbag.py:545} INFO - Filling up the DagBag from /opt/airflow/dags/retailco_dag.py
[2026-06-01T06:48:34.514+0000] {processor.py:840} INFO - DAG(s) 'retailco_master_pipeline' retrieved from /opt/airflow/dags/retailco_dag.py
[2026-06-01T06:48:34.549+0000] {logging_mixin.py:188} INFO - [2026-06-01T06:48:34.548+0000] {dag.py:3096} INFO - Sync 1 DAGs
[2026-06-01T06:48:34.574+0000] {logging_mixin.py:188} INFO - [2026-06-01T06:48:34.574+0000] {dag.py:3954} INFO - Setting next_dagrun for retailco_master_pipeline to 2026-06-01 00:00:00+00:00, run_after=2026-06-02 00:00:00+00:00
[2026-06-01T06:48:34.600+0000] {processor.py:183} INFO - Processing /opt/airflow/dags/retailco_dag.py took 0.134 seconds
[2026-06-01T06:49:04.881+0000] {processor.py:161} INFO - Started process (PID=5909) to work on /opt/airflow/dags/retailco_dag.py
[2026-06-01T06:49:04.884+0000] {processor.py:830} INFO - Processing file /opt/airflow/dags/retailco_dag.py for tasks to queue
[2026-06-01T06:49:04.889+0000] {logging_mixin.py:188} INFO - [2026-06-01T06:49:04.888+0000] {dagbag.py:545} INFO - Filling up the DagBag from /opt/airflow/dags/retailco_dag.py
[2026-06-01T06:49:04.952+0000] {processor.py:840} INFO - DAG(s) 'retailco_master_pipeline' retrieved from /opt/airflow/dags/retailco_dag.py
[2026-06-01T06:49:05.014+0000] {logging_mixin.py:188} INFO - [2026-06-01T06:49:05.013+0000] {dag.py:3096} INFO - Sync 1 DAGs
[2026-06-01T06:49:05.043+0000] {logging_mixin.py:188} INFO - [2026-06-01T06:49:05.043+0000] {dag.py:3954} INFO - Setting next_dagrun for retailco_master_pipeline to 2026-06-01 00:00:00+00:00, run_after=2026-06-02 00:00:00+00:00
[2026-06-01T06:49:05.072+0000] {processor.py:183} INFO - Processing /opt/airflow/dags/retailco_dag.py took 0.220 seconds
[2026-06-01T06:49:35.189+0000] {processor.py:161} INFO - Started process (PID=5914) to work on /opt/airflow/dags/retailco_dag.py
[2026-06-01T06:49:35.190+0000] {processor.py:830} INFO - Processing file /opt/airflow/dags/retailco_dag.py for tasks to queue
[2026-06-01T06:49:35.193+0000] {logging_mixin.py:188} INFO - [2026-06-01T06:49:35.192+0000] {dagbag.py:545} INFO - Filling up the DagBag from /opt/airflow/dags/retailco_dag.py
[2026-06-01T06:49:35.225+0000] {processor.py:840} INFO - DAG(s) 'retailco_master_pipeline' retrieved from /opt/airflow/dags/retailco_dag.py
[2026-06-01T06:49:35.262+0000] {logging_mixin.py:188} INFO - [2026-06-01T06:49:35.261+0000] {dag.py:3096} INFO - Sync 1 DAGs
[2026-06-01T06:49:35.286+0000] {logging_mixin.py:188} INFO - [2026-06-01T06:49:35.286+0000] {dag.py:3954} INFO - Setting next_dagrun for retailco_master_pipeline to 2026-06-01 00:00:00+00:00, run_after=2026-06-02 00:00:00+00:00
[2026-06-01T06:49:35.315+0000] {processor.py:183} INFO - Processing /opt/airflow/dags/retailco_dag.py took 0.133 seconds
[2026-06-01T06:50:05.700+0000] {processor.py:161} INFO - Started process (PID=5919) to work on /opt/airflow/dags/retailco_dag.py
[2026-06-01T06:50:05.701+0000] {processor.py:830} INFO - Processing file /opt/airflow/dags/retailco_dag.py for tasks to queue
[2026-06-01T06:50:05.704+0000] {logging_mixin.py:188} INFO - [2026-06-01T06:50:05.703+0000] {dagbag.py:545} INFO - Filling up the DagBag from /opt/airflow/dags/retailco_dag.py
[2026-06-01T06:50:05.737+0000] {processor.py:840} INFO - DAG(s) 'retailco_master_pipeline' retrieved from /opt/airflow/dags/retailco_dag.py
[2026-06-01T06:50:05.771+0000] {logging_mixin.py:188} INFO - [2026-06-01T06:50:05.771+0000] {dag.py:3096} INFO - Sync 1 DAGs
[2026-06-01T06:50:05.797+0000] {logging_mixin.py:188} INFO - [2026-06-01T06:50:05.797+0000] {dag.py:3954} INFO - Setting next_dagrun for retailco_master_pipeline to 2026-06-01 00:00:00+00:00, run_after=2026-06-02 00:00:00+00:00
[2026-06-01T06:50:05.824+0000] {processor.py:183} INFO - Processing /opt/airflow/dags/retailco_dag.py took 0.131 seconds
[2026-06-01T06:50:36.159+0000] {processor.py:161} INFO - Started process (PID=5924) to work on /opt/airflow/dags/retailco_dag.py
[2026-06-01T06:50:36.164+0000] {processor.py:830} INFO - Processing file /opt/airflow/dags/retailco_dag.py for tasks to queue
[2026-06-01T06:50:36.167+0000] {logging_mixin.py:188} INFO - [2026-06-01T06:50:36.167+0000] {dagbag.py:545} INFO - Filling up the DagBag from /opt/airflow/dags/retailco_dag.py
[2026-06-01T06:50:36.541+0000] {processor.py:840} INFO - DAG(s) 'retailco_master_pipeline' retrieved from /opt/airflow/dags/retailco_dag.py
[2026-06-01T06:50:36.882+0000] {logging_mixin.py:188} INFO - [2026-06-01T06:50:36.882+0000] {dag.py:3096} INFO - Sync 1 DAGs
[2026-06-01T06:50:37.009+0000] {logging_mixin.py:188} INFO - [2026-06-01T06:50:37.008+0000] {dag.py:3954} INFO - Setting next_dagrun for retailco_master_pipeline to 2026-06-01 00:00:00+00:00, run_after=2026-06-02 00:00:00+00:00
[2026-06-01T06:50:37.122+0000] {processor.py:183} INFO - Processing /opt/airflow/dags/retailco_dag.py took 0.997 seconds
[2026-06-01T06:51:07.517+0000] {processor.py:161} INFO - Started process (PID=5932) to work on /opt/airflow/dags/retailco_dag.py
[2026-06-01T06:51:07.520+0000] {processor.py:830} INFO - Processing file /opt/airflow/dags/retailco_dag.py for tasks to queue
[2026-06-01T06:51:07.546+0000] {logging_mixin.py:188} INFO - [2026-06-01T06:51:07.543+0000] {dagbag.py:545} INFO - Filling up the DagBag from /opt/airflow/dags/retailco_dag.py
[2026-06-01T06:51:07.651+0000] {processor.py:840} INFO - DAG(s) 'retailco_master_pipeline' retrieved from /opt/airflow/dags/retailco_dag.py
[2026-06-01T06:51:07.862+0000] {logging_mixin.py:188} INFO - [2026-06-01T06:51:07.862+0000] {dag.py:3096} INFO - Sync 1 DAGs
[2026-06-01T06:51:07.961+0000] {logging_mixin.py:188} INFO - [2026-06-01T06:51:07.961+0000] {dag.py:3954} INFO - Setting next_dagrun for retailco_master_pipeline to 2026-06-01 00:00:00+00:00, run_after=2026-06-02 00:00:00+00:00
[2026-06-01T06:51:07.999+0000] {processor.py:183} INFO - Processing /opt/airflow/dags/retailco_dag.py took 0.547 seconds
[2026-06-01T06:51:38.340+0000] {processor.py:161} INFO - Started process (PID=5937) to work on /opt/airflow/dags/retailco_dag.py
[2026-06-01T06:51:38.341+0000] {processor.py:830} INFO - Processing file /opt/airflow/dags/retailco_dag.py for tasks to queue
[2026-06-01T06:51:38.344+0000] {logging_mixin.py:188} INFO - [2026-06-01T06:51:38.343+0000] {dagbag.py:545} INFO - Filling up the DagBag from /opt/airflow/dags/retailco_dag.py
[2026-06-01T06:51:38.384+0000] {processor.py:840} INFO - DAG(s) 'retailco_master_pipeline' retrieved from /opt/airflow/dags/retailco_dag.py
[2026-06-01T06:51:38.430+0000] {logging_mixin.py:188} INFO - [2026-06-01T06:51:38.430+0000] {dag.py:3096} INFO - Sync 1 DAGs
[2026-06-01T06:51:38.470+0000] {logging_mixin.py:188} INFO - [2026-06-01T06:51:38.470+0000] {dag.py:3954} INFO - Setting next_dagrun for retailco_master_pipeline to 2026-06-01 00:00:00+00:00, run_after=2026-06-02 00:00:00+00:00
[2026-06-01T06:51:38.495+0000] {processor.py:183} INFO - Processing /opt/airflow/dags/retailco_dag.py took 0.162 seconds
[2026-06-01T06:52:08.672+0000] {processor.py:161} INFO - Started process (PID=5942) to work on /opt/airflow/dags/retailco_dag.py
[2026-06-01T06:52:08.674+0000] {processor.py:830} INFO - Processing file /opt/airflow/dags/retailco_dag.py for tasks to queue
[2026-06-01T06:52:08.677+0000] {logging_mixin.py:188} INFO - [2026-06-01T06:52:08.676+0000] {dagbag.py:545} INFO - Filling up the DagBag from /opt/airflow/dags/retailco_dag.py
[2026-06-01T06:52:08.716+0000] {processor.py:840} INFO - DAG(s) 'retailco_master_pipeline' retrieved from /opt/airflow/dags/retailco_dag.py
[2026-06-01T06:52:08.769+0000] {logging_mixin.py:188} INFO - [2026-06-01T06:52:08.769+0000] {dag.py:3096} INFO - Sync 1 DAGs
[2026-06-01T06:52:08.811+0000] {logging_mixin.py:188} INFO - [2026-06-01T06:52:08.810+0000] {dag.py:3954} INFO - Setting next_dagrun for retailco_master_pipeline to 2026-06-01 00:00:00+00:00, run_after=2026-06-02 00:00:00+00:00
[2026-06-01T06:52:08.843+0000] {processor.py:183} INFO - Processing /opt/airflow/dags/retailco_dag.py took 0.181 seconds
[2026-06-01T06:52:39.073+0000] {processor.py:161} INFO - Started process (PID=5947) to work on /opt/airflow/dags/retailco_dag.py
[2026-06-01T06:52:39.074+0000] {processor.py:830} INFO - Processing file /opt/airflow/dags/retailco_dag.py for tasks to queue
[2026-06-01T06:52:39.077+0000] {logging_mixin.py:188} INFO - [2026-06-01T06:52:39.076+0000] {dagbag.py:545} INFO - Filling up the DagBag from /opt/airflow/dags/retailco_dag.py
[2026-06-01T06:52:39.107+0000] {processor.py:840} INFO - DAG(s) 'retailco_master_pipeline' retrieved from /opt/airflow/dags/retailco_dag.py
[2026-06-01T06:52:39.140+0000] {logging_mixin.py:188} INFO - [2026-06-01T06:52:39.140+0000] {dag.py:3096} INFO - Sync 1 DAGs
[2026-06-01T06:52:39.165+0000] {logging_mixin.py:188} INFO - [2026-06-01T06:52:39.165+0000] {dag.py:3954} INFO - Setting next_dagrun for retailco_master_pipeline to 2026-06-01 00:00:00+00:00, run_after=2026-06-02 00:00:00+00:00
[2026-06-01T06:52:39.200+0000] {processor.py:183} INFO - Processing /opt/airflow/dags/retailco_dag.py took 0.133 seconds
[2026-06-01T06:53:09.402+0000] {processor.py:161} INFO - Started process (PID=5952) to work on /opt/airflow/dags/retailco_dag.py
[2026-06-01T06:53:09.404+0000] {processor.py:830} INFO - Processing file /opt/airflow/dags/retailco_dag.py for tasks to queue
[2026-06-01T06:53:09.407+0000] {logging_mixin.py:188} INFO - [2026-06-01T06:53:09.406+0000] {dagbag.py:545} INFO - Filling up the DagBag from /opt/airflow/dags/retailco_dag.py
[2026-06-01T06:53:09.453+0000] {processor.py:840} INFO - DAG(s) 'retailco_master_pipeline' retrieved from /opt/airflow/dags/retailco_dag.py
[2026-06-01T06:53:09.498+0000] {logging_mixin.py:188} INFO - [2026-06-01T06:53:09.498+0000] {dag.py:3096} INFO - Sync 1 DAGs
[2026-06-01T06:53:09.588+0000] {logging_mixin.py:188} INFO - [2026-06-01T06:53:09.587+0000] {dag.py:3954} INFO - Setting next_dagrun for retailco_master_pipeline to 2026-06-01 00:00:00+00:00, run_after=2026-06-02 00:00:00+00:00
[2026-06-01T06:53:09.676+0000] {processor.py:183} INFO - Processing /opt/airflow/dags/retailco_dag.py took 0.283 seconds
[2026-06-01T06:53:39.927+0000] {processor.py:161} INFO - Started process (PID=5957) to work on /opt/airflow/dags/retailco_dag.py
[2026-06-01T06:53:39.936+0000] {processor.py:830} INFO - Processing file /opt/airflow/dags/retailco_dag.py for tasks to queue
[2026-06-01T06:53:39.951+0000] {logging_mixin.py:188} INFO - [2026-06-01T06:53:39.950+0000] {dagbag.py:545} INFO - Filling up the DagBag from /opt/airflow/dags/retailco_dag.py
[2026-06-01T06:53:40.009+0000] {processor.py:840} INFO - DAG(s) 'retailco_master_pipeline' retrieved from /opt/airflow/dags/retailco_dag.py
[2026-06-01T06:53:40.058+0000] {logging_mixin.py:188} INFO - [2026-06-01T06:53:40.058+0000] {dag.py:3096} INFO - Sync 1 DAGs
[2026-06-01T06:53:40.091+0000] {logging_mixin.py:188} INFO - [2026-06-01T06:53:40.091+0000] {dag.py:3954} INFO - Setting next_dagrun for retailco_master_pipeline to 2026-06-01 00:00:00+00:00, run_after=2026-06-02 00:00:00+00:00
[2026-06-01T06:53:40.120+0000] {processor.py:183} INFO - Processing /opt/airflow/dags/retailco_dag.py took 0.240 seconds
[2026-06-01T06:54:10.300+0000] {processor.py:161} INFO - Started process (PID=5962) to work on /opt/airflow/dags/retailco_dag.py
[2026-06-01T06:54:10.302+0000] {processor.py:830} INFO - Processing file /opt/airflow/dags/retailco_dag.py for tasks to queue
[2026-06-01T06:54:10.305+0000] {logging_mixin.py:188} INFO - [2026-06-01T06:54:10.304+0000] {dagbag.py:545} INFO - Filling up the DagBag from /opt/airflow/dags/retailco_dag.py
[2026-06-01T06:54:10.352+0000] {processor.py:840} INFO - DAG(s) 'retailco_master_pipeline' retrieved from /opt/airflow/dags/retailco_dag.py
[2026-06-01T06:54:10.403+0000] {logging_mixin.py:188} INFO - [2026-06-01T06:54:10.402+0000] {dag.py:3096} INFO - Sync 1 DAGs
[2026-06-01T06:54:10.442+0000] {logging_mixin.py:188} INFO - [2026-06-01T06:54:10.441+0000] {dag.py:3954} INFO - Setting next_dagrun for retailco_master_pipeline to 2026-06-01 00:00:00+00:00, run_after=2026-06-02 00:00:00+00:00
[2026-06-01T06:54:10.479+0000] {processor.py:183} INFO - Processing /opt/airflow/dags/retailco_dag.py took 0.189 seconds
[2026-06-01T06:54:40.782+0000] {processor.py:161} INFO - Started process (PID=5967) to work on /opt/airflow/dags/retailco_dag.py
[2026-06-01T06:54:40.783+0000] {processor.py:830} INFO - Processing file /opt/airflow/dags/retailco_dag.py for tasks to queue
[2026-06-01T06:54:40.785+0000] {logging_mixin.py:188} INFO - [2026-06-01T06:54:40.785+0000] {dagbag.py:545} INFO - Filling up the DagBag from /opt/airflow/dags/retailco_dag.py
[2026-06-01T06:54:40.815+0000] {processor.py:840} INFO - DAG(s) 'retailco_master_pipeline' retrieved from /opt/airflow/dags/retailco_dag.py
[2026-06-01T06:54:40.850+0000] {logging_mixin.py:188} INFO - [2026-06-01T06:54:40.850+0000] {dag.py:3096} INFO - Sync 1 DAGs
[2026-06-01T06:54:40.875+0000] {logging_mixin.py:188} INFO - [2026-06-01T06:54:40.875+0000] {dag.py:3954} INFO - Setting next_dagrun for retailco_master_pipeline to 2026-06-01 00:00:00+00:00, run_after=2026-06-02 00:00:00+00:00
[2026-06-01T06:54:40.903+0000] {processor.py:183} INFO - Processing /opt/airflow/dags/retailco_dag.py took 0.128 seconds
[2026-06-01T06:55:11.062+0000] {processor.py:161} INFO - Started process (PID=5972) to work on /opt/airflow/dags/retailco_dag.py
[2026-06-01T06:55:11.063+0000] {processor.py:830} INFO - Processing file /opt/airflow/dags/retailco_dag.py for tasks to queue
[2026-06-01T06:55:11.066+0000] {logging_mixin.py:188} INFO - [2026-06-01T06:55:11.065+0000] {dagbag.py:545} INFO - Filling up the DagBag from /opt/airflow/dags/retailco_dag.py
[2026-06-01T06:55:11.097+0000] {processor.py:840} INFO - DAG(s) 'retailco_master_pipeline' retrieved from /opt/airflow/dags/retailco_dag.py
[2026-06-01T06:55:11.131+0000] {logging_mixin.py:188} INFO - [2026-06-01T06:55:11.131+0000] {dag.py:3096} INFO - Sync 1 DAGs
[2026-06-01T06:55:11.155+0000] {logging_mixin.py:188} INFO - [2026-06-01T06:55:11.155+0000] {dag.py:3954} INFO - Setting next_dagrun for retailco_master_pipeline to 2026-06-01 00:00:00+00:00, run_after=2026-06-02 00:00:00+00:00
[2026-06-01T06:55:11.179+0000] {processor.py:183} INFO - Processing /opt/airflow/dags/retailco_dag.py took 0.124 seconds
[2026-06-01T06:55:41.505+0000] {processor.py:161} INFO - Started process (PID=5977) to work on /opt/airflow/dags/retailco_dag.py
[2026-06-01T06:55:41.507+0000] {processor.py:830} INFO - Processing file /opt/airflow/dags/retailco_dag.py for tasks to queue
[2026-06-01T06:55:41.509+0000] {logging_mixin.py:188} INFO - [2026-06-01T06:55:41.509+0000] {dagbag.py:545} INFO - Filling up the DagBag from /opt/airflow/dags/retailco_dag.py
[2026-06-01T06:55:41.550+0000] {processor.py:840} INFO - DAG(s) 'retailco_master_pipeline' retrieved from /opt/airflow/dags/retailco_dag.py
[2026-06-01T06:55:41.586+0000] {logging_mixin.py:188} INFO - [2026-06-01T06:55:41.586+0000] {dag.py:3096} INFO - Sync 1 DAGs
[2026-06-01T06:55:41.613+0000] {logging_mixin.py:188} INFO - [2026-06-01T06:55:41.613+0000] {dag.py:3954} INFO - Setting next_dagrun for retailco_master_pipeline to 2026-06-01 00:00:00+00:00, run_after=2026-06-02 00:00:00+00:00
[2026-06-01T06:55:41.643+0000] {processor.py:183} INFO - Processing /opt/airflow/dags/retailco_dag.py took 0.146 seconds
[2026-06-01T06:56:11.819+0000] {processor.py:161} INFO - Started process (PID=5982) to work on /opt/airflow/dags/retailco_dag.py
[2026-06-01T06:56:11.821+0000] {processor.py:830} INFO - Processing file /opt/airflow/dags/retailco_dag.py for tasks to queue
[2026-06-01T06:56:11.823+0000] {logging_mixin.py:188} INFO - [2026-06-01T06:56:11.823+0000] {dagbag.py:545} INFO - Filling up the DagBag from /opt/airflow/dags/retailco_dag.py
[2026-06-01T06:56:11.853+0000] {processor.py:840} INFO - DAG(s) 'retailco_master_pipeline' retrieved from /opt/airflow/dags/retailco_dag.py
[2026-06-01T06:56:11.890+0000] {logging_mixin.py:188} INFO - [2026-06-01T06:56:11.889+0000] {dag.py:3096} INFO - Sync 1 DAGs
[2026-06-01T06:56:12.006+0000] {logging_mixin.py:188} INFO - [2026-06-01T06:56:12.005+0000] {dag.py:3954} INFO - Setting next_dagrun for retailco_master_pipeline to 2026-06-01 00:00:00+00:00, run_after=2026-06-02 00:00:00+00:00
[2026-06-01T06:56:12.078+0000] {processor.py:183} INFO - Processing /opt/airflow/dags/retailco_dag.py took 0.265 seconds
[2026-06-01T06:56:42.275+0000] {processor.py:161} INFO - Started process (PID=5987) to work on /opt/airflow/dags/retailco_dag.py
[2026-06-01T06:56:42.276+0000] {processor.py:830} INFO - Processing file /opt/airflow/dags/retailco_dag.py for tasks to queue
[2026-06-01T06:56:42.279+0000] {logging_mixin.py:188} INFO - [2026-06-01T06:56:42.278+0000] {dagbag.py:545} INFO - Filling up the DagBag from /opt/airflow/dags/retailco_dag.py
[2026-06-01T06:56:42.323+0000] {processor.py:840} INFO - DAG(s) 'retailco_master_pipeline' retrieved from /opt/airflow/dags/retailco_dag.py
[2026-06-01T06:56:42.389+0000] {logging_mixin.py:188} INFO - [2026-06-01T06:56:42.388+0000] {dag.py:3096} INFO - Sync 1 DAGs
[2026-06-01T06:56:42.414+0000] {logging_mixin.py:188} INFO - [2026-06-01T06:56:42.413+0000] {dag.py:3954} INFO - Setting next_dagrun for retailco_master_pipeline to 2026-06-01 00:00:00+00:00, run_after=2026-06-02 00:00:00+00:00
[2026-06-01T06:56:42.439+0000] {processor.py:183} INFO - Processing /opt/airflow/dags/retailco_dag.py took 0.172 seconds
[2026-06-01T06:57:12.691+0000] {processor.py:161} INFO - Started process (PID=5992) to work on /opt/airflow/dags/retailco_dag.py
[2026-06-01T06:57:12.693+0000] {processor.py:830} INFO - Processing file /opt/airflow/dags/retailco_dag.py for tasks to queue
[2026-06-01T06:57:12.695+0000] {logging_mixin.py:188} INFO - [2026-06-01T06:57:12.695+0000] {dagbag.py:545} INFO - Filling up the DagBag from /opt/airflow/dags/retailco_dag.py
[2026-06-01T06:57:12.725+0000] {processor.py:840} INFO - DAG(s) 'retailco_master_pipeline' retrieved from /opt/airflow/dags/retailco_dag.py
[2026-06-01T06:57:12.760+0000] {logging_mixin.py:188} INFO - [2026-06-01T06:57:12.760+0000] {dag.py:3096} INFO - Sync 1 DAGs
[2026-06-01T06:57:12.786+0000] {logging_mixin.py:188} INFO - [2026-06-01T06:57:12.786+0000] {dag.py:3954} INFO - Setting next_dagrun for retailco_master_pipeline to 2026-06-01 00:00:00+00:00, run_after=2026-06-02 00:00:00+00:00
[2026-06-01T06:57:12.810+0000] {processor.py:183} INFO - Processing /opt/airflow/dags/retailco_dag.py took 0.127 seconds
[2026-06-01T06:57:43.130+0000] {processor.py:161} INFO - Started process (PID=5997) to work on /opt/airflow/dags/retailco_dag.py
[2026-06-01T06:57:43.132+0000] {processor.py:830} INFO - Processing file /opt/airflow/dags/retailco_dag.py for tasks to queue
[2026-06-01T06:57:43.134+0000] {logging_mixin.py:188} INFO - [2026-06-01T06:57:43.133+0000] {dagbag.py:545} INFO - Filling up the DagBag from /opt/airflow/dags/retailco_dag.py
[2026-06-01T06:57:43.165+0000] {processor.py:840} INFO - DAG(s) 'retailco_master_pipeline' retrieved from /opt/airflow/dags/retailco_dag.py
[2026-06-01T06:57:43.205+0000] {logging_mixin.py:188} INFO - [2026-06-01T06:57:43.204+0000] {dag.py:3096} INFO - Sync 1 DAGs
[2026-06-01T06:57:43.233+0000] {logging_mixin.py:188} INFO - [2026-06-01T06:57:43.233+0000] {dag.py:3954} INFO - Setting next_dagrun for retailco_master_pipeline to 2026-06-01 00:00:00+00:00, run_after=2026-06-02 00:00:00+00:00
[2026-06-01T06:57:43.262+0000] {processor.py:183} INFO - Processing /opt/airflow/dags/retailco_dag.py took 0.141 seconds
