[2026-05-31T13:57:18.766+0000] {manager.py:470} INFO - Processing files using up to 2 processes at a time 
[2026-05-31T13:57:18.768+0000] {manager.py:471} INFO - Process each file at most once every 30 seconds
[2026-05-31T13:57:18.770+0000] {manager.py:472} INFO - Checking for new files in /opt/airflow/dags every 300 seconds
[2026-05-31T13:57:18.771+0000] {manager.py:737} INFO - Searching for files in /opt/airflow/dags
[2026-05-31T13:57:18.775+0000] {manager.py:740} INFO - There are 0 files in /opt/airflow/dags
[2026-05-31T14:02:18.812+0000] {manager.py:737} INFO - Searching for files in /opt/airflow/dags
[2026-05-31T14:02:18.827+0000] {manager.py:740} INFO - There are 0 files in /opt/airflow/dags
[2026-05-31T14:07:19.066+0000] {manager.py:737} INFO - Searching for files in /opt/airflow/dags
[2026-05-31T14:07:19.110+0000] {manager.py:740} INFO - There are 1 files in /opt/airflow/dags
[2026-05-31T14:07:23.294+0000] {manager.py:878} INFO - 
================================================================================
DAG File Processing Stats

File Path                          PID    Runtime      # DAGs    # Errors  Last Runtime    Last Run
---------------------------------  -----  ---------  --------  ----------  --------------  -------------------
/opt/airflow/dags/retailco_dag.py                           1           0  1.25s           2026-05-31T14:07:20
================================================================================
[2026-05-31T14:07:53.771+0000] {manager.py:878} INFO - 
================================================================================
DAG File Processing Stats

File Path                          PID    Runtime      # DAGs    # Errors  Last Runtime    Last Run
---------------------------------  -----  ---------  --------  ----------  --------------  -------------------
/opt/airflow/dags/retailco_dag.py                           1           0  0.21s           2026-05-31T14:07:50
================================================================================
[2026-05-31T14:08:24.195+0000] {manager.py:878} INFO - 
================================================================================
DAG File Processing Stats

File Path                          PID    Runtime      # DAGs    # Errors  Last Runtime    Last Run
---------------------------------  -----  ---------  --------  ----------  --------------  -------------------
/opt/airflow/dags/retailco_dag.py                           1           0  0.17s           2026-05-31T14:08:21
================================================================================
[2026-05-31T14:08:54.624+0000] {manager.py:878} INFO - 
================================================================================
DAG File Processing Stats

File Path                          PID    Runtime      # DAGs    # Errors  Last Runtime    Last Run
---------------------------------  -----  ---------  --------  ----------  --------------  -------------------
/opt/airflow/dags/retailco_dag.py                           1           0  0.29s           2026-05-31T14:08:51
================================================================================
[2026-05-31T14:09:25.140+0000] {manager.py:878} INFO - 
================================================================================
DAG File Processing Stats

File Path                          PID    Runtime      # DAGs    # Errors  Last Runtime    Last Run
---------------------------------  -----  ---------  --------  ----------  --------------  -------------------
/opt/airflow/dags/retailco_dag.py                           1           0  0.26s           2026-05-31T14:09:22
================================================================================
[2026-05-31T14:09:37.170+0000] {manager.py:452} INFO - Exiting gracefully upon receiving signal 15
[2026-05-31T14:09:51.952+0000] {manager.py:470} INFO - Processing files using up to 2 processes at a time 
[2026-05-31T14:09:51.954+0000] {manager.py:471} INFO - Process each file at most once every 30 seconds
[2026-05-31T14:09:51.956+0000] {manager.py:472} INFO - Checking for new files in /opt/airflow/dags every 300 seconds
[2026-05-31T14:09:51.958+0000] {manager.py:737} INFO - Searching for files in /opt/airflow/dags
[2026-05-31T14:09:52.003+0000] {manager.py:740} INFO - There are 1 files in /opt/airflow/dags
[2026-05-31T14:09:52.232+0000] {manager.py:878} INFO - 
================================================================================
DAG File Processing Stats

File Path                            PID  Runtime      # DAGs    # Errors  Last Runtime    Last Run
---------------------------------  -----  ---------  --------  ----------  --------------  ----------
/opt/airflow/dags/retailco_dag.py    164  0.10s             0           0
================================================================================
[2026-05-31T14:10:22.538+0000] {manager.py:878} INFO - 
================================================================================
DAG File Processing Stats

File Path                            PID  Runtime      # DAGs    # Errors  Last Runtime    Last Run
---------------------------------  -----  ---------  --------  ----------  --------------  -------------------
/opt/airflow/dags/retailco_dag.py    169  0.01s             1           0  0.38s           2026-05-31T14:09:52
================================================================================
[2026-05-31T14:10:52.803+0000] {manager.py:878} INFO - 
================================================================================
DAG File Processing Stats

File Path                          PID    Runtime      # DAGs    # Errors  Last Runtime    Last Run
---------------------------------  -----  ---------  --------  ----------  --------------  -------------------
/opt/airflow/dags/retailco_dag.py                           1           0  0.28s           2026-05-31T14:10:22
================================================================================
[2026-05-31T14:11:23.318+0000] {manager.py:878} INFO - 
================================================================================
DAG File Processing Stats

File Path                          PID    Runtime      # DAGs    # Errors  Last Runtime    Last Run
---------------------------------  -----  ---------  --------  ----------  --------------  -------------------
/opt/airflow/dags/retailco_dag.py                           1           0  0.32s           2026-05-31T14:10:53
================================================================================
[2026-05-31T14:11:53.962+0000] {manager.py:878} INFO - 
================================================================================
DAG File Processing Stats

File Path                            PID  Runtime      # DAGs    # Errors  Last Runtime    Last Run
---------------------------------  -----  ---------  --------  ----------  --------------  -------------------
/opt/airflow/dags/retailco_dag.py    190  0.00s             1           0  0.18s           2026-05-31T14:11:23
================================================================================
[2026-05-31T14:12:24.462+0000] {manager.py:878} INFO - 
================================================================================
DAG File Processing Stats

File Path                            PID  Runtime      # DAGs    # Errors  Last Runtime    Last Run
---------------------------------  -----  ---------  --------  ----------  --------------  -------------------
/opt/airflow/dags/retailco_dag.py    195  0.01s             1           0  0.16s           2026-05-31T14:11:54
================================================================================
[2026-05-31T14:12:54.866+0000] {manager.py:878} INFO - 
================================================================================
DAG File Processing Stats

File Path                            PID  Runtime      # DAGs    # Errors  Last Runtime    Last Run
---------------------------------  -----  ---------  --------  ----------  --------------  -------------------
/opt/airflow/dags/retailco_dag.py    200  0.00s             1           0  0.27s           2026-05-31T14:12:24
================================================================================
[2026-05-31T14:13:25.399+0000] {manager.py:878} INFO - 
================================================================================
DAG File Processing Stats

File Path                            PID  Runtime      # DAGs    # Errors  Last Runtime    Last Run
---------------------------------  -----  ---------  --------  ----------  --------------  -------------------
/opt/airflow/dags/retailco_dag.py    205  0.01s             1           0  0.25s           2026-05-31T14:12:55
================================================================================
[2026-05-31T14:13:55.833+0000] {manager.py:878} INFO - 
================================================================================
DAG File Processing Stats

File Path                            PID  Runtime      # DAGs    # Errors  Last Runtime    Last Run
---------------------------------  -----  ---------  --------  ----------  --------------  -------------------
/opt/airflow/dags/retailco_dag.py    210  0.00s             1           0  0.21s           2026-05-31T14:13:25
================================================================================
[2026-05-31T14:14:26.291+0000] {manager.py:878} INFO - 
================================================================================
DAG File Processing Stats

File Path                          PID    Runtime      # DAGs    # Errors  Last Runtime    Last Run
---------------------------------  -----  ---------  --------  ----------  --------------  -------------------
/opt/airflow/dags/retailco_dag.py                           1           0  0.47s           2026-05-31T14:13:56
================================================================================
[2026-05-31T14:14:52.187+0000] {manager.py:737} INFO - Searching for files in /opt/airflow/dags
[2026-05-31T14:14:52.269+0000] {manager.py:740} INFO - There are 1 files in /opt/airflow/dags
[2026-05-31T14:14:56.356+0000] {manager.py:878} INFO - 
================================================================================
DAG File Processing Stats

File Path                          PID    Runtime      # DAGs    # Errors  Last Runtime    Last Run
---------------------------------  -----  ---------  --------  ----------  --------------  -------------------
/opt/airflow/dags/retailco_dag.py                           1           0  0.38s           2026-05-31T14:14:27
================================================================================
[2026-05-31T14:15:26.639+0000] {manager.py:878} INFO - 
================================================================================
DAG File Processing Stats

File Path                          PID    Runtime      # DAGs    # Errors  Last Runtime    Last Run
---------------------------------  -----  ---------  --------  ----------  --------------  -------------------
/opt/airflow/dags/retailco_dag.py                           1           0  0.35s           2026-05-31T14:14:57
================================================================================
[2026-05-31T14:15:56.732+0000] {manager.py:878} INFO - 
================================================================================
DAG File Processing Stats

File Path                          PID    Runtime      # DAGs    # Errors  Last Runtime    Last Run
---------------------------------  -----  ---------  --------  ----------  --------------  -------------------
/opt/airflow/dags/retailco_dag.py                           1           0  0.47s           2026-05-31T14:15:28
================================================================================
[2026-05-31T14:16:27.050+0000] {manager.py:878} INFO - 
================================================================================
DAG File Processing Stats

File Path                          PID    Runtime      # DAGs    # Errors  Last Runtime    Last Run
---------------------------------  -----  ---------  --------  ----------  --------------  -------------------
/opt/airflow/dags/retailco_dag.py                           1           0  0.36s           2026-05-31T14:15:58
================================================================================
[2026-05-31T14:16:57.357+0000] {manager.py:878} INFO - 
================================================================================
DAG File Processing Stats

File Path                          PID    Runtime      # DAGs    # Errors  Last Runtime    Last Run
---------------------------------  -----  ---------  --------  ----------  --------------  -------------------
/opt/airflow/dags/retailco_dag.py                           1           0  0.18s           2026-05-31T14:16:29
================================================================================
[2026-05-31T14:17:27.792+0000] {manager.py:878} INFO - 
================================================================================
DAG File Processing Stats

File Path                          PID    Runtime      # DAGs    # Errors  Last Runtime    Last Run
---------------------------------  -----  ---------  --------  ----------  --------------  -------------------
/opt/airflow/dags/retailco_dag.py                           1           0  0.36s           2026-05-31T14:16:59
================================================================================
[2026-05-31T14:17:58.330+0000] {manager.py:878} INFO - 
================================================================================
DAG File Processing Stats

File Path                          PID    Runtime      # DAGs    # Errors  Last Runtime    Last Run
---------------------------------  -----  ---------  --------  ----------  --------------  -------------------
/opt/airflow/dags/retailco_dag.py                           1           0  0.22s           2026-05-31T14:17:30
================================================================================
[2026-05-31T14:18:28.640+0000] {manager.py:878} INFO - 
================================================================================
DAG File Processing Stats

File Path                          PID    Runtime      # DAGs    # Errors  Last Runtime    Last Run
---------------------------------  -----  ---------  --------  ----------  --------------  -------------------
/opt/airflow/dags/retailco_dag.py                           1           0  0.17s           2026-05-31T14:18:00
================================================================================
[2026-05-31T14:18:59.127+0000] {manager.py:878} INFO - 
================================================================================
DAG File Processing Stats

File Path                          PID    Runtime      # DAGs    # Errors  Last Runtime    Last Run
---------------------------------  -----  ---------  --------  ----------  --------------  -------------------
/opt/airflow/dags/retailco_dag.py                           1           0  0.17s           2026-05-31T14:18:30
================================================================================
[2026-05-31T14:19:29.405+0000] {manager.py:878} INFO - 
================================================================================
DAG File Processing Stats

File Path                          PID    Runtime      # DAGs    # Errors  Last Runtime    Last Run
---------------------------------  -----  ---------  --------  ----------  --------------  -------------------
/opt/airflow/dags/retailco_dag.py                           1           0  0.17s           2026-05-31T14:19:01
================================================================================
[2026-05-31T14:19:52.857+0000] {manager.py:737} INFO - Searching for files in /opt/airflow/dags
[2026-05-31T14:19:52.917+0000] {manager.py:740} INFO - There are 1 files in /opt/airflow/dags
[2026-05-31T14:20:00.002+0000] {manager.py:878} INFO - 
================================================================================
DAG File Processing Stats

File Path                          PID    Runtime      # DAGs    # Errors  Last Runtime    Last Run
---------------------------------  -----  ---------  --------  ----------  --------------  -------------------
/opt/airflow/dags/retailco_dag.py                           1           0  0.19s           2026-05-31T14:19:31
================================================================================
[2026-05-31T14:20:30.316+0000] {manager.py:878} INFO - 
================================================================================
DAG File Processing Stats

File Path                          PID    Runtime      # DAGs    # Errors  Last Runtime    Last Run
---------------------------------  -----  ---------  --------  ----------  --------------  -------------------
/opt/airflow/dags/retailco_dag.py                           1           0  0.16s           2026-05-31T14:20:02
================================================================================
[2026-05-31T14:21:00.854+0000] {manager.py:878} INFO - 
================================================================================
DAG File Processing Stats

File Path                          PID    Runtime      # DAGs    # Errors  Last Runtime    Last Run
---------------------------------  -----  ---------  --------  ----------  --------------  -------------------
/opt/airflow/dags/retailco_dag.py                           1           0  0.16s           2026-05-31T14:20:32
================================================================================
[2026-05-31T14:21:31.134+0000] {manager.py:878} INFO - 
================================================================================
DAG File Processing Stats

File Path                          PID    Runtime      # DAGs    # Errors  Last Runtime    Last Run
---------------------------------  -----  ---------  --------  ----------  --------------  -------------------
/opt/airflow/dags/retailco_dag.py                           1           0  0.15s           2026-05-31T14:21:03
================================================================================
[2026-05-31T14:22:01.562+0000] {manager.py:878} INFO - 
================================================================================
DAG File Processing Stats

File Path                          PID    Runtime      # DAGs    # Errors  Last Runtime    Last Run
---------------------------------  -----  ---------  --------  ----------  --------------  -------------------
/opt/airflow/dags/retailco_dag.py                           1           0  0.20s           2026-05-31T14:21:33
================================================================================
[2026-05-31T14:22:31.957+0000] {manager.py:878} INFO - 
================================================================================
DAG File Processing Stats

File Path                          PID    Runtime      # DAGs    # Errors  Last Runtime    Last Run
---------------------------------  -----  ---------  --------  ----------  --------------  -------------------
/opt/airflow/dags/retailco_dag.py                           1           0  0.17s           2026-05-31T14:22:03
================================================================================
[2026-05-31T14:23:02.372+0000] {manager.py:878} INFO - 
================================================================================
DAG File Processing Stats

File Path                          PID    Runtime      # DAGs    # Errors  Last Runtime    Last Run
---------------------------------  -----  ---------  --------  ----------  --------------  -------------------
/opt/airflow/dags/retailco_dag.py                           1           0  0.37s           2026-05-31T14:22:34
================================================================================
[2026-05-31T14:23:32.672+0000] {manager.py:878} INFO - 
================================================================================
DAG File Processing Stats

File Path                          PID    Runtime      # DAGs    # Errors  Last Runtime    Last Run
---------------------------------  -----  ---------  --------  ----------  --------------  -------------------
/opt/airflow/dags/retailco_dag.py                           1           0  0.17s           2026-05-31T14:23:04
================================================================================
[2026-05-31T14:24:03.155+0000] {manager.py:878} INFO - 
================================================================================
DAG File Processing Stats

File Path                          PID    Runtime      # DAGs    # Errors  Last Runtime    Last Run
---------------------------------  -----  ---------  --------  ----------  --------------  -------------------
/opt/airflow/dags/retailco_dag.py                           1           0  0.18s           2026-05-31T14:23:34
================================================================================
[2026-05-31T14:24:33.501+0000] {manager.py:878} INFO - 
================================================================================
DAG File Processing Stats

File Path                          PID    Runtime      # DAGs    # Errors  Last Runtime    Last Run
---------------------------------  -----  ---------  --------  ----------  --------------  -------------------
/opt/airflow/dags/retailco_dag.py                           1           0  0.48s           2026-05-31T14:24:05
================================================================================
[2026-05-31T14:24:53.229+0000] {manager.py:737} INFO - Searching for files in /opt/airflow/dags
[2026-05-31T14:24:53.294+0000] {manager.py:740} INFO - There are 1 files in /opt/airflow/dags
[2026-05-31T14:25:03.544+0000] {manager.py:878} INFO - 
================================================================================
DAG File Processing Stats

File Path                          PID    Runtime      # DAGs    # Errors  Last Runtime    Last Run
---------------------------------  -----  ---------  --------  ----------  --------------  -------------------
/opt/airflow/dags/retailco_dag.py                           1           0  0.20s           2026-05-31T14:24:36
================================================================================
[2026-05-31T14:25:33.796+0000] {manager.py:878} INFO - 
================================================================================
DAG File Processing Stats

File Path                          PID    Runtime      # DAGs    # Errors  Last Runtime    Last Run
---------------------------------  -----  ---------  --------  ----------  --------------  -------------------
/opt/airflow/dags/retailco_dag.py                           1           0  0.17s           2026-05-31T14:25:06
================================================================================
[2026-05-31T14:26:04.093+0000] {manager.py:878} INFO - 
================================================================================
DAG File Processing Stats

File Path                          PID    Runtime      # DAGs    # Errors  Last Runtime    Last Run
---------------------------------  -----  ---------  --------  ----------  --------------  -------------------
/opt/airflow/dags/retailco_dag.py                           1           0  0.17s           2026-05-31T14:25:37
================================================================================
[2026-05-31T14:26:34.473+0000] {manager.py:878} INFO - 
================================================================================
DAG File Processing Stats

File Path                          PID    Runtime      # DAGs    # Errors  Last Runtime    Last Run
---------------------------------  -----  ---------  --------  ----------  --------------  -------------------
/opt/airflow/dags/retailco_dag.py                           1           0  0.20s           2026-05-31T14:26:07
================================================================================
[2026-05-31T14:27:04.883+0000] {manager.py:878} INFO - 
================================================================================
DAG File Processing Stats

File Path                          PID    Runtime      # DAGs    # Errors  Last Runtime    Last Run
---------------------------------  -----  ---------  --------  ----------  --------------  -------------------
/opt/airflow/dags/retailco_dag.py                           1           0  0.24s           2026-05-31T14:26:37
================================================================================
[2026-05-31T14:27:35.244+0000] {manager.py:878} INFO - 
================================================================================
DAG File Processing Stats

File Path                          PID    Runtime      # DAGs    # Errors  Last Runtime    Last Run
---------------------------------  -----  ---------  --------  ----------  --------------  -------------------
/opt/airflow/dags/retailco_dag.py                           1           0  0.18s           2026-05-31T14:27:08
================================================================================
[2026-05-31T14:28:05.742+0000] {manager.py:878} INFO - 
================================================================================
DAG File Processing Stats

File Path                          PID    Runtime      # DAGs    # Errors  Last Runtime    Last Run
---------------------------------  -----  ---------  --------  ----------  --------------  -------------------
/opt/airflow/dags/retailco_dag.py                           1           0  0.19s           2026-05-31T14:27:38
================================================================================
[2026-05-31T14:28:36.126+0000] {manager.py:878} INFO - 
================================================================================
DAG File Processing Stats

File Path                          PID    Runtime      # DAGs    # Errors  Last Runtime    Last Run
---------------------------------  -----  ---------  --------  ----------  --------------  -------------------
/opt/airflow/dags/retailco_dag.py                           1           0  0.20s           2026-05-31T14:28:08
================================================================================
[2026-05-31T14:29:06.535+0000] {manager.py:878} INFO - 
================================================================================
DAG File Processing Stats

File Path                          PID    Runtime      # DAGs    # Errors  Last Runtime    Last Run
---------------------------------  -----  ---------  --------  ----------  --------------  -------------------
/opt/airflow/dags/retailco_dag.py                           1           0  0.19s           2026-05-31T14:28:39
================================================================================
[2026-05-31T14:29:36.878+0000] {manager.py:878} INFO - 
================================================================================
DAG File Processing Stats

File Path                          PID    Runtime      # DAGs    # Errors  Last Runtime    Last Run
---------------------------------  -----  ---------  --------  ----------  --------------  -------------------
/opt/airflow/dags/retailco_dag.py                           1           0  0.17s           2026-05-31T14:29:09
================================================================================
[2026-05-31T14:29:53.303+0000] {manager.py:737} INFO - Searching for files in /opt/airflow/dags
[2026-05-31T14:29:53.367+0000] {manager.py:740} INFO - There are 1 files in /opt/airflow/dags
[2026-05-31T14:30:07.363+0000] {manager.py:878} INFO - 
================================================================================
DAG File Processing Stats

File Path                          PID    Runtime      # DAGs    # Errors  Last Runtime    Last Run
---------------------------------  -----  ---------  --------  ----------  --------------  -------------------
/opt/airflow/dags/retailco_dag.py                           1           0  0.21s           2026-05-31T14:29:40
================================================================================
[2026-05-31T14:30:37.861+0000] {manager.py:878} INFO - 
================================================================================
DAG File Processing Stats

File Path                          PID    Runtime      # DAGs    # Errors  Last Runtime    Last Run
---------------------------------  -----  ---------  --------  ----------  --------------  -------------------
/opt/airflow/dags/retailco_dag.py                           1           0  0.17s           2026-05-31T14:30:10
================================================================================
[2026-05-31T14:31:08.188+0000] {manager.py:878} INFO - 
================================================================================
DAG File Processing Stats

File Path                          PID    Runtime      # DAGs    # Errors  Last Runtime    Last Run
---------------------------------  -----  ---------  --------  ----------  --------------  -------------------
/opt/airflow/dags/retailco_dag.py                           1           0  0.18s           2026-05-31T14:30:41
================================================================================
[2026-05-31T14:31:38.530+0000] {manager.py:878} INFO - 
================================================================================
DAG File Processing Stats

File Path                          PID    Runtime      # DAGs    # Errors  Last Runtime    Last Run
---------------------------------  -----  ---------  --------  ----------  --------------  -------------------
/opt/airflow/dags/retailco_dag.py                           1           0  0.18s           2026-05-31T14:31:11
================================================================================
[2026-05-31T14:32:09.030+0000] {manager.py:878} INFO - 
================================================================================
DAG File Processing Stats

File Path                          PID    Runtime      # DAGs    # Errors  Last Runtime    Last Run
---------------------------------  -----  ---------  --------  ----------  --------------  -------------------
/opt/airflow/dags/retailco_dag.py                           1           0  0.17s           2026-05-31T14:31:41
================================================================================
[2026-05-31T14:32:39.551+0000] {manager.py:878} INFO - 
================================================================================
DAG File Processing Stats

File Path                          PID    Runtime      # DAGs    # Errors  Last Runtime    Last Run
---------------------------------  -----  ---------  --------  ----------  --------------  -------------------
/opt/airflow/dags/retailco_dag.py                           1           0  0.18s           2026-05-31T14:32:12
================================================================================
[2026-05-31T14:33:09.866+0000] {manager.py:878} INFO - 
================================================================================
DAG File Processing Stats

File Path                          PID    Runtime      # DAGs    # Errors  Last Runtime    Last Run
---------------------------------  -----  ---------  --------  ----------  --------------  -------------------
/opt/airflow/dags/retailco_dag.py                           1           0  0.17s           2026-05-31T14:32:42
================================================================================
[2026-05-31T14:33:40.289+0000] {manager.py:878} INFO - 
================================================================================
DAG File Processing Stats

File Path                          PID    Runtime      # DAGs    # Errors  Last Runtime    Last Run
---------------------------------  -----  ---------  --------  ----------  --------------  -------------------
/opt/airflow/dags/retailco_dag.py                           1           0  0.17s           2026-05-31T14:33:13
================================================================================
[2026-05-31T14:34:10.718+0000] {manager.py:878} INFO - 
================================================================================
DAG File Processing Stats

File Path                          PID    Runtime      # DAGs    # Errors  Last Runtime    Last Run
---------------------------------  -----  ---------  --------  ----------  --------------  -------------------
/opt/airflow/dags/retailco_dag.py                           1           0  0.20s           2026-05-31T14:33:43
================================================================================
[2026-05-31T14:34:41.122+0000] {manager.py:878} INFO - 
================================================================================
DAG File Processing Stats

File Path                          PID    Runtime      # DAGs    # Errors  Last Runtime    Last Run
---------------------------------  -----  ---------  --------  ----------  --------------  -------------------
/opt/airflow/dags/retailco_dag.py                           1           0  0.18s           2026-05-31T14:34:13
================================================================================
[2026-05-31T14:34:53.388+0000] {manager.py:737} INFO - Searching for files in /opt/airflow/dags
[2026-05-31T14:34:53.449+0000] {manager.py:740} INFO - There are 1 files in /opt/airflow/dags
[2026-05-31T14:35:11.634+0000] {manager.py:878} INFO - 
================================================================================
DAG File Processing Stats

File Path                          PID    Runtime      # DAGs    # Errors  Last Runtime    Last Run
---------------------------------  -----  ---------  --------  ----------  --------------  -------------------
/opt/airflow/dags/retailco_dag.py                           1           0  0.19s           2026-05-31T14:34:44
================================================================================
[2026-05-31T14:35:41.959+0000] {manager.py:878} INFO - 
================================================================================
DAG File Processing Stats

File Path                          PID    Runtime      # DAGs    # Errors  Last Runtime    Last Run
---------------------------------  -----  ---------  --------  ----------  --------------  -------------------
/opt/airflow/dags/retailco_dag.py                           1           0  0.17s           2026-05-31T14:35:14
================================================================================
[2026-05-31T14:36:12.421+0000] {manager.py:878} INFO - 
================================================================================
DAG File Processing Stats

File Path                          PID    Runtime      # DAGs    # Errors  Last Runtime    Last Run
---------------------------------  -----  ---------  --------  ----------  --------------  -------------------
/opt/airflow/dags/retailco_dag.py                           1           0  0.16s           2026-05-31T14:35:45
================================================================================
[2026-05-31T14:36:42.766+0000] {manager.py:878} INFO - 
================================================================================
DAG File Processing Stats

File Path                          PID    Runtime      # DAGs    # Errors  Last Runtime    Last Run
---------------------------------  -----  ---------  --------  ----------  --------------  -------------------
/opt/airflow/dags/retailco_dag.py                           1           0  0.20s           2026-05-31T14:36:15
================================================================================
[2026-05-31T14:37:13.248+0000] {manager.py:878} INFO - 
================================================================================
DAG File Processing Stats

File Path                          PID    Runtime      # DAGs    # Errors  Last Runtime    Last Run
---------------------------------  -----  ---------  --------  ----------  --------------  -------------------
/opt/airflow/dags/retailco_dag.py                           1           0  0.30s           2026-05-31T14:36:46
================================================================================
[2026-05-31T14:37:43.706+0000] {manager.py:878} INFO - 
================================================================================
DAG File Processing Stats

File Path                          PID    Runtime      # DAGs    # Errors  Last Runtime    Last Run
---------------------------------  -----  ---------  --------  ----------  --------------  -------------------
/opt/airflow/dags/retailco_dag.py                           1           0  0.20s           2026-05-31T14:37:16
================================================================================
[2026-05-31T14:38:14.287+0000] {manager.py:878} INFO - 
================================================================================
DAG File Processing Stats

File Path                          PID    Runtime      # DAGs    # Errors  Last Runtime    Last Run
---------------------------------  -----  ---------  --------  ----------  --------------  -------------------
/opt/airflow/dags/retailco_dag.py                           1           0  0.53s           2026-05-31T14:37:47
================================================================================
[2026-05-31T14:38:45.020+0000] {manager.py:878} INFO - 
================================================================================
DAG File Processing Stats

File Path                          PID    Runtime      # DAGs    # Errors  Last Runtime    Last Run
---------------------------------  -----  ---------  --------  ----------  --------------  -------------------
/opt/airflow/dags/retailco_dag.py                           1           0  0.21s           2026-05-31T14:38:17
================================================================================
[2026-05-31T14:39:15.500+0000] {manager.py:878} INFO - 
================================================================================
DAG File Processing Stats

File Path                          PID    Runtime      # DAGs    # Errors  Last Runtime    Last Run
---------------------------------  -----  ---------  --------  ----------  --------------  -------------------
/opt/airflow/dags/retailco_dag.py                           1           0  0.20s           2026-05-31T14:38:48
================================================================================
[2026-05-31T14:39:45.829+0000] {manager.py:878} INFO - 
================================================================================
DAG File Processing Stats

File Path                          PID    Runtime      # DAGs    # Errors  Last Runtime    Last Run
---------------------------------  -----  ---------  --------  ----------  --------------  -------------------
/opt/airflow/dags/retailco_dag.py                           1           0  0.17s           2026-05-31T14:39:18
================================================================================
[2026-05-31T14:39:54.052+0000] {manager.py:737} INFO - Searching for files in /opt/airflow/dags
[2026-05-31T14:39:54.154+0000] {manager.py:740} INFO - There are 1 files in /opt/airflow/dags
[2026-05-31T14:40:16.403+0000] {manager.py:878} INFO - 
================================================================================
DAG File Processing Stats

File Path                          PID    Runtime      # DAGs    # Errors  Last Runtime    Last Run
---------------------------------  -----  ---------  --------  ----------  --------------  -------------------
/opt/airflow/dags/retailco_dag.py                           1           0  0.18s           2026-05-31T14:39:49
================================================================================
[2026-05-31T14:40:46.779+0000] {manager.py:878} INFO - 
================================================================================
DAG File Processing Stats

File Path                          PID    Runtime      # DAGs    # Errors  Last Runtime    Last Run
---------------------------------  -----  ---------  --------  ----------  --------------  -------------------
/opt/airflow/dags/retailco_dag.py                           1           0  0.18s           2026-05-31T14:40:19
================================================================================
[2026-05-31T14:41:17.143+0000] {manager.py:878} INFO - 
================================================================================
DAG File Processing Stats

File Path                          PID    Runtime      # DAGs    # Errors  Last Runtime    Last Run
---------------------------------  -----  ---------  --------  ----------  --------------  -------------------
/opt/airflow/dags/retailco_dag.py                           1           0  0.17s           2026-05-31T14:40:49
================================================================================
[2026-05-31T14:41:47.538+0000] {manager.py:878} INFO - 
================================================================================
DAG File Processing Stats

File Path                          PID    Runtime      # DAGs    # Errors  Last Runtime    Last Run
---------------------------------  -----  ---------  --------  ----------  --------------  -------------------
/opt/airflow/dags/retailco_dag.py                           1           0  0.18s           2026-05-31T14:41:20
================================================================================
[2026-05-31T14:42:17.963+0000] {manager.py:878} INFO - 
================================================================================
DAG File Processing Stats

File Path                          PID    Runtime      # DAGs    # Errors  Last Runtime    Last Run
---------------------------------  -----  ---------  --------  ----------  --------------  -------------------
/opt/airflow/dags/retailco_dag.py                           1           0  0.21s           2026-05-31T14:41:50
================================================================================
[2026-05-31T14:42:48.479+0000] {manager.py:878} INFO - 
================================================================================
DAG File Processing Stats

File Path                          PID    Runtime      # DAGs    # Errors  Last Runtime    Last Run
---------------------------------  -----  ---------  --------  ----------  --------------  -------------------
/opt/airflow/dags/retailco_dag.py                           1           0  0.16s           2026-05-31T14:42:21
================================================================================
[2026-05-31T14:43:18.893+0000] {manager.py:878} INFO - 
================================================================================
DAG File Processing Stats

File Path                          PID    Runtime      # DAGs    # Errors  Last Runtime    Last Run
---------------------------------  -----  ---------  --------  ----------  --------------  -------------------
/opt/airflow/dags/retailco_dag.py                           1           0  0.39s           2026-05-31T14:42:51
================================================================================
[2026-05-31T14:43:49.561+0000] {manager.py:878} INFO - 
================================================================================
DAG File Processing Stats

File Path                          PID    Runtime      # DAGs    # Errors  Last Runtime    Last Run
---------------------------------  -----  ---------  --------  ----------  --------------  -------------------
/opt/airflow/dags/retailco_dag.py                           1           0  0.18s           2026-05-31T14:43:22
================================================================================
[2026-05-31T14:44:20.032+0000] {manager.py:878} INFO - 
================================================================================
DAG File Processing Stats

File Path                          PID    Runtime      # DAGs    # Errors  Last Runtime    Last Run
---------------------------------  -----  ---------  --------  ----------  --------------  -------------------
/opt/airflow/dags/retailco_dag.py                           1           0  0.20s           2026-05-31T14:43:52
================================================================================
[2026-05-31T14:44:50.375+0000] {manager.py:878} INFO - 
================================================================================
DAG File Processing Stats

File Path                          PID    Runtime      # DAGs    # Errors  Last Runtime    Last Run
---------------------------------  -----  ---------  --------  ----------  --------------  -------------------
/opt/airflow/dags/retailco_dag.py                           1           0  0.41s           2026-05-31T14:44:23
================================================================================
[2026-05-31T14:44:54.056+0000] {manager.py:737} INFO - Searching for files in /opt/airflow/dags
[2026-05-31T14:44:54.093+0000] {manager.py:740} INFO - There are 1 files in /opt/airflow/dags
[2026-05-31T14:45:21.055+0000] {manager.py:878} INFO - 
================================================================================
DAG File Processing Stats

File Path                          PID    Runtime      # DAGs    # Errors  Last Runtime    Last Run
---------------------------------  -----  ---------  --------  ----------  --------------  -------------------
/opt/airflow/dags/retailco_dag.py                           1           0  0.25s           2026-05-31T14:44:54
================================================================================
[2026-05-31T14:45:51.680+0000] {manager.py:878} INFO - 
================================================================================
DAG File Processing Stats

File Path                          PID    Runtime      # DAGs    # Errors  Last Runtime    Last Run
---------------------------------  -----  ---------  --------  ----------  --------------  -------------------
/opt/airflow/dags/retailco_dag.py                           1           0  0.21s           2026-05-31T14:45:24
================================================================================
[2026-05-31T14:46:22.074+0000] {manager.py:878} INFO - 
================================================================================
DAG File Processing Stats

File Path                          PID    Runtime      # DAGs    # Errors  Last Runtime    Last Run
---------------------------------  -----  ---------  --------  ----------  --------------  -------------------
/opt/airflow/dags/retailco_dag.py                           1           0  0.20s           2026-05-31T14:45:54
================================================================================
[2026-05-31T14:46:52.590+0000] {manager.py:878} INFO - 
================================================================================
DAG File Processing Stats

File Path                          PID    Runtime      # DAGs    # Errors  Last Runtime    Last Run
---------------------------------  -----  ---------  --------  ----------  --------------  -------------------
/opt/airflow/dags/retailco_dag.py                           1           0  0.20s           2026-05-31T14:46:25
================================================================================
[2026-05-31T14:47:22.961+0000] {manager.py:878} INFO - 
================================================================================
DAG File Processing Stats

File Path                          PID    Runtime      # DAGs    # Errors  Last Runtime    Last Run
---------------------------------  -----  ---------  --------  ----------  --------------  -------------------
/opt/airflow/dags/retailco_dag.py                           1           0  0.21s           2026-05-31T14:46:55
================================================================================
[2026-05-31T14:47:53.453+0000] {manager.py:878} INFO - 
================================================================================
DAG File Processing Stats

File Path                          PID    Runtime      # DAGs    # Errors  Last Runtime    Last Run
---------------------------------  -----  ---------  --------  ----------  --------------  -------------------
/opt/airflow/dags/retailco_dag.py                           1           0  0.19s           2026-05-31T14:47:26
================================================================================
[2026-05-31T14:48:23.853+0000] {manager.py:878} INFO - 
================================================================================
DAG File Processing Stats

File Path                          PID    Runtime      # DAGs    # Errors  Last Runtime    Last Run
---------------------------------  -----  ---------  --------  ----------  --------------  -------------------
/opt/airflow/dags/retailco_dag.py                           1           0  0.16s           2026-05-31T14:47:56
================================================================================
[2026-05-31T14:48:56.087+0000] {manager.py:878} INFO - 
================================================================================
DAG File Processing Stats

File Path                          PID    Runtime      # DAGs    # Errors  Last Runtime    Last Run
---------------------------------  -----  ---------  --------  ----------  --------------  -------------------
/opt/airflow/dags/retailco_dag.py                           1           0  0.22s           2026-05-31T14:48:27
================================================================================
[2026-05-31T14:49:26.553+0000] {manager.py:878} INFO - 
================================================================================
DAG File Processing Stats

File Path                          PID    Runtime      # DAGs    # Errors  Last Runtime    Last Run
---------------------------------  -----  ---------  --------  ----------  --------------  -------------------
/opt/airflow/dags/retailco_dag.py                           1           0  0.20s           2026-05-31T14:48:57
================================================================================
[2026-05-31T14:49:54.905+0000] {manager.py:737} INFO - Searching for files in /opt/airflow/dags
[2026-05-31T14:49:54.947+0000] {manager.py:740} INFO - There are 1 files in /opt/airflow/dags
[2026-05-31T14:49:56.984+0000] {manager.py:878} INFO - 
================================================================================
DAG File Processing Stats

File Path                          PID    Runtime      # DAGs    # Errors  Last Runtime    Last Run
---------------------------------  -----  ---------  --------  ----------  --------------  -------------------
/opt/airflow/dags/retailco_dag.py                           1           0  0.19s           2026-05-31T14:49:27
================================================================================
[2026-05-31T14:50:27.233+0000] {manager.py:878} INFO - 
================================================================================
DAG File Processing Stats

File Path                          PID    Runtime      # DAGs    # Errors  Last Runtime    Last Run
---------------------------------  -----  ---------  --------  ----------  --------------  -------------------
/opt/airflow/dags/retailco_dag.py                           1           0  0.20s           2026-05-31T14:49:58
================================================================================
[2026-05-31T14:50:57.627+0000] {manager.py:878} INFO - 
================================================================================
DAG File Processing Stats

File Path                          PID    Runtime      # DAGs    # Errors  Last Runtime    Last Run
---------------------------------  -----  ---------  --------  ----------  --------------  -------------------
/opt/airflow/dags/retailco_dag.py                           1           0  0.21s           2026-05-31T14:50:28
================================================================================
[2026-05-31T14:51:27.929+0000] {manager.py:878} INFO - 
================================================================================
DAG File Processing Stats

File Path                          PID    Runtime      # DAGs    # Errors  Last Runtime    Last Run
---------------------------------  -----  ---------  --------  ----------  --------------  -------------------
/opt/airflow/dags/retailco_dag.py                           1           0  0.21s           2026-05-31T14:50:58
================================================================================
[2026-05-31T14:51:58.310+0000] {manager.py:878} INFO - 
================================================================================
DAG File Processing Stats

File Path                          PID    Runtime      # DAGs    # Errors  Last Runtime    Last Run
---------------------------------  -----  ---------  --------  ----------  --------------  -------------------
/opt/airflow/dags/retailco_dag.py                           1           0  0.25s           2026-05-31T14:51:29
================================================================================
[2026-05-31T14:52:28.654+0000] {manager.py:878} INFO - 
================================================================================
DAG File Processing Stats

File Path                          PID    Runtime      # DAGs    # Errors  Last Runtime    Last Run
---------------------------------  -----  ---------  --------  ----------  --------------  -------------------
/opt/airflow/dags/retailco_dag.py                           1           0  0.17s           2026-05-31T14:51:59
================================================================================
[2026-05-31T14:52:59.057+0000] {manager.py:878} INFO - 
================================================================================
DAG File Processing Stats

File Path                          PID    Runtime      # DAGs    # Errors  Last Runtime    Last Run
---------------------------------  -----  ---------  --------  ----------  --------------  -------------------
/opt/airflow/dags/retailco_dag.py                           1           0  0.19s           2026-05-31T14:52:29
================================================================================
[2026-05-31T14:53:29.432+0000] {manager.py:878} INFO - 
================================================================================
DAG File Processing Stats

File Path                          PID    Runtime      # DAGs    # Errors  Last Runtime    Last Run
---------------------------------  -----  ---------  --------  ----------  --------------  -------------------
/opt/airflow/dags/retailco_dag.py                           1           0  0.17s           2026-05-31T14:53:00
================================================================================
[2026-05-31T14:53:59.809+0000] {manager.py:878} INFO - 
================================================================================
DAG File Processing Stats

File Path                          PID    Runtime      # DAGs    # Errors  Last Runtime    Last Run
---------------------------------  -----  ---------  --------  ----------  --------------  -------------------
/opt/airflow/dags/retailco_dag.py                           1           0  0.17s           2026-05-31T14:53:30
================================================================================
[2026-05-31T14:54:30.193+0000] {manager.py:878} INFO - 
================================================================================
DAG File Processing Stats

File Path                          PID    Runtime      # DAGs    # Errors  Last Runtime    Last Run
---------------------------------  -----  ---------  --------  ----------  --------------  -------------------
/opt/airflow/dags/retailco_dag.py                           1           0  0.17s           2026-05-31T14:54:01
================================================================================
[2026-05-31T14:54:55.502+0000] {manager.py:737} INFO - Searching for files in /opt/airflow/dags
[2026-05-31T14:54:55.597+0000] {manager.py:740} INFO - There are 1 files in /opt/airflow/dags
[2026-05-31T14:55:00.685+0000] {manager.py:878} INFO - 
================================================================================
DAG File Processing Stats

File Path                          PID    Runtime      # DAGs    # Errors  Last Runtime    Last Run
---------------------------------  -----  ---------  --------  ----------  --------------  -------------------
/opt/airflow/dags/retailco_dag.py                           1           0  0.16s           2026-05-31T14:54:31
================================================================================
[2026-05-31T14:55:30.994+0000] {manager.py:878} INFO - 
================================================================================
DAG File Processing Stats

File Path                          PID    Runtime      # DAGs    # Errors  Last Runtime    Last Run
---------------------------------  -----  ---------  --------  ----------  --------------  -------------------
/opt/airflow/dags/retailco_dag.py                           1           0  0.16s           2026-05-31T14:55:01
================================================================================
[2026-05-31T14:56:01.375+0000] {manager.py:878} INFO - 
================================================================================
DAG File Processing Stats

File Path                          PID    Runtime      # DAGs    # Errors  Last Runtime    Last Run
---------------------------------  -----  ---------  --------  ----------  --------------  -------------------
/opt/airflow/dags/retailco_dag.py                           1           0  0.16s           2026-05-31T14:55:32
================================================================================
[2026-05-31T14:56:31.701+0000] {manager.py:878} INFO - 
================================================================================
DAG File Processing Stats

File Path                          PID    Runtime      # DAGs    # Errors  Last Runtime    Last Run
---------------------------------  -----  ---------  --------  ----------  --------------  -------------------
/opt/airflow/dags/retailco_dag.py                           1           0  0.20s           2026-05-31T14:56:02
================================================================================
[2026-05-31T14:57:02.228+0000] {manager.py:878} INFO - 
================================================================================
DAG File Processing Stats

File Path                          PID    Runtime      # DAGs    # Errors  Last Runtime    Last Run
---------------------------------  -----  ---------  --------  ----------  --------------  -------------------
/opt/airflow/dags/retailco_dag.py                           1           0  0.17s           2026-05-31T14:56:32
================================================================================
[2026-05-31T14:57:32.625+0000] {manager.py:878} INFO - 
================================================================================
DAG File Processing Stats

File Path                          PID    Runtime      # DAGs    # Errors  Last Runtime    Last Run
---------------------------------  -----  ---------  --------  ----------  --------------  -------------------
/opt/airflow/dags/retailco_dag.py                           1           0  0.17s           2026-05-31T14:57:03
================================================================================
[2026-05-31T14:58:03.136+0000] {manager.py:878} INFO - 
================================================================================
DAG File Processing Stats

File Path                          PID    Runtime      # DAGs    # Errors  Last Runtime    Last Run
---------------------------------  -----  ---------  --------  ----------  --------------  -------------------
/opt/airflow/dags/retailco_dag.py                           1           0  0.17s           2026-05-31T14:57:33
================================================================================
[2026-05-31T14:58:33.598+0000] {manager.py:878} INFO - 
================================================================================
DAG File Processing Stats

File Path                          PID    Runtime      # DAGs    # Errors  Last Runtime    Last Run
---------------------------------  -----  ---------  --------  ----------  --------------  -------------------
/opt/airflow/dags/retailco_dag.py                           1           0  0.15s           2026-05-31T14:58:04
================================================================================
[2026-05-31T14:59:04.151+0000] {manager.py:878} INFO - 
================================================================================
DAG File Processing Stats

File Path                          PID    Runtime      # DAGs    # Errors  Last Runtime    Last Run
---------------------------------  -----  ---------  --------  ----------  --------------  -------------------
/opt/airflow/dags/retailco_dag.py                           1           0  0.18s           2026-05-31T14:58:34
================================================================================
[2026-05-31T14:59:34.609+0000] {manager.py:878} INFO - 
================================================================================
DAG File Processing Stats

File Path                          PID    Runtime      # DAGs    # Errors  Last Runtime    Last Run
---------------------------------  -----  ---------  --------  ----------  --------------  -------------------
/opt/airflow/dags/retailco_dag.py                           1           0  0.16s           2026-05-31T14:59:05
================================================================================
[2026-05-31T14:59:55.931+0000] {manager.py:737} INFO - Searching for files in /opt/airflow/dags
[2026-05-31T14:59:55.994+0000] {manager.py:740} INFO - There are 1 files in /opt/airflow/dags
[2026-05-31T15:00:05.126+0000] {manager.py:878} INFO - 
================================================================================
DAG File Processing Stats

File Path                          PID    Runtime      # DAGs    # Errors  Last Runtime    Last Run
---------------------------------  -----  ---------  --------  ----------  --------------  -------------------
/opt/airflow/dags/retailco_dag.py                           1           0  0.15s           2026-05-31T14:59:35
================================================================================
[2026-05-31T15:00:35.574+0000] {manager.py:878} INFO - 
================================================================================
DAG File Processing Stats

File Path                          PID    Runtime      # DAGs    # Errors  Last Runtime    Last Run
---------------------------------  -----  ---------  --------  ----------  --------------  -------------------
/opt/airflow/dags/retailco_dag.py                           1           0  0.16s           2026-05-31T15:00:06
================================================================================
[2026-05-31T15:01:06.115+0000] {manager.py:878} INFO - 
================================================================================
DAG File Processing Stats

File Path                          PID    Runtime      # DAGs    # Errors  Last Runtime    Last Run
---------------------------------  -----  ---------  --------  ----------  --------------  -------------------
/opt/airflow/dags/retailco_dag.py                           1           0  0.17s           2026-05-31T15:00:36
================================================================================
[2026-05-31T15:01:36.569+0000] {manager.py:878} INFO - 
================================================================================
DAG File Processing Stats

File Path                          PID    Runtime      # DAGs    # Errors  Last Runtime    Last Run
---------------------------------  -----  ---------  --------  ----------  --------------  -------------------
/opt/airflow/dags/retailco_dag.py                           1           0  0.16s           2026-05-31T15:01:07
================================================================================
[2026-05-31T15:02:07.066+0000] {manager.py:878} INFO - 
================================================================================
DAG File Processing Stats

File Path                          PID    Runtime      # DAGs    # Errors  Last Runtime    Last Run
---------------------------------  -----  ---------  --------  ----------  --------------  -------------------
/opt/airflow/dags/retailco_dag.py                           1           0  0.18s           2026-05-31T15:01:37
================================================================================
[2026-05-31T15:02:37.735+0000] {manager.py:878} INFO - 
================================================================================
DAG File Processing Stats

File Path                          PID    Runtime      # DAGs    # Errors  Last Runtime    Last Run
---------------------------------  -----  ---------  --------  ----------  --------------  -------------------
/opt/airflow/dags/retailco_dag.py                           1           0  0.18s           2026-05-31T15:02:08
================================================================================
[2026-05-31T15:03:08.307+0000] {manager.py:878} INFO - 
================================================================================
DAG File Processing Stats

File Path                          PID    Runtime      # DAGs    # Errors  Last Runtime    Last Run
---------------------------------  -----  ---------  --------  ----------  --------------  -------------------
/opt/airflow/dags/retailco_dag.py                           1           0  0.28s           2026-05-31T15:02:39
================================================================================
[2026-05-31T15:03:38.919+0000] {manager.py:878} INFO - 
================================================================================
DAG File Processing Stats

File Path                          PID    Runtime      # DAGs    # Errors  Last Runtime    Last Run
---------------------------------  -----  ---------  --------  ----------  --------------  -------------------
/opt/airflow/dags/retailco_dag.py                           1           0  0.19s           2026-05-31T15:03:09
================================================================================
[2026-05-31T15:04:09.435+0000] {manager.py:878} INFO - 
================================================================================
DAG File Processing Stats

File Path                          PID    Runtime      # DAGs    # Errors  Last Runtime    Last Run
---------------------------------  -----  ---------  --------  ----------  --------------  -------------------
/opt/airflow/dags/retailco_dag.py                           1           0  0.19s           2026-05-31T15:03:40
================================================================================
[2026-05-31T15:04:40.050+0000] {manager.py:878} INFO - 
================================================================================
DAG File Processing Stats

File Path                          PID    Runtime      # DAGs    # Errors  Last Runtime    Last Run
---------------------------------  -----  ---------  --------  ----------  --------------  -------------------
/opt/airflow/dags/retailco_dag.py                           1           0  0.18s           2026-05-31T15:04:10
================================================================================
[2026-05-31T15:04:56.357+0000] {manager.py:737} INFO - Searching for files in /opt/airflow/dags
[2026-05-31T15:04:56.501+0000] {manager.py:740} INFO - There are 1 files in /opt/airflow/dags
[2026-05-31T15:05:10.758+0000] {manager.py:878} INFO - 
================================================================================
DAG File Processing Stats

File Path                          PID    Runtime      # DAGs    # Errors  Last Runtime    Last Run
---------------------------------  -----  ---------  --------  ----------  --------------  -------------------
/opt/airflow/dags/retailco_dag.py                           1           0  0.21s           2026-05-31T15:04:41
================================================================================
[2026-05-31T15:05:41.303+0000] {manager.py:878} INFO - 
================================================================================
DAG File Processing Stats

File Path                          PID    Runtime      # DAGs    # Errors  Last Runtime    Last Run
---------------------------------  -----  ---------  --------  ----------  --------------  -------------------
/opt/airflow/dags/retailco_dag.py                           1           0  0.18s           2026-05-31T15:05:12
================================================================================
[2026-05-31T15:06:11.898+0000] {manager.py:878} INFO - 
================================================================================
DAG File Processing Stats

File Path                          PID    Runtime      # DAGs    # Errors  Last Runtime    Last Run
---------------------------------  -----  ---------  --------  ----------  --------------  -------------------
/opt/airflow/dags/retailco_dag.py                           1           0  0.17s           2026-05-31T15:05:42
================================================================================
[2026-05-31T15:06:42.334+0000] {manager.py:878} INFO - 
================================================================================
DAG File Processing Stats

File Path                          PID    Runtime      # DAGs    # Errors  Last Runtime    Last Run
---------------------------------  -----  ---------  --------  ----------  --------------  -------------------
/opt/airflow/dags/retailco_dag.py                           1           0  0.17s           2026-05-31T15:06:13
================================================================================
[2026-05-31T15:07:12.699+0000] {manager.py:878} INFO - 
================================================================================
DAG File Processing Stats

File Path                          PID    Runtime      # DAGs    # Errors  Last Runtime    Last Run
---------------------------------  -----  ---------  --------  ----------  --------------  -------------------
/opt/airflow/dags/retailco_dag.py                           1           0  0.19s           2026-05-31T15:06:43
================================================================================
[2026-05-31T15:07:43.095+0000] {manager.py:878} INFO - 
================================================================================
DAG File Processing Stats

File Path                          PID    Runtime      # DAGs    # Errors  Last Runtime    Last Run
---------------------------------  -----  ---------  --------  ----------  --------------  -------------------
/opt/airflow/dags/retailco_dag.py                           1           0  0.16s           2026-05-31T15:07:13
================================================================================
[2026-05-31T15:08:13.427+0000] {manager.py:878} INFO - 
================================================================================
DAG File Processing Stats

File Path                          PID    Runtime      # DAGs    # Errors  Last Runtime    Last Run
---------------------------------  -----  ---------  --------  ----------  --------------  -------------------
/opt/airflow/dags/retailco_dag.py                           1           0  0.16s           2026-05-31T15:07:44
================================================================================
[2026-05-31T15:08:43.878+0000] {manager.py:878} INFO - 
================================================================================
DAG File Processing Stats

File Path                          PID    Runtime      # DAGs    # Errors  Last Runtime    Last Run
---------------------------------  -----  ---------  --------  ----------  --------------  -------------------
/opt/airflow/dags/retailco_dag.py                           1           0  0.17s           2026-05-31T15:08:14
================================================================================
[2026-05-31T15:09:14.210+0000] {manager.py:878} INFO - 
================================================================================
DAG File Processing Stats

File Path                          PID    Runtime      # DAGs    # Errors  Last Runtime    Last Run
---------------------------------  -----  ---------  --------  ----------  --------------  -------------------
/opt/airflow/dags/retailco_dag.py                           1           0  0.17s           2026-05-31T15:08:45
================================================================================
[2026-05-31T15:09:44.764+0000] {manager.py:878} INFO - 
================================================================================
DAG File Processing Stats

File Path                          PID    Runtime      # DAGs    # Errors  Last Runtime    Last Run
---------------------------------  -----  ---------  --------  ----------  --------------  -------------------
/opt/airflow/dags/retailco_dag.py                           1           0  0.20s           2026-05-31T15:09:15
================================================================================
[2026-05-31T15:09:57.039+0000] {manager.py:737} INFO - Searching for files in /opt/airflow/dags
[2026-05-31T15:09:57.151+0000] {manager.py:740} INFO - There are 1 files in /opt/airflow/dags
[2026-05-31T15:10:15.441+0000] {manager.py:878} INFO - 
================================================================================
DAG File Processing Stats

File Path                          PID    Runtime      # DAGs    # Errors  Last Runtime    Last Run
---------------------------------  -----  ---------  --------  ----------  --------------  -------------------
/opt/airflow/dags/retailco_dag.py                           1           0  0.34s           2026-05-31T15:09:46
================================================================================
[2026-05-31T15:10:46.073+0000] {manager.py:878} INFO - 
================================================================================
DAG File Processing Stats

File Path                          PID    Runtime      # DAGs    # Errors  Last Runtime    Last Run
---------------------------------  -----  ---------  --------  ----------  --------------  -------------------
/opt/airflow/dags/retailco_dag.py                           1           0  0.30s           2026-05-31T15:10:16
================================================================================
[2026-05-31T15:11:16.447+0000] {manager.py:878} INFO - 
================================================================================
DAG File Processing Stats

File Path                          PID    Runtime      # DAGs    # Errors  Last Runtime    Last Run
---------------------------------  -----  ---------  --------  ----------  --------------  -------------------
/opt/airflow/dags/retailco_dag.py                           1           0  0.19s           2026-05-31T15:10:47
================================================================================
[2026-05-31T15:11:46.940+0000] {manager.py:878} INFO - 
================================================================================
DAG File Processing Stats

File Path                          PID    Runtime      # DAGs    # Errors  Last Runtime    Last Run
---------------------------------  -----  ---------  --------  ----------  --------------  -------------------
/opt/airflow/dags/retailco_dag.py                           1           0  0.21s           2026-05-31T15:11:17
================================================================================
[2026-05-31T15:12:17.427+0000] {manager.py:878} INFO - 
================================================================================
DAG File Processing Stats

File Path                          PID    Runtime      # DAGs    # Errors  Last Runtime    Last Run
---------------------------------  -----  ---------  --------  ----------  --------------  -------------------
/opt/airflow/dags/retailco_dag.py                           1           0  0.18s           2026-05-31T15:11:48
================================================================================
[2026-05-31T15:12:47.855+0000] {manager.py:878} INFO - 
================================================================================
DAG File Processing Stats

File Path                          PID    Runtime      # DAGs    # Errors  Last Runtime    Last Run
---------------------------------  -----  ---------  --------  ----------  --------------  -------------------
/opt/airflow/dags/retailco_dag.py                           1           0  0.19s           2026-05-31T15:12:18
================================================================================
[2026-05-31T15:13:18.247+0000] {manager.py:878} INFO - 
================================================================================
DAG File Processing Stats

File Path                          PID    Runtime      # DAGs    # Errors  Last Runtime    Last Run
---------------------------------  -----  ---------  --------  ----------  --------------  -------------------
/opt/airflow/dags/retailco_dag.py                           1           0  0.21s           2026-05-31T15:12:49
================================================================================
[2026-05-31T15:13:48.718+0000] {manager.py:878} INFO - 
================================================================================
DAG File Processing Stats

File Path                          PID    Runtime      # DAGs    # Errors  Last Runtime    Last Run
---------------------------------  -----  ---------  --------  ----------  --------------  -------------------
/opt/airflow/dags/retailco_dag.py                           1           0  0.23s           2026-05-31T15:13:19
================================================================================
[2026-05-31T15:14:19.170+0000] {manager.py:878} INFO - 
================================================================================
DAG File Processing Stats

File Path                          PID    Runtime      # DAGs    # Errors  Last Runtime    Last Run
---------------------------------  -----  ---------  --------  ----------  --------------  -------------------
/opt/airflow/dags/retailco_dag.py                           1           0  0.41s           2026-05-31T15:13:50
================================================================================
[2026-05-31T15:14:49.772+0000] {manager.py:878} INFO - 
================================================================================
DAG File Processing Stats

File Path                          PID    Runtime      # DAGs    # Errors  Last Runtime    Last Run
---------------------------------  -----  ---------  --------  ----------  --------------  -------------------
/opt/airflow/dags/retailco_dag.py                           1           0  0.31s           2026-05-31T15:14:20
================================================================================
[2026-05-31T15:14:57.088+0000] {manager.py:737} INFO - Searching for files in /opt/airflow/dags
[2026-05-31T15:14:57.123+0000] {manager.py:740} INFO - There are 1 files in /opt/airflow/dags
[2026-05-31T15:15:20.325+0000] {manager.py:878} INFO - 
================================================================================
DAG File Processing Stats

File Path                          PID    Runtime      # DAGs    # Errors  Last Runtime    Last Run
---------------------------------  -----  ---------  --------  ----------  --------------  -------------------
/opt/airflow/dags/retailco_dag.py                           1           0  0.18s           2026-05-31T15:14:51
================================================================================
[2026-05-31T15:15:50.669+0000] {manager.py:878} INFO - 
================================================================================
DAG File Processing Stats

File Path                          PID    Runtime      # DAGs    # Errors  Last Runtime    Last Run
---------------------------------  -----  ---------  --------  ----------  --------------  -------------------
/opt/airflow/dags/retailco_dag.py                           1           0  0.26s           2026-05-31T15:15:21
================================================================================
[2026-05-31T15:16:21.032+0000] {manager.py:878} INFO - 
================================================================================
DAG File Processing Stats

File Path                          PID    Runtime      # DAGs    # Errors  Last Runtime    Last Run
---------------------------------  -----  ---------  --------  ----------  --------------  -------------------
/opt/airflow/dags/retailco_dag.py                           1           0  0.23s           2026-05-31T15:15:51
================================================================================
[2026-05-31T15:16:51.338+0000] {manager.py:878} INFO - 
================================================================================
DAG File Processing Stats

File Path                          PID    Runtime      # DAGs    # Errors  Last Runtime    Last Run
---------------------------------  -----  ---------  --------  ----------  --------------  -------------------
/opt/airflow/dags/retailco_dag.py                           1           0  0.21s           2026-05-31T15:16:22
================================================================================
[2026-05-31T15:17:21.702+0000] {manager.py:878} INFO - 
================================================================================
DAG File Processing Stats

File Path                          PID    Runtime      # DAGs    # Errors  Last Runtime    Last Run
---------------------------------  -----  ---------  --------  ----------  --------------  -------------------
/opt/airflow/dags/retailco_dag.py                           1           0  0.19s           2026-05-31T15:16:52
================================================================================
[2026-05-31T15:17:52.035+0000] {manager.py:878} INFO - 
================================================================================
DAG File Processing Stats

File Path                          PID    Runtime      # DAGs    # Errors  Last Runtime    Last Run
---------------------------------  -----  ---------  --------  ----------  --------------  -------------------
/opt/airflow/dags/retailco_dag.py                           1           0  0.18s           2026-05-31T15:17:22
================================================================================
[2026-05-31T15:18:22.486+0000] {manager.py:878} INFO - 
================================================================================
DAG File Processing Stats

File Path                          PID    Runtime      # DAGs    # Errors  Last Runtime    Last Run
---------------------------------  -----  ---------  --------  ----------  --------------  -------------------
/opt/airflow/dags/retailco_dag.py                           1           0  0.17s           2026-05-31T15:17:53
================================================================================
[2026-05-31T15:18:52.956+0000] {manager.py:878} INFO - 
================================================================================
DAG File Processing Stats

File Path                          PID    Runtime      # DAGs    # Errors  Last Runtime    Last Run
---------------------------------  -----  ---------  --------  ----------  --------------  -------------------
/opt/airflow/dags/retailco_dag.py                           1           0  0.32s           2026-05-31T15:18:23
================================================================================
[2026-05-31T15:19:23.196+0000] {manager.py:878} INFO - 
================================================================================
DAG File Processing Stats

File Path                          PID    Runtime      # DAGs    # Errors  Last Runtime    Last Run
---------------------------------  -----  ---------  --------  ----------  --------------  -------------------
/opt/airflow/dags/retailco_dag.py                           1           0  0.17s           2026-05-31T15:18:54
================================================================================
[2026-05-31T15:19:53.658+0000] {manager.py:878} INFO - 
================================================================================
DAG File Processing Stats

File Path                          PID    Runtime      # DAGs    # Errors  Last Runtime    Last Run
---------------------------------  -----  ---------  --------  ----------  --------------  -------------------
/opt/airflow/dags/retailco_dag.py                           1           0  0.17s           2026-05-31T15:19:24
================================================================================
[2026-05-31T15:19:57.732+0000] {manager.py:737} INFO - Searching for files in /opt/airflow/dags
[2026-05-31T15:19:57.799+0000] {manager.py:740} INFO - There are 1 files in /opt/airflow/dags
[2026-05-31T15:20:24.107+0000] {manager.py:878} INFO - 
================================================================================
DAG File Processing Stats

File Path                          PID    Runtime      # DAGs    # Errors  Last Runtime    Last Run
---------------------------------  -----  ---------  --------  ----------  --------------  -------------------
/opt/airflow/dags/retailco_dag.py                           1           0  0.17s           2026-05-31T15:19:54
================================================================================
[2026-05-31T15:20:54.564+0000] {manager.py:878} INFO - 
================================================================================
DAG File Processing Stats

File Path                          PID    Runtime      # DAGs    # Errors  Last Runtime    Last Run
---------------------------------  -----  ---------  --------  ----------  --------------  -------------------
/opt/airflow/dags/retailco_dag.py                           1           0  0.18s           2026-05-31T15:20:25
================================================================================
[2026-05-31T15:21:24.933+0000] {manager.py:878} INFO - 
================================================================================
DAG File Processing Stats

File Path                          PID    Runtime      # DAGs    # Errors  Last Runtime    Last Run
---------------------------------  -----  ---------  --------  ----------  --------------  -------------------
/opt/airflow/dags/retailco_dag.py                           1           0  0.17s           2026-05-31T15:20:55
================================================================================
[2026-05-31T15:21:55.349+0000] {manager.py:878} INFO - 
================================================================================
DAG File Processing Stats

File Path                          PID    Runtime      # DAGs    # Errors  Last Runtime    Last Run
---------------------------------  -----  ---------  --------  ----------  --------------  -------------------
/opt/airflow/dags/retailco_dag.py                           1           0  0.17s           2026-05-31T15:21:26
================================================================================
[2026-05-31T15:22:25.718+0000] {manager.py:878} INFO - 
================================================================================
DAG File Processing Stats

File Path                          PID    Runtime      # DAGs    # Errors  Last Runtime    Last Run
---------------------------------  -----  ---------  --------  ----------  --------------  -------------------
/opt/airflow/dags/retailco_dag.py                           1           0  0.16s           2026-05-31T15:21:56
================================================================================
[2026-05-31T15:22:56.066+0000] {manager.py:878} INFO - 
================================================================================
DAG File Processing Stats

File Path                          PID    Runtime      # DAGs    # Errors  Last Runtime    Last Run
---------------------------------  -----  ---------  --------  ----------  --------------  -------------------
/opt/airflow/dags/retailco_dag.py                           1           0  0.18s           2026-05-31T15:22:26
================================================================================
[2026-05-31T15:23:26.514+0000] {manager.py:878} INFO - 
================================================================================
DAG File Processing Stats

File Path                          PID    Runtime      # DAGs    # Errors  Last Runtime    Last Run
---------------------------------  -----  ---------  --------  ----------  --------------  -------------------
/opt/airflow/dags/retailco_dag.py                           1           0  0.19s           2026-05-31T15:22:57
================================================================================
[2026-05-31T15:23:56.814+0000] {manager.py:878} INFO - 
================================================================================
DAG File Processing Stats

File Path                          PID    Runtime      # DAGs    # Errors  Last Runtime    Last Run
---------------------------------  -----  ---------  --------  ----------  --------------  -------------------
/opt/airflow/dags/retailco_dag.py                           1           0  0.20s           2026-05-31T15:23:27
================================================================================
[2026-05-31T15:24:27.101+0000] {manager.py:878} INFO - 
================================================================================
DAG File Processing Stats

File Path                          PID    Runtime      # DAGs    # Errors  Last Runtime    Last Run
---------------------------------  -----  ---------  --------  ----------  --------------  -------------------
/opt/airflow/dags/retailco_dag.py                           1           0  0.17s           2026-05-31T15:23:58
================================================================================
[2026-05-31T15:24:57.552+0000] {manager.py:878} INFO - 
================================================================================
DAG File Processing Stats

File Path                          PID    Runtime      # DAGs    # Errors  Last Runtime    Last Run
---------------------------------  -----  ---------  --------  ----------  --------------  -------------------
/opt/airflow/dags/retailco_dag.py                           1           0  0.18s           2026-05-31T15:24:28
================================================================================
[2026-05-31T15:24:58.568+0000] {manager.py:737} INFO - Searching for files in /opt/airflow/dags
[2026-05-31T15:24:58.625+0000] {manager.py:740} INFO - There are 1 files in /opt/airflow/dags
[2026-05-31T15:25:27.964+0000] {manager.py:878} INFO - 
================================================================================
DAG File Processing Stats

File Path                          PID    Runtime      # DAGs    # Errors  Last Runtime    Last Run
---------------------------------  -----  ---------  --------  ----------  --------------  -------------------
/opt/airflow/dags/retailco_dag.py                           1           0  0.48s           2026-05-31T15:24:59
================================================================================
[2026-05-31T15:25:58.735+0000] {manager.py:878} INFO - 
================================================================================
DAG File Processing Stats

File Path                          PID    Runtime      # DAGs    # Errors  Last Runtime    Last Run
---------------------------------  -----  ---------  --------  ----------  --------------  -------------------
/opt/airflow/dags/retailco_dag.py                           1           0  0.21s           2026-05-31T15:25:29
================================================================================
[2026-05-31T15:26:29.069+0000] {manager.py:878} INFO - 
================================================================================
DAG File Processing Stats

File Path                          PID    Runtime      # DAGs    # Errors  Last Runtime    Last Run
---------------------------------  -----  ---------  --------  ----------  --------------  -------------------
/opt/airflow/dags/retailco_dag.py                           1           0  0.18s           2026-05-31T15:25:59
================================================================================
[2026-05-31T15:26:59.580+0000] {manager.py:878} INFO - 
================================================================================
DAG File Processing Stats

File Path                          PID    Runtime      # DAGs    # Errors  Last Runtime    Last Run
---------------------------------  -----  ---------  --------  ----------  --------------  -------------------
/opt/airflow/dags/retailco_dag.py                           1           0  0.24s           2026-05-31T15:26:30
================================================================================
[2026-05-31T15:27:30.001+0000] {manager.py:878} INFO - 
================================================================================
DAG File Processing Stats

File Path                          PID    Runtime      # DAGs    # Errors  Last Runtime    Last Run
---------------------------------  -----  ---------  --------  ----------  --------------  -------------------
/opt/airflow/dags/retailco_dag.py                           1           0  0.18s           2026-05-31T15:27:00
================================================================================
[2026-05-31T15:28:00.417+0000] {manager.py:878} INFO - 
================================================================================
DAG File Processing Stats

File Path                          PID    Runtime      # DAGs    # Errors  Last Runtime    Last Run
---------------------------------  -----  ---------  --------  ----------  --------------  -------------------
/opt/airflow/dags/retailco_dag.py                           1           0  0.18s           2026-05-31T15:27:31
================================================================================
[2026-05-31T15:28:30.944+0000] {manager.py:878} INFO - 
================================================================================
DAG File Processing Stats

File Path                          PID    Runtime      # DAGs    # Errors  Last Runtime    Last Run
---------------------------------  -----  ---------  --------  ----------  --------------  -------------------
/opt/airflow/dags/retailco_dag.py                           1           0  0.18s           2026-05-31T15:28:01
================================================================================
[2026-05-31T15:29:01.455+0000] {manager.py:878} INFO - 
================================================================================
DAG File Processing Stats

File Path                          PID    Runtime      # DAGs    # Errors  Last Runtime    Last Run
---------------------------------  -----  ---------  --------  ----------  --------------  -------------------
/opt/airflow/dags/retailco_dag.py                           1           0  0.19s           2026-05-31T15:28:32
================================================================================
[2026-05-31T15:29:31.910+0000] {manager.py:878} INFO - 
================================================================================
DAG File Processing Stats

File Path                          PID    Runtime      # DAGs    # Errors  Last Runtime    Last Run
---------------------------------  -----  ---------  --------  ----------  --------------  -------------------
/opt/airflow/dags/retailco_dag.py                           1           0  0.20s           2026-05-31T15:29:02
================================================================================
[2026-05-31T15:29:59.309+0000] {manager.py:737} INFO - Searching for files in /opt/airflow/dags
[2026-05-31T15:29:59.442+0000] {manager.py:740} INFO - There are 1 files in /opt/airflow/dags
[2026-05-31T15:30:02.523+0000] {manager.py:878} INFO - 
================================================================================
DAG File Processing Stats

File Path                          PID    Runtime      # DAGs    # Errors  Last Runtime    Last Run
---------------------------------  -----  ---------  --------  ----------  --------------  -------------------
/opt/airflow/dags/retailco_dag.py                           1           0  0.16s           2026-05-31T15:29:33
================================================================================
[2026-05-31T15:30:33.050+0000] {manager.py:878} INFO - 
================================================================================
DAG File Processing Stats

File Path                          PID    Runtime      # DAGs    # Errors  Last Runtime    Last Run
---------------------------------  -----  ---------  --------  ----------  --------------  -------------------
/opt/airflow/dags/retailco_dag.py                           1           0  0.19s           2026-05-31T15:30:03
================================================================================
[2026-05-31T15:31:03.589+0000] {manager.py:878} INFO - 
================================================================================
DAG File Processing Stats

File Path                          PID    Runtime      # DAGs    # Errors  Last Runtime    Last Run
---------------------------------  -----  ---------  --------  ----------  --------------  -------------------
/opt/airflow/dags/retailco_dag.py                           1           0  0.20s           2026-05-31T15:30:34
================================================================================
[2026-05-31T15:31:33.969+0000] {manager.py:878} INFO - 
================================================================================
DAG File Processing Stats

File Path                          PID    Runtime      # DAGs    # Errors  Last Runtime    Last Run
---------------------------------  -----  ---------  --------  ----------  --------------  -------------------
/opt/airflow/dags/retailco_dag.py                           1           0  0.16s           2026-05-31T15:31:04
================================================================================
[2026-05-31T15:32:04.441+0000] {manager.py:878} INFO - 
================================================================================
DAG File Processing Stats

File Path                          PID    Runtime      # DAGs    # Errors  Last Runtime    Last Run
---------------------------------  -----  ---------  --------  ----------  --------------  -------------------
/opt/airflow/dags/retailco_dag.py                           1           0  0.17s           2026-05-31T15:31:35
================================================================================
[2026-05-31T15:32:34.817+0000] {manager.py:878} INFO - 
================================================================================
DAG File Processing Stats

File Path                          PID    Runtime      # DAGs    # Errors  Last Runtime    Last Run
---------------------------------  -----  ---------  --------  ----------  --------------  -------------------
/opt/airflow/dags/retailco_dag.py                           1           0  0.24s           2026-05-31T15:32:05
================================================================================
[2026-05-31T15:33:05.391+0000] {manager.py:878} INFO - 
================================================================================
DAG File Processing Stats

File Path                          PID    Runtime      # DAGs    # Errors  Last Runtime    Last Run
---------------------------------  -----  ---------  --------  ----------  --------------  -------------------
/opt/airflow/dags/retailco_dag.py                           1           0  0.17s           2026-05-31T15:32:36
================================================================================
[2026-05-31T15:33:35.718+0000] {manager.py:878} INFO - 
================================================================================
DAG File Processing Stats

File Path                          PID    Runtime      # DAGs    # Errors  Last Runtime    Last Run
---------------------------------  -----  ---------  --------  ----------  --------------  -------------------
/opt/airflow/dags/retailco_dag.py                           1           0  0.17s           2026-05-31T15:33:06
================================================================================
[2026-05-31T15:34:06.263+0000] {manager.py:878} INFO - 
================================================================================
DAG File Processing Stats

File Path                          PID    Runtime      # DAGs    # Errors  Last Runtime    Last Run
---------------------------------  -----  ---------  --------  ----------  --------------  -------------------
/opt/airflow/dags/retailco_dag.py                           1           0  0.19s           2026-05-31T15:33:36
================================================================================
[2026-05-31T15:34:36.576+0000] {manager.py:878} INFO - 
================================================================================
DAG File Processing Stats

File Path                          PID    Runtime      # DAGs    # Errors  Last Runtime    Last Run
---------------------------------  -----  ---------  --------  ----------  --------------  -------------------
/opt/airflow/dags/retailco_dag.py                           1           0  0.16s           2026-05-31T15:34:07
================================================================================
[2026-05-31T15:34:59.967+0000] {manager.py:737} INFO - Searching for files in /opt/airflow/dags
[2026-05-31T15:35:00.034+0000] {manager.py:740} INFO - There are 1 files in /opt/airflow/dags
[2026-05-31T15:35:07.100+0000] {manager.py:878} INFO - 
================================================================================
DAG File Processing Stats

File Path                          PID    Runtime      # DAGs    # Errors  Last Runtime    Last Run
---------------------------------  -----  ---------  --------  ----------  --------------  -------------------
/opt/airflow/dags/retailco_dag.py                           1           0  0.18s           2026-05-31T15:34:37
================================================================================
[2026-05-31T15:35:37.440+0000] {manager.py:878} INFO - 
================================================================================
DAG File Processing Stats

File Path                          PID    Runtime      # DAGs    # Errors  Last Runtime    Last Run
---------------------------------  -----  ---------  --------  ----------  --------------  -------------------
/opt/airflow/dags/retailco_dag.py                           1           0  0.17s           2026-05-31T15:35:08
================================================================================
[2026-05-31T15:36:07.870+0000] {manager.py:878} INFO - 
================================================================================
DAG File Processing Stats

File Path                          PID    Runtime      # DAGs    # Errors  Last Runtime    Last Run
---------------------------------  -----  ---------  --------  ----------  --------------  -------------------
/opt/airflow/dags/retailco_dag.py                           1           0  0.18s           2026-05-31T15:35:38
================================================================================
[2026-05-31T15:36:38.350+0000] {manager.py:878} INFO - 
================================================================================
DAG File Processing Stats

File Path                          PID    Runtime      # DAGs    # Errors  Last Runtime    Last Run
---------------------------------  -----  ---------  --------  ----------  --------------  -------------------
/opt/airflow/dags/retailco_dag.py                           1           0  0.18s           2026-05-31T15:36:09
================================================================================
[2026-05-31T15:37:08.666+0000] {manager.py:878} INFO - 
================================================================================
DAG File Processing Stats

File Path                          PID    Runtime      # DAGs    # Errors  Last Runtime    Last Run
---------------------------------  -----  ---------  --------  ----------  --------------  -------------------
/opt/airflow/dags/retailco_dag.py                           1           0  0.17s           2026-05-31T15:36:39
================================================================================
[2026-05-31T15:37:39.167+0000] {manager.py:878} INFO - 
================================================================================
DAG File Processing Stats

File Path                          PID    Runtime      # DAGs    # Errors  Last Runtime    Last Run
---------------------------------  -----  ---------  --------  ----------  --------------  -------------------
/opt/airflow/dags/retailco_dag.py                           1           0  0.17s           2026-05-31T15:37:09
================================================================================
[2026-05-31T15:38:09.523+0000] {manager.py:878} INFO - 
================================================================================
DAG File Processing Stats

File Path                          PID    Runtime      # DAGs    # Errors  Last Runtime    Last Run
---------------------------------  -----  ---------  --------  ----------  --------------  -------------------
/opt/airflow/dags/retailco_dag.py                           1           0  0.18s           2026-05-31T15:37:40
================================================================================
[2026-05-31T15:38:39.990+0000] {manager.py:878} INFO - 
================================================================================
DAG File Processing Stats

File Path                          PID    Runtime      # DAGs    # Errors  Last Runtime    Last Run
---------------------------------  -----  ---------  --------  ----------  --------------  -------------------
/opt/airflow/dags/retailco_dag.py                           1           0  0.26s           2026-05-31T15:38:10
================================================================================
[2026-05-31T15:39:10.443+0000] {manager.py:878} INFO - 
================================================================================
DAG File Processing Stats

File Path                          PID    Runtime      # DAGs    # Errors  Last Runtime    Last Run
---------------------------------  -----  ---------  --------  ----------  --------------  -------------------
/opt/airflow/dags/retailco_dag.py                           1           0  0.21s           2026-05-31T15:38:41
================================================================================
[2026-05-31T15:39:40.860+0000] {manager.py:878} INFO - 
================================================================================
DAG File Processing Stats

File Path                          PID    Runtime      # DAGs    # Errors  Last Runtime    Last Run
---------------------------------  -----  ---------  --------  ----------  --------------  -------------------
/opt/airflow/dags/retailco_dag.py                           1           0  0.16s           2026-05-31T15:39:11
================================================================================
[2026-05-31T15:40:00.209+0000] {manager.py:737} INFO - Searching for files in /opt/airflow/dags
[2026-05-31T15:40:00.277+0000] {manager.py:740} INFO - There are 1 files in /opt/airflow/dags
[2026-05-31T15:40:11.401+0000] {manager.py:878} INFO - 
================================================================================
DAG File Processing Stats

File Path                          PID    Runtime      # DAGs    # Errors  Last Runtime    Last Run
---------------------------------  -----  ---------  --------  ----------  --------------  -------------------
/opt/airflow/dags/retailco_dag.py                           1           0  0.36s           2026-05-31T15:39:42
================================================================================
[2026-05-31T15:40:41.751+0000] {manager.py:878} INFO - 
================================================================================
DAG File Processing Stats

File Path                          PID    Runtime      # DAGs    # Errors  Last Runtime    Last Run
---------------------------------  -----  ---------  --------  ----------  --------------  -------------------
/opt/airflow/dags/retailco_dag.py                           1           0  0.21s           2026-05-31T15:40:12
================================================================================
[2026-05-31T15:41:12.171+0000] {manager.py:878} INFO - 
================================================================================
DAG File Processing Stats

File Path                          PID    Runtime      # DAGs    # Errors  Last Runtime    Last Run
---------------------------------  -----  ---------  --------  ----------  --------------  -------------------
/opt/airflow/dags/retailco_dag.py                           1           0  0.20s           2026-05-31T15:40:42
================================================================================
[2026-05-31T15:41:42.571+0000] {manager.py:878} INFO - 
================================================================================
DAG File Processing Stats

File Path                          PID    Runtime      # DAGs    # Errors  Last Runtime    Last Run
---------------------------------  -----  ---------  --------  ----------  --------------  -------------------
/opt/airflow/dags/retailco_dag.py                           1           0  0.16s           2026-05-31T15:41:13
================================================================================
[2026-05-31T15:42:13.006+0000] {manager.py:878} INFO - 
================================================================================
DAG File Processing Stats

File Path                          PID    Runtime      # DAGs    # Errors  Last Runtime    Last Run
---------------------------------  -----  ---------  --------  ----------  --------------  -------------------
/opt/airflow/dags/retailco_dag.py                           1           0  0.16s           2026-05-31T15:41:43
================================================================================
[2026-05-31T15:42:43.454+0000] {manager.py:878} INFO - 
================================================================================
DAG File Processing Stats

File Path                          PID    Runtime      # DAGs    # Errors  Last Runtime    Last Run
---------------------------------  -----  ---------  --------  ----------  --------------  -------------------
/opt/airflow/dags/retailco_dag.py                           1           0  0.16s           2026-05-31T15:42:14
================================================================================
[2026-05-31T15:43:13.823+0000] {manager.py:878} INFO - 
================================================================================
DAG File Processing Stats

File Path                          PID    Runtime      # DAGs    # Errors  Last Runtime    Last Run
---------------------------------  -----  ---------  --------  ----------  --------------  -------------------
/opt/airflow/dags/retailco_dag.py                           1           0  0.18s           2026-05-31T15:42:44
================================================================================
[2026-05-31T15:43:44.270+0000] {manager.py:878} INFO - 
================================================================================
DAG File Processing Stats

File Path                          PID    Runtime      # DAGs    # Errors  Last Runtime    Last Run
---------------------------------  -----  ---------  --------  ----------  --------------  -------------------
/opt/airflow/dags/retailco_dag.py                           1           0  0.17s           2026-05-31T15:43:15
================================================================================
[2026-05-31T15:44:14.716+0000] {manager.py:878} INFO - 
================================================================================
DAG File Processing Stats

File Path                          PID    Runtime      # DAGs    # Errors  Last Runtime    Last Run
---------------------------------  -----  ---------  --------  ----------  --------------  -------------------
/opt/airflow/dags/retailco_dag.py                           1           0  0.16s           2026-05-31T15:43:45
================================================================================
[2026-05-31T15:44:45.084+0000] {manager.py:878} INFO - 
================================================================================
DAG File Processing Stats

File Path                          PID    Runtime      # DAGs    # Errors  Last Runtime    Last Run
---------------------------------  -----  ---------  --------  ----------  --------------  -------------------
/opt/airflow/dags/retailco_dag.py                           1           0  0.16s           2026-05-31T15:44:15
================================================================================
[2026-05-31T15:45:00.392+0000] {manager.py:737} INFO - Searching for files in /opt/airflow/dags
[2026-05-31T15:45:00.435+0000] {manager.py:740} INFO - There are 1 files in /opt/airflow/dags
[2026-05-31T15:45:15.560+0000] {manager.py:878} INFO - 
================================================================================
DAG File Processing Stats

File Path                          PID    Runtime      # DAGs    # Errors  Last Runtime    Last Run
---------------------------------  -----  ---------  --------  ----------  --------------  -------------------
/opt/airflow/dags/retailco_dag.py                           1           0  0.16s           2026-05-31T15:44:46
================================================================================
[2026-05-31T15:45:45.940+0000] {manager.py:878} INFO - 
================================================================================
DAG File Processing Stats

File Path                          PID    Runtime      # DAGs    # Errors  Last Runtime    Last Run
---------------------------------  -----  ---------  --------  ----------  --------------  -------------------
/opt/airflow/dags/retailco_dag.py                           1           0  0.16s           2026-05-31T15:45:16
================================================================================
[2026-05-31T15:46:16.380+0000] {manager.py:878} INFO - 
================================================================================
DAG File Processing Stats

File Path                          PID    Runtime      # DAGs    # Errors  Last Runtime    Last Run
---------------------------------  -----  ---------  --------  ----------  --------------  -------------------
/opt/airflow/dags/retailco_dag.py                           1           0  0.18s           2026-05-31T15:45:47
================================================================================
[2026-05-31T15:46:46.809+0000] {manager.py:878} INFO - 
================================================================================
DAG File Processing Stats

File Path                          PID    Runtime      # DAGs    # Errors  Last Runtime    Last Run
---------------------------------  -----  ---------  --------  ----------  --------------  -------------------
/opt/airflow/dags/retailco_dag.py                           1           0  0.19s           2026-05-31T15:46:17
================================================================================
[2026-05-31T15:47:17.201+0000] {manager.py:878} INFO - 
================================================================================
DAG File Processing Stats

File Path                          PID    Runtime      # DAGs    # Errors  Last Runtime    Last Run
---------------------------------  -----  ---------  --------  ----------  --------------  -------------------
/opt/airflow/dags/retailco_dag.py                           1           0  0.17s           2026-05-31T15:46:48
================================================================================
[2026-05-31T15:47:47.603+0000] {manager.py:878} INFO - 
================================================================================
DAG File Processing Stats

File Path                          PID    Runtime      # DAGs    # Errors  Last Runtime    Last Run
---------------------------------  -----  ---------  --------  ----------  --------------  -------------------
/opt/airflow/dags/retailco_dag.py                           1           0  0.17s           2026-05-31T15:47:18
================================================================================
[2026-05-31T15:48:18.092+0000] {manager.py:878} INFO - 
================================================================================
DAG File Processing Stats

File Path                          PID    Runtime      # DAGs    # Errors  Last Runtime    Last Run
---------------------------------  -----  ---------  --------  ----------  --------------  -------------------
/opt/airflow/dags/retailco_dag.py                           1           0  0.17s           2026-05-31T15:47:48
================================================================================
[2026-05-31T15:48:48.433+0000] {manager.py:878} INFO - 
================================================================================
DAG File Processing Stats

File Path                          PID    Runtime      # DAGs    # Errors  Last Runtime    Last Run
---------------------------------  -----  ---------  --------  ----------  --------------  -------------------
/opt/airflow/dags/retailco_dag.py                           1           0  0.22s           2026-05-31T15:48:19
================================================================================
[2026-05-31T15:49:18.783+0000] {manager.py:878} INFO - 
================================================================================
DAG File Processing Stats

File Path                          PID    Runtime      # DAGs    # Errors  Last Runtime    Last Run
---------------------------------  -----  ---------  --------  ----------  --------------  -------------------
/opt/airflow/dags/retailco_dag.py                           1           0  0.18s           2026-05-31T15:48:49
================================================================================
[2026-05-31T15:49:49.319+0000] {manager.py:878} INFO - 
================================================================================
DAG File Processing Stats

File Path                          PID    Runtime      # DAGs    # Errors  Last Runtime    Last Run
---------------------------------  -----  ---------  --------  ----------  --------------  -------------------
/opt/airflow/dags/retailco_dag.py                           1           0  0.18s           2026-05-31T15:49:20
================================================================================
[2026-05-31T15:50:00.440+0000] {manager.py:737} INFO - Searching for files in /opt/airflow/dags
[2026-05-31T15:50:00.485+0000] {manager.py:740} INFO - There are 1 files in /opt/airflow/dags
[2026-05-31T15:50:19.771+0000] {manager.py:878} INFO - 
================================================================================
DAG File Processing Stats

File Path                          PID    Runtime      # DAGs    # Errors  Last Runtime    Last Run
---------------------------------  -----  ---------  --------  ----------  --------------  -------------------
/opt/airflow/dags/retailco_dag.py                           1           0  0.17s           2026-05-31T15:49:50
================================================================================
[2026-05-31T15:50:49.793+0000] {manager.py:878} INFO - 
================================================================================
DAG File Processing Stats

File Path                          PID    Runtime      # DAGs    # Errors  Last Runtime    Last Run
---------------------------------  -----  ---------  --------  ----------  --------------  -------------------
/opt/airflow/dags/retailco_dag.py                           1           0  0.70s           2026-05-31T15:50:21
================================================================================
[2026-05-31T15:51:20.133+0000] {manager.py:878} INFO - 
================================================================================
DAG File Processing Stats

File Path                          PID    Runtime      # DAGs    # Errors  Last Runtime    Last Run
---------------------------------  -----  ---------  --------  ----------  --------------  -------------------
/opt/airflow/dags/retailco_dag.py                           1           0  0.20s           2026-05-31T15:50:52
================================================================================
[2026-05-31T15:51:50.647+0000] {manager.py:878} INFO - 
================================================================================
DAG File Processing Stats

File Path                          PID    Runtime      # DAGs    # Errors  Last Runtime    Last Run
---------------------------------  -----  ---------  --------  ----------  --------------  -------------------
/opt/airflow/dags/retailco_dag.py                           1           0  0.19s           2026-05-31T15:51:22
================================================================================
[2026-05-31T15:52:20.975+0000] {manager.py:878} INFO - 
================================================================================
DAG File Processing Stats

File Path                          PID    Runtime      # DAGs    # Errors  Last Runtime    Last Run
---------------------------------  -----  ---------  --------  ----------  --------------  -------------------
/opt/airflow/dags/retailco_dag.py                           1           0  0.20s           2026-05-31T15:51:52
================================================================================
[2026-05-31T15:52:51.435+0000] {manager.py:878} INFO - 
================================================================================
DAG File Processing Stats

File Path                          PID    Runtime      # DAGs    # Errors  Last Runtime    Last Run
---------------------------------  -----  ---------  --------  ----------  --------------  -------------------
/opt/airflow/dags/retailco_dag.py                           1           0  0.19s           2026-05-31T15:52:23
================================================================================
[2026-05-31T15:53:21.762+0000] {manager.py:878} INFO - 
================================================================================
DAG File Processing Stats

File Path                          PID    Runtime      # DAGs    # Errors  Last Runtime    Last Run
---------------------------------  -----  ---------  --------  ----------  --------------  -------------------
/opt/airflow/dags/retailco_dag.py                           1           0  0.20s           2026-05-31T15:52:53
================================================================================
[2026-05-31T15:53:52.273+0000] {manager.py:878} INFO - 
================================================================================
DAG File Processing Stats

File Path                          PID    Runtime      # DAGs    # Errors  Last Runtime    Last Run
---------------------------------  -----  ---------  --------  ----------  --------------  -------------------
/opt/airflow/dags/retailco_dag.py                           1           0  0.19s           2026-05-31T15:53:23
================================================================================
[2026-05-31T15:54:22.651+0000] {manager.py:878} INFO - 
================================================================================
DAG File Processing Stats

File Path                          PID    Runtime      # DAGs    # Errors  Last Runtime    Last Run
---------------------------------  -----  ---------  --------  ----------  --------------  -------------------
/opt/airflow/dags/retailco_dag.py                           1           0  0.17s           2026-05-31T15:53:54
================================================================================
[2026-05-31T15:54:53.187+0000] {manager.py:878} INFO - 
================================================================================
DAG File Processing Stats

File Path                          PID    Runtime      # DAGs    # Errors  Last Runtime    Last Run
---------------------------------  -----  ---------  --------  ----------  --------------  -------------------
/opt/airflow/dags/retailco_dag.py                           1           0  0.18s           2026-05-31T15:54:24
================================================================================
[2026-05-31T15:55:00.549+0000] {manager.py:737} INFO - Searching for files in /opt/airflow/dags
[2026-05-31T15:55:00.596+0000] {manager.py:740} INFO - There are 1 files in /opt/airflow/dags
[2026-05-31T15:55:23.532+0000] {manager.py:878} INFO - 
================================================================================
DAG File Processing Stats

File Path                          PID    Runtime      # DAGs    # Errors  Last Runtime    Last Run
---------------------------------  -----  ---------  --------  ----------  --------------  -------------------
/opt/airflow/dags/retailco_dag.py                           1           0  0.23s           2026-05-31T15:54:55
================================================================================
[2026-05-31T15:55:53.831+0000] {manager.py:878} INFO - 
================================================================================
DAG File Processing Stats

File Path                          PID    Runtime      # DAGs    # Errors  Last Runtime    Last Run
---------------------------------  -----  ---------  --------  ----------  --------------  -------------------
/opt/airflow/dags/retailco_dag.py                           1           0  0.19s           2026-05-31T15:55:25
================================================================================
[2026-05-31T15:56:24.251+0000] {manager.py:878} INFO - 
================================================================================
DAG File Processing Stats

File Path                          PID    Runtime      # DAGs    # Errors  Last Runtime    Last Run
---------------------------------  -----  ---------  --------  ----------  --------------  -------------------
/opt/airflow/dags/retailco_dag.py                           1           0  0.24s           2026-05-31T15:55:56
================================================================================
[2026-05-31T15:56:54.588+0000] {manager.py:878} INFO - 
================================================================================
DAG File Processing Stats

File Path                          PID    Runtime      # DAGs    # Errors  Last Runtime    Last Run
---------------------------------  -----  ---------  --------  ----------  --------------  -------------------
/opt/airflow/dags/retailco_dag.py                           1           0  0.51s           2026-05-31T15:56:26
================================================================================
[2026-05-31T15:57:24.658+0000] {manager.py:878} INFO - 
================================================================================
DAG File Processing Stats

File Path                          PID    Runtime      # DAGs    # Errors  Last Runtime    Last Run
---------------------------------  -----  ---------  --------  ----------  --------------  -------------------
/opt/airflow/dags/retailco_dag.py                           1           0  0.31s           2026-05-31T15:56:57
================================================================================
[2026-05-31T15:57:54.975+0000] {manager.py:878} INFO - 
================================================================================
DAG File Processing Stats

File Path                          PID    Runtime      # DAGs    # Errors  Last Runtime    Last Run
---------------------------------  -----  ---------  --------  ----------  --------------  -------------------
/opt/airflow/dags/retailco_dag.py                           1           0  0.21s           2026-05-31T15:57:27
================================================================================
[2026-05-31T15:58:25.450+0000] {manager.py:878} INFO - 
================================================================================
DAG File Processing Stats

File Path                          PID    Runtime      # DAGs    # Errors  Last Runtime    Last Run
---------------------------------  -----  ---------  --------  ----------  --------------  -------------------
/opt/airflow/dags/retailco_dag.py                           1           0  0.20s           2026-05-31T15:57:58
================================================================================
[2026-05-31T15:58:55.911+0000] {manager.py:878} INFO - 
================================================================================
DAG File Processing Stats

File Path                          PID    Runtime      # DAGs    # Errors  Last Runtime    Last Run
---------------------------------  -----  ---------  --------  ----------  --------------  -------------------
/opt/airflow/dags/retailco_dag.py                           1           0  0.20s           2026-05-31T15:58:28
================================================================================
[2026-05-31T15:59:26.241+0000] {manager.py:878} INFO - 
================================================================================
DAG File Processing Stats

File Path                          PID    Runtime      # DAGs    # Errors  Last Runtime    Last Run
---------------------------------  -----  ---------  --------  ----------  --------------  -------------------
/opt/airflow/dags/retailco_dag.py                           1           0  0.17s           2026-05-31T15:58:59
================================================================================
[2026-05-31T15:59:56.633+0000] {manager.py:878} INFO - 
================================================================================
DAG File Processing Stats

File Path                          PID    Runtime      # DAGs    # Errors  Last Runtime    Last Run
---------------------------------  -----  ---------  --------  ----------  --------------  -------------------
/opt/airflow/dags/retailco_dag.py                           1           0  0.16s           2026-05-31T15:59:29
================================================================================
[2026-05-31T16:00:00.768+0000] {manager.py:737} INFO - Searching for files in /opt/airflow/dags
[2026-05-31T16:00:00.808+0000] {manager.py:740} INFO - There are 1 files in /opt/airflow/dags
[2026-05-31T16:00:27.098+0000] {manager.py:878} INFO - 
================================================================================
DAG File Processing Stats

File Path                          PID    Runtime      # DAGs    # Errors  Last Runtime    Last Run
---------------------------------  -----  ---------  --------  ----------  --------------  -------------------
/opt/airflow/dags/retailco_dag.py                           1           0  0.16s           2026-05-31T15:59:59
================================================================================
[2026-05-31T16:00:57.494+0000] {manager.py:878} INFO - 
================================================================================
DAG File Processing Stats

File Path                          PID    Runtime      # DAGs    # Errors  Last Runtime    Last Run
---------------------------------  -----  ---------  --------  ----------  --------------  -------------------
/opt/airflow/dags/retailco_dag.py                           1           0  0.17s           2026-05-31T16:00:30
================================================================================
[2026-05-31T16:01:27.887+0000] {manager.py:878} INFO - 
================================================================================
DAG File Processing Stats

File Path                          PID    Runtime      # DAGs    # Errors  Last Runtime    Last Run
---------------------------------  -----  ---------  --------  ----------  --------------  -------------------
/opt/airflow/dags/retailco_dag.py                           1           0  0.18s           2026-05-31T16:01:00
================================================================================
[2026-05-31T16:01:58.281+0000] {manager.py:878} INFO - 
================================================================================
DAG File Processing Stats

File Path                          PID    Runtime      # DAGs    # Errors  Last Runtime    Last Run
---------------------------------  -----  ---------  --------  ----------  --------------  -------------------
/opt/airflow/dags/retailco_dag.py                           1           0  0.38s           2026-05-31T16:01:31
================================================================================
[2026-05-31T16:02:28.898+0000] {manager.py:878} INFO - 
================================================================================
DAG File Processing Stats

File Path                          PID    Runtime      # DAGs    # Errors  Last Runtime    Last Run
---------------------------------  -----  ---------  --------  ----------  --------------  -------------------
/opt/airflow/dags/retailco_dag.py                           1           0  0.18s           2026-05-31T16:02:01
================================================================================
[2026-05-31T16:02:59.446+0000] {manager.py:878} INFO - 
================================================================================
DAG File Processing Stats

File Path                          PID    Runtime      # DAGs    # Errors  Last Runtime    Last Run
---------------------------------  -----  ---------  --------  ----------  --------------  -------------------
/opt/airflow/dags/retailco_dag.py                           1           0  0.22s           2026-05-31T16:02:32
================================================================================
[2026-05-31T16:03:29.824+0000] {manager.py:878} INFO - 
================================================================================
DAG File Processing Stats

File Path                          PID    Runtime      # DAGs    # Errors  Last Runtime    Last Run
---------------------------------  -----  ---------  --------  ----------  --------------  -------------------
/opt/airflow/dags/retailco_dag.py                           1           0  0.16s           2026-05-31T16:03:02
================================================================================
[2026-05-31T16:04:00.202+0000] {manager.py:878} INFO - 
================================================================================
DAG File Processing Stats

File Path                          PID    Runtime      # DAGs    # Errors  Last Runtime    Last Run
---------------------------------  -----  ---------  --------  ----------  --------------  -------------------
/opt/airflow/dags/retailco_dag.py                           1           0  0.16s           2026-05-31T16:03:33
================================================================================
[2026-05-31T16:04:30.655+0000] {manager.py:878} INFO - 
================================================================================
DAG File Processing Stats

File Path                          PID    Runtime      # DAGs    # Errors  Last Runtime    Last Run
---------------------------------  -----  ---------  --------  ----------  --------------  -------------------
/opt/airflow/dags/retailco_dag.py                           1           0  0.18s           2026-05-31T16:04:03
================================================================================
[2026-05-31T16:05:01.024+0000] {manager.py:737} INFO - Searching for files in /opt/airflow/dags
[2026-05-31T16:05:01.054+0000] {manager.py:740} INFO - There are 1 files in /opt/airflow/dags
[2026-05-31T16:05:01.070+0000] {manager.py:878} INFO - 
================================================================================
DAG File Processing Stats

File Path                          PID    Runtime      # DAGs    # Errors  Last Runtime    Last Run
---------------------------------  -----  ---------  --------  ----------  --------------  -------------------
/opt/airflow/dags/retailco_dag.py                           1           0  0.16s           2026-05-31T16:04:33
================================================================================
[2026-05-31T16:05:31.352+0000] {manager.py:878} INFO - 
================================================================================
DAG File Processing Stats

File Path                          PID    Runtime      # DAGs    # Errors  Last Runtime    Last Run
---------------------------------  -----  ---------  --------  ----------  --------------  -------------------
/opt/airflow/dags/retailco_dag.py                           1           0  0.19s           2026-05-31T16:05:04
================================================================================
[2026-05-31T16:06:01.844+0000] {manager.py:878} INFO - 
================================================================================
DAG File Processing Stats

File Path                          PID    Runtime      # DAGs    # Errors  Last Runtime    Last Run
---------------------------------  -----  ---------  --------  ----------  --------------  -------------------
/opt/airflow/dags/retailco_dag.py                           1           0  0.17s           2026-05-31T16:05:34
================================================================================
[2026-05-31T16:06:32.248+0000] {manager.py:878} INFO - 
================================================================================
DAG File Processing Stats

File Path                          PID    Runtime      # DAGs    # Errors  Last Runtime    Last Run
---------------------------------  -----  ---------  --------  ----------  --------------  -------------------
/opt/airflow/dags/retailco_dag.py                           1           0  0.21s           2026-05-31T16:06:05
================================================================================
[2026-05-31T16:07:02.725+0000] {manager.py:878} INFO - 
================================================================================
DAG File Processing Stats

File Path                          PID    Runtime      # DAGs    # Errors  Last Runtime    Last Run
---------------------------------  -----  ---------  --------  ----------  --------------  -------------------
/opt/airflow/dags/retailco_dag.py                           1           0  0.16s           2026-05-31T16:06:35
================================================================================
[2026-05-31T16:07:33.026+0000] {manager.py:878} INFO - 
================================================================================
DAG File Processing Stats

File Path                          PID    Runtime      # DAGs    # Errors  Last Runtime    Last Run
---------------------------------  -----  ---------  --------  ----------  --------------  -------------------
/opt/airflow/dags/retailco_dag.py                           1           0  0.17s           2026-05-31T16:07:05
================================================================================
[2026-05-31T16:08:03.428+0000] {manager.py:878} INFO - 
================================================================================
DAG File Processing Stats

File Path                          PID    Runtime      # DAGs    # Errors  Last Runtime    Last Run
---------------------------------  -----  ---------  --------  ----------  --------------  -------------------
/opt/airflow/dags/retailco_dag.py                           1           0  0.16s           2026-05-31T16:07:36
================================================================================
[2026-05-31T16:08:33.758+0000] {manager.py:878} INFO - 
================================================================================
DAG File Processing Stats

File Path                          PID    Runtime      # DAGs    # Errors  Last Runtime    Last Run
---------------------------------  -----  ---------  --------  ----------  --------------  -------------------
/opt/airflow/dags/retailco_dag.py                           1           0  0.16s           2026-05-31T16:08:06
================================================================================
[2026-05-31T16:09:04.052+0000] {manager.py:878} INFO - 
================================================================================
DAG File Processing Stats

File Path                          PID    Runtime      # DAGs    # Errors  Last Runtime    Last Run
---------------------------------  -----  ---------  --------  ----------  --------------  -------------------
/opt/airflow/dags/retailco_dag.py                           1           0  0.16s           2026-05-31T16:08:36
================================================================================
[2026-05-31T16:09:34.501+0000] {manager.py:878} INFO - 
================================================================================
DAG File Processing Stats

File Path                          PID    Runtime      # DAGs    # Errors  Last Runtime    Last Run
---------------------------------  -----  ---------  --------  ----------  --------------  -------------------
/opt/airflow/dags/retailco_dag.py                           1           0  0.16s           2026-05-31T16:09:07
================================================================================
[2026-05-31T16:10:01.817+0000] {manager.py:737} INFO - Searching for files in /opt/airflow/dags
[2026-05-31T16:10:01.857+0000] {manager.py:740} INFO - There are 1 files in /opt/airflow/dags
[2026-05-31T16:10:04.924+0000] {manager.py:878} INFO - 
================================================================================
DAG File Processing Stats

File Path                          PID    Runtime      # DAGs    # Errors  Last Runtime    Last Run
---------------------------------  -----  ---------  --------  ----------  --------------  -------------------
/opt/airflow/dags/retailco_dag.py                           1           0  0.20s           2026-05-31T16:09:37
================================================================================
[2026-05-31T16:10:35.327+0000] {manager.py:878} INFO - 
================================================================================
DAG File Processing Stats

File Path                          PID    Runtime      # DAGs    # Errors  Last Runtime    Last Run
---------------------------------  -----  ---------  --------  ----------  --------------  -------------------
/opt/airflow/dags/retailco_dag.py                           1           0  0.19s           2026-05-31T16:10:08
================================================================================
[2026-05-31T16:11:05.764+0000] {manager.py:878} INFO - 
================================================================================
DAG File Processing Stats

File Path                          PID    Runtime      # DAGs    # Errors  Last Runtime    Last Run
---------------------------------  -----  ---------  --------  ----------  --------------  -------------------
/opt/airflow/dags/retailco_dag.py                           1           0  0.16s           2026-05-31T16:10:38
================================================================================
[2026-05-31T16:11:36.112+0000] {manager.py:878} INFO - 
================================================================================
DAG File Processing Stats

File Path                          PID    Runtime      # DAGs    # Errors  Last Runtime    Last Run
---------------------------------  -----  ---------  --------  ----------  --------------  -------------------
/opt/airflow/dags/retailco_dag.py                           1           0  0.16s           2026-05-31T16:11:08
================================================================================
[2026-05-31T16:12:06.600+0000] {manager.py:878} INFO - 
================================================================================
DAG File Processing Stats

File Path                          PID    Runtime      # DAGs    # Errors  Last Runtime    Last Run
---------------------------------  -----  ---------  --------  ----------  --------------  -------------------
/opt/airflow/dags/retailco_dag.py                           1           0  0.17s           2026-05-31T16:11:39
================================================================================
[2026-05-31T16:12:36.979+0000] {manager.py:878} INFO - 
================================================================================
DAG File Processing Stats

File Path                          PID    Runtime      # DAGs    # Errors  Last Runtime    Last Run
---------------------------------  -----  ---------  --------  ----------  --------------  -------------------
/opt/airflow/dags/retailco_dag.py                           1           0  0.16s           2026-05-31T16:12:09
================================================================================
[2026-05-31T16:13:07.369+0000] {manager.py:878} INFO - 
================================================================================
DAG File Processing Stats

File Path                          PID    Runtime      # DAGs    # Errors  Last Runtime    Last Run
---------------------------------  -----  ---------  --------  ----------  --------------  -------------------
/opt/airflow/dags/retailco_dag.py                           1           0  0.18s           2026-05-31T16:12:40
================================================================================
[2026-05-31T16:13:37.727+0000] {manager.py:878} INFO - 
================================================================================
DAG File Processing Stats

File Path                          PID    Runtime      # DAGs    # Errors  Last Runtime    Last Run
---------------------------------  -----  ---------  --------  ----------  --------------  -------------------
/opt/airflow/dags/retailco_dag.py                           1           0  0.18s           2026-05-31T16:13:10
================================================================================
[2026-05-31T16:14:08.144+0000] {manager.py:878} INFO - 
================================================================================
DAG File Processing Stats

File Path                          PID    Runtime      # DAGs    # Errors  Last Runtime    Last Run
---------------------------------  -----  ---------  --------  ----------  --------------  -------------------
/opt/airflow/dags/retailco_dag.py                           1           0  0.19s           2026-05-31T16:13:40
================================================================================
[2026-05-31T16:14:38.515+0000] {manager.py:878} INFO - 
================================================================================
DAG File Processing Stats

File Path                          PID    Runtime      # DAGs    # Errors  Last Runtime    Last Run
---------------------------------  -----  ---------  --------  ----------  --------------  -------------------
/opt/airflow/dags/retailco_dag.py                           1           0  0.19s           2026-05-31T16:14:11
================================================================================
[2026-05-31T16:15:01.835+0000] {manager.py:737} INFO - Searching for files in /opt/airflow/dags
[2026-05-31T16:15:01.884+0000] {manager.py:740} INFO - There are 1 files in /opt/airflow/dags
[2026-05-31T16:15:08.965+0000] {manager.py:878} INFO - 
================================================================================
DAG File Processing Stats

File Path                          PID    Runtime      # DAGs    # Errors  Last Runtime    Last Run
---------------------------------  -----  ---------  --------  ----------  --------------  -------------------
/opt/airflow/dags/retailco_dag.py                           1           0  0.16s           2026-05-31T16:14:41
================================================================================
[2026-05-31T16:15:39.265+0000] {manager.py:878} INFO - 
================================================================================
DAG File Processing Stats

File Path                          PID    Runtime      # DAGs    # Errors  Last Runtime    Last Run
---------------------------------  -----  ---------  --------  ----------  --------------  -------------------
/opt/airflow/dags/retailco_dag.py                           1           0  0.15s           2026-05-31T16:15:12
================================================================================
[2026-05-31T16:16:09.758+0000] {manager.py:878} INFO - 
================================================================================
DAG File Processing Stats

File Path                          PID    Runtime      # DAGs    # Errors  Last Runtime    Last Run
---------------------------------  -----  ---------  --------  ----------  --------------  -------------------
/opt/airflow/dags/retailco_dag.py                           1           0  0.65s           2026-05-31T16:15:42
================================================================================
[2026-05-31T16:16:39.798+0000] {manager.py:878} INFO - 
================================================================================
DAG File Processing Stats

File Path                          PID    Runtime      # DAGs    # Errors  Last Runtime    Last Run
---------------------------------  -----  ---------  --------  ----------  --------------  -------------------
/opt/airflow/dags/retailco_dag.py                           1           0  0.18s           2026-05-31T16:16:13
================================================================================
[2026-05-31T16:17:09.951+0000] {manager.py:878} INFO - 
================================================================================
DAG File Processing Stats

File Path                          PID    Runtime      # DAGs    # Errors  Last Runtime    Last Run
---------------------------------  -----  ---------  --------  ----------  --------------  -------------------
/opt/airflow/dags/retailco_dag.py                           1           0  0.19s           2026-05-31T16:16:43
================================================================================
[2026-05-31T16:17:40.481+0000] {manager.py:878} INFO - 
================================================================================
DAG File Processing Stats

File Path                          PID    Runtime      # DAGs    # Errors  Last Runtime    Last Run
---------------------------------  -----  ---------  --------  ----------  --------------  -------------------
/opt/airflow/dags/retailco_dag.py                           1           0  0.17s           2026-05-31T16:17:14
================================================================================
[2026-05-31T16:18:10.940+0000] {manager.py:878} INFO - 
================================================================================
DAG File Processing Stats

File Path                          PID    Runtime      # DAGs    # Errors  Last Runtime    Last Run
---------------------------------  -----  ---------  --------  ----------  --------------  -------------------
/opt/airflow/dags/retailco_dag.py                           1           0  0.18s           2026-05-31T16:17:44
================================================================================
[2026-05-31T16:18:41.445+0000] {manager.py:878} INFO - 
================================================================================
DAG File Processing Stats

File Path                          PID    Runtime      # DAGs    # Errors  Last Runtime    Last Run
---------------------------------  -----  ---------  --------  ----------  --------------  -------------------
/opt/airflow/dags/retailco_dag.py                           1           0  0.18s           2026-05-31T16:18:15
================================================================================
[2026-05-31T16:19:11.755+0000] {manager.py:878} INFO - 
================================================================================
DAG File Processing Stats

File Path                          PID    Runtime      # DAGs    # Errors  Last Runtime    Last Run
---------------------------------  -----  ---------  --------  ----------  --------------  -------------------
/opt/airflow/dags/retailco_dag.py                           1           0  0.17s           2026-05-31T16:18:45
================================================================================
[2026-05-31T16:19:42.309+0000] {manager.py:878} INFO - 
================================================================================
DAG File Processing Stats

File Path                          PID    Runtime      # DAGs    # Errors  Last Runtime    Last Run
---------------------------------  -----  ---------  --------  ----------  --------------  -------------------
/opt/airflow/dags/retailco_dag.py                           1           0  0.18s           2026-05-31T16:19:15
================================================================================
[2026-05-31T16:20:02.546+0000] {manager.py:737} INFO - Searching for files in /opt/airflow/dags
[2026-05-31T16:20:02.624+0000] {manager.py:740} INFO - There are 1 files in /opt/airflow/dags
[2026-05-31T16:20:12.776+0000] {manager.py:878} INFO - 
================================================================================
DAG File Processing Stats

File Path                          PID    Runtime      # DAGs    # Errors  Last Runtime    Last Run
---------------------------------  -----  ---------  --------  ----------  --------------  -------------------
/opt/airflow/dags/retailco_dag.py                           1           0  0.16s           2026-05-31T16:19:46
================================================================================
[2026-05-31T16:20:43.205+0000] {manager.py:878} INFO - 
================================================================================
DAG File Processing Stats

File Path                          PID    Runtime      # DAGs    # Errors  Last Runtime    Last Run
---------------------------------  -----  ---------  --------  ----------  --------------  -------------------
/opt/airflow/dags/retailco_dag.py                           1           0  0.19s           2026-05-31T16:20:17
================================================================================
[2026-05-31T16:21:13.807+0000] {manager.py:878} INFO - 
================================================================================
DAG File Processing Stats

File Path                          PID    Runtime      # DAGs    # Errors  Last Runtime    Last Run
---------------------------------  -----  ---------  --------  ----------  --------------  -------------------
/opt/airflow/dags/retailco_dag.py                           1           0  0.22s           2026-05-31T16:20:47
================================================================================
[2026-05-31T16:21:44.213+0000] {manager.py:878} INFO - 
================================================================================
DAG File Processing Stats

File Path                          PID    Runtime      # DAGs    # Errors  Last Runtime    Last Run
---------------------------------  -----  ---------  --------  ----------  --------------  -------------------
/opt/airflow/dags/retailco_dag.py                           1           0  0.17s           2026-05-31T16:21:18
================================================================================
[2026-05-31T16:22:14.604+0000] {manager.py:878} INFO - 
================================================================================
DAG File Processing Stats

File Path                          PID    Runtime      # DAGs    # Errors  Last Runtime    Last Run
---------------------------------  -----  ---------  --------  ----------  --------------  -------------------
/opt/airflow/dags/retailco_dag.py                           1           0  0.18s           2026-05-31T16:21:48
================================================================================
[2026-05-31T16:22:45.061+0000] {manager.py:878} INFO - 
================================================================================
DAG File Processing Stats

File Path                          PID    Runtime      # DAGs    # Errors  Last Runtime    Last Run
---------------------------------  -----  ---------  --------  ----------  --------------  -------------------
/opt/airflow/dags/retailco_dag.py                           1           0  0.18s           2026-05-31T16:22:18
================================================================================
[2026-05-31T16:23:15.480+0000] {manager.py:878} INFO - 
================================================================================
DAG File Processing Stats

File Path                          PID    Runtime      # DAGs    # Errors  Last Runtime    Last Run
---------------------------------  -----  ---------  --------  ----------  --------------  -------------------
/opt/airflow/dags/retailco_dag.py                           1           0  0.20s           2026-05-31T16:22:49
================================================================================
[2026-05-31T16:23:45.938+0000] {manager.py:878} INFO - 
================================================================================
DAG File Processing Stats

File Path                          PID    Runtime      # DAGs    # Errors  Last Runtime    Last Run
---------------------------------  -----  ---------  --------  ----------  --------------  -------------------
/opt/airflow/dags/retailco_dag.py                           1           0  0.17s           2026-05-31T16:23:19
================================================================================
[2026-05-31T16:24:16.398+0000] {manager.py:878} INFO - 
================================================================================
DAG File Processing Stats

File Path                          PID    Runtime      # DAGs    # Errors  Last Runtime    Last Run
---------------------------------  -----  ---------  --------  ----------  --------------  -------------------
/opt/airflow/dags/retailco_dag.py                           1           0  0.19s           2026-05-31T16:23:50
================================================================================
[2026-05-31T16:24:46.878+0000] {manager.py:878} INFO - 
================================================================================
DAG File Processing Stats

File Path                          PID    Runtime      # DAGs    # Errors  Last Runtime    Last Run
---------------------------------  -----  ---------  --------  ----------  --------------  -------------------
/opt/airflow/dags/retailco_dag.py                           1           0  0.17s           2026-05-31T16:24:20
================================================================================
[2026-05-31T16:25:02.670+0000] {manager.py:737} INFO - Searching for files in /opt/airflow/dags
[2026-05-31T16:25:02.750+0000] {manager.py:740} INFO - There are 1 files in /opt/airflow/dags
[2026-05-31T16:25:16.882+0000] {manager.py:878} INFO - 
================================================================================
DAG File Processing Stats

File Path                          PID    Runtime      # DAGs    # Errors  Last Runtime    Last Run
---------------------------------  -----  ---------  --------  ----------  --------------  -------------------
/opt/airflow/dags/retailco_dag.py                           1           0  0.51s           2026-05-31T16:24:51
================================================================================
[2026-05-31T16:25:47.229+0000] {manager.py:878} INFO - 
================================================================================
DAG File Processing Stats

File Path                          PID    Runtime      # DAGs    # Errors  Last Runtime    Last Run
---------------------------------  -----  ---------  --------  ----------  --------------  -------------------
/opt/airflow/dags/retailco_dag.py                           1           0  0.22s           2026-05-31T16:25:22
================================================================================
[2026-05-31T16:26:17.722+0000] {manager.py:878} INFO - 
================================================================================
DAG File Processing Stats

File Path                          PID    Runtime      # DAGs    # Errors  Last Runtime    Last Run
---------------------------------  -----  ---------  --------  ----------  --------------  -------------------
/opt/airflow/dags/retailco_dag.py                           1           0  0.17s           2026-05-31T16:25:52
================================================================================
[2026-05-31T16:26:48.129+0000] {manager.py:878} INFO - 
================================================================================
DAG File Processing Stats

File Path                          PID    Runtime      # DAGs    # Errors  Last Runtime    Last Run
---------------------------------  -----  ---------  --------  ----------  --------------  -------------------
/opt/airflow/dags/retailco_dag.py                           1           0  0.24s           2026-05-31T16:26:23
================================================================================
[2026-05-31T16:27:18.572+0000] {manager.py:878} INFO - 
================================================================================
DAG File Processing Stats

File Path                          PID    Runtime      # DAGs    # Errors  Last Runtime    Last Run
---------------------------------  -----  ---------  --------  ----------  --------------  -------------------
/opt/airflow/dags/retailco_dag.py                           1           0  0.27s           2026-05-31T16:26:53
================================================================================
[2026-05-31T16:27:49.182+0000] {manager.py:878} INFO - 
================================================================================
DAG File Processing Stats

File Path                          PID    Runtime      # DAGs    # Errors  Last Runtime    Last Run
---------------------------------  -----  ---------  --------  ----------  --------------  -------------------
/opt/airflow/dags/retailco_dag.py                           1           0  0.19s           2026-05-31T16:27:23
================================================================================
[2026-05-31T16:28:19.598+0000] {manager.py:878} INFO - 
================================================================================
DAG File Processing Stats

File Path                          PID    Runtime      # DAGs    # Errors  Last Runtime    Last Run
---------------------------------  -----  ---------  --------  ----------  --------------  -------------------
/opt/airflow/dags/retailco_dag.py                           1           0  0.18s           2026-05-31T16:27:54
================================================================================
[2026-05-31T16:28:50.078+0000] {manager.py:878} INFO - 
================================================================================
DAG File Processing Stats

File Path                          PID    Runtime      # DAGs    # Errors  Last Runtime    Last Run
---------------------------------  -----  ---------  --------  ----------  --------------  -------------------
/opt/airflow/dags/retailco_dag.py                           1           0  0.18s           2026-05-31T16:28:24
================================================================================
[2026-05-31T16:29:20.544+0000] {manager.py:878} INFO - 
================================================================================
DAG File Processing Stats

File Path                          PID    Runtime      # DAGs    # Errors  Last Runtime    Last Run
---------------------------------  -----  ---------  --------  ----------  --------------  -------------------
/opt/airflow/dags/retailco_dag.py                           1           0  0.29s           2026-05-31T16:28:55
================================================================================
[2026-05-31T16:29:51.111+0000] {manager.py:878} INFO - 
================================================================================
DAG File Processing Stats

File Path                          PID    Runtime      # DAGs    # Errors  Last Runtime    Last Run
---------------------------------  -----  ---------  --------  ----------  --------------  -------------------
/opt/airflow/dags/retailco_dag.py                           1           0  0.19s           2026-05-31T16:29:25
================================================================================
[2026-05-31T16:30:03.347+0000] {manager.py:737} INFO - Searching for files in /opt/airflow/dags
[2026-05-31T16:30:03.431+0000] {manager.py:740} INFO - There are 1 files in /opt/airflow/dags
[2026-05-31T16:30:21.706+0000] {manager.py:878} INFO - 
================================================================================
DAG File Processing Stats

File Path                          PID    Runtime      # DAGs    # Errors  Last Runtime    Last Run
---------------------------------  -----  ---------  --------  ----------  --------------  -------------------
/opt/airflow/dags/retailco_dag.py                           1           0  0.19s           2026-05-31T16:29:56
================================================================================
[2026-05-31T16:30:51.985+0000] {manager.py:878} INFO - 
================================================================================
DAG File Processing Stats

File Path                          PID    Runtime      # DAGs    # Errors  Last Runtime    Last Run
---------------------------------  -----  ---------  --------  ----------  --------------  -------------------
/opt/airflow/dags/retailco_dag.py                           1           0  0.20s           2026-05-31T16:30:26
================================================================================
[2026-05-31T16:31:22.355+0000] {manager.py:878} INFO - 
================================================================================
DAG File Processing Stats

File Path                          PID    Runtime      # DAGs    # Errors  Last Runtime    Last Run
---------------------------------  -----  ---------  --------  ----------  --------------  -------------------
/opt/airflow/dags/retailco_dag.py                           1           0  0.21s           2026-05-31T16:30:57
================================================================================
[2026-05-31T16:31:52.669+0000] {manager.py:878} INFO - 
================================================================================
DAG File Processing Stats

File Path                          PID    Runtime      # DAGs    # Errors  Last Runtime    Last Run
---------------------------------  -----  ---------  --------  ----------  --------------  -------------------
/opt/airflow/dags/retailco_dag.py                           1           0  0.20s           2026-05-31T16:31:27
================================================================================
[2026-05-31T16:32:23.138+0000] {manager.py:878} INFO - 
================================================================================
DAG File Processing Stats

File Path                          PID    Runtime      # DAGs    # Errors  Last Runtime    Last Run
---------------------------------  -----  ---------  --------  ----------  --------------  -------------------
/opt/airflow/dags/retailco_dag.py                           1           0  0.24s           2026-05-31T16:31:57
================================================================================
[2026-05-31T16:32:53.784+0000] {manager.py:878} INFO - 
================================================================================
DAG File Processing Stats

File Path                          PID    Runtime      # DAGs    # Errors  Last Runtime    Last Run
---------------------------------  -----  ---------  --------  ----------  --------------  -------------------
/opt/airflow/dags/retailco_dag.py                           1           0  0.21s           2026-05-31T16:32:28
================================================================================
[2026-05-31T16:33:24.266+0000] {manager.py:878} INFO - 
================================================================================
DAG File Processing Stats

File Path                          PID    Runtime      # DAGs    # Errors  Last Runtime    Last Run
---------------------------------  -----  ---------  --------  ----------  --------------  -------------------
/opt/airflow/dags/retailco_dag.py                           1           0  0.25s           2026-05-31T16:32:59
================================================================================
[2026-05-31T16:33:54.565+0000] {manager.py:878} INFO - 
================================================================================
DAG File Processing Stats

File Path                          PID    Runtime      # DAGs    # Errors  Last Runtime    Last Run
---------------------------------  -----  ---------  --------  ----------  --------------  -------------------
/opt/airflow/dags/retailco_dag.py                           1           0  0.21s           2026-05-31T16:33:29
================================================================================
[2026-05-31T16:34:24.962+0000] {manager.py:878} INFO - 
================================================================================
DAG File Processing Stats

File Path                          PID    Runtime      # DAGs    # Errors  Last Runtime    Last Run
---------------------------------  -----  ---------  --------  ----------  --------------  -------------------
/opt/airflow/dags/retailco_dag.py                           1           0  0.22s           2026-05-31T16:33:59
================================================================================
[2026-05-31T16:34:55.299+0000] {manager.py:878} INFO - 
================================================================================
DAG File Processing Stats

File Path                          PID    Runtime      # DAGs    # Errors  Last Runtime    Last Run
---------------------------------  -----  ---------  --------  ----------  --------------  -------------------
/opt/airflow/dags/retailco_dag.py                           1           0  0.25s           2026-05-31T16:34:30
================================================================================
[2026-05-31T16:35:03.566+0000] {manager.py:737} INFO - Searching for files in /opt/airflow/dags
[2026-05-31T16:35:03.730+0000] {manager.py:740} INFO - There are 1 files in /opt/airflow/dags
[2026-05-31T16:35:26.002+0000] {manager.py:878} INFO - 
================================================================================
DAG File Processing Stats

File Path                          PID    Runtime      # DAGs    # Errors  Last Runtime    Last Run
---------------------------------  -----  ---------  --------  ----------  --------------  -------------------
/opt/airflow/dags/retailco_dag.py                           1           0  0.24s           2026-05-31T16:35:00
================================================================================
[2026-05-31T16:35:56.310+0000] {manager.py:878} INFO - 
================================================================================
DAG File Processing Stats

File Path                          PID    Runtime      # DAGs    # Errors  Last Runtime    Last Run
---------------------------------  -----  ---------  --------  ----------  --------------  -------------------
/opt/airflow/dags/retailco_dag.py                           1           0  0.22s           2026-05-31T16:35:31
================================================================================
[2026-05-31T16:36:26.727+0000] {manager.py:878} INFO - 
================================================================================
DAG File Processing Stats

File Path                          PID    Runtime      # DAGs    # Errors  Last Runtime    Last Run
---------------------------------  -----  ---------  --------  ----------  --------------  -------------------
/opt/airflow/dags/retailco_dag.py                           1           0  0.29s           2026-05-31T16:36:01
================================================================================
[2026-05-31T16:36:57.142+0000] {manager.py:878} INFO - 
================================================================================
DAG File Processing Stats

File Path                          PID    Runtime      # DAGs    # Errors  Last Runtime    Last Run
---------------------------------  -----  ---------  --------  ----------  --------------  -------------------
/opt/airflow/dags/retailco_dag.py                           1           0  0.23s           2026-05-31T16:36:32
================================================================================
[2026-05-31T16:37:27.511+0000] {manager.py:878} INFO - 
================================================================================
DAG File Processing Stats

File Path                          PID    Runtime      # DAGs    # Errors  Last Runtime    Last Run
---------------------------------  -----  ---------  --------  ----------  --------------  -------------------
/opt/airflow/dags/retailco_dag.py                           1           0  0.24s           2026-05-31T16:37:02
================================================================================
[2026-05-31T16:37:58.094+0000] {manager.py:878} INFO - 
================================================================================
DAG File Processing Stats

File Path                          PID    Runtime      # DAGs    # Errors  Last Runtime    Last Run
---------------------------------  -----  ---------  --------  ----------  --------------  -------------------
/opt/airflow/dags/retailco_dag.py                           1           0  0.19s           2026-05-31T16:37:32
================================================================================
[2026-05-31T16:38:28.712+0000] {manager.py:878} INFO - 
================================================================================
DAG File Processing Stats

File Path                          PID    Runtime      # DAGs    # Errors  Last Runtime    Last Run
---------------------------------  -----  ---------  --------  ----------  --------------  -------------------
/opt/airflow/dags/retailco_dag.py                           1           0  0.19s           2026-05-31T16:38:03
================================================================================
[2026-05-31T16:38:59.215+0000] {manager.py:878} INFO - 
================================================================================
DAG File Processing Stats

File Path                          PID    Runtime      # DAGs    # Errors  Last Runtime    Last Run
---------------------------------  -----  ---------  --------  ----------  --------------  -------------------
/opt/airflow/dags/retailco_dag.py                           1           0  0.21s           2026-05-31T16:38:34
================================================================================
[2026-05-31T16:39:29.900+0000] {manager.py:878} INFO - 
================================================================================
DAG File Processing Stats

File Path                          PID    Runtime      # DAGs    # Errors  Last Runtime    Last Run
---------------------------------  -----  ---------  --------  ----------  --------------  -------------------
/opt/airflow/dags/retailco_dag.py                           1           0  0.17s           2026-05-31T16:39:04
================================================================================
[2026-05-31T16:40:00.415+0000] {manager.py:878} INFO - 
================================================================================
DAG File Processing Stats

File Path                          PID    Runtime      # DAGs    # Errors  Last Runtime    Last Run
---------------------------------  -----  ---------  --------  ----------  --------------  -------------------
/opt/airflow/dags/retailco_dag.py                           1           0  0.19s           2026-05-31T16:39:35
================================================================================
[2026-05-31T16:40:03.628+0000] {manager.py:737} INFO - Searching for files in /opt/airflow/dags
[2026-05-31T16:40:03.756+0000] {manager.py:740} INFO - There are 1 files in /opt/airflow/dags
[2026-05-31T16:40:30.918+0000] {manager.py:878} INFO - 
================================================================================
DAG File Processing Stats

File Path                          PID    Runtime      # DAGs    # Errors  Last Runtime    Last Run
---------------------------------  -----  ---------  --------  ----------  --------------  -------------------
/opt/airflow/dags/retailco_dag.py                           1           0  0.20s           2026-05-31T16:40:05
================================================================================
[2026-05-31T16:41:01.654+0000] {manager.py:878} INFO - 
================================================================================
DAG File Processing Stats

File Path                          PID    Runtime      # DAGs    # Errors  Last Runtime    Last Run
---------------------------------  -----  ---------  --------  ----------  --------------  -------------------
/opt/airflow/dags/retailco_dag.py                           1           0  0.20s           2026-05-31T16:40:36
================================================================================
[2026-05-31T16:41:32.050+0000] {manager.py:878} INFO - 
================================================================================
DAG File Processing Stats

File Path                          PID    Runtime      # DAGs    # Errors  Last Runtime    Last Run
---------------------------------  -----  ---------  --------  ----------  --------------  -------------------
/opt/airflow/dags/retailco_dag.py                           1           0  0.16s           2026-05-31T16:41:06
================================================================================
[2026-05-31T16:42:02.643+0000] {manager.py:878} INFO - 
================================================================================
DAG File Processing Stats

File Path                          PID    Runtime      # DAGs    # Errors  Last Runtime    Last Run
---------------------------------  -----  ---------  --------  ----------  --------------  -------------------
/opt/airflow/dags/retailco_dag.py                           1           0  0.17s           2026-05-31T16:41:37
================================================================================
[2026-05-31T16:42:33.217+0000] {manager.py:878} INFO - 
================================================================================
DAG File Processing Stats

File Path                          PID    Runtime      # DAGs    # Errors  Last Runtime    Last Run
---------------------------------  -----  ---------  --------  ----------  --------------  -------------------
/opt/airflow/dags/retailco_dag.py                           1           0  0.18s           2026-05-31T16:42:07
================================================================================
[2026-05-31T16:43:03.813+0000] {manager.py:878} INFO - 
================================================================================
DAG File Processing Stats

File Path                          PID    Runtime      # DAGs    # Errors  Last Runtime    Last Run
---------------------------------  -----  ---------  --------  ----------  --------------  -------------------
/opt/airflow/dags/retailco_dag.py                           1           0  0.18s           2026-05-31T16:42:38
================================================================================
[2026-05-31T16:43:34.264+0000] {manager.py:878} INFO - 
================================================================================
DAG File Processing Stats

File Path                          PID    Runtime      # DAGs    # Errors  Last Runtime    Last Run
---------------------------------  -----  ---------  --------  ----------  --------------  -------------------
/opt/airflow/dags/retailco_dag.py                           1           0  0.17s           2026-05-31T16:43:09
================================================================================
[2026-05-31T16:44:04.745+0000] {manager.py:878} INFO - 
================================================================================
DAG File Processing Stats

File Path                          PID    Runtime      # DAGs    # Errors  Last Runtime    Last Run
---------------------------------  -----  ---------  --------  ----------  --------------  -------------------
/opt/airflow/dags/retailco_dag.py                           1           0  0.18s           2026-05-31T16:43:39
================================================================================
[2026-05-31T16:44:35.108+0000] {manager.py:878} INFO - 
================================================================================
DAG File Processing Stats

File Path                          PID    Runtime      # DAGs    # Errors  Last Runtime    Last Run
---------------------------------  -----  ---------  --------  ----------  --------------  -------------------
/opt/airflow/dags/retailco_dag.py                           1           0  0.22s           2026-05-31T16:44:10
================================================================================
[2026-05-31T16:45:04.557+0000] {manager.py:737} INFO - Searching for files in /opt/airflow/dags
[2026-05-31T16:45:04.594+0000] {manager.py:740} INFO - There are 1 files in /opt/airflow/dags
[2026-05-31T16:45:05.623+0000] {manager.py:878} INFO - 
================================================================================
DAG File Processing Stats

File Path                          PID    Runtime      # DAGs    # Errors  Last Runtime    Last Run
---------------------------------  -----  ---------  --------  ----------  --------------  -------------------
/opt/airflow/dags/retailco_dag.py                           1           0  0.18s           2026-05-31T16:44:40
================================================================================
[2026-05-31T16:45:35.950+0000] {manager.py:878} INFO - 
================================================================================
DAG File Processing Stats

File Path                          PID    Runtime      # DAGs    # Errors  Last Runtime    Last Run
---------------------------------  -----  ---------  --------  ----------  --------------  -------------------
/opt/airflow/dags/retailco_dag.py                           1           0  0.16s           2026-05-31T16:45:10
================================================================================
[2026-05-31T16:46:06.272+0000] {manager.py:878} INFO - 
================================================================================
DAG File Processing Stats

File Path                          PID    Runtime      # DAGs    # Errors  Last Runtime    Last Run
---------------------------------  -----  ---------  --------  ----------  --------------  -------------------
/opt/airflow/dags/retailco_dag.py                           1           0  0.19s           2026-05-31T16:45:41
================================================================================
[2026-05-31T16:46:36.652+0000] {manager.py:878} INFO - 
================================================================================
DAG File Processing Stats

File Path                          PID    Runtime      # DAGs    # Errors  Last Runtime    Last Run
---------------------------------  -----  ---------  --------  ----------  --------------  -------------------
/opt/airflow/dags/retailco_dag.py                           1           0  0.20s           2026-05-31T16:46:11
================================================================================
[2026-05-31T16:47:07.010+0000] {manager.py:878} INFO - 
================================================================================
DAG File Processing Stats

File Path                          PID    Runtime      # DAGs    # Errors  Last Runtime    Last Run
---------------------------------  -----  ---------  --------  ----------  --------------  -------------------
/opt/airflow/dags/retailco_dag.py                           1           0  0.17s           2026-05-31T16:46:41
================================================================================
[2026-05-31T16:47:37.340+0000] {manager.py:878} INFO - 
================================================================================
DAG File Processing Stats

File Path                          PID    Runtime      # DAGs    # Errors  Last Runtime    Last Run
---------------------------------  -----  ---------  --------  ----------  --------------  -------------------
/opt/airflow/dags/retailco_dag.py                           1           0  0.16s           2026-05-31T16:47:12
================================================================================
[2026-05-31T16:48:07.700+0000] {manager.py:878} INFO - 
================================================================================
DAG File Processing Stats

File Path                          PID    Runtime      # DAGs    # Errors  Last Runtime    Last Run
---------------------------------  -----  ---------  --------  ----------  --------------  -------------------
/opt/airflow/dags/retailco_dag.py                           1           0  0.26s           2026-05-31T16:47:42
================================================================================
[2026-05-31T16:48:38.040+0000] {manager.py:878} INFO - 
================================================================================
DAG File Processing Stats

File Path                          PID    Runtime      # DAGs    # Errors  Last Runtime    Last Run
---------------------------------  -----  ---------  --------  ----------  --------------  -------------------
/opt/airflow/dags/retailco_dag.py                           1           0  0.17s           2026-05-31T16:48:12
================================================================================
[2026-05-31T16:49:08.448+0000] {manager.py:878} INFO - 
================================================================================
DAG File Processing Stats

File Path                          PID    Runtime      # DAGs    # Errors  Last Runtime    Last Run
---------------------------------  -----  ---------  --------  ----------  --------------  -------------------
/opt/airflow/dags/retailco_dag.py                           1           0  0.18s           2026-05-31T16:48:43
================================================================================
[2026-05-31T16:49:38.757+0000] {manager.py:878} INFO - 
================================================================================
DAG File Processing Stats

File Path                          PID    Runtime      # DAGs    # Errors  Last Runtime    Last Run
---------------------------------  -----  ---------  --------  ----------  --------------  -------------------
/opt/airflow/dags/retailco_dag.py                           1           0  0.19s           2026-05-31T16:49:13
================================================================================
[2026-05-31T16:50:05.128+0000] {manager.py:737} INFO - Searching for files in /opt/airflow/dags
[2026-05-31T16:50:05.183+0000] {manager.py:740} INFO - There are 1 files in /opt/airflow/dags
[2026-05-31T16:50:09.238+0000] {manager.py:878} INFO - 
================================================================================
DAG File Processing Stats

File Path                          PID    Runtime      # DAGs    # Errors  Last Runtime    Last Run
---------------------------------  -----  ---------  --------  ----------  --------------  -------------------
/opt/airflow/dags/retailco_dag.py                           1           0  0.20s           2026-05-31T16:49:44
================================================================================
[2026-05-31T16:50:39.620+0000] {manager.py:878} INFO - 
================================================================================
DAG File Processing Stats

File Path                          PID    Runtime      # DAGs    # Errors  Last Runtime    Last Run
---------------------------------  -----  ---------  --------  ----------  --------------  -------------------
/opt/airflow/dags/retailco_dag.py                           1           0  0.20s           2026-05-31T16:50:14
================================================================================
[2026-05-31T16:51:10.047+0000] {manager.py:878} INFO - 
================================================================================
DAG File Processing Stats

File Path                          PID    Runtime      # DAGs    # Errors  Last Runtime    Last Run
---------------------------------  -----  ---------  --------  ----------  --------------  -------------------
/opt/airflow/dags/retailco_dag.py                           1           0  0.19s           2026-05-31T16:50:44
================================================================================
[2026-05-31T16:51:40.380+0000] {manager.py:878} INFO - 
================================================================================
DAG File Processing Stats

File Path                          PID    Runtime      # DAGs    # Errors  Last Runtime    Last Run
---------------------------------  -----  ---------  --------  ----------  --------------  -------------------
/opt/airflow/dags/retailco_dag.py                           1           0  0.20s           2026-05-31T16:51:15
================================================================================
[2026-05-31T16:52:10.838+0000] {manager.py:878} INFO - 
================================================================================
DAG File Processing Stats

File Path                          PID    Runtime      # DAGs    # Errors  Last Runtime    Last Run
---------------------------------  -----  ---------  --------  ----------  --------------  -------------------
/opt/airflow/dags/retailco_dag.py                           1           0  0.16s           2026-05-31T16:51:45
================================================================================
[2026-05-31T16:52:41.140+0000] {manager.py:878} INFO - 
================================================================================
DAG File Processing Stats

File Path                          PID    Runtime      # DAGs    # Errors  Last Runtime    Last Run
---------------------------------  -----  ---------  --------  ----------  --------------  -------------------
/opt/airflow/dags/retailco_dag.py                           1           0  0.21s           2026-05-31T16:52:16
================================================================================
[2026-05-31T16:53:11.675+0000] {manager.py:878} INFO - 
================================================================================
DAG File Processing Stats

File Path                          PID    Runtime      # DAGs    # Errors  Last Runtime    Last Run
---------------------------------  -----  ---------  --------  ----------  --------------  -------------------
/opt/airflow/dags/retailco_dag.py                           1           0  0.19s           2026-05-31T16:52:46
================================================================================
[2026-05-31T16:53:42.137+0000] {manager.py:878} INFO - 
================================================================================
DAG File Processing Stats

File Path                          PID    Runtime      # DAGs    # Errors  Last Runtime    Last Run
---------------------------------  -----  ---------  --------  ----------  --------------  -------------------
/opt/airflow/dags/retailco_dag.py                           1           0  0.17s           2026-05-31T16:53:16
================================================================================
[2026-05-31T16:54:12.758+0000] {manager.py:878} INFO - 
================================================================================
DAG File Processing Stats

File Path                          PID    Runtime      # DAGs    # Errors  Last Runtime    Last Run
---------------------------------  -----  ---------  --------  ----------  --------------  -------------------
/opt/airflow/dags/retailco_dag.py                           1           0  0.18s           2026-05-31T16:53:47
================================================================================
[2026-05-31T16:54:43.266+0000] {manager.py:878} INFO - 
================================================================================
DAG File Processing Stats

File Path                          PID    Runtime      # DAGs    # Errors  Last Runtime    Last Run
---------------------------------  -----  ---------  --------  ----------  --------------  -------------------
/opt/airflow/dags/retailco_dag.py                           1           0  0.16s           2026-05-31T16:54:17
================================================================================
[2026-05-31T16:55:05.664+0000] {manager.py:737} INFO - Searching for files in /opt/airflow/dags
[2026-05-31T16:55:05.700+0000] {manager.py:740} INFO - There are 1 files in /opt/airflow/dags
[2026-05-31T16:55:13.779+0000] {manager.py:878} INFO - 
================================================================================
DAG File Processing Stats

File Path                          PID    Runtime      # DAGs    # Errors  Last Runtime    Last Run
---------------------------------  -----  ---------  --------  ----------  --------------  -------------------
/opt/airflow/dags/retailco_dag.py                           1           0  0.17s           2026-05-31T16:54:48
================================================================================
[2026-05-31T16:55:44.285+0000] {manager.py:878} INFO - 
================================================================================
DAG File Processing Stats

File Path                          PID    Runtime      # DAGs    # Errors  Last Runtime    Last Run
---------------------------------  -----  ---------  --------  ----------  --------------  -------------------
/opt/airflow/dags/retailco_dag.py                           1           0  0.18s           2026-05-31T16:55:19
================================================================================
[2026-05-31T16:56:14.945+0000] {manager.py:878} INFO - 
================================================================================
DAG File Processing Stats

File Path                          PID    Runtime      # DAGs    # Errors  Last Runtime    Last Run
---------------------------------  -----  ---------  --------  ----------  --------------  -------------------
/opt/airflow/dags/retailco_dag.py                           1           0  0.17s           2026-05-31T16:55:49
================================================================================
[2026-05-31T16:56:45.423+0000] {manager.py:878} INFO - 
================================================================================
DAG File Processing Stats

File Path                          PID    Runtime      # DAGs    # Errors  Last Runtime    Last Run
---------------------------------  -----  ---------  --------  ----------  --------------  -------------------
/opt/airflow/dags/retailco_dag.py                           1           0  0.19s           2026-05-31T16:56:20
================================================================================
[2026-05-31T16:57:15.753+0000] {manager.py:878} INFO - 
================================================================================
DAG File Processing Stats

File Path                          PID    Runtime      # DAGs    # Errors  Last Runtime    Last Run
---------------------------------  -----  ---------  --------  ----------  --------------  -------------------
/opt/airflow/dags/retailco_dag.py                           1           0  0.18s           2026-05-31T16:56:50
================================================================================
[2026-05-31T16:57:46.160+0000] {manager.py:878} INFO - 
================================================================================
DAG File Processing Stats

File Path                          PID    Runtime      # DAGs    # Errors  Last Runtime    Last Run
---------------------------------  -----  ---------  --------  ----------  --------------  -------------------
/opt/airflow/dags/retailco_dag.py                           1           0  0.18s           2026-05-31T16:57:21
================================================================================
[2026-05-31T16:58:16.693+0000] {manager.py:878} INFO - 
================================================================================
DAG File Processing Stats

File Path                          PID    Runtime      # DAGs    # Errors  Last Runtime    Last Run
---------------------------------  -----  ---------  --------  ----------  --------------  -------------------
/opt/airflow/dags/retailco_dag.py                           1           0  0.18s           2026-05-31T16:57:51
================================================================================
[2026-05-31T16:58:47.063+0000] {manager.py:878} INFO - 
================================================================================
DAG File Processing Stats

File Path                          PID    Runtime      # DAGs    # Errors  Last Runtime    Last Run
---------------------------------  -----  ---------  --------  ----------  --------------  -------------------
/opt/airflow/dags/retailco_dag.py                           1           0  0.17s           2026-05-31T16:58:21
================================================================================
[2026-05-31T16:59:17.462+0000] {manager.py:878} INFO - 
================================================================================
DAG File Processing Stats

File Path                          PID    Runtime      # DAGs    # Errors  Last Runtime    Last Run
---------------------------------  -----  ---------  --------  ----------  --------------  -------------------
/opt/airflow/dags/retailco_dag.py                           1           0  0.17s           2026-05-31T16:58:52
================================================================================
[2026-05-31T16:59:47.859+0000] {manager.py:878} INFO - 
================================================================================
DAG File Processing Stats

File Path                          PID    Runtime      # DAGs    # Errors  Last Runtime    Last Run
---------------------------------  -----  ---------  --------  ----------  --------------  -------------------
/opt/airflow/dags/retailco_dag.py                           1           0  0.17s           2026-05-31T16:59:22
================================================================================
[2026-05-31T17:00:06.102+0000] {manager.py:737} INFO - Searching for files in /opt/airflow/dags
[2026-05-31T17:00:06.171+0000] {manager.py:740} INFO - There are 1 files in /opt/airflow/dags
[2026-05-31T17:00:18.324+0000] {manager.py:878} INFO - 
================================================================================
DAG File Processing Stats

File Path                          PID    Runtime      # DAGs    # Errors  Last Runtime    Last Run
---------------------------------  -----  ---------  --------  ----------  --------------  -------------------
/opt/airflow/dags/retailco_dag.py                           1           0  0.22s           2026-05-31T16:59:53
================================================================================
[2026-05-31T17:00:48.674+0000] {manager.py:878} INFO - 
================================================================================
DAG File Processing Stats

File Path                          PID    Runtime      # DAGs    # Errors  Last Runtime    Last Run
---------------------------------  -----  ---------  --------  ----------  --------------  -------------------
/opt/airflow/dags/retailco_dag.py                           1           0  0.16s           2026-05-31T17:00:23
================================================================================
[2026-05-31T17:01:18.983+0000] {manager.py:878} INFO - 
================================================================================
DAG File Processing Stats

File Path                          PID    Runtime      # DAGs    # Errors  Last Runtime    Last Run
---------------------------------  -----  ---------  --------  ----------  --------------  -------------------
/opt/airflow/dags/retailco_dag.py                           1           0  0.18s           2026-05-31T17:00:53
================================================================================
[2026-05-31T17:01:49.518+0000] {manager.py:878} INFO - 
================================================================================
DAG File Processing Stats

File Path                          PID    Runtime      # DAGs    # Errors  Last Runtime    Last Run
---------------------------------  -----  ---------  --------  ----------  --------------  -------------------
/opt/airflow/dags/retailco_dag.py                           1           0  0.18s           2026-05-31T17:01:24
================================================================================
[2026-05-31T17:02:19.869+0000] {manager.py:878} INFO - 
================================================================================
DAG File Processing Stats

File Path                          PID    Runtime      # DAGs    # Errors  Last Runtime    Last Run
---------------------------------  -----  ---------  --------  ----------  --------------  -------------------
/opt/airflow/dags/retailco_dag.py                           1           0  0.21s           2026-05-31T17:01:54
================================================================================
[2026-05-31T17:02:50.219+0000] {manager.py:878} INFO - 
================================================================================
DAG File Processing Stats

File Path                          PID    Runtime      # DAGs    # Errors  Last Runtime    Last Run
---------------------------------  -----  ---------  --------  ----------  --------------  -------------------
/opt/airflow/dags/retailco_dag.py                           1           0  0.15s           2026-05-31T17:02:25
================================================================================
[2026-05-31T17:03:20.621+0000] {manager.py:878} INFO - 
================================================================================
DAG File Processing Stats

File Path                          PID    Runtime      # DAGs    # Errors  Last Runtime    Last Run
---------------------------------  -----  ---------  --------  ----------  --------------  -------------------
/opt/airflow/dags/retailco_dag.py                           1           0  0.18s           2026-05-31T17:02:55
================================================================================
[2026-05-31T17:03:51.026+0000] {manager.py:878} INFO - 
================================================================================
DAG File Processing Stats

File Path                          PID    Runtime      # DAGs    # Errors  Last Runtime    Last Run
---------------------------------  -----  ---------  --------  ----------  --------------  -------------------
/opt/airflow/dags/retailco_dag.py                           1           0  0.18s           2026-05-31T17:03:25
================================================================================
[2026-05-31T17:04:21.432+0000] {manager.py:878} INFO - 
================================================================================
DAG File Processing Stats

File Path                          PID    Runtime      # DAGs    # Errors  Last Runtime    Last Run
---------------------------------  -----  ---------  --------  ----------  --------------  -------------------
/opt/airflow/dags/retailco_dag.py                           1           0  0.22s           2026-05-31T17:03:56
================================================================================
[2026-05-31T17:04:51.925+0000] {manager.py:878} INFO - 
================================================================================
DAG File Processing Stats

File Path                          PID    Runtime      # DAGs    # Errors  Last Runtime    Last Run
---------------------------------  -----  ---------  --------  ----------  --------------  -------------------
/opt/airflow/dags/retailco_dag.py                           1           0  0.20s           2026-05-31T17:04:26
================================================================================
[2026-05-31T17:05:06.116+0000] {manager.py:737} INFO - Searching for files in /opt/airflow/dags
[2026-05-31T17:05:06.155+0000] {manager.py:740} INFO - There are 1 files in /opt/airflow/dags
[2026-05-31T17:05:22.353+0000] {manager.py:878} INFO - 
================================================================================
DAG File Processing Stats

File Path                          PID    Runtime      # DAGs    # Errors  Last Runtime    Last Run
---------------------------------  -----  ---------  --------  ----------  --------------  -------------------
/opt/airflow/dags/retailco_dag.py                           1           0  0.21s           2026-05-31T17:04:57
================================================================================
[2026-05-31T17:05:52.812+0000] {manager.py:878} INFO - 
================================================================================
DAG File Processing Stats

File Path                          PID    Runtime      # DAGs    # Errors  Last Runtime    Last Run
---------------------------------  -----  ---------  --------  ----------  --------------  -------------------
/opt/airflow/dags/retailco_dag.py                           1           0  0.25s           2026-05-31T17:05:27
================================================================================
[2026-05-31T17:06:23.276+0000] {manager.py:878} INFO - 
================================================================================
DAG File Processing Stats

File Path                          PID    Runtime      # DAGs    # Errors  Last Runtime    Last Run
---------------------------------  -----  ---------  --------  ----------  --------------  -------------------
/opt/airflow/dags/retailco_dag.py                           1           0  0.17s           2026-05-31T17:05:58
================================================================================
[2026-05-31T17:06:53.723+0000] {manager.py:878} INFO - 
================================================================================
DAG File Processing Stats

File Path                          PID    Runtime      # DAGs    # Errors  Last Runtime    Last Run
---------------------------------  -----  ---------  --------  ----------  --------------  -------------------
/opt/airflow/dags/retailco_dag.py                           1           0  0.17s           2026-05-31T17:06:28
================================================================================
[2026-05-31T17:07:24.122+0000] {manager.py:878} INFO - 
================================================================================
DAG File Processing Stats

File Path                          PID    Runtime      # DAGs    # Errors  Last Runtime    Last Run
---------------------------------  -----  ---------  --------  ----------  --------------  -------------------
/opt/airflow/dags/retailco_dag.py                           1           0  0.17s           2026-05-31T17:06:58
================================================================================
[2026-05-31T17:07:54.641+0000] {manager.py:878} INFO - 
================================================================================
DAG File Processing Stats

File Path                          PID    Runtime      # DAGs    # Errors  Last Runtime    Last Run
---------------------------------  -----  ---------  --------  ----------  --------------  -------------------
/opt/airflow/dags/retailco_dag.py                           1           0  0.19s           2026-05-31T17:07:29
================================================================================
[2026-05-31T17:08:24.998+0000] {manager.py:878} INFO - 
================================================================================
DAG File Processing Stats

File Path                          PID    Runtime      # DAGs    # Errors  Last Runtime    Last Run
---------------------------------  -----  ---------  --------  ----------  --------------  -------------------
/opt/airflow/dags/retailco_dag.py                           1           0  0.17s           2026-05-31T17:07:59
================================================================================
[2026-05-31T17:08:55.448+0000] {manager.py:878} INFO - 
================================================================================
DAG File Processing Stats

File Path                          PID    Runtime      # DAGs    # Errors  Last Runtime    Last Run
---------------------------------  -----  ---------  --------  ----------  --------------  -------------------
/opt/airflow/dags/retailco_dag.py                           1           0  0.25s           2026-05-31T17:08:30
================================================================================
[2026-05-31T17:09:25.958+0000] {manager.py:878} INFO - 
================================================================================
DAG File Processing Stats

File Path                          PID    Runtime      # DAGs    # Errors  Last Runtime    Last Run
---------------------------------  -----  ---------  --------  ----------  --------------  -------------------
/opt/airflow/dags/retailco_dag.py                           1           0  0.17s           2026-05-31T17:09:00
================================================================================
[2026-05-31T17:09:56.362+0000] {manager.py:878} INFO - 
================================================================================
DAG File Processing Stats

File Path                          PID    Runtime      # DAGs    # Errors  Last Runtime    Last Run
---------------------------------  -----  ---------  --------  ----------  --------------  -------------------
/opt/airflow/dags/retailco_dag.py                           1           0  0.15s           2026-05-31T17:09:31
================================================================================
[2026-05-31T17:10:06.547+0000] {manager.py:737} INFO - Searching for files in /opt/airflow/dags
[2026-05-31T17:10:06.609+0000] {manager.py:740} INFO - There are 1 files in /opt/airflow/dags
[2026-05-31T17:10:26.860+0000] {manager.py:878} INFO - 
================================================================================
DAG File Processing Stats

File Path                          PID    Runtime      # DAGs    # Errors  Last Runtime    Last Run
---------------------------------  -----  ---------  --------  ----------  --------------  -------------------
/opt/airflow/dags/retailco_dag.py                           1           0  0.16s           2026-05-31T17:10:01
================================================================================
[2026-05-31T17:10:57.273+0000] {manager.py:878} INFO - 
================================================================================
DAG File Processing Stats

File Path                          PID    Runtime      # DAGs    # Errors  Last Runtime    Last Run
---------------------------------  -----  ---------  --------  ----------  --------------  -------------------
/opt/airflow/dags/retailco_dag.py                           1           0  0.16s           2026-05-31T17:10:32
================================================================================
[2026-05-31T17:11:27.654+0000] {manager.py:878} INFO - 
================================================================================
DAG File Processing Stats

File Path                          PID    Runtime      # DAGs    # Errors  Last Runtime    Last Run
---------------------------------  -----  ---------  --------  ----------  --------------  -------------------
/opt/airflow/dags/retailco_dag.py                           1           0  0.17s           2026-05-31T17:11:02
================================================================================
[2026-05-31T17:11:58.051+0000] {manager.py:878} INFO - 
================================================================================
DAG File Processing Stats

File Path                          PID    Runtime      # DAGs    # Errors  Last Runtime    Last Run
---------------------------------  -----  ---------  --------  ----------  --------------  -------------------
/opt/airflow/dags/retailco_dag.py                           1           0  0.17s           2026-05-31T17:11:32
================================================================================
[2026-05-31T17:12:28.387+0000] {manager.py:878} INFO - 
================================================================================
DAG File Processing Stats

File Path                          PID    Runtime      # DAGs    # Errors  Last Runtime    Last Run
---------------------------------  -----  ---------  --------  ----------  --------------  -------------------
/opt/airflow/dags/retailco_dag.py                           1           0  0.17s           2026-05-31T17:12:03
================================================================================
[2026-05-31T17:12:58.721+0000] {manager.py:878} INFO - 
================================================================================
DAG File Processing Stats

File Path                          PID    Runtime      # DAGs    # Errors  Last Runtime    Last Run
---------------------------------  -----  ---------  --------  ----------  --------------  -------------------
/opt/airflow/dags/retailco_dag.py                           1           0  0.17s           2026-05-31T17:12:33
================================================================================
[2026-05-31T17:13:29.239+0000] {manager.py:878} INFO - 
================================================================================
DAG File Processing Stats

File Path                          PID    Runtime      # DAGs    # Errors  Last Runtime    Last Run
---------------------------------  -----  ---------  --------  ----------  --------------  -------------------
/opt/airflow/dags/retailco_dag.py                           1           0  0.16s           2026-05-31T17:13:03
================================================================================
[2026-05-31T17:13:59.602+0000] {manager.py:878} INFO - 
================================================================================
DAG File Processing Stats

File Path                          PID    Runtime      # DAGs    # Errors  Last Runtime    Last Run
---------------------------------  -----  ---------  --------  ----------  --------------  -------------------
/opt/airflow/dags/retailco_dag.py                           1           0  0.17s           2026-05-31T17:13:34
================================================================================
[2026-05-31T17:14:30.041+0000] {manager.py:878} INFO - 
================================================================================
DAG File Processing Stats

File Path                          PID    Runtime      # DAGs    # Errors  Last Runtime    Last Run
---------------------------------  -----  ---------  --------  ----------  --------------  -------------------
/opt/airflow/dags/retailco_dag.py                           1           0  0.17s           2026-05-31T17:14:04
================================================================================
[2026-05-31T17:15:00.367+0000] {manager.py:878} INFO - 
================================================================================
DAG File Processing Stats

File Path                          PID    Runtime      # DAGs    # Errors  Last Runtime    Last Run
---------------------------------  -----  ---------  --------  ----------  --------------  -------------------
/opt/airflow/dags/retailco_dag.py                           1           0  0.20s           2026-05-31T17:14:35
================================================================================
[2026-05-31T17:15:06.563+0000] {manager.py:737} INFO - Searching for files in /opt/airflow/dags
[2026-05-31T17:15:06.601+0000] {manager.py:740} INFO - There are 1 files in /opt/airflow/dags
[2026-05-31T17:15:30.876+0000] {manager.py:878} INFO - 
================================================================================
DAG File Processing Stats

File Path                          PID    Runtime      # DAGs    # Errors  Last Runtime    Last Run
---------------------------------  -----  ---------  --------  ----------  --------------  -------------------
/opt/airflow/dags/retailco_dag.py                           1           0  0.22s           2026-05-31T17:15:05
================================================================================
[2026-05-31T17:16:01.266+0000] {manager.py:878} INFO - 
================================================================================
DAG File Processing Stats

File Path                          PID    Runtime      # DAGs    # Errors  Last Runtime    Last Run
---------------------------------  -----  ---------  --------  ----------  --------------  -------------------
/opt/airflow/dags/retailco_dag.py                           1           0  0.17s           2026-05-31T17:15:36
================================================================================
[2026-05-31T17:16:31.660+0000] {manager.py:878} INFO - 
================================================================================
DAG File Processing Stats

File Path                          PID    Runtime      # DAGs    # Errors  Last Runtime    Last Run
---------------------------------  -----  ---------  --------  ----------  --------------  -------------------
/opt/airflow/dags/retailco_dag.py                           1           0  0.16s           2026-05-31T17:16:06
================================================================================
[2026-05-31T17:17:02.021+0000] {manager.py:878} INFO - 
================================================================================
DAG File Processing Stats

File Path                          PID    Runtime      # DAGs    # Errors  Last Runtime    Last Run
---------------------------------  -----  ---------  --------  ----------  --------------  -------------------
/opt/airflow/dags/retailco_dag.py                           1           0  0.17s           2026-05-31T17:16:36
================================================================================
[2026-05-31T17:17:32.444+0000] {manager.py:878} INFO - 
================================================================================
DAG File Processing Stats

File Path                          PID    Runtime      # DAGs    # Errors  Last Runtime    Last Run
---------------------------------  -----  ---------  --------  ----------  --------------  -------------------
/opt/airflow/dags/retailco_dag.py                           1           0  0.18s           2026-05-31T17:17:07
================================================================================
[2026-05-31T17:18:02.894+0000] {manager.py:878} INFO - 
================================================================================
DAG File Processing Stats

File Path                          PID    Runtime      # DAGs    # Errors  Last Runtime    Last Run
---------------------------------  -----  ---------  --------  ----------  --------------  -------------------
/opt/airflow/dags/retailco_dag.py                           1           0  0.17s           2026-05-31T17:17:37
================================================================================
[2026-05-31T17:18:33.251+0000] {manager.py:878} INFO - 
================================================================================
DAG File Processing Stats

File Path                          PID    Runtime      # DAGs    # Errors  Last Runtime    Last Run
---------------------------------  -----  ---------  --------  ----------  --------------  -------------------
/opt/airflow/dags/retailco_dag.py                           1           0  0.16s           2026-05-31T17:18:08
================================================================================
[2026-05-31T17:19:03.678+0000] {manager.py:878} INFO - 
================================================================================
DAG File Processing Stats

File Path                          PID    Runtime      # DAGs    # Errors  Last Runtime    Last Run
---------------------------------  -----  ---------  --------  ----------  --------------  -------------------
/opt/airflow/dags/retailco_dag.py                           1           0  0.20s           2026-05-31T17:18:38
================================================================================
[2026-05-31T17:19:34.092+0000] {manager.py:878} INFO - 
================================================================================
DAG File Processing Stats

File Path                          PID    Runtime      # DAGs    # Errors  Last Runtime    Last Run
---------------------------------  -----  ---------  --------  ----------  --------------  -------------------
/opt/airflow/dags/retailco_dag.py                           1           0  0.18s           2026-05-31T17:19:08
================================================================================
[2026-05-31T17:20:04.524+0000] {manager.py:878} INFO - 
================================================================================
DAG File Processing Stats

File Path                          PID    Runtime      # DAGs    # Errors  Last Runtime    Last Run
---------------------------------  -----  ---------  --------  ----------  --------------  -------------------
/opt/airflow/dags/retailco_dag.py                           1           0  0.17s           2026-05-31T17:19:39
================================================================================
[2026-05-31T17:20:06.597+0000] {manager.py:737} INFO - Searching for files in /opt/airflow/dags
[2026-05-31T17:20:06.639+0000] {manager.py:740} INFO - There are 1 files in /opt/airflow/dags
[2026-05-31T17:20:34.939+0000] {manager.py:878} INFO - 
================================================================================
DAG File Processing Stats

File Path                          PID    Runtime      # DAGs    # Errors  Last Runtime    Last Run
---------------------------------  -----  ---------  --------  ----------  --------------  -------------------
/opt/airflow/dags/retailco_dag.py                           1           0  0.17s           2026-05-31T17:20:09
================================================================================
[2026-05-31T17:21:05.313+0000] {manager.py:878} INFO - 
================================================================================
DAG File Processing Stats

File Path                          PID    Runtime      # DAGs    # Errors  Last Runtime    Last Run
---------------------------------  -----  ---------  --------  ----------  --------------  -------------------
/opt/airflow/dags/retailco_dag.py                           1           0  0.16s           2026-05-31T17:20:40
================================================================================
[2026-05-31T17:21:35.696+0000] {manager.py:878} INFO - 
================================================================================
DAG File Processing Stats

File Path                          PID    Runtime      # DAGs    # Errors  Last Runtime    Last Run
---------------------------------  -----  ---------  --------  ----------  --------------  -------------------
/opt/airflow/dags/retailco_dag.py                           1           0  0.16s           2026-05-31T17:21:10
================================================================================
[2026-05-31T17:22:06.094+0000] {manager.py:878} INFO - 
================================================================================
DAG File Processing Stats

File Path                          PID    Runtime      # DAGs    # Errors  Last Runtime    Last Run
---------------------------------  -----  ---------  --------  ----------  --------------  -------------------
/opt/airflow/dags/retailco_dag.py                           1           0  0.17s           2026-05-31T17:21:40
================================================================================
[2026-05-31T17:22:36.418+0000] {manager.py:878} INFO - 
================================================================================
DAG File Processing Stats

File Path                          PID    Runtime      # DAGs    # Errors  Last Runtime    Last Run
---------------------------------  -----  ---------  --------  ----------  --------------  -------------------
/opt/airflow/dags/retailco_dag.py                           1           0  0.17s           2026-05-31T17:22:11
================================================================================
[2026-05-31T17:23:06.854+0000] {manager.py:878} INFO - 
================================================================================
DAG File Processing Stats

File Path                          PID    Runtime      # DAGs    # Errors  Last Runtime    Last Run
---------------------------------  -----  ---------  --------  ----------  --------------  -------------------
/opt/airflow/dags/retailco_dag.py                           1           0  0.16s           2026-05-31T17:22:41
================================================================================
[2026-05-31T17:23:37.218+0000] {manager.py:878} INFO - 
================================================================================
DAG File Processing Stats

File Path                          PID    Runtime      # DAGs    # Errors  Last Runtime    Last Run
---------------------------------  -----  ---------  --------  ----------  --------------  -------------------
/opt/airflow/dags/retailco_dag.py                           1           0  0.17s           2026-05-31T17:23:12
================================================================================
[2026-05-31T17:24:07.512+0000] {manager.py:878} INFO - 
================================================================================
DAG File Processing Stats

File Path                          PID    Runtime      # DAGs    # Errors  Last Runtime    Last Run
---------------------------------  -----  ---------  --------  ----------  --------------  -------------------
/opt/airflow/dags/retailco_dag.py                           1           0  0.16s           2026-05-31T17:23:42
================================================================================
[2026-05-31T17:24:37.813+0000] {manager.py:878} INFO - 
================================================================================
DAG File Processing Stats

File Path                          PID    Runtime      # DAGs    # Errors  Last Runtime    Last Run
---------------------------------  -----  ---------  --------  ----------  --------------  -------------------
/opt/airflow/dags/retailco_dag.py                           1           0  0.15s           2026-05-31T17:24:12
================================================================================
[2026-05-31T17:25:07.306+0000] {manager.py:737} INFO - Searching for files in /opt/airflow/dags
[2026-05-31T17:25:07.358+0000] {manager.py:740} INFO - There are 1 files in /opt/airflow/dags
[2026-05-31T17:25:08.389+0000] {manager.py:878} INFO - 
================================================================================
DAG File Processing Stats

File Path                          PID    Runtime      # DAGs    # Errors  Last Runtime    Last Run
---------------------------------  -----  ---------  --------  ----------  --------------  -------------------
/opt/airflow/dags/retailco_dag.py                           1           0  0.16s           2026-05-31T17:24:43
================================================================================
[2026-05-31T17:25:38.799+0000] {manager.py:878} INFO - 
================================================================================
DAG File Processing Stats

File Path                          PID    Runtime      # DAGs    # Errors  Last Runtime    Last Run
---------------------------------  -----  ---------  --------  ----------  --------------  -------------------
/opt/airflow/dags/retailco_dag.py                           1           0  0.23s           2026-05-31T17:25:13
================================================================================
[2026-05-31T17:26:09.114+0000] {manager.py:878} INFO - 
================================================================================
DAG File Processing Stats

File Path                          PID    Runtime      # DAGs    # Errors  Last Runtime    Last Run
---------------------------------  -----  ---------  --------  ----------  --------------  -------------------
/opt/airflow/dags/retailco_dag.py                           1           0  0.17s           2026-05-31T17:25:44
================================================================================
[2026-05-31T17:26:39.571+0000] {manager.py:878} INFO - 
================================================================================
DAG File Processing Stats

File Path                          PID    Runtime      # DAGs    # Errors  Last Runtime    Last Run
---------------------------------  -----  ---------  --------  ----------  --------------  -------------------
/opt/airflow/dags/retailco_dag.py                           1           0  0.18s           2026-05-31T17:26:14
================================================================================
[2026-05-31T17:27:09.966+0000] {manager.py:878} INFO - 
================================================================================
DAG File Processing Stats

File Path                          PID    Runtime      # DAGs    # Errors  Last Runtime    Last Run
---------------------------------  -----  ---------  --------  ----------  --------------  -------------------
/opt/airflow/dags/retailco_dag.py                           1           0  0.17s           2026-05-31T17:26:44
================================================================================
[2026-05-31T17:27:40.453+0000] {manager.py:878} INFO - 
================================================================================
DAG File Processing Stats

File Path                          PID    Runtime      # DAGs    # Errors  Last Runtime    Last Run
---------------------------------  -----  ---------  --------  ----------  --------------  -------------------
/opt/airflow/dags/retailco_dag.py                           1           0  0.16s           2026-05-31T17:27:15
================================================================================
[2026-05-31T17:28:10.811+0000] {manager.py:878} INFO - 
================================================================================
DAG File Processing Stats

File Path                          PID    Runtime      # DAGs    # Errors  Last Runtime    Last Run
---------------------------------  -----  ---------  --------  ----------  --------------  -------------------
/opt/airflow/dags/retailco_dag.py                           1           0  0.16s           2026-05-31T17:27:45
================================================================================
[2026-05-31T17:28:41.205+0000] {manager.py:878} INFO - 
================================================================================
DAG File Processing Stats

File Path                          PID    Runtime      # DAGs    # Errors  Last Runtime    Last Run
---------------------------------  -----  ---------  --------  ----------  --------------  -------------------
/opt/airflow/dags/retailco_dag.py                           1           0  0.19s           2026-05-31T17:28:16
================================================================================
[2026-05-31T17:29:11.565+0000] {manager.py:878} INFO - 
================================================================================
DAG File Processing Stats

File Path                          PID    Runtime      # DAGs    # Errors  Last Runtime    Last Run
---------------------------------  -----  ---------  --------  ----------  --------------  -------------------
/opt/airflow/dags/retailco_dag.py                           1           0  0.14s           2026-05-31T17:28:46
================================================================================
[2026-05-31T17:29:41.974+0000] {manager.py:878} INFO - 
================================================================================
DAG File Processing Stats

File Path                          PID    Runtime      # DAGs    # Errors  Last Runtime    Last Run
---------------------------------  -----  ---------  --------  ----------  --------------  -------------------
/opt/airflow/dags/retailco_dag.py                           1           0  0.20s           2026-05-31T17:29:16
================================================================================
[2026-05-31T17:30:07.432+0000] {manager.py:737} INFO - Searching for files in /opt/airflow/dags
[2026-05-31T17:30:07.467+0000] {manager.py:740} INFO - There are 1 files in /opt/airflow/dags
[2026-05-31T17:30:12.338+0000] {manager.py:878} INFO - 
================================================================================
DAG File Processing Stats

File Path                          PID    Runtime      # DAGs    # Errors  Last Runtime    Last Run
---------------------------------  -----  ---------  --------  ----------  --------------  -------------------
/opt/airflow/dags/retailco_dag.py                           1           0  0.17s           2026-05-31T17:29:47
================================================================================
[2026-05-31T17:30:42.948+0000] {manager.py:878} INFO - 
================================================================================
DAG File Processing Stats

File Path                          PID    Runtime      # DAGs    # Errors  Last Runtime    Last Run
---------------------------------  -----  ---------  --------  ----------  --------------  -------------------
/opt/airflow/dags/retailco_dag.py                           1           0  0.57s           2026-05-31T17:30:17
================================================================================
[2026-05-31T17:31:13.262+0000] {manager.py:878} INFO - 
================================================================================
DAG File Processing Stats

File Path                          PID    Runtime      # DAGs    # Errors  Last Runtime    Last Run
---------------------------------  -----  ---------  --------  ----------  --------------  -------------------
/opt/airflow/dags/retailco_dag.py                           1           0  0.16s           2026-05-31T17:30:48
================================================================================
[2026-05-31T17:31:43.805+0000] {manager.py:878} INFO - 
================================================================================
DAG File Processing Stats

File Path                          PID    Runtime      # DAGs    # Errors  Last Runtime    Last Run
---------------------------------  -----  ---------  --------  ----------  --------------  -------------------
/opt/airflow/dags/retailco_dag.py                           1           0  0.25s           2026-05-31T17:31:18
================================================================================
[2026-05-31T17:32:14.141+0000] {manager.py:878} INFO - 
================================================================================
DAG File Processing Stats

File Path                          PID    Runtime      # DAGs    # Errors  Last Runtime    Last Run
---------------------------------  -----  ---------  --------  ----------  --------------  -------------------
/opt/airflow/dags/retailco_dag.py                           1           0  0.16s           2026-05-31T17:31:49
================================================================================
[2026-05-31T17:32:44.573+0000] {manager.py:878} INFO - 
================================================================================
DAG File Processing Stats

File Path                          PID    Runtime      # DAGs    # Errors  Last Runtime    Last Run
---------------------------------  -----  ---------  --------  ----------  --------------  -------------------
/opt/airflow/dags/retailco_dag.py                           1           0  0.17s           2026-05-31T17:32:19
================================================================================
[2026-05-31T17:33:14.930+0000] {manager.py:878} INFO - 
================================================================================
DAG File Processing Stats

File Path                          PID    Runtime      # DAGs    # Errors  Last Runtime    Last Run
---------------------------------  -----  ---------  --------  ----------  --------------  -------------------
/opt/airflow/dags/retailco_dag.py                           1           0  0.18s           2026-05-31T17:32:49
================================================================================
[2026-05-31T17:33:45.414+0000] {manager.py:878} INFO - 
================================================================================
DAG File Processing Stats

File Path                          PID    Runtime      # DAGs    # Errors  Last Runtime    Last Run
---------------------------------  -----  ---------  --------  ----------  --------------  -------------------
/opt/airflow/dags/retailco_dag.py                           1           0  0.18s           2026-05-31T17:33:20
================================================================================
[2026-05-31T17:34:15.787+0000] {manager.py:878} INFO - 
================================================================================
DAG File Processing Stats

File Path                          PID    Runtime      # DAGs    # Errors  Last Runtime    Last Run
---------------------------------  -----  ---------  --------  ----------  --------------  -------------------
/opt/airflow/dags/retailco_dag.py                           1           0  0.18s           2026-05-31T17:33:50
================================================================================
[2026-05-31T17:34:46.166+0000] {manager.py:878} INFO - 
================================================================================
DAG File Processing Stats

File Path                          PID    Runtime      # DAGs    # Errors  Last Runtime    Last Run
---------------------------------  -----  ---------  --------  ----------  --------------  -------------------
/opt/airflow/dags/retailco_dag.py                           1           0  0.17s           2026-05-31T17:34:21
================================================================================
[2026-05-31T17:35:07.499+0000] {manager.py:737} INFO - Searching for files in /opt/airflow/dags
[2026-05-31T17:35:07.546+0000] {manager.py:740} INFO - There are 1 files in /opt/airflow/dags
[2026-05-31T17:35:16.662+0000] {manager.py:878} INFO - 
================================================================================
DAG File Processing Stats

File Path                          PID    Runtime      # DAGs    # Errors  Last Runtime    Last Run
---------------------------------  -----  ---------  --------  ----------  --------------  -------------------
/opt/airflow/dags/retailco_dag.py                           1           0  0.17s           2026-05-31T17:34:51
================================================================================
[2026-05-31T17:35:47.036+0000] {manager.py:878} INFO - 
================================================================================
DAG File Processing Stats

File Path                          PID    Runtime      # DAGs    # Errors  Last Runtime    Last Run
---------------------------------  -----  ---------  --------  ----------  --------------  -------------------
/opt/airflow/dags/retailco_dag.py                           1           0  0.17s           2026-05-31T17:35:21
================================================================================
[2026-05-31T17:36:17.442+0000] {manager.py:878} INFO - 
================================================================================
DAG File Processing Stats

File Path                          PID    Runtime      # DAGs    # Errors  Last Runtime    Last Run
---------------------------------  -----  ---------  --------  ----------  --------------  -------------------
/opt/airflow/dags/retailco_dag.py                           1           0  0.16s           2026-05-31T17:35:52
================================================================================
[2026-05-31T17:36:47.800+0000] {manager.py:878} INFO - 
================================================================================
DAG File Processing Stats

File Path                          PID    Runtime      # DAGs    # Errors  Last Runtime    Last Run
---------------------------------  -----  ---------  --------  ----------  --------------  -------------------
/opt/airflow/dags/retailco_dag.py                           1           0  0.17s           2026-05-31T17:36:22
================================================================================
[2026-05-31T17:37:18.288+0000] {manager.py:878} INFO - 
================================================================================
DAG File Processing Stats

File Path                          PID    Runtime      # DAGs    # Errors  Last Runtime    Last Run
---------------------------------  -----  ---------  --------  ----------  --------------  -------------------
/opt/airflow/dags/retailco_dag.py                           1           0  0.17s           2026-05-31T17:36:53
================================================================================
[2026-05-31T17:37:48.649+0000] {manager.py:878} INFO - 
================================================================================
DAG File Processing Stats

File Path                          PID    Runtime      # DAGs    # Errors  Last Runtime    Last Run
---------------------------------  -----  ---------  --------  ----------  --------------  -------------------
/opt/airflow/dags/retailco_dag.py                           1           0  0.16s           2026-05-31T17:37:23
================================================================================
[2026-05-31T17:38:19.016+0000] {manager.py:878} INFO - 
================================================================================
DAG File Processing Stats

File Path                          PID    Runtime      # DAGs    # Errors  Last Runtime    Last Run
---------------------------------  -----  ---------  --------  ----------  --------------  -------------------
/opt/airflow/dags/retailco_dag.py                           1           0  0.17s           2026-05-31T17:37:53
================================================================================
[2026-05-31T17:38:49.411+0000] {manager.py:878} INFO - 
================================================================================
DAG File Processing Stats

File Path                          PID    Runtime      # DAGs    # Errors  Last Runtime    Last Run
---------------------------------  -----  ---------  --------  ----------  --------------  -------------------
/opt/airflow/dags/retailco_dag.py                           1           0  0.16s           2026-05-31T17:38:24
================================================================================
[2026-05-31T17:39:19.870+0000] {manager.py:878} INFO - 
================================================================================
DAG File Processing Stats

File Path                          PID    Runtime      # DAGs    # Errors  Last Runtime    Last Run
---------------------------------  -----  ---------  --------  ----------  --------------  -------------------
/opt/airflow/dags/retailco_dag.py                           1           0  0.16s           2026-05-31T17:38:54
================================================================================
[2026-05-31T17:39:50.400+0000] {manager.py:878} INFO - 
================================================================================
DAG File Processing Stats

File Path                          PID    Runtime      # DAGs    # Errors  Last Runtime    Last Run
---------------------------------  -----  ---------  --------  ----------  --------------  -------------------
/opt/airflow/dags/retailco_dag.py                           1           0  0.15s           2026-05-31T17:39:25
================================================================================
[2026-05-31T17:40:07.678+0000] {manager.py:737} INFO - Searching for files in /opt/airflow/dags
[2026-05-31T17:40:07.711+0000] {manager.py:740} INFO - There are 1 files in /opt/airflow/dags
[2026-05-31T17:40:20.871+0000] {manager.py:878} INFO - 
================================================================================
DAG File Processing Stats

File Path                          PID    Runtime      # DAGs    # Errors  Last Runtime    Last Run
---------------------------------  -----  ---------  --------  ----------  --------------  -------------------
/opt/airflow/dags/retailco_dag.py                           1           0  0.17s           2026-05-31T17:39:55
================================================================================
[2026-05-31T17:40:51.419+0000] {manager.py:878} INFO - 
================================================================================
DAG File Processing Stats

File Path                          PID    Runtime      # DAGs    # Errors  Last Runtime    Last Run
---------------------------------  -----  ---------  --------  ----------  --------------  -------------------
/opt/airflow/dags/retailco_dag.py                           1           0  0.18s           2026-05-31T17:40:26
================================================================================
[2026-05-31T17:41:22.019+0000] {manager.py:878} INFO - 
================================================================================
DAG File Processing Stats

File Path                          PID    Runtime      # DAGs    # Errors  Last Runtime    Last Run
---------------------------------  -----  ---------  --------  ----------  --------------  -------------------
/opt/airflow/dags/retailco_dag.py                           1           0  0.17s           2026-05-31T17:40:56
================================================================================
[2026-05-31T17:41:52.518+0000] {manager.py:878} INFO - 
================================================================================
DAG File Processing Stats

File Path                          PID    Runtime      # DAGs    # Errors  Last Runtime    Last Run
---------------------------------  -----  ---------  --------  ----------  --------------  -------------------
/opt/airflow/dags/retailco_dag.py                           1           0  0.17s           2026-05-31T17:41:27
================================================================================
[2026-05-31T17:42:22.886+0000] {manager.py:878} INFO - 
================================================================================
DAG File Processing Stats

File Path                          PID    Runtime      # DAGs    # Errors  Last Runtime    Last Run
---------------------------------  -----  ---------  --------  ----------  --------------  -------------------
/opt/airflow/dags/retailco_dag.py                           1           0  0.16s           2026-05-31T17:41:57
================================================================================
[2026-05-31T17:42:53.320+0000] {manager.py:878} INFO - 
================================================================================
DAG File Processing Stats

File Path                          PID    Runtime      # DAGs    # Errors  Last Runtime    Last Run
---------------------------------  -----  ---------  --------  ----------  --------------  -------------------
/opt/airflow/dags/retailco_dag.py                           1           0  0.17s           2026-05-31T17:42:28
================================================================================
[2026-05-31T17:43:23.802+0000] {manager.py:878} INFO - 
================================================================================
DAG File Processing Stats

File Path                          PID    Runtime      # DAGs    # Errors  Last Runtime    Last Run
---------------------------------  -----  ---------  --------  ----------  --------------  -------------------
/opt/airflow/dags/retailco_dag.py                           1           0  0.28s           2026-05-31T17:42:58
================================================================================
[2026-05-31T17:43:54.245+0000] {manager.py:878} INFO - 
================================================================================
DAG File Processing Stats

File Path                          PID    Runtime      # DAGs    # Errors  Last Runtime    Last Run
---------------------------------  -----  ---------  --------  ----------  --------------  -------------------
/opt/airflow/dags/retailco_dag.py                           1           0  0.20s           2026-05-31T17:43:29
================================================================================
[2026-05-31T17:44:24.639+0000] {manager.py:878} INFO - 
================================================================================
DAG File Processing Stats

File Path                          PID    Runtime      # DAGs    # Errors  Last Runtime    Last Run
---------------------------------  -----  ---------  --------  ----------  --------------  -------------------
/opt/airflow/dags/retailco_dag.py                           1           0  0.18s           2026-05-31T17:43:59
================================================================================
[2026-05-31T17:44:54.977+0000] {manager.py:878} INFO - 
================================================================================
DAG File Processing Stats

File Path                          PID    Runtime      # DAGs    # Errors  Last Runtime    Last Run
---------------------------------  -----  ---------  --------  ----------  --------------  -------------------
/opt/airflow/dags/retailco_dag.py                           1           0  0.17s           2026-05-31T17:44:29
================================================================================
[2026-05-31T17:45:08.243+0000] {manager.py:737} INFO - Searching for files in /opt/airflow/dags
[2026-05-31T17:45:08.326+0000] {manager.py:740} INFO - There are 1 files in /opt/airflow/dags
[2026-05-31T17:45:25.519+0000] {manager.py:878} INFO - 
================================================================================
DAG File Processing Stats

File Path                          PID    Runtime      # DAGs    # Errors  Last Runtime    Last Run
---------------------------------  -----  ---------  --------  ----------  --------------  -------------------
/opt/airflow/dags/retailco_dag.py                           1           0  0.17s           2026-05-31T17:45:00
================================================================================
[2026-05-31T17:45:55.871+0000] {manager.py:878} INFO - 
================================================================================
DAG File Processing Stats

File Path                          PID    Runtime      # DAGs    # Errors  Last Runtime    Last Run
---------------------------------  -----  ---------  --------  ----------  --------------  -------------------
/opt/airflow/dags/retailco_dag.py                           1           0  0.18s           2026-05-31T17:45:30
================================================================================
[2026-05-31T17:46:26.278+0000] {manager.py:878} INFO - 
================================================================================
DAG File Processing Stats

File Path                          PID    Runtime      # DAGs    # Errors  Last Runtime    Last Run
---------------------------------  -----  ---------  --------  ----------  --------------  -------------------
/opt/airflow/dags/retailco_dag.py                           1           0  0.16s           2026-05-31T17:46:01
================================================================================
[2026-05-31T17:46:56.619+0000] {manager.py:878} INFO - 
================================================================================
DAG File Processing Stats

File Path                          PID    Runtime      # DAGs    # Errors  Last Runtime    Last Run
---------------------------------  -----  ---------  --------  ----------  --------------  -------------------
/opt/airflow/dags/retailco_dag.py                           1           0  0.16s           2026-05-31T17:46:31
================================================================================
[2026-05-31T17:47:27.058+0000] {manager.py:878} INFO - 
================================================================================
DAG File Processing Stats

File Path                          PID    Runtime      # DAGs    # Errors  Last Runtime    Last Run
---------------------------------  -----  ---------  --------  ----------  --------------  -------------------
/opt/airflow/dags/retailco_dag.py                           1           0  0.16s           2026-05-31T17:47:01
================================================================================
[2026-05-31T17:47:57.382+0000] {manager.py:878} INFO - 
================================================================================
DAG File Processing Stats

File Path                          PID    Runtime      # DAGs    # Errors  Last Runtime    Last Run
---------------------------------  -----  ---------  --------  ----------  --------------  -------------------
/opt/airflow/dags/retailco_dag.py                           1           0  0.16s           2026-05-31T17:47:32
================================================================================
[2026-05-31T17:48:27.810+0000] {manager.py:878} INFO - 
================================================================================
DAG File Processing Stats

File Path                          PID    Runtime      # DAGs    # Errors  Last Runtime    Last Run
---------------------------------  -----  ---------  --------  ----------  --------------  -------------------
/opt/airflow/dags/retailco_dag.py                           1           0  0.16s           2026-05-31T17:48:02
================================================================================
[2026-05-31T17:48:58.159+0000] {manager.py:878} INFO - 
================================================================================
DAG File Processing Stats

File Path                          PID    Runtime      # DAGs    # Errors  Last Runtime    Last Run
---------------------------------  -----  ---------  --------  ----------  --------------  -------------------
/opt/airflow/dags/retailco_dag.py                           1           0  0.17s           2026-05-31T17:48:33
================================================================================
[2026-05-31T17:49:28.606+0000] {manager.py:878} INFO - 
================================================================================
DAG File Processing Stats

File Path                          PID    Runtime      # DAGs    # Errors  Last Runtime    Last Run
---------------------------------  -----  ---------  --------  ----------  --------------  -------------------
/opt/airflow/dags/retailco_dag.py                           1           0  0.17s           2026-05-31T17:49:03
================================================================================
[2026-05-31T17:49:59.011+0000] {manager.py:878} INFO - 
================================================================================
DAG File Processing Stats

File Path                          PID    Runtime      # DAGs    # Errors  Last Runtime    Last Run
---------------------------------  -----  ---------  --------  ----------  --------------  -------------------
/opt/airflow/dags/retailco_dag.py                           1           0  0.18s           2026-05-31T17:49:33
================================================================================
[2026-05-31T17:50:08.255+0000] {manager.py:737} INFO - Searching for files in /opt/airflow/dags
[2026-05-31T17:50:08.295+0000] {manager.py:740} INFO - There are 1 files in /opt/airflow/dags
[2026-05-31T17:50:29.366+0000] {manager.py:878} INFO - 
================================================================================
DAG File Processing Stats

File Path                          PID    Runtime      # DAGs    # Errors  Last Runtime    Last Run
---------------------------------  -----  ---------  --------  ----------  --------------  -------------------
/opt/airflow/dags/retailco_dag.py                           1           0  0.17s           2026-05-31T17:50:04
================================================================================
[2026-05-31T17:50:59.833+0000] {manager.py:878} INFO - 
================================================================================
DAG File Processing Stats

File Path                          PID    Runtime      # DAGs    # Errors  Last Runtime    Last Run
---------------------------------  -----  ---------  --------  ----------  --------------  -------------------
/opt/airflow/dags/retailco_dag.py                           1           0  0.17s           2026-05-31T17:50:34
================================================================================
[2026-05-31T17:51:30.192+0000] {manager.py:878} INFO - 
================================================================================
DAG File Processing Stats

File Path                          PID    Runtime      # DAGs    # Errors  Last Runtime    Last Run
---------------------------------  -----  ---------  --------  ----------  --------------  -------------------
/opt/airflow/dags/retailco_dag.py                           1           0  0.16s           2026-05-31T17:51:05
================================================================================
[2026-05-31T17:52:00.503+0000] {manager.py:878} INFO - 
================================================================================
DAG File Processing Stats

File Path                          PID    Runtime      # DAGs    # Errors  Last Runtime    Last Run
---------------------------------  -----  ---------  --------  ----------  --------------  -------------------
/opt/airflow/dags/retailco_dag.py                           1           0  0.17s           2026-05-31T17:51:35
================================================================================
[2026-05-31T17:52:30.924+0000] {manager.py:878} INFO - 
================================================================================
DAG File Processing Stats

File Path                          PID    Runtime      # DAGs    # Errors  Last Runtime    Last Run
---------------------------------  -----  ---------  --------  ----------  --------------  -------------------
/opt/airflow/dags/retailco_dag.py                           1           0  0.17s           2026-05-31T17:52:05
================================================================================
[2026-05-31T17:53:01.290+0000] {manager.py:878} INFO - 
================================================================================
DAG File Processing Stats

File Path                          PID    Runtime      # DAGs    # Errors  Last Runtime    Last Run
---------------------------------  -----  ---------  --------  ----------  --------------  -------------------
/opt/airflow/dags/retailco_dag.py                           1           0  0.17s           2026-05-31T17:52:36
================================================================================
[2026-05-31T17:53:31.759+0000] {manager.py:878} INFO - 
================================================================================
DAG File Processing Stats

File Path                          PID    Runtime      # DAGs    # Errors  Last Runtime    Last Run
---------------------------------  -----  ---------  --------  ----------  --------------  -------------------
/opt/airflow/dags/retailco_dag.py                           1           0  0.18s           2026-05-31T17:53:06
================================================================================
[2026-05-31T17:54:02.189+0000] {manager.py:878} INFO - 
================================================================================
DAG File Processing Stats

File Path                          PID    Runtime      # DAGs    # Errors  Last Runtime    Last Run
---------------------------------  -----  ---------  --------  ----------  --------------  -------------------
/opt/airflow/dags/retailco_dag.py                           1           0  0.17s           2026-05-31T17:53:37
================================================================================
[2026-05-31T17:54:32.536+0000] {manager.py:878} INFO - 
================================================================================
DAG File Processing Stats

File Path                          PID    Runtime      # DAGs    # Errors  Last Runtime    Last Run
---------------------------------  -----  ---------  --------  ----------  --------------  -------------------
/opt/airflow/dags/retailco_dag.py                           1           0  0.18s           2026-05-31T17:54:07
================================================================================
[2026-05-31T17:55:03.002+0000] {manager.py:878} INFO - 
================================================================================
DAG File Processing Stats

File Path                          PID    Runtime      # DAGs    # Errors  Last Runtime    Last Run
---------------------------------  -----  ---------  --------  ----------  --------------  -------------------
/opt/airflow/dags/retailco_dag.py                           1           0  0.17s           2026-05-31T17:54:37
================================================================================
[2026-05-31T17:55:09.089+0000] {manager.py:737} INFO - Searching for files in /opt/airflow/dags
[2026-05-31T17:55:09.166+0000] {manager.py:740} INFO - There are 1 files in /opt/airflow/dags
[2026-05-31T17:55:33.475+0000] {manager.py:878} INFO - 
================================================================================
DAG File Processing Stats

File Path                          PID    Runtime      # DAGs    # Errors  Last Runtime    Last Run
---------------------------------  -----  ---------  --------  ----------  --------------  -------------------
/opt/airflow/dags/retailco_dag.py                           1           0  0.16s           2026-05-31T17:55:08
================================================================================
[2026-05-31T17:56:03.824+0000] {manager.py:878} INFO - 
================================================================================
DAG File Processing Stats

File Path                          PID    Runtime      # DAGs    # Errors  Last Runtime    Last Run
---------------------------------  -----  ---------  --------  ----------  --------------  -------------------
/opt/airflow/dags/retailco_dag.py                           1           0  0.18s           2026-05-31T17:55:38
================================================================================
[2026-05-31T17:56:34.311+0000] {manager.py:878} INFO - 
================================================================================
DAG File Processing Stats

File Path                          PID    Runtime      # DAGs    # Errors  Last Runtime    Last Run
---------------------------------  -----  ---------  --------  ----------  --------------  -------------------
/opt/airflow/dags/retailco_dag.py                           1           0  0.16s           2026-05-31T17:56:09
================================================================================
[2026-05-31T17:57:04.679+0000] {manager.py:878} INFO - 
================================================================================
DAG File Processing Stats

File Path                          PID    Runtime      # DAGs    # Errors  Last Runtime    Last Run
---------------------------------  -----  ---------  --------  ----------  --------------  -------------------
/opt/airflow/dags/retailco_dag.py                           1           0  0.16s           2026-05-31T17:56:39
================================================================================
[2026-05-31T17:57:35.095+0000] {manager.py:878} INFO - 
================================================================================
DAG File Processing Stats

File Path                          PID    Runtime      # DAGs    # Errors  Last Runtime    Last Run
---------------------------------  -----  ---------  --------  ----------  --------------  -------------------
/opt/airflow/dags/retailco_dag.py                           1           0  0.21s           2026-05-31T17:57:09
================================================================================
[2026-05-31T17:58:05.479+0000] {manager.py:878} INFO - 
================================================================================
DAG File Processing Stats

File Path                          PID    Runtime      # DAGs    # Errors  Last Runtime    Last Run
---------------------------------  -----  ---------  --------  ----------  --------------  -------------------
/opt/airflow/dags/retailco_dag.py                           1           0  0.16s           2026-05-31T17:57:40
================================================================================
[2026-05-31T17:58:35.867+0000] {manager.py:878} INFO - 
================================================================================
DAG File Processing Stats

File Path                          PID    Runtime      # DAGs    # Errors  Last Runtime    Last Run
---------------------------------  -----  ---------  --------  ----------  --------------  -------------------
/opt/airflow/dags/retailco_dag.py                           1           0  0.17s           2026-05-31T17:58:10
================================================================================
[2026-05-31T17:59:06.225+0000] {manager.py:878} INFO - 
================================================================================
DAG File Processing Stats

File Path                          PID    Runtime      # DAGs    # Errors  Last Runtime    Last Run
---------------------------------  -----  ---------  --------  ----------  --------------  -------------------
/opt/airflow/dags/retailco_dag.py                           1           0  0.18s           2026-05-31T17:58:41
================================================================================
[2026-05-31T17:59:36.698+0000] {manager.py:878} INFO - 
================================================================================
DAG File Processing Stats

File Path                          PID    Runtime      # DAGs    # Errors  Last Runtime    Last Run
---------------------------------  -----  ---------  --------  ----------  --------------  -------------------
/opt/airflow/dags/retailco_dag.py                           1           0  0.20s           2026-05-31T17:59:11
================================================================================
[2026-05-31T18:00:07.042+0000] {manager.py:878} INFO - 
================================================================================
DAG File Processing Stats

File Path                          PID    Runtime      # DAGs    # Errors  Last Runtime    Last Run
---------------------------------  -----  ---------  --------  ----------  --------------  -------------------
/opt/airflow/dags/retailco_dag.py                           1           0  0.19s           2026-05-31T17:59:41
================================================================================
[2026-05-31T18:00:09.209+0000] {manager.py:737} INFO - Searching for files in /opt/airflow/dags
[2026-05-31T18:00:09.244+0000] {manager.py:740} INFO - There are 1 files in /opt/airflow/dags
[2026-05-31T18:00:37.341+0000] {manager.py:878} INFO - 
================================================================================
DAG File Processing Stats

File Path                          PID    Runtime      # DAGs    # Errors  Last Runtime    Last Run
---------------------------------  -----  ---------  --------  ----------  --------------  -------------------
/opt/airflow/dags/retailco_dag.py                           1           0  0.16s           2026-05-31T18:00:12
================================================================================
[2026-05-31T18:01:07.810+0000] {manager.py:878} INFO - 
================================================================================
DAG File Processing Stats

File Path                          PID    Runtime      # DAGs    # Errors  Last Runtime    Last Run
---------------------------------  -----  ---------  --------  ----------  --------------  -------------------
/opt/airflow/dags/retailco_dag.py                           1           0  0.18s           2026-05-31T18:00:42
================================================================================
[2026-05-31T18:01:38.188+0000] {manager.py:878} INFO - 
================================================================================
DAG File Processing Stats

File Path                          PID    Runtime      # DAGs    # Errors  Last Runtime    Last Run
---------------------------------  -----  ---------  --------  ----------  --------------  -------------------
/opt/airflow/dags/retailco_dag.py                           1           0  0.17s           2026-05-31T18:01:13
================================================================================
[2026-05-31T18:02:08.591+0000] {manager.py:878} INFO - 
================================================================================
DAG File Processing Stats

File Path                          PID    Runtime      # DAGs    # Errors  Last Runtime    Last Run
---------------------------------  -----  ---------  --------  ----------  --------------  -------------------
/opt/airflow/dags/retailco_dag.py                           1           0  0.17s           2026-05-31T18:01:43
================================================================================
[2026-05-31T18:02:38.976+0000] {manager.py:878} INFO - 
================================================================================
DAG File Processing Stats

File Path                          PID    Runtime      # DAGs    # Errors  Last Runtime    Last Run
---------------------------------  -----  ---------  --------  ----------  --------------  -------------------
/opt/airflow/dags/retailco_dag.py                           1           0  0.16s           2026-05-31T18:02:13
================================================================================
[2026-05-31T18:03:09.469+0000] {manager.py:878} INFO - 
================================================================================
DAG File Processing Stats

File Path                          PID    Runtime      # DAGs    # Errors  Last Runtime    Last Run
---------------------------------  -----  ---------  --------  ----------  --------------  -------------------
/opt/airflow/dags/retailco_dag.py                           1           0  0.18s           2026-05-31T18:02:44
================================================================================
[2026-05-31T18:03:40.075+0000] {manager.py:878} INFO - 
================================================================================
DAG File Processing Stats

File Path                          PID    Runtime      # DAGs    # Errors  Last Runtime    Last Run
---------------------------------  -----  ---------  --------  ----------  --------------  -------------------
/opt/airflow/dags/retailco_dag.py                           1           0  0.19s           2026-05-31T18:03:14
================================================================================
[2026-05-31T18:04:10.473+0000] {manager.py:878} INFO - 
================================================================================
DAG File Processing Stats

File Path                          PID    Runtime      # DAGs    # Errors  Last Runtime    Last Run
---------------------------------  -----  ---------  --------  ----------  --------------  -------------------
/opt/airflow/dags/retailco_dag.py                           1           0  0.17s           2026-05-31T18:03:45
================================================================================
[2026-05-31T18:04:41.020+0000] {manager.py:878} INFO - 
================================================================================
DAG File Processing Stats

File Path                          PID    Runtime      # DAGs    # Errors  Last Runtime    Last Run
---------------------------------  -----  ---------  --------  ----------  --------------  -------------------
/opt/airflow/dags/retailco_dag.py                           1           0  0.17s           2026-05-31T18:04:15
================================================================================
[2026-05-31T18:05:09.417+0000] {manager.py:737} INFO - Searching for files in /opt/airflow/dags
[2026-05-31T18:05:09.532+0000] {manager.py:740} INFO - There are 1 files in /opt/airflow/dags
[2026-05-31T18:05:11.588+0000] {manager.py:878} INFO - 
================================================================================
DAG File Processing Stats

File Path                          PID    Runtime      # DAGs    # Errors  Last Runtime    Last Run
---------------------------------  -----  ---------  --------  ----------  --------------  -------------------
/opt/airflow/dags/retailco_dag.py                           1           0  0.17s           2026-05-31T18:04:46
================================================================================
[2026-05-31T18:05:42.103+0000] {manager.py:878} INFO - 
================================================================================
DAG File Processing Stats

File Path                          PID    Runtime      # DAGs    # Errors  Last Runtime    Last Run
---------------------------------  -----  ---------  --------  ----------  --------------  -------------------
/opt/airflow/dags/retailco_dag.py                           1           0  0.19s           2026-05-31T18:05:16
================================================================================
[2026-05-31T18:06:12.613+0000] {manager.py:878} INFO - 
================================================================================
DAG File Processing Stats

File Path                          PID    Runtime      # DAGs    # Errors  Last Runtime    Last Run
---------------------------------  -----  ---------  --------  ----------  --------------  -------------------
/opt/airflow/dags/retailco_dag.py                           1           0  0.18s           2026-05-31T18:05:47
================================================================================
[2026-05-31T18:06:43.137+0000] {manager.py:878} INFO - 
================================================================================
DAG File Processing Stats

File Path                          PID    Runtime      # DAGs    # Errors  Last Runtime    Last Run
---------------------------------  -----  ---------  --------  ----------  --------------  -------------------
/opt/airflow/dags/retailco_dag.py                           1           0  0.17s           2026-05-31T18:06:17
================================================================================
[2026-05-31T18:07:13.737+0000] {manager.py:878} INFO - 
================================================================================
DAG File Processing Stats

File Path                          PID    Runtime      # DAGs    # Errors  Last Runtime    Last Run
---------------------------------  -----  ---------  --------  ----------  --------------  -------------------
/opt/airflow/dags/retailco_dag.py                           1           0  0.16s           2026-05-31T18:06:48
================================================================================
[2026-05-31T18:07:44.183+0000] {manager.py:878} INFO - 
================================================================================
DAG File Processing Stats

File Path                          PID    Runtime      # DAGs    # Errors  Last Runtime    Last Run
---------------------------------  -----  ---------  --------  ----------  --------------  -------------------
/opt/airflow/dags/retailco_dag.py                           1           0  0.16s           2026-05-31T18:07:18
================================================================================
[2026-05-31T18:08:14.725+0000] {manager.py:878} INFO - 
================================================================================
DAG File Processing Stats

File Path                          PID    Runtime      # DAGs    # Errors  Last Runtime    Last Run
---------------------------------  -----  ---------  --------  ----------  --------------  -------------------
/opt/airflow/dags/retailco_dag.py                           1           0  0.16s           2026-05-31T18:07:49
================================================================================
[2026-05-31T18:08:45.271+0000] {manager.py:878} INFO - 
================================================================================
DAG File Processing Stats

File Path                          PID    Runtime      # DAGs    # Errors  Last Runtime    Last Run
---------------------------------  -----  ---------  --------  ----------  --------------  -------------------
/opt/airflow/dags/retailco_dag.py                           1           0  0.19s           2026-05-31T18:08:20
================================================================================
[2026-05-31T18:09:15.849+0000] {manager.py:878} INFO - 
================================================================================
DAG File Processing Stats

File Path                          PID    Runtime      # DAGs    # Errors  Last Runtime    Last Run
---------------------------------  -----  ---------  --------  ----------  --------------  -------------------
/opt/airflow/dags/retailco_dag.py                           1           0  0.16s           2026-05-31T18:08:50
================================================================================
[2026-05-31T18:09:46.412+0000] {manager.py:878} INFO - 
================================================================================
DAG File Processing Stats

File Path                          PID    Runtime      # DAGs    # Errors  Last Runtime    Last Run
---------------------------------  -----  ---------  --------  ----------  --------------  -------------------
/opt/airflow/dags/retailco_dag.py                           1           0  0.19s           2026-05-31T18:09:21
================================================================================
[2026-05-31T18:10:09.864+0000] {manager.py:737} INFO - Searching for files in /opt/airflow/dags
[2026-05-31T18:10:09.896+0000] {manager.py:740} INFO - There are 1 files in /opt/airflow/dags
[2026-05-31T18:10:16.967+0000] {manager.py:878} INFO - 
================================================================================
DAG File Processing Stats

File Path                          PID    Runtime      # DAGs    # Errors  Last Runtime    Last Run
---------------------------------  -----  ---------  --------  ----------  --------------  -------------------
/opt/airflow/dags/retailco_dag.py                           1           0  0.17s           2026-05-31T18:09:51
================================================================================
[2026-05-31T18:10:47.477+0000] {manager.py:878} INFO - 
================================================================================
DAG File Processing Stats

File Path                          PID    Runtime      # DAGs    # Errors  Last Runtime    Last Run
---------------------------------  -----  ---------  --------  ----------  --------------  -------------------
/opt/airflow/dags/retailco_dag.py                           1           0  0.17s           2026-05-31T18:10:22
================================================================================
[2026-05-31T18:11:18.051+0000] {manager.py:878} INFO - 
================================================================================
DAG File Processing Stats

File Path                          PID    Runtime      # DAGs    # Errors  Last Runtime    Last Run
---------------------------------  -----  ---------  --------  ----------  --------------  -------------------
/opt/airflow/dags/retailco_dag.py                           1           0  0.18s           2026-05-31T18:10:52
================================================================================
[2026-05-31T18:11:48.698+0000] {manager.py:878} INFO - 
================================================================================
DAG File Processing Stats

File Path                          PID    Runtime      # DAGs    # Errors  Last Runtime    Last Run
---------------------------------  -----  ---------  --------  ----------  --------------  -------------------
/opt/airflow/dags/retailco_dag.py                           1           0  0.16s           2026-05-31T18:11:23
================================================================================
[2026-05-31T18:12:19.108+0000] {manager.py:878} INFO - 
================================================================================
DAG File Processing Stats

File Path                          PID    Runtime      # DAGs    # Errors  Last Runtime    Last Run
---------------------------------  -----  ---------  --------  ----------  --------------  -------------------
/opt/airflow/dags/retailco_dag.py                           1           0  0.18s           2026-05-31T18:11:54
================================================================================
[2026-05-31T18:12:49.689+0000] {manager.py:878} INFO - 
================================================================================
DAG File Processing Stats

File Path                          PID    Runtime      # DAGs    # Errors  Last Runtime    Last Run
---------------------------------  -----  ---------  --------  ----------  --------------  -------------------
/opt/airflow/dags/retailco_dag.py                           1           0  0.17s           2026-05-31T18:12:24
================================================================================
[2026-05-31T18:13:20.248+0000] {manager.py:878} INFO - 
================================================================================
DAG File Processing Stats

File Path                          PID    Runtime      # DAGs    # Errors  Last Runtime    Last Run
---------------------------------  -----  ---------  --------  ----------  --------------  -------------------
/opt/airflow/dags/retailco_dag.py                           1           0  0.19s           2026-05-31T18:12:55
================================================================================
[2026-05-31T18:13:50.738+0000] {manager.py:878} INFO - 
================================================================================
DAG File Processing Stats

File Path                          PID    Runtime      # DAGs    # Errors  Last Runtime    Last Run
---------------------------------  -----  ---------  --------  ----------  --------------  -------------------
/opt/airflow/dags/retailco_dag.py                           1           0  0.16s           2026-05-31T18:13:25
================================================================================
[2026-05-31T18:14:21.259+0000] {manager.py:878} INFO - 
================================================================================
DAG File Processing Stats

File Path                          PID    Runtime      # DAGs    # Errors  Last Runtime    Last Run
---------------------------------  -----  ---------  --------  ----------  --------------  -------------------
/opt/airflow/dags/retailco_dag.py                           1           0  0.18s           2026-05-31T18:13:56
================================================================================
[2026-05-31T18:14:51.745+0000] {manager.py:878} INFO - 
================================================================================
DAG File Processing Stats

File Path                          PID    Runtime      # DAGs    # Errors  Last Runtime    Last Run
---------------------------------  -----  ---------  --------  ----------  --------------  -------------------
/opt/airflow/dags/retailco_dag.py                           1           0  0.17s           2026-05-31T18:14:26
================================================================================
[2026-05-31T18:15:10.131+0000] {manager.py:737} INFO - Searching for files in /opt/airflow/dags
[2026-05-31T18:15:10.214+0000] {manager.py:740} INFO - There are 1 files in /opt/airflow/dags
[2026-05-31T18:15:22.426+0000] {manager.py:878} INFO - 
================================================================================
DAG File Processing Stats

File Path                          PID    Runtime      # DAGs    # Errors  Last Runtime    Last Run
---------------------------------  -----  ---------  --------  ----------  --------------  -------------------
/opt/airflow/dags/retailco_dag.py                           1           0  0.18s           2026-05-31T18:14:57
================================================================================
[2026-05-31T18:15:52.932+0000] {manager.py:878} INFO - 
================================================================================
DAG File Processing Stats

File Path                          PID    Runtime      # DAGs    # Errors  Last Runtime    Last Run
---------------------------------  -----  ---------  --------  ----------  --------------  -------------------
/opt/airflow/dags/retailco_dag.py                           1           0  0.17s           2026-05-31T18:15:27
================================================================================
[2026-05-31T18:16:23.407+0000] {manager.py:878} INFO - 
================================================================================
DAG File Processing Stats

File Path                          PID    Runtime      # DAGs    # Errors  Last Runtime    Last Run
---------------------------------  -----  ---------  --------  ----------  --------------  -------------------
/opt/airflow/dags/retailco_dag.py                           1           0  0.18s           2026-05-31T18:15:58
================================================================================
[2026-05-31T18:16:53.935+0000] {manager.py:878} INFO - 
================================================================================
DAG File Processing Stats

File Path                          PID    Runtime      # DAGs    # Errors  Last Runtime    Last Run
---------------------------------  -----  ---------  --------  ----------  --------------  -------------------
/opt/airflow/dags/retailco_dag.py                           1           0  0.25s           2026-05-31T18:16:28
================================================================================
[2026-05-31T18:17:24.565+0000] {manager.py:878} INFO - 
================================================================================
DAG File Processing Stats

File Path                          PID    Runtime      # DAGs    # Errors  Last Runtime    Last Run
---------------------------------  -----  ---------  --------  ----------  --------------  -------------------
/opt/airflow/dags/retailco_dag.py                           1           0  0.23s           2026-05-31T18:16:59
================================================================================
[2026-05-31T18:17:55.216+0000] {manager.py:878} INFO - 
================================================================================
DAG File Processing Stats

File Path                          PID    Runtime      # DAGs    # Errors  Last Runtime    Last Run
---------------------------------  -----  ---------  --------  ----------  --------------  -------------------
/opt/airflow/dags/retailco_dag.py                           1           0  0.18s           2026-05-31T18:17:29
================================================================================
[2026-05-31T18:18:25.619+0000] {manager.py:878} INFO - 
================================================================================
DAG File Processing Stats

File Path                          PID    Runtime      # DAGs    # Errors  Last Runtime    Last Run
---------------------------------  -----  ---------  --------  ----------  --------------  -------------------
/opt/airflow/dags/retailco_dag.py                           1           0  0.19s           2026-05-31T18:18:00
================================================================================
[2026-05-31T18:18:56.215+0000] {manager.py:878} INFO - 
================================================================================
DAG File Processing Stats

File Path                          PID    Runtime      # DAGs    # Errors  Last Runtime    Last Run
---------------------------------  -----  ---------  --------  ----------  --------------  -------------------
/opt/airflow/dags/retailco_dag.py                           1           0  0.21s           2026-05-31T18:18:30
================================================================================
[2026-05-31T18:19:26.825+0000] {manager.py:878} INFO - 
================================================================================
DAG File Processing Stats

File Path                          PID    Runtime      # DAGs    # Errors  Last Runtime    Last Run
---------------------------------  -----  ---------  --------  ----------  --------------  -------------------
/opt/airflow/dags/retailco_dag.py                           1           0  0.17s           2026-05-31T18:19:01
================================================================================
[2026-05-31T18:19:57.386+0000] {manager.py:878} INFO - 
================================================================================
DAG File Processing Stats

File Path                          PID    Runtime      # DAGs    # Errors  Last Runtime    Last Run
---------------------------------  -----  ---------  --------  ----------  --------------  -------------------
/opt/airflow/dags/retailco_dag.py                           1           0  0.20s           2026-05-31T18:19:32
================================================================================
[2026-05-31T18:20:10.677+0000] {manager.py:737} INFO - Searching for files in /opt/airflow/dags
[2026-05-31T18:20:10.709+0000] {manager.py:740} INFO - There are 1 files in /opt/airflow/dags
[2026-05-31T18:20:27.948+0000] {manager.py:878} INFO - 
================================================================================
DAG File Processing Stats

File Path                          PID    Runtime      # DAGs    # Errors  Last Runtime    Last Run
---------------------------------  -----  ---------  --------  ----------  --------------  -------------------
/opt/airflow/dags/retailco_dag.py                           1           0  0.17s           2026-05-31T18:20:02
================================================================================
[2026-05-31T18:20:58.418+0000] {manager.py:878} INFO - 
================================================================================
DAG File Processing Stats

File Path                          PID    Runtime      # DAGs    # Errors  Last Runtime    Last Run
---------------------------------  -----  ---------  --------  ----------  --------------  -------------------
/opt/airflow/dags/retailco_dag.py                           1           0  0.16s           2026-05-31T18:20:33
================================================================================
[2026-05-31T18:21:28.957+0000] {manager.py:878} INFO - 
================================================================================
DAG File Processing Stats

File Path                          PID    Runtime      # DAGs    # Errors  Last Runtime    Last Run
---------------------------------  -----  ---------  --------  ----------  --------------  -------------------
/opt/airflow/dags/retailco_dag.py                           1           0  0.18s           2026-05-31T18:21:03
================================================================================
[2026-05-31T18:21:59.507+0000] {manager.py:878} INFO - 
================================================================================
DAG File Processing Stats

File Path                          PID    Runtime      # DAGs    # Errors  Last Runtime    Last Run
---------------------------------  -----  ---------  --------  ----------  --------------  -------------------
/opt/airflow/dags/retailco_dag.py                           1           0  0.18s           2026-05-31T18:21:34
================================================================================
[2026-05-31T18:22:29.951+0000] {manager.py:878} INFO - 
================================================================================
DAG File Processing Stats

File Path                          PID    Runtime      # DAGs    # Errors  Last Runtime    Last Run
---------------------------------  -----  ---------  --------  ----------  --------------  -------------------
/opt/airflow/dags/retailco_dag.py                           1           0  0.17s           2026-05-31T18:22:04
================================================================================
[2026-05-31T18:23:00.517+0000] {manager.py:878} INFO - 
================================================================================
DAG File Processing Stats

File Path                          PID    Runtime      # DAGs    # Errors  Last Runtime    Last Run
---------------------------------  -----  ---------  --------  ----------  --------------  -------------------
/opt/airflow/dags/retailco_dag.py                           1           0  0.18s           2026-05-31T18:22:35
================================================================================
[2026-05-31T18:30:20.553+0000] {manager.py:878} INFO - 
================================================================================
DAG File Processing Stats

File Path                          PID    Runtime      # DAGs    # Errors  Last Runtime    Last Run
---------------------------------  -----  ---------  --------  ----------  --------------  -------------------
/opt/airflow/dags/retailco_dag.py                           1           0  0.17s           2026-05-31T18:23:05
================================================================================
[2026-05-31T18:30:20.679+0000] {manager.py:737} INFO - Searching for files in /opt/airflow/dags
[2026-05-31T18:30:20.804+0000] {manager.py:740} INFO - There are 1 files in /opt/airflow/dags
[2026-05-31T18:30:50.591+0000] {manager.py:878} INFO - 
================================================================================
DAG File Processing Stats

File Path                          PID    Runtime      # DAGs    # Errors  Last Runtime    Last Run
---------------------------------  -----  ---------  --------  ----------  --------------  -------------------
/opt/airflow/dags/retailco_dag.py                           1           0  1.32s           2026-05-31T18:30:22
================================================================================
[2026-05-31T18:31:20.805+0000] {manager.py:878} INFO - 
================================================================================
DAG File Processing Stats

File Path                          PID    Runtime      # DAGs    # Errors  Last Runtime    Last Run
---------------------------------  -----  ---------  --------  ----------  --------------  -------------------
/opt/airflow/dags/retailco_dag.py                           1           0  0.17s           2026-05-31T18:30:52
================================================================================
[2026-05-31T18:31:51.031+0000] {manager.py:878} INFO - 
================================================================================
DAG File Processing Stats

File Path                          PID    Runtime      # DAGs    # Errors  Last Runtime    Last Run
---------------------------------  -----  ---------  --------  ----------  --------------  -------------------
/opt/airflow/dags/retailco_dag.py                           1           0  0.16s           2026-05-31T18:31:22
================================================================================
[2026-05-31T18:32:21.588+0000] {manager.py:878} INFO - 
================================================================================
DAG File Processing Stats

File Path                          PID    Runtime      # DAGs    # Errors  Last Runtime    Last Run
---------------------------------  -----  ---------  --------  ----------  --------------  -------------------
/opt/airflow/dags/retailco_dag.py                           1           0  0.21s           2026-05-31T18:31:53
================================================================================
[2026-05-31T18:32:52.027+0000] {manager.py:878} INFO - 
================================================================================
DAG File Processing Stats

File Path                          PID    Runtime      # DAGs    # Errors  Last Runtime    Last Run
---------------------------------  -----  ---------  --------  ----------  --------------  -------------------
/opt/airflow/dags/retailco_dag.py                           1           0  0.18s           2026-05-31T18:32:23
================================================================================
[2026-05-31T18:33:22.644+0000] {manager.py:878} INFO - 
================================================================================
DAG File Processing Stats

File Path                          PID    Runtime      # DAGs    # Errors  Last Runtime    Last Run
---------------------------------  -----  ---------  --------  ----------  --------------  -------------------
/opt/airflow/dags/retailco_dag.py                           1           0  0.19s           2026-05-31T18:32:54
================================================================================
[2026-05-31T18:33:53.073+0000] {manager.py:878} INFO - 
================================================================================
DAG File Processing Stats

File Path                          PID    Runtime      # DAGs    # Errors  Last Runtime    Last Run
---------------------------------  -----  ---------  --------  ----------  --------------  -------------------
/opt/airflow/dags/retailco_dag.py                           1           0  0.17s           2026-05-31T18:33:24
================================================================================
[2026-05-31T18:34:23.499+0000] {manager.py:878} INFO - 
================================================================================
DAG File Processing Stats

File Path                          PID    Runtime      # DAGs    # Errors  Last Runtime    Last Run
---------------------------------  -----  ---------  --------  ----------  --------------  -------------------
/opt/airflow/dags/retailco_dag.py                           1           0  0.19s           2026-05-31T18:33:55
================================================================================
[2026-05-31T18:34:53.982+0000] {manager.py:878} INFO - 
================================================================================
DAG File Processing Stats

File Path                          PID    Runtime      # DAGs    # Errors  Last Runtime    Last Run
---------------------------------  -----  ---------  --------  ----------  --------------  -------------------
/opt/airflow/dags/retailco_dag.py                           1           0  0.16s           2026-05-31T18:34:25
================================================================================
[2026-05-31T18:35:21.507+0000] {manager.py:737} INFO - Searching for files in /opt/airflow/dags
[2026-05-31T18:35:21.591+0000] {manager.py:740} INFO - There are 1 files in /opt/airflow/dags
[2026-05-31T18:35:24.669+0000] {manager.py:878} INFO - 
================================================================================
DAG File Processing Stats

File Path                          PID    Runtime      # DAGs    # Errors  Last Runtime    Last Run
---------------------------------  -----  ---------  --------  ----------  --------------  -------------------
/opt/airflow/dags/retailco_dag.py                           1           0  0.21s           2026-05-31T18:34:56
================================================================================
[2026-05-31T18:35:55.147+0000] {manager.py:878} INFO - 
================================================================================
DAG File Processing Stats

File Path                          PID    Runtime      # DAGs    # Errors  Last Runtime    Last Run
---------------------------------  -----  ---------  --------  ----------  --------------  -------------------
/opt/airflow/dags/retailco_dag.py                           1           0  0.17s           2026-05-31T18:35:26
================================================================================
[2026-05-31T18:36:25.613+0000] {manager.py:878} INFO - 
================================================================================
DAG File Processing Stats

File Path                          PID    Runtime      # DAGs    # Errors  Last Runtime    Last Run
---------------------------------  -----  ---------  --------  ----------  --------------  -------------------
/opt/airflow/dags/retailco_dag.py                           1           0  0.18s           2026-05-31T18:35:57
================================================================================
[2026-05-31T18:36:56.057+0000] {manager.py:878} INFO - 
================================================================================
DAG File Processing Stats

File Path                          PID    Runtime      # DAGs    # Errors  Last Runtime    Last Run
---------------------------------  -----  ---------  --------  ----------  --------------  -------------------
/opt/airflow/dags/retailco_dag.py                           1           0  0.24s           2026-05-31T18:36:27
================================================================================
[2026-05-31T18:37:26.727+0000] {manager.py:878} INFO - 
================================================================================
DAG File Processing Stats

File Path                          PID    Runtime      # DAGs    # Errors  Last Runtime    Last Run
---------------------------------  -----  ---------  --------  ----------  --------------  -------------------
/opt/airflow/dags/retailco_dag.py                           1           0  0.21s           2026-05-31T18:36:58
================================================================================
[2026-05-31T18:37:57.130+0000] {manager.py:878} INFO - 
================================================================================
DAG File Processing Stats

File Path                          PID    Runtime      # DAGs    # Errors  Last Runtime    Last Run
---------------------------------  -----  ---------  --------  ----------  --------------  -------------------
/opt/airflow/dags/retailco_dag.py                           1           0  0.18s           2026-05-31T18:37:28
================================================================================
[2026-05-31T18:38:27.606+0000] {manager.py:878} INFO - 
================================================================================
DAG File Processing Stats

File Path                          PID    Runtime      # DAGs    # Errors  Last Runtime    Last Run
---------------------------------  -----  ---------  --------  ----------  --------------  -------------------
/opt/airflow/dags/retailco_dag.py                           1           0  0.19s           2026-05-31T18:37:59
================================================================================
[2026-05-31T18:38:58.040+0000] {manager.py:878} INFO - 
================================================================================
DAG File Processing Stats

File Path                          PID    Runtime      # DAGs    # Errors  Last Runtime    Last Run
---------------------------------  -----  ---------  --------  ----------  --------------  -------------------
/opt/airflow/dags/retailco_dag.py                           1           0  0.16s           2026-05-31T18:38:29
================================================================================
[2026-05-31T18:39:28.599+0000] {manager.py:878} INFO - 
================================================================================
DAG File Processing Stats

File Path                          PID    Runtime      # DAGs    # Errors  Last Runtime    Last Run
---------------------------------  -----  ---------  --------  ----------  --------------  -------------------
/opt/airflow/dags/retailco_dag.py                           1           0  0.20s           2026-05-31T18:39:00
================================================================================
[2026-05-31T18:39:59.090+0000] {manager.py:878} INFO - 
================================================================================
DAG File Processing Stats

File Path                          PID    Runtime      # DAGs    # Errors  Last Runtime    Last Run
---------------------------------  -----  ---------  --------  ----------  --------------  -------------------
/opt/airflow/dags/retailco_dag.py                           1           0  0.16s           2026-05-31T18:39:30
================================================================================
[2026-05-31T18:40:22.379+0000] {manager.py:737} INFO - Searching for files in /opt/airflow/dags
[2026-05-31T18:40:22.408+0000] {manager.py:740} INFO - There are 1 files in /opt/airflow/dags
[2026-05-31T18:40:29.517+0000] {manager.py:878} INFO - 
================================================================================
DAG File Processing Stats

File Path                          PID    Runtime      # DAGs    # Errors  Last Runtime    Last Run
---------------------------------  -----  ---------  --------  ----------  --------------  -------------------
/opt/airflow/dags/retailco_dag.py                           1           0  0.17s           2026-05-31T18:40:01
================================================================================
[2026-05-31T18:41:00.062+0000] {manager.py:878} INFO - 
================================================================================
DAG File Processing Stats

File Path                          PID    Runtime      # DAGs    # Errors  Last Runtime    Last Run
---------------------------------  -----  ---------  --------  ----------  --------------  -------------------
/opt/airflow/dags/retailco_dag.py                           1           0  0.17s           2026-05-31T18:40:31
================================================================================
[2026-05-31T18:41:30.674+0000] {manager.py:878} INFO - 
================================================================================
DAG File Processing Stats

File Path                          PID    Runtime      # DAGs    # Errors  Last Runtime    Last Run
---------------------------------  -----  ---------  --------  ----------  --------------  -------------------
/opt/airflow/dags/retailco_dag.py                           1           0  0.17s           2026-05-31T18:41:02
================================================================================
[2026-05-31T18:42:01.055+0000] {manager.py:878} INFO - 
================================================================================
DAG File Processing Stats

File Path                          PID    Runtime      # DAGs    # Errors  Last Runtime    Last Run
---------------------------------  -----  ---------  --------  ----------  --------------  -------------------
/opt/airflow/dags/retailco_dag.py                           1           0  0.17s           2026-05-31T18:41:32
================================================================================
[2026-05-31T18:42:31.433+0000] {manager.py:878} INFO - 
================================================================================
DAG File Processing Stats

File Path                          PID    Runtime      # DAGs    # Errors  Last Runtime    Last Run
---------------------------------  -----  ---------  --------  ----------  --------------  -------------------
/opt/airflow/dags/retailco_dag.py                           1           0  0.18s           2026-05-31T18:42:03
================================================================================
[2026-05-31T18:43:01.845+0000] {manager.py:878} INFO - 
================================================================================
DAG File Processing Stats

File Path                          PID    Runtime      # DAGs    # Errors  Last Runtime    Last Run
---------------------------------  -----  ---------  --------  ----------  --------------  -------------------
/opt/airflow/dags/retailco_dag.py                           1           0  0.18s           2026-05-31T18:42:33
================================================================================
[2026-05-31T18:43:32.197+0000] {manager.py:878} INFO - 
================================================================================
DAG File Processing Stats

File Path                          PID    Runtime      # DAGs    # Errors  Last Runtime    Last Run
---------------------------------  -----  ---------  --------  ----------  --------------  -------------------
/opt/airflow/dags/retailco_dag.py                           1           0  0.17s           2026-05-31T18:43:04
================================================================================
[2026-05-31T18:44:02.566+0000] {manager.py:878} INFO - 
================================================================================
DAG File Processing Stats

File Path                          PID    Runtime      # DAGs    # Errors  Last Runtime    Last Run
---------------------------------  -----  ---------  --------  ----------  --------------  -------------------
/opt/airflow/dags/retailco_dag.py                           1           0  0.17s           2026-05-31T18:43:34
================================================================================
[2026-05-31T18:44:32.969+0000] {manager.py:878} INFO - 
================================================================================
DAG File Processing Stats

File Path                          PID    Runtime      # DAGs    # Errors  Last Runtime    Last Run
---------------------------------  -----  ---------  --------  ----------  --------------  -------------------
/opt/airflow/dags/retailco_dag.py                           1           0  0.17s           2026-05-31T18:44:04
================================================================================
[2026-05-31T18:45:03.299+0000] {manager.py:878} INFO - 
================================================================================
DAG File Processing Stats

File Path                          PID    Runtime      # DAGs    # Errors  Last Runtime    Last Run
---------------------------------  -----  ---------  --------  ----------  --------------  -------------------
/opt/airflow/dags/retailco_dag.py                           1           0  0.19s           2026-05-31T18:44:35
================================================================================
[2026-05-31T18:45:22.600+0000] {manager.py:737} INFO - Searching for files in /opt/airflow/dags
[2026-05-31T18:45:22.674+0000] {manager.py:740} INFO - There are 1 files in /opt/airflow/dags
[2026-05-31T18:45:33.819+0000] {manager.py:878} INFO - 
================================================================================
DAG File Processing Stats

File Path                          PID    Runtime      # DAGs    # Errors  Last Runtime    Last Run
---------------------------------  -----  ---------  --------  ----------  --------------  -------------------
/opt/airflow/dags/retailco_dag.py                           1           0  0.16s           2026-05-31T18:45:05
================================================================================
[2026-05-31T18:46:04.150+0000] {manager.py:878} INFO - 
================================================================================
DAG File Processing Stats

File Path                          PID    Runtime      # DAGs    # Errors  Last Runtime    Last Run
---------------------------------  -----  ---------  --------  ----------  --------------  -------------------
/opt/airflow/dags/retailco_dag.py                           1           0  0.17s           2026-05-31T18:45:36
================================================================================
[2026-05-31T18:46:34.633+0000] {manager.py:878} INFO - 
================================================================================
DAG File Processing Stats

File Path                          PID    Runtime      # DAGs    # Errors  Last Runtime    Last Run
---------------------------------  -----  ---------  --------  ----------  --------------  -------------------
/opt/airflow/dags/retailco_dag.py                           1           0  0.17s           2026-05-31T18:46:06
================================================================================
[2026-05-31T18:47:04.953+0000] {manager.py:878} INFO - 
================================================================================
DAG File Processing Stats

File Path                          PID    Runtime      # DAGs    # Errors  Last Runtime    Last Run
---------------------------------  -----  ---------  --------  ----------  --------------  -------------------
/opt/airflow/dags/retailco_dag.py                           1           0  0.16s           2026-05-31T18:46:36
================================================================================
[2026-05-31T18:47:35.395+0000] {manager.py:878} INFO - 
================================================================================
DAG File Processing Stats

File Path                          PID    Runtime      # DAGs    # Errors  Last Runtime    Last Run
---------------------------------  -----  ---------  --------  ----------  --------------  -------------------
/opt/airflow/dags/retailco_dag.py                           1           0  0.16s           2026-05-31T18:47:07
================================================================================
[2026-05-31T18:48:05.731+0000] {manager.py:878} INFO - 
================================================================================
DAG File Processing Stats

File Path                          PID    Runtime      # DAGs    # Errors  Last Runtime    Last Run
---------------------------------  -----  ---------  --------  ----------  --------------  -------------------
/opt/airflow/dags/retailco_dag.py                           1           0  0.17s           2026-05-31T18:47:37
================================================================================
[2026-05-31T18:48:36.216+0000] {manager.py:878} INFO - 
================================================================================
DAG File Processing Stats

File Path                          PID    Runtime      # DAGs    # Errors  Last Runtime    Last Run
---------------------------------  -----  ---------  --------  ----------  --------------  -------------------
/opt/airflow/dags/retailco_dag.py                           1           0  0.17s           2026-05-31T18:48:07
================================================================================
[2026-05-31T18:49:06.525+0000] {manager.py:878} INFO - 
================================================================================
DAG File Processing Stats

File Path                          PID    Runtime      # DAGs    # Errors  Last Runtime    Last Run
---------------------------------  -----  ---------  --------  ----------  --------------  -------------------
/opt/airflow/dags/retailco_dag.py                           1           0  0.25s           2026-05-31T18:48:38
================================================================================
[2026-05-31T18:49:37.048+0000] {manager.py:878} INFO - 
================================================================================
DAG File Processing Stats

File Path                          PID    Runtime      # DAGs    # Errors  Last Runtime    Last Run
---------------------------------  -----  ---------  --------  ----------  --------------  -------------------
/opt/airflow/dags/retailco_dag.py                           1           0  0.16s           2026-05-31T18:49:08
================================================================================
[2026-05-31T18:50:07.461+0000] {manager.py:878} INFO - 
================================================================================
DAG File Processing Stats

File Path                          PID    Runtime      # DAGs    # Errors  Last Runtime    Last Run
---------------------------------  -----  ---------  --------  ----------  --------------  -------------------
/opt/airflow/dags/retailco_dag.py                           1           0  0.19s           2026-05-31T18:49:39
================================================================================
[2026-05-31T18:50:22.706+0000] {manager.py:737} INFO - Searching for files in /opt/airflow/dags
[2026-05-31T18:50:22.741+0000] {manager.py:740} INFO - There are 1 files in /opt/airflow/dags
[2026-05-31T18:50:37.922+0000] {manager.py:878} INFO - 
================================================================================
DAG File Processing Stats

File Path                          PID    Runtime      # DAGs    # Errors  Last Runtime    Last Run
---------------------------------  -----  ---------  --------  ----------  --------------  -------------------
/opt/airflow/dags/retailco_dag.py                           1           0  0.17s           2026-05-31T18:50:09
================================================================================
[2026-05-31T18:51:08.256+0000] {manager.py:878} INFO - 
================================================================================
DAG File Processing Stats

File Path                          PID    Runtime      # DAGs    # Errors  Last Runtime    Last Run
---------------------------------  -----  ---------  --------  ----------  --------------  -------------------
/opt/airflow/dags/retailco_dag.py                           1           0  0.17s           2026-05-31T18:50:40
================================================================================
[2026-05-31T18:51:38.699+0000] {manager.py:878} INFO - 
================================================================================
DAG File Processing Stats

File Path                          PID    Runtime      # DAGs    # Errors  Last Runtime    Last Run
---------------------------------  -----  ---------  --------  ----------  --------------  -------------------
/opt/airflow/dags/retailco_dag.py                           1           0  0.16s           2026-05-31T18:51:10
================================================================================
[2026-05-31T18:52:09.032+0000] {manager.py:878} INFO - 
================================================================================
DAG File Processing Stats

File Path                          PID    Runtime      # DAGs    # Errors  Last Runtime    Last Run
---------------------------------  -----  ---------  --------  ----------  --------------  -------------------
/opt/airflow/dags/retailco_dag.py                           1           0  0.17s           2026-05-31T18:51:40
================================================================================
[2026-05-31T18:52:39.505+0000] {manager.py:878} INFO - 
================================================================================
DAG File Processing Stats

File Path                          PID    Runtime      # DAGs    # Errors  Last Runtime    Last Run
---------------------------------  -----  ---------  --------  ----------  --------------  -------------------
/opt/airflow/dags/retailco_dag.py                           1           0  0.17s           2026-05-31T18:52:11
================================================================================
[2026-05-31T18:53:09.910+0000] {manager.py:878} INFO - 
================================================================================
DAG File Processing Stats

File Path                          PID    Runtime      # DAGs    # Errors  Last Runtime    Last Run
---------------------------------  -----  ---------  --------  ----------  --------------  -------------------
/opt/airflow/dags/retailco_dag.py                           1           0  0.18s           2026-05-31T18:52:41
================================================================================
[2026-05-31T18:53:40.315+0000] {manager.py:878} INFO - 
================================================================================
DAG File Processing Stats

File Path                          PID    Runtime      # DAGs    # Errors  Last Runtime    Last Run
---------------------------------  -----  ---------  --------  ----------  --------------  -------------------
/opt/airflow/dags/retailco_dag.py                           1           0  0.17s           2026-05-31T18:53:12
================================================================================
[2026-05-31T18:54:10.697+0000] {manager.py:878} INFO - 
================================================================================
DAG File Processing Stats

File Path                          PID    Runtime      # DAGs    # Errors  Last Runtime    Last Run
---------------------------------  -----  ---------  --------  ----------  --------------  -------------------
/opt/airflow/dags/retailco_dag.py                           1           0  0.17s           2026-05-31T18:53:42
================================================================================
[2026-05-31T18:54:41.210+0000] {manager.py:878} INFO - 
================================================================================
DAG File Processing Stats

File Path                          PID    Runtime      # DAGs    # Errors  Last Runtime    Last Run
---------------------------------  -----  ---------  --------  ----------  --------------  -------------------
/opt/airflow/dags/retailco_dag.py                           1           0  0.16s           2026-05-31T18:54:12
================================================================================
[2026-05-31T18:55:11.526+0000] {manager.py:878} INFO - 
================================================================================
DAG File Processing Stats

File Path                          PID    Runtime      # DAGs    # Errors  Last Runtime    Last Run
---------------------------------  -----  ---------  --------  ----------  --------------  -------------------
/opt/airflow/dags/retailco_dag.py                           1           0  0.16s           2026-05-31T18:54:43
================================================================================
[2026-05-31T18:55:22.730+0000] {manager.py:737} INFO - Searching for files in /opt/airflow/dags
[2026-05-31T18:55:22.769+0000] {manager.py:740} INFO - There are 1 files in /opt/airflow/dags
[2026-05-31T18:55:41.990+0000] {manager.py:878} INFO - 
================================================================================
DAG File Processing Stats

File Path                          PID    Runtime      # DAGs    # Errors  Last Runtime    Last Run
---------------------------------  -----  ---------  --------  ----------  --------------  -------------------
/opt/airflow/dags/retailco_dag.py                           1           0  0.16s           2026-05-31T18:55:13
================================================================================
[2026-05-31T18:56:12.299+0000] {manager.py:878} INFO - 
================================================================================
DAG File Processing Stats

File Path                          PID    Runtime      # DAGs    # Errors  Last Runtime    Last Run
---------------------------------  -----  ---------  --------  ----------  --------------  -------------------
/opt/airflow/dags/retailco_dag.py                           1           0  0.18s           2026-05-31T18:55:44
================================================================================
[2026-05-31T18:56:42.781+0000] {manager.py:878} INFO - 
================================================================================
DAG File Processing Stats

File Path                          PID    Runtime      # DAGs    # Errors  Last Runtime    Last Run
---------------------------------  -----  ---------  --------  ----------  --------------  -------------------
/opt/airflow/dags/retailco_dag.py                           1           0  0.17s           2026-05-31T18:56:14
================================================================================
[2026-05-31T18:57:13.068+0000] {manager.py:878} INFO - 
================================================================================
DAG File Processing Stats

File Path                          PID    Runtime      # DAGs    # Errors  Last Runtime    Last Run
---------------------------------  -----  ---------  --------  ----------  --------------  -------------------
/opt/airflow/dags/retailco_dag.py                           1           0  0.16s           2026-05-31T18:56:44
================================================================================
[2026-05-31T18:57:43.526+0000] {manager.py:878} INFO - 
================================================================================
DAG File Processing Stats

File Path                          PID    Runtime      # DAGs    # Errors  Last Runtime    Last Run
---------------------------------  -----  ---------  --------  ----------  --------------  -------------------
/opt/airflow/dags/retailco_dag.py                           1           0  0.17s           2026-05-31T18:57:15
================================================================================
[2026-05-31T18:58:13.828+0000] {manager.py:878} INFO - 
================================================================================
DAG File Processing Stats

File Path                          PID    Runtime      # DAGs    # Errors  Last Runtime    Last Run
---------------------------------  -----  ---------  --------  ----------  --------------  -------------------
/opt/airflow/dags/retailco_dag.py                           1           0  0.16s           2026-05-31T18:57:45
================================================================================
[2026-05-31T18:58:44.332+0000] {manager.py:878} INFO - 
================================================================================
DAG File Processing Stats

File Path                          PID    Runtime      # DAGs    # Errors  Last Runtime    Last Run
---------------------------------  -----  ---------  --------  ----------  --------------  -------------------
/opt/airflow/dags/retailco_dag.py                           1           0  0.17s           2026-05-31T18:58:16
================================================================================
[2026-05-31T18:59:14.640+0000] {manager.py:878} INFO - 
================================================================================
DAG File Processing Stats

File Path                          PID    Runtime      # DAGs    # Errors  Last Runtime    Last Run
---------------------------------  -----  ---------  --------  ----------  --------------  -------------------
/opt/airflow/dags/retailco_dag.py                           1           0  0.17s           2026-05-31T18:58:46
================================================================================
[2026-05-31T18:59:45.069+0000] {manager.py:878} INFO - 
================================================================================
DAG File Processing Stats

File Path                          PID    Runtime      # DAGs    # Errors  Last Runtime    Last Run
---------------------------------  -----  ---------  --------  ----------  --------------  -------------------
/opt/airflow/dags/retailco_dag.py                           1           0  0.17s           2026-05-31T18:59:16
================================================================================
[2026-05-31T19:00:15.454+0000] {manager.py:878} INFO - 
================================================================================
DAG File Processing Stats

File Path                          PID    Runtime      # DAGs    # Errors  Last Runtime    Last Run
---------------------------------  -----  ---------  --------  ----------  --------------  -------------------
/opt/airflow/dags/retailco_dag.py                           1           0  0.18s           2026-05-31T18:59:47
================================================================================
[2026-05-31T19:00:22.755+0000] {manager.py:737} INFO - Searching for files in /opt/airflow/dags
[2026-05-31T19:00:22.809+0000] {manager.py:740} INFO - There are 1 files in /opt/airflow/dags
[2026-05-31T19:00:45.914+0000] {manager.py:878} INFO - 
================================================================================
DAG File Processing Stats

File Path                          PID    Runtime      # DAGs    # Errors  Last Runtime    Last Run
---------------------------------  -----  ---------  --------  ----------  --------------  -------------------
/opt/airflow/dags/retailco_dag.py                           1           0  0.18s           2026-05-31T19:00:17
================================================================================
[2026-05-31T19:01:16.222+0000] {manager.py:878} INFO - 
================================================================================
DAG File Processing Stats

File Path                          PID    Runtime      # DAGs    # Errors  Last Runtime    Last Run
---------------------------------  -----  ---------  --------  ----------  --------------  -------------------
/opt/airflow/dags/retailco_dag.py                           1           0  0.17s           2026-05-31T19:00:48
================================================================================
[2026-05-31T19:01:46.700+0000] {manager.py:878} INFO - 
================================================================================
DAG File Processing Stats

File Path                          PID    Runtime      # DAGs    # Errors  Last Runtime    Last Run
---------------------------------  -----  ---------  --------  ----------  --------------  -------------------
/opt/airflow/dags/retailco_dag.py                           1           0  0.17s           2026-05-31T19:01:18
================================================================================
[2026-05-31T19:02:17.054+0000] {manager.py:878} INFO - 
================================================================================
DAG File Processing Stats

File Path                          PID    Runtime      # DAGs    # Errors  Last Runtime    Last Run
---------------------------------  -----  ---------  --------  ----------  --------------  -------------------
/opt/airflow/dags/retailco_dag.py                           1           0  0.17s           2026-05-31T19:01:48
================================================================================
[2026-05-31T19:02:47.524+0000] {manager.py:878} INFO - 
================================================================================
DAG File Processing Stats

File Path                          PID    Runtime      # DAGs    # Errors  Last Runtime    Last Run
---------------------------------  -----  ---------  --------  ----------  --------------  -------------------
/opt/airflow/dags/retailco_dag.py                           1           0  0.18s           2026-05-31T19:02:19
================================================================================
[2026-05-31T19:03:17.837+0000] {manager.py:878} INFO - 
================================================================================
DAG File Processing Stats

File Path                          PID    Runtime      # DAGs    # Errors  Last Runtime    Last Run
---------------------------------  -----  ---------  --------  ----------  --------------  -------------------
/opt/airflow/dags/retailco_dag.py                           1           0  0.18s           2026-05-31T19:02:49
================================================================================
[2026-05-31T19:03:48.292+0000] {manager.py:878} INFO - 
================================================================================
DAG File Processing Stats

File Path                          PID    Runtime      # DAGs    # Errors  Last Runtime    Last Run
---------------------------------  -----  ---------  --------  ----------  --------------  -------------------
/opt/airflow/dags/retailco_dag.py                           1           0  0.17s           2026-05-31T19:03:20
================================================================================
[2026-05-31T19:04:18.646+0000] {manager.py:878} INFO - 
================================================================================
DAG File Processing Stats

File Path                          PID    Runtime      # DAGs    # Errors  Last Runtime    Last Run
---------------------------------  -----  ---------  --------  ----------  --------------  -------------------
/opt/airflow/dags/retailco_dag.py                           1           0  0.16s           2026-05-31T19:03:50
================================================================================
[2026-05-31T19:04:49.027+0000] {manager.py:878} INFO - 
================================================================================
DAG File Processing Stats

File Path                          PID    Runtime      # DAGs    # Errors  Last Runtime    Last Run
---------------------------------  -----  ---------  --------  ----------  --------------  -------------------
/opt/airflow/dags/retailco_dag.py                           1           0  0.19s           2026-05-31T19:04:20
================================================================================
[2026-05-31T19:05:19.459+0000] {manager.py:878} INFO - 
================================================================================
DAG File Processing Stats

File Path                          PID    Runtime      # DAGs    # Errors  Last Runtime    Last Run
---------------------------------  -----  ---------  --------  ----------  --------------  -------------------
/opt/airflow/dags/retailco_dag.py                           1           0  0.20s           2026-05-31T19:04:51
================================================================================
[2026-05-31T19:05:23.533+0000] {manager.py:737} INFO - Searching for files in /opt/airflow/dags
[2026-05-31T19:05:23.590+0000] {manager.py:740} INFO - There are 1 files in /opt/airflow/dags
[2026-05-31T19:05:49.879+0000] {manager.py:878} INFO - 
================================================================================
DAG File Processing Stats

File Path                          PID    Runtime      # DAGs    # Errors  Last Runtime    Last Run
---------------------------------  -----  ---------  --------  ----------  --------------  -------------------
/opt/airflow/dags/retailco_dag.py                           1           0  0.18s           2026-05-31T19:05:21
================================================================================
[2026-05-31T19:06:20.255+0000] {manager.py:878} INFO - 
================================================================================
DAG File Processing Stats

File Path                          PID    Runtime      # DAGs    # Errors  Last Runtime    Last Run
---------------------------------  -----  ---------  --------  ----------  --------------  -------------------
/opt/airflow/dags/retailco_dag.py                           1           0  0.17s           2026-05-31T19:05:52
================================================================================
[2026-05-31T19:06:50.687+0000] {manager.py:878} INFO - 
================================================================================
DAG File Processing Stats

File Path                          PID    Runtime      # DAGs    # Errors  Last Runtime    Last Run
---------------------------------  -----  ---------  --------  ----------  --------------  -------------------
/opt/airflow/dags/retailco_dag.py                           1           0  0.18s           2026-05-31T19:06:22
================================================================================
[2026-05-31T19:07:21.044+0000] {manager.py:878} INFO - 
================================================================================
DAG File Processing Stats

File Path                          PID    Runtime      # DAGs    # Errors  Last Runtime    Last Run
---------------------------------  -----  ---------  --------  ----------  --------------  -------------------
/opt/airflow/dags/retailco_dag.py                           1           0  0.19s           2026-05-31T19:06:52
================================================================================
[2026-05-31T19:07:51.444+0000] {manager.py:878} INFO - 
================================================================================
DAG File Processing Stats

File Path                          PID    Runtime      # DAGs    # Errors  Last Runtime    Last Run
---------------------------------  -----  ---------  --------  ----------  --------------  -------------------
/opt/airflow/dags/retailco_dag.py                           1           0  0.17s           2026-05-31T19:07:23
================================================================================
[2026-05-31T19:08:21.828+0000] {manager.py:878} INFO - 
================================================================================
DAG File Processing Stats

File Path                          PID    Runtime      # DAGs    # Errors  Last Runtime    Last Run
---------------------------------  -----  ---------  --------  ----------  --------------  -------------------
/opt/airflow/dags/retailco_dag.py                           1           0  0.18s           2026-05-31T19:07:53
================================================================================
[2026-05-31T19:08:52.274+0000] {manager.py:878} INFO - 
================================================================================
DAG File Processing Stats

File Path                          PID    Runtime      # DAGs    # Errors  Last Runtime    Last Run
---------------------------------  -----  ---------  --------  ----------  --------------  -------------------
/opt/airflow/dags/retailco_dag.py                           1           0  0.18s           2026-05-31T19:08:24
================================================================================
[2026-05-31T19:09:22.687+0000] {manager.py:878} INFO - 
================================================================================
DAG File Processing Stats

File Path                          PID    Runtime      # DAGs    # Errors  Last Runtime    Last Run
---------------------------------  -----  ---------  --------  ----------  --------------  -------------------
/opt/airflow/dags/retailco_dag.py                           1           0  0.18s           2026-05-31T19:08:54
================================================================================
[2026-05-31T19:09:53.055+0000] {manager.py:878} INFO - 
================================================================================
DAG File Processing Stats

File Path                          PID    Runtime      # DAGs    # Errors  Last Runtime    Last Run
---------------------------------  -----  ---------  --------  ----------  --------------  -------------------
/opt/airflow/dags/retailco_dag.py                           1           0  0.16s           2026-05-31T19:09:24
================================================================================
[2026-05-31T19:10:23.480+0000] {manager.py:878} INFO - 
================================================================================
DAG File Processing Stats

File Path                          PID    Runtime      # DAGs    # Errors  Last Runtime    Last Run
---------------------------------  -----  ---------  --------  ----------  --------------  -------------------
/opt/airflow/dags/retailco_dag.py                           1           0  0.19s           2026-05-31T19:09:55
================================================================================
[2026-05-31T19:10:23.597+0000] {manager.py:737} INFO - Searching for files in /opt/airflow/dags
[2026-05-31T19:10:23.652+0000] {manager.py:740} INFO - There are 1 files in /opt/airflow/dags
[2026-05-31T19:10:54.036+0000] {manager.py:878} INFO - 
================================================================================
DAG File Processing Stats

File Path                          PID    Runtime      # DAGs    # Errors  Last Runtime    Last Run
---------------------------------  -----  ---------  --------  ----------  --------------  -------------------
/opt/airflow/dags/retailco_dag.py                           1           0  0.19s           2026-05-31T19:10:25
================================================================================
[2026-05-31T19:11:24.352+0000] {manager.py:878} INFO - 
================================================================================
DAG File Processing Stats

File Path                          PID    Runtime      # DAGs    # Errors  Last Runtime    Last Run
---------------------------------  -----  ---------  --------  ----------  --------------  -------------------
/opt/airflow/dags/retailco_dag.py                           1           0  0.18s           2026-05-31T19:10:56
================================================================================
[2026-05-31T19:11:54.852+0000] {manager.py:878} INFO - 
================================================================================
DAG File Processing Stats

File Path                          PID    Runtime      # DAGs    # Errors  Last Runtime    Last Run
---------------------------------  -----  ---------  --------  ----------  --------------  -------------------
/opt/airflow/dags/retailco_dag.py                           1           0  0.18s           2026-05-31T19:11:26
================================================================================
[2026-05-31T19:12:25.190+0000] {manager.py:878} INFO - 
================================================================================
DAG File Processing Stats

File Path                          PID    Runtime      # DAGs    # Errors  Last Runtime    Last Run
---------------------------------  -----  ---------  --------  ----------  --------------  -------------------
/opt/airflow/dags/retailco_dag.py                           1           0  0.17s           2026-05-31T19:11:57
================================================================================
[2026-05-31T19:12:55.693+0000] {manager.py:878} INFO - 
================================================================================
DAG File Processing Stats

File Path                          PID    Runtime      # DAGs    # Errors  Last Runtime    Last Run
---------------------------------  -----  ---------  --------  ----------  --------------  -------------------
/opt/airflow/dags/retailco_dag.py                           1           0  0.18s           2026-05-31T19:12:27
================================================================================
[2026-05-31T19:13:26.033+0000] {manager.py:878} INFO - 
================================================================================
DAG File Processing Stats

File Path                          PID    Runtime      # DAGs    # Errors  Last Runtime    Last Run
---------------------------------  -----  ---------  --------  ----------  --------------  -------------------
/opt/airflow/dags/retailco_dag.py                           1           0  0.18s           2026-05-31T19:12:57
================================================================================
[2026-05-31T19:13:56.502+0000] {manager.py:878} INFO - 
================================================================================
DAG File Processing Stats

File Path                          PID    Runtime      # DAGs    # Errors  Last Runtime    Last Run
---------------------------------  -----  ---------  --------  ----------  --------------  -------------------
/opt/airflow/dags/retailco_dag.py                           1           0  0.16s           2026-05-31T19:13:28
================================================================================
[2026-05-31T19:14:26.835+0000] {manager.py:878} INFO - 
================================================================================
DAG File Processing Stats

File Path                          PID    Runtime      # DAGs    # Errors  Last Runtime    Last Run
---------------------------------  -----  ---------  --------  ----------  --------------  -------------------
/opt/airflow/dags/retailco_dag.py                           1           0  0.18s           2026-05-31T19:13:58
================================================================================
[2026-05-31T19:14:57.189+0000] {manager.py:878} INFO - 
================================================================================
DAG File Processing Stats

File Path                          PID    Runtime      # DAGs    # Errors  Last Runtime    Last Run
---------------------------------  -----  ---------  --------  ----------  --------------  -------------------
/opt/airflow/dags/retailco_dag.py                           1           0  0.18s           2026-05-31T19:14:29
================================================================================
[2026-05-31T19:15:23.612+0000] {manager.py:737} INFO - Searching for files in /opt/airflow/dags
[2026-05-31T19:15:23.670+0000] {manager.py:740} INFO - There are 1 files in /opt/airflow/dags
[2026-05-31T19:15:27.618+0000] {manager.py:878} INFO - 
================================================================================
DAG File Processing Stats

File Path                          PID    Runtime      # DAGs    # Errors  Last Runtime    Last Run
---------------------------------  -----  ---------  --------  ----------  --------------  -------------------
/opt/airflow/dags/retailco_dag.py                           1           0  0.18s           2026-05-31T19:14:59
================================================================================
[2026-05-31T19:15:58.057+0000] {manager.py:878} INFO - 
================================================================================
DAG File Processing Stats

File Path                          PID    Runtime      # DAGs    # Errors  Last Runtime    Last Run
---------------------------------  -----  ---------  --------  ----------  --------------  -------------------
/opt/airflow/dags/retailco_dag.py                           1           0  0.21s           2026-05-31T19:15:29
================================================================================
[2026-05-31T19:16:28.465+0000] {manager.py:878} INFO - 
================================================================================
DAG File Processing Stats

File Path                          PID    Runtime      # DAGs    # Errors  Last Runtime    Last Run
---------------------------------  -----  ---------  --------  ----------  --------------  -------------------
/opt/airflow/dags/retailco_dag.py                           1           0  0.19s           2026-05-31T19:16:00
================================================================================
[2026-05-31T19:16:58.856+0000] {manager.py:878} INFO - 
================================================================================
DAG File Processing Stats

File Path                          PID    Runtime      # DAGs    # Errors  Last Runtime    Last Run
---------------------------------  -----  ---------  --------  ----------  --------------  -------------------
/opt/airflow/dags/retailco_dag.py                           1           0  0.20s           2026-05-31T19:16:30
================================================================================
[2026-05-31T19:17:29.106+0000] {manager.py:878} INFO - 
================================================================================
DAG File Processing Stats

File Path                          PID    Runtime      # DAGs    # Errors  Last Runtime    Last Run
---------------------------------  -----  ---------  --------  ----------  --------------  -------------------
/opt/airflow/dags/retailco_dag.py                           1           0  0.86s           2026-05-31T19:17:01
================================================================================
[2026-05-31T19:18:00.035+0000] {manager.py:878} INFO - 
================================================================================
DAG File Processing Stats

File Path                          PID    Runtime      # DAGs    # Errors  Last Runtime    Last Run
---------------------------------  -----  ---------  --------  ----------  --------------  -------------------
/opt/airflow/dags/retailco_dag.py                           1           0  0.62s           2026-05-31T19:17:32
================================================================================
[2026-05-31T19:18:30.398+0000] {manager.py:878} INFO - 
================================================================================
DAG File Processing Stats

File Path                          PID    Runtime      # DAGs    # Errors  Last Runtime    Last Run
---------------------------------  -----  ---------  --------  ----------  --------------  -------------------
/opt/airflow/dags/retailco_dag.py                           1           0  0.18s           2026-05-31T19:18:03
================================================================================
[2026-05-31T19:19:00.865+0000] {manager.py:878} INFO - 
================================================================================
DAG File Processing Stats

File Path                          PID    Runtime      # DAGs    # Errors  Last Runtime    Last Run
---------------------------------  -----  ---------  --------  ----------  --------------  -------------------
/opt/airflow/dags/retailco_dag.py                           1           0  0.17s           2026-05-31T19:18:33
================================================================================
[2026-05-31T19:19:31.179+0000] {manager.py:878} INFO - 
================================================================================
DAG File Processing Stats

File Path                          PID    Runtime      # DAGs    # Errors  Last Runtime    Last Run
---------------------------------  -----  ---------  --------  ----------  --------------  -------------------
/opt/airflow/dags/retailco_dag.py                           1           0  0.17s           2026-05-31T19:19:04
================================================================================
[2026-05-31T19:20:01.637+0000] {manager.py:878} INFO - 
================================================================================
DAG File Processing Stats

File Path                          PID    Runtime      # DAGs    # Errors  Last Runtime    Last Run
---------------------------------  -----  ---------  --------  ----------  --------------  -------------------
/opt/airflow/dags/retailco_dag.py                           1           0  0.17s           2026-05-31T19:19:34
================================================================================
[2026-05-31T19:20:23.920+0000] {manager.py:737} INFO - Searching for files in /opt/airflow/dags
[2026-05-31T19:20:23.976+0000] {manager.py:740} INFO - There are 1 files in /opt/airflow/dags
[2026-05-31T19:20:32.082+0000] {manager.py:878} INFO - 
================================================================================
DAG File Processing Stats

File Path                          PID    Runtime      # DAGs    # Errors  Last Runtime    Last Run
---------------------------------  -----  ---------  --------  ----------  --------------  -------------------
/opt/airflow/dags/retailco_dag.py                           1           0  1.50s           2026-05-31T19:20:06
================================================================================
[2026-05-31T19:21:02.817+0000] {manager.py:878} INFO - 
================================================================================
DAG File Processing Stats

File Path                          PID    Runtime      # DAGs    # Errors  Last Runtime    Last Run
---------------------------------  -----  ---------  --------  ----------  --------------  -------------------
/opt/airflow/dags/retailco_dag.py                           1           0  0.18s           2026-05-31T19:20:36
================================================================================
[2026-05-31T19:21:33.263+0000] {manager.py:878} INFO - 
================================================================================
DAG File Processing Stats

File Path                          PID    Runtime      # DAGs    # Errors  Last Runtime    Last Run
---------------------------------  -----  ---------  --------  ----------  --------------  -------------------
/opt/airflow/dags/retailco_dag.py                           1           0  0.18s           2026-05-31T19:21:07
================================================================================
[2026-05-31T19:22:03.628+0000] {manager.py:878} INFO - 
================================================================================
DAG File Processing Stats

File Path                          PID    Runtime      # DAGs    # Errors  Last Runtime    Last Run
---------------------------------  -----  ---------  --------  ----------  --------------  -------------------
/opt/airflow/dags/retailco_dag.py                           1           0  0.17s           2026-05-31T19:21:37
================================================================================
[2026-05-31T19:22:34.068+0000] {manager.py:878} INFO - 
================================================================================
DAG File Processing Stats

File Path                          PID    Runtime      # DAGs    # Errors  Last Runtime    Last Run
---------------------------------  -----  ---------  --------  ----------  --------------  -------------------
/opt/airflow/dags/retailco_dag.py                           1           0  0.17s           2026-05-31T19:22:07
================================================================================
[2026-05-31T19:23:04.400+0000] {manager.py:878} INFO - 
================================================================================
DAG File Processing Stats

File Path                          PID    Runtime      # DAGs    # Errors  Last Runtime    Last Run
---------------------------------  -----  ---------  --------  ----------  --------------  -------------------
/opt/airflow/dags/retailco_dag.py                           1           0  0.18s           2026-05-31T19:22:38
================================================================================
[2026-05-31T19:23:34.884+0000] {manager.py:878} INFO - 
================================================================================
DAG File Processing Stats

File Path                          PID    Runtime      # DAGs    # Errors  Last Runtime    Last Run
---------------------------------  -----  ---------  --------  ----------  --------------  -------------------
/opt/airflow/dags/retailco_dag.py                           1           0  0.17s           2026-05-31T19:23:08
================================================================================
[2026-05-31T19:24:05.212+0000] {manager.py:878} INFO - 
================================================================================
DAG File Processing Stats

File Path                          PID    Runtime      # DAGs    # Errors  Last Runtime    Last Run
---------------------------------  -----  ---------  --------  ----------  --------------  -------------------
/opt/airflow/dags/retailco_dag.py                           1           0  0.17s           2026-05-31T19:23:39
================================================================================
[2026-05-31T19:24:35.697+0000] {manager.py:878} INFO - 
================================================================================
DAG File Processing Stats

File Path                          PID    Runtime      # DAGs    # Errors  Last Runtime    Last Run
---------------------------------  -----  ---------  --------  ----------  --------------  -------------------
/opt/airflow/dags/retailco_dag.py                           1           0  0.18s           2026-05-31T19:24:09
================================================================================
[2026-05-31T19:25:06.063+0000] {manager.py:878} INFO - 
================================================================================
DAG File Processing Stats

File Path                          PID    Runtime      # DAGs    # Errors  Last Runtime    Last Run
---------------------------------  -----  ---------  --------  ----------  --------------  -------------------
/opt/airflow/dags/retailco_dag.py                           1           0  0.17s           2026-05-31T19:24:39
================================================================================
[2026-05-31T19:25:24.342+0000] {manager.py:737} INFO - Searching for files in /opt/airflow/dags
[2026-05-31T19:25:24.394+0000] {manager.py:740} INFO - There are 1 files in /opt/airflow/dags
[2026-05-31T19:25:36.533+0000] {manager.py:878} INFO - 
================================================================================
DAG File Processing Stats

File Path                          PID    Runtime      # DAGs    # Errors  Last Runtime    Last Run
---------------------------------  -----  ---------  --------  ----------  --------------  -------------------
/opt/airflow/dags/retailco_dag.py                           1           0  0.19s           2026-05-31T19:25:10
================================================================================
[2026-05-31T19:26:06.894+0000] {manager.py:878} INFO - 
================================================================================
DAG File Processing Stats

File Path                          PID    Runtime      # DAGs    # Errors  Last Runtime    Last Run
---------------------------------  -----  ---------  --------  ----------  --------------  -------------------
/opt/airflow/dags/retailco_dag.py                           1           0  0.20s           2026-05-31T19:25:40
================================================================================
[2026-05-31T19:26:37.323+0000] {manager.py:878} INFO - 
================================================================================
DAG File Processing Stats

File Path                          PID    Runtime      # DAGs    # Errors  Last Runtime    Last Run
---------------------------------  -----  ---------  --------  ----------  --------------  -------------------
/opt/airflow/dags/retailco_dag.py                           1           0  0.21s           2026-05-31T19:26:11
================================================================================
[2026-05-31T19:27:07.693+0000] {manager.py:878} INFO - 
================================================================================
DAG File Processing Stats

File Path                          PID    Runtime      # DAGs    # Errors  Last Runtime    Last Run
---------------------------------  -----  ---------  --------  ----------  --------------  -------------------
/opt/airflow/dags/retailco_dag.py                           1           0  0.18s           2026-05-31T19:26:41
================================================================================
[2026-05-31T19:27:38.091+0000] {manager.py:878} INFO - 
================================================================================
DAG File Processing Stats

File Path                          PID    Runtime      # DAGs    # Errors  Last Runtime    Last Run
---------------------------------  -----  ---------  --------  ----------  --------------  -------------------
/opt/airflow/dags/retailco_dag.py                           1           0  0.18s           2026-05-31T19:27:11
================================================================================
[2026-05-31T19:28:08.449+0000] {manager.py:878} INFO - 
================================================================================
DAG File Processing Stats

File Path                          PID    Runtime      # DAGs    # Errors  Last Runtime    Last Run
---------------------------------  -----  ---------  --------  ----------  --------------  -------------------
/opt/airflow/dags/retailco_dag.py                           1           0  0.21s           2026-05-31T19:27:42
================================================================================
[2026-05-31T19:28:38.933+0000] {manager.py:878} INFO - 
================================================================================
DAG File Processing Stats

File Path                          PID    Runtime      # DAGs    # Errors  Last Runtime    Last Run
---------------------------------  -----  ---------  --------  ----------  --------------  -------------------
/opt/airflow/dags/retailco_dag.py                           1           0  0.18s           2026-05-31T19:28:12
================================================================================
[2026-05-31T19:29:09.289+0000] {manager.py:878} INFO - 
================================================================================
DAG File Processing Stats

File Path                          PID    Runtime      # DAGs    # Errors  Last Runtime    Last Run
---------------------------------  -----  ---------  --------  ----------  --------------  -------------------
/opt/airflow/dags/retailco_dag.py                           1           0  0.18s           2026-05-31T19:28:43
================================================================================
[2026-05-31T19:29:39.710+0000] {manager.py:878} INFO - 
================================================================================
DAG File Processing Stats

File Path                          PID    Runtime      # DAGs    # Errors  Last Runtime    Last Run
---------------------------------  -----  ---------  --------  ----------  --------------  -------------------
/opt/airflow/dags/retailco_dag.py                           1           0  0.16s           2026-05-31T19:29:13
================================================================================
[2026-05-31T19:30:10.051+0000] {manager.py:878} INFO - 
================================================================================
DAG File Processing Stats

File Path                          PID    Runtime      # DAGs    # Errors  Last Runtime    Last Run
---------------------------------  -----  ---------  --------  ----------  --------------  -------------------
/opt/airflow/dags/retailco_dag.py                           1           0  0.17s           2026-05-31T19:29:43
================================================================================
[2026-05-31T19:30:24.370+0000] {manager.py:737} INFO - Searching for files in /opt/airflow/dags
[2026-05-31T19:30:24.415+0000] {manager.py:740} INFO - There are 1 files in /opt/airflow/dags
[2026-05-31T19:30:40.448+0000] {manager.py:878} INFO - 
================================================================================
DAG File Processing Stats

File Path                          PID    Runtime      # DAGs    # Errors  Last Runtime    Last Run
---------------------------------  -----  ---------  --------  ----------  --------------  -------------------
/opt/airflow/dags/retailco_dag.py                           1           0  0.16s           2026-05-31T19:30:14
================================================================================
[2026-05-31T19:31:10.831+0000] {manager.py:878} INFO - 
================================================================================
DAG File Processing Stats

File Path                          PID    Runtime      # DAGs    # Errors  Last Runtime    Last Run
---------------------------------  -----  ---------  --------  ----------  --------------  -------------------
/opt/airflow/dags/retailco_dag.py                           1           0  0.17s           2026-05-31T19:30:44
================================================================================
[2026-05-31T19:31:41.131+0000] {manager.py:878} INFO - 
================================================================================
DAG File Processing Stats

File Path                          PID    Runtime      # DAGs    # Errors  Last Runtime    Last Run
---------------------------------  -----  ---------  --------  ----------  --------------  -------------------
/opt/airflow/dags/retailco_dag.py                           1           0  0.16s           2026-05-31T19:31:15
================================================================================
[2026-05-31T19:32:11.647+0000] {manager.py:878} INFO - 
================================================================================
DAG File Processing Stats

File Path                          PID    Runtime      # DAGs    # Errors  Last Runtime    Last Run
---------------------------------  -----  ---------  --------  ----------  --------------  -------------------
/opt/airflow/dags/retailco_dag.py                           1           0  0.18s           2026-05-31T19:31:45
================================================================================
[2026-05-31T19:32:42.187+0000] {manager.py:878} INFO - 
================================================================================
DAG File Processing Stats

File Path                          PID    Runtime      # DAGs    # Errors  Last Runtime    Last Run
---------------------------------  -----  ---------  --------  ----------  --------------  -------------------
/opt/airflow/dags/retailco_dag.py                           1           0  0.32s           2026-05-31T19:32:16
================================================================================
[2026-05-31T19:33:12.984+0000] {manager.py:878} INFO - 
================================================================================
DAG File Processing Stats

File Path                          PID    Runtime      # DAGs    # Errors  Last Runtime    Last Run
---------------------------------  -----  ---------  --------  ----------  --------------  -------------------
/opt/airflow/dags/retailco_dag.py                           1           0  0.28s           2026-05-31T19:32:46
================================================================================
[2026-05-31T19:33:43.550+0000] {manager.py:878} INFO - 
================================================================================
DAG File Processing Stats

File Path                          PID    Runtime      # DAGs    # Errors  Last Runtime    Last Run
---------------------------------  -----  ---------  --------  ----------  --------------  -------------------
/opt/airflow/dags/retailco_dag.py                           1           0  0.30s           2026-05-31T19:33:17
================================================================================
[2026-05-31T19:34:14.273+0000] {manager.py:878} INFO - 
================================================================================
DAG File Processing Stats

File Path                          PID    Runtime      # DAGs    # Errors  Last Runtime    Last Run
---------------------------------  -----  ---------  --------  ----------  --------------  -------------------
/opt/airflow/dags/retailco_dag.py                           1           0  0.33s           2026-05-31T19:33:47
================================================================================
[2026-05-31T19:34:44.865+0000] {manager.py:878} INFO - 
================================================================================
DAG File Processing Stats

File Path                          PID    Runtime      # DAGs    # Errors  Last Runtime    Last Run
---------------------------------  -----  ---------  --------  ----------  --------------  -------------------
/opt/airflow/dags/retailco_dag.py                           1           0  0.33s           2026-05-31T19:34:18
================================================================================
[2026-05-31T19:35:15.653+0000] {manager.py:878} INFO - 
================================================================================
DAG File Processing Stats

File Path                          PID    Runtime      # DAGs    # Errors  Last Runtime    Last Run
---------------------------------  -----  ---------  --------  ----------  --------------  -------------------
/opt/airflow/dags/retailco_dag.py                           1           0  0.32s           2026-05-31T19:34:49
================================================================================
[2026-05-31T19:35:24.872+0000] {manager.py:737} INFO - Searching for files in /opt/airflow/dags
[2026-05-31T19:35:24.992+0000] {manager.py:740} INFO - There are 1 files in /opt/airflow/dags
[2026-05-31T19:35:46.384+0000] {manager.py:878} INFO - 
================================================================================
DAG File Processing Stats

File Path                          PID    Runtime      # DAGs    # Errors  Last Runtime    Last Run
---------------------------------  -----  ---------  --------  ----------  --------------  -------------------
/opt/airflow/dags/retailco_dag.py                           1           0  0.33s           2026-05-31T19:35:20
================================================================================
[2026-05-31T19:36:16.973+0000] {manager.py:878} INFO - 
================================================================================
DAG File Processing Stats

File Path                          PID    Runtime      # DAGs    # Errors  Last Runtime    Last Run
---------------------------------  -----  ---------  --------  ----------  --------------  -------------------
/opt/airflow/dags/retailco_dag.py                           1           0  0.40s           2026-05-31T19:35:50
================================================================================
[2026-05-31T19:36:47.808+0000] {manager.py:878} INFO - 
================================================================================
DAG File Processing Stats

File Path                          PID    Runtime      # DAGs    # Errors  Last Runtime    Last Run
---------------------------------  -----  ---------  --------  ----------  --------------  -------------------
/opt/airflow/dags/retailco_dag.py                           1           0  0.41s           2026-05-31T19:36:21
================================================================================
[2026-05-31T19:37:18.340+0000] {manager.py:878} INFO - 
================================================================================
DAG File Processing Stats

File Path                          PID    Runtime      # DAGs    # Errors  Last Runtime    Last Run
---------------------------------  -----  ---------  --------  ----------  --------------  -------------------
/opt/airflow/dags/retailco_dag.py                           1           0  0.30s           2026-05-31T19:36:52
================================================================================
[2026-05-31T19:37:49.112+0000] {manager.py:878} INFO - 
================================================================================
DAG File Processing Stats

File Path                          PID    Runtime      # DAGs    # Errors  Last Runtime    Last Run
---------------------------------  -----  ---------  --------  ----------  --------------  -------------------
/opt/airflow/dags/retailco_dag.py                           1           0  0.36s           2026-05-31T19:37:22
================================================================================
[2026-05-31T19:38:19.773+0000] {manager.py:878} INFO - 
================================================================================
DAG File Processing Stats

File Path                          PID    Runtime      # DAGs    # Errors  Last Runtime    Last Run
---------------------------------  -----  ---------  --------  ----------  --------------  -------------------
/opt/airflow/dags/retailco_dag.py                           1           0  0.34s           2026-05-31T19:37:53
================================================================================
[2026-05-31T19:38:50.438+0000] {manager.py:878} INFO - 
================================================================================
DAG File Processing Stats

File Path                          PID    Runtime      # DAGs    # Errors  Last Runtime    Last Run
---------------------------------  -----  ---------  --------  ----------  --------------  -------------------
/opt/airflow/dags/retailco_dag.py                           1           0  0.33s           2026-05-31T19:38:24
================================================================================
[2026-05-31T19:39:20.522+0000] {manager.py:878} INFO - 
================================================================================
DAG File Processing Stats

File Path                          PID    Runtime      # DAGs    # Errors  Last Runtime    Last Run
---------------------------------  -----  ---------  --------  ----------  --------------  -------------------
/opt/airflow/dags/retailco_dag.py                           1           0  0.98s           2026-05-31T19:38:55
================================================================================
[2026-05-31T19:39:50.965+0000] {manager.py:878} INFO - 
================================================================================
DAG File Processing Stats

File Path                          PID    Runtime      # DAGs    # Errors  Last Runtime    Last Run
---------------------------------  -----  ---------  --------  ----------  --------------  -------------------
/opt/airflow/dags/retailco_dag.py                           1           0  0.32s           2026-05-31T19:39:25
================================================================================
[2026-05-31T19:40:21.763+0000] {manager.py:878} INFO - 
================================================================================
DAG File Processing Stats

File Path                          PID    Runtime      # DAGs    # Errors  Last Runtime    Last Run
---------------------------------  -----  ---------  --------  ----------  --------------  -------------------
/opt/airflow/dags/retailco_dag.py                           1           0  0.31s           2026-05-31T19:39:56
================================================================================
[2026-05-31T19:40:25.810+0000] {manager.py:737} INFO - Searching for files in /opt/airflow/dags
[2026-05-31T19:40:25.918+0000] {manager.py:740} INFO - There are 1 files in /opt/airflow/dags
[2026-05-31T19:40:52.383+0000] {manager.py:878} INFO - 
================================================================================
DAG File Processing Stats

File Path                          PID    Runtime      # DAGs    # Errors  Last Runtime    Last Run
---------------------------------  -----  ---------  --------  ----------  --------------  -------------------
/opt/airflow/dags/retailco_dag.py                           1           0  0.36s           2026-05-31T19:40:27
================================================================================
[2026-05-31T19:41:23.188+0000] {manager.py:878} INFO - 
================================================================================
DAG File Processing Stats

File Path                          PID    Runtime      # DAGs    # Errors  Last Runtime    Last Run
---------------------------------  -----  ---------  --------  ----------  --------------  -------------------
/opt/airflow/dags/retailco_dag.py                           1           0  0.34s           2026-05-31T19:40:57
================================================================================
[2026-05-31T19:41:53.686+0000] {manager.py:878} INFO - 
================================================================================
DAG File Processing Stats

File Path                          PID    Runtime      # DAGs    # Errors  Last Runtime    Last Run
---------------------------------  -----  ---------  --------  ----------  --------------  -------------------
/opt/airflow/dags/retailco_dag.py                           1           0  0.31s           2026-05-31T19:41:28
================================================================================
[2026-05-31T19:42:24.423+0000] {manager.py:878} INFO - 
================================================================================
DAG File Processing Stats

File Path                          PID    Runtime      # DAGs    # Errors  Last Runtime    Last Run
---------------------------------  -----  ---------  --------  ----------  --------------  -------------------
/opt/airflow/dags/retailco_dag.py                           1           0  0.33s           2026-05-31T19:41:59
================================================================================
[2026-05-31T19:42:54.948+0000] {manager.py:878} INFO - 
================================================================================
DAG File Processing Stats

File Path                          PID    Runtime      # DAGs    # Errors  Last Runtime    Last Run
---------------------------------  -----  ---------  --------  ----------  --------------  -------------------
/opt/airflow/dags/retailco_dag.py                           1           0  0.31s           2026-05-31T19:42:29
================================================================================
[2026-05-31T19:43:25.619+0000] {manager.py:878} INFO - 
================================================================================
DAG File Processing Stats

File Path                          PID    Runtime      # DAGs    # Errors  Last Runtime    Last Run
---------------------------------  -----  ---------  --------  ----------  --------------  -------------------
/opt/airflow/dags/retailco_dag.py                           1           0  0.31s           2026-05-31T19:43:00
================================================================================
[2026-05-31T19:43:56.141+0000] {manager.py:878} INFO - 
================================================================================
DAG File Processing Stats

File Path                          PID    Runtime      # DAGs    # Errors  Last Runtime    Last Run
---------------------------------  -----  ---------  --------  ----------  --------------  -------------------
/opt/airflow/dags/retailco_dag.py                           1           0  0.34s           2026-05-31T19:43:31
================================================================================
[2026-05-31T19:44:26.863+0000] {manager.py:878} INFO - 
================================================================================
DAG File Processing Stats

File Path                          PID    Runtime      # DAGs    # Errors  Last Runtime    Last Run
---------------------------------  -----  ---------  --------  ----------  --------------  -------------------
/opt/airflow/dags/retailco_dag.py                           1           0  0.39s           2026-05-31T19:44:01
================================================================================
[2026-05-31T19:44:57.430+0000] {manager.py:878} INFO - 
================================================================================
DAG File Processing Stats

File Path                          PID    Runtime      # DAGs    # Errors  Last Runtime    Last Run
---------------------------------  -----  ---------  --------  ----------  --------------  -------------------
/opt/airflow/dags/retailco_dag.py                           1           0  0.34s           2026-05-31T19:44:32
================================================================================
[2026-05-31T19:45:26.229+0000] {manager.py:737} INFO - Searching for files in /opt/airflow/dags
[2026-05-31T19:45:26.406+0000] {manager.py:740} INFO - There are 1 files in /opt/airflow/dags
[2026-05-31T19:45:27.506+0000] {manager.py:878} INFO - 
================================================================================
DAG File Processing Stats

File Path                          PID    Runtime      # DAGs    # Errors  Last Runtime    Last Run
---------------------------------  -----  ---------  --------  ----------  --------------  -------------------
/opt/airflow/dags/retailco_dag.py                           1           0  0.32s           2026-05-31T19:45:02
================================================================================
[2026-05-31T19:45:57.929+0000] {manager.py:878} INFO - 
================================================================================
DAG File Processing Stats

File Path                          PID    Runtime      # DAGs    # Errors  Last Runtime    Last Run
---------------------------------  -----  ---------  --------  ----------  --------------  -------------------
/opt/airflow/dags/retailco_dag.py                           1           0  0.38s           2026-05-31T19:45:34
================================================================================
[2026-05-31T19:46:28.088+0000] {manager.py:878} INFO - 
================================================================================
DAG File Processing Stats

File Path                          PID    Runtime      # DAGs    # Errors  Last Runtime    Last Run
---------------------------------  -----  ---------  --------  ----------  --------------  -------------------
/opt/airflow/dags/retailco_dag.py                           1           0  0.32s           2026-05-31T19:46:04
================================================================================
[2026-05-31T19:46:58.451+0000] {manager.py:878} INFO - 
================================================================================
DAG File Processing Stats

File Path                          PID    Runtime      # DAGs    # Errors  Last Runtime    Last Run
---------------------------------  -----  ---------  --------  ----------  --------------  -------------------
/opt/airflow/dags/retailco_dag.py                           1           0  0.33s           2026-05-31T19:46:35
================================================================================
[2026-05-31T19:47:28.919+0000] {manager.py:878} INFO - 
================================================================================
DAG File Processing Stats

File Path                          PID    Runtime      # DAGs    # Errors  Last Runtime    Last Run
---------------------------------  -----  ---------  --------  ----------  --------------  -------------------
/opt/airflow/dags/retailco_dag.py                           1           0  0.32s           2026-05-31T19:47:05
================================================================================
[2026-05-31T19:47:59.515+0000] {manager.py:878} INFO - 
================================================================================
DAG File Processing Stats

File Path                          PID    Runtime      # DAGs    # Errors  Last Runtime    Last Run
---------------------------------  -----  ---------  --------  ----------  --------------  -------------------
/opt/airflow/dags/retailco_dag.py                           1           0  0.31s           2026-05-31T19:47:36
================================================================================
[2026-05-31T19:48:30.076+0000] {manager.py:878} INFO - 
================================================================================
DAG File Processing Stats

File Path                          PID    Runtime      # DAGs    # Errors  Last Runtime    Last Run
---------------------------------  -----  ---------  --------  ----------  --------------  -------------------
/opt/airflow/dags/retailco_dag.py                           1           0  0.29s           2026-05-31T19:48:06
================================================================================
[2026-05-31T19:49:00.626+0000] {manager.py:878} INFO - 
================================================================================
DAG File Processing Stats

File Path                          PID    Runtime      # DAGs    # Errors  Last Runtime    Last Run
---------------------------------  -----  ---------  --------  ----------  --------------  -------------------
/opt/airflow/dags/retailco_dag.py                           1           0  0.42s           2026-05-31T19:48:37
================================================================================
[2026-05-31T19:49:31.330+0000] {manager.py:878} INFO - 
================================================================================
DAG File Processing Stats

File Path                          PID    Runtime      # DAGs    # Errors  Last Runtime    Last Run
---------------------------------  -----  ---------  --------  ----------  --------------  -------------------
/opt/airflow/dags/retailco_dag.py                           1           0  0.37s           2026-05-31T19:49:08
================================================================================
[2026-05-31T19:50:01.945+0000] {manager.py:878} INFO - 
================================================================================
DAG File Processing Stats

File Path                          PID    Runtime      # DAGs    # Errors  Last Runtime    Last Run
---------------------------------  -----  ---------  --------  ----------  --------------  -------------------
/opt/airflow/dags/retailco_dag.py                           1           0  0.34s           2026-05-31T19:49:38
================================================================================
[2026-05-31T19:50:26.571+0000] {manager.py:737} INFO - Searching for files in /opt/airflow/dags
[2026-05-31T19:50:26.681+0000] {manager.py:740} INFO - There are 1 files in /opt/airflow/dags
[2026-05-31T19:50:32.813+0000] {manager.py:878} INFO - 
================================================================================
DAG File Processing Stats

File Path                          PID    Runtime      # DAGs    # Errors  Last Runtime    Last Run
---------------------------------  -----  ---------  --------  ----------  --------------  -------------------
/opt/airflow/dags/retailco_dag.py                           1           0  0.46s           2026-05-31T19:50:09
================================================================================
[2026-05-31T19:51:03.387+0000] {manager.py:878} INFO - 
================================================================================
DAG File Processing Stats

File Path                          PID    Runtime      # DAGs    # Errors  Last Runtime    Last Run
---------------------------------  -----  ---------  --------  ----------  --------------  -------------------
/opt/airflow/dags/retailco_dag.py                           1           0  0.43s           2026-05-31T19:50:40
================================================================================
[2026-05-31T19:51:34.208+0000] {manager.py:878} INFO - 
================================================================================
DAG File Processing Stats

File Path                          PID    Runtime      # DAGs    # Errors  Last Runtime    Last Run
---------------------------------  -----  ---------  --------  ----------  --------------  -------------------
/opt/airflow/dags/retailco_dag.py                           1           0  0.36s           2026-05-31T19:51:10
================================================================================
[2026-05-31T19:52:04.690+0000] {manager.py:878} INFO - 
================================================================================
DAG File Processing Stats

File Path                          PID    Runtime      # DAGs    # Errors  Last Runtime    Last Run
---------------------------------  -----  ---------  --------  ----------  --------------  -------------------
/opt/airflow/dags/retailco_dag.py                           1           0  0.44s           2026-05-31T19:51:41
================================================================================
[2026-05-31T19:52:35.150+0000] {manager.py:878} INFO - 
================================================================================
DAG File Processing Stats

File Path                          PID    Runtime      # DAGs    # Errors  Last Runtime    Last Run
---------------------------------  -----  ---------  --------  ----------  --------------  -------------------
/opt/airflow/dags/retailco_dag.py                           1           0  0.33s           2026-05-31T19:52:12
================================================================================
[2026-05-31T19:53:05.844+0000] {manager.py:878} INFO - 
================================================================================
DAG File Processing Stats

File Path                          PID    Runtime      # DAGs    # Errors  Last Runtime    Last Run
---------------------------------  -----  ---------  --------  ----------  --------------  -------------------
/opt/airflow/dags/retailco_dag.py                           1           0  0.37s           2026-05-31T19:52:42
================================================================================
[2026-05-31T19:53:36.412+0000] {manager.py:878} INFO - 
================================================================================
DAG File Processing Stats

File Path                          PID    Runtime      # DAGs    # Errors  Last Runtime    Last Run
---------------------------------  -----  ---------  --------  ----------  --------------  -------------------
/opt/airflow/dags/retailco_dag.py                           1           0  0.32s           2026-05-31T19:53:13
================================================================================
[2026-05-31T19:54:06.999+0000] {manager.py:878} INFO - 
================================================================================
DAG File Processing Stats

File Path                          PID    Runtime      # DAGs    # Errors  Last Runtime    Last Run
---------------------------------  -----  ---------  --------  ----------  --------------  -------------------
/opt/airflow/dags/retailco_dag.py                           1           0  0.36s           2026-05-31T19:53:43
================================================================================
[2026-05-31T19:54:37.728+0000] {manager.py:878} INFO - 
================================================================================
DAG File Processing Stats

File Path                          PID    Runtime      # DAGs    # Errors  Last Runtime    Last Run
---------------------------------  -----  ---------  --------  ----------  --------------  -------------------
/opt/airflow/dags/retailco_dag.py                           1           0  0.37s           2026-05-31T19:54:14
================================================================================
[2026-05-31T19:55:08.239+0000] {manager.py:878} INFO - 
================================================================================
DAG File Processing Stats

File Path                          PID    Runtime      # DAGs    # Errors  Last Runtime    Last Run
---------------------------------  -----  ---------  --------  ----------  --------------  -------------------
/opt/airflow/dags/retailco_dag.py                           1           0  0.38s           2026-05-31T19:54:45
================================================================================
[2026-05-31T19:55:26.614+0000] {manager.py:737} INFO - Searching for files in /opt/airflow/dags
[2026-05-31T19:55:26.861+0000] {manager.py:740} INFO - There are 1 files in /opt/airflow/dags
[2026-05-31T19:55:39.135+0000] {manager.py:878} INFO - 
================================================================================
DAG File Processing Stats

File Path                          PID    Runtime      # DAGs    # Errors  Last Runtime    Last Run
---------------------------------  -----  ---------  --------  ----------  --------------  -------------------
/opt/airflow/dags/retailco_dag.py                           1           0  0.30s           2026-05-31T19:55:15
================================================================================
[2026-05-31T19:56:09.679+0000] {manager.py:878} INFO - 
================================================================================
DAG File Processing Stats

File Path                          PID    Runtime      # DAGs    # Errors  Last Runtime    Last Run
---------------------------------  -----  ---------  --------  ----------  --------------  -------------------
/opt/airflow/dags/retailco_dag.py                           1           0  0.30s           2026-05-31T19:55:46
================================================================================
[2026-05-31T19:56:40.431+0000] {manager.py:878} INFO - 
================================================================================
DAG File Processing Stats

File Path                          PID    Runtime      # DAGs    # Errors  Last Runtime    Last Run
---------------------------------  -----  ---------  --------  ----------  --------------  -------------------
/opt/airflow/dags/retailco_dag.py                           1           0  0.33s           2026-05-31T19:56:17
================================================================================
[2026-05-31T19:57:11.001+0000] {manager.py:878} INFO - 
================================================================================
DAG File Processing Stats

File Path                          PID    Runtime      # DAGs    # Errors  Last Runtime    Last Run
---------------------------------  -----  ---------  --------  ----------  --------------  -------------------
/opt/airflow/dags/retailco_dag.py                           1           0  0.32s           2026-05-31T19:56:47
================================================================================
[2026-05-31T19:57:41.768+0000] {manager.py:878} INFO - 
================================================================================
DAG File Processing Stats

File Path                          PID    Runtime      # DAGs    # Errors  Last Runtime    Last Run
---------------------------------  -----  ---------  --------  ----------  --------------  -------------------
/opt/airflow/dags/retailco_dag.py                           1           0  0.34s           2026-05-31T19:57:18
================================================================================
[2026-05-31T19:58:12.360+0000] {manager.py:878} INFO - 
================================================================================
DAG File Processing Stats

File Path                          PID    Runtime      # DAGs    # Errors  Last Runtime    Last Run
---------------------------------  -----  ---------  --------  ----------  --------------  -------------------
/opt/airflow/dags/retailco_dag.py                           1           0  0.30s           2026-05-31T19:57:49
================================================================================
[2026-05-31T19:58:42.901+0000] {manager.py:878} INFO - 
================================================================================
DAG File Processing Stats

File Path                          PID    Runtime      # DAGs    # Errors  Last Runtime    Last Run
---------------------------------  -----  ---------  --------  ----------  --------------  -------------------
/opt/airflow/dags/retailco_dag.py                           1           0  0.34s           2026-05-31T19:58:19
================================================================================
[2026-05-31T19:59:13.527+0000] {manager.py:878} INFO - 
================================================================================
DAG File Processing Stats

File Path                          PID    Runtime      # DAGs    # Errors  Last Runtime    Last Run
---------------------------------  -----  ---------  --------  ----------  --------------  -------------------
/opt/airflow/dags/retailco_dag.py                           1           0  0.30s           2026-05-31T19:58:50
================================================================================
[2026-05-31T19:59:44.236+0000] {manager.py:878} INFO - 
================================================================================
DAG File Processing Stats

File Path                          PID    Runtime      # DAGs    # Errors  Last Runtime    Last Run
---------------------------------  -----  ---------  --------  ----------  --------------  -------------------
/opt/airflow/dags/retailco_dag.py                           1           0  0.37s           2026-05-31T19:59:21
================================================================================
[2026-05-31T20:00:14.940+0000] {manager.py:878} INFO - 
================================================================================
DAG File Processing Stats

File Path                          PID    Runtime      # DAGs    # Errors  Last Runtime    Last Run
---------------------------------  -----  ---------  --------  ----------  --------------  -------------------
/opt/airflow/dags/retailco_dag.py                           1           0  0.45s           2026-05-31T19:59:51
================================================================================
[2026-05-31T20:00:27.335+0000] {manager.py:737} INFO - Searching for files in /opt/airflow/dags
[2026-05-31T20:00:27.432+0000] {manager.py:740} INFO - There are 1 files in /opt/airflow/dags
[2026-05-31T20:00:45.763+0000] {manager.py:878} INFO - 
================================================================================
DAG File Processing Stats

File Path                          PID    Runtime      # DAGs    # Errors  Last Runtime    Last Run
---------------------------------  -----  ---------  --------  ----------  --------------  -------------------
/opt/airflow/dags/retailco_dag.py                           1           0  0.35s           2026-05-31T20:00:22
================================================================================
[2026-05-31T20:01:16.383+0000] {manager.py:878} INFO - 
================================================================================
DAG File Processing Stats

File Path                          PID    Runtime      # DAGs    # Errors  Last Runtime    Last Run
---------------------------------  -----  ---------  --------  ----------  --------------  -------------------
/opt/airflow/dags/retailco_dag.py                           1           0  0.32s           2026-05-31T20:00:53
================================================================================
[2026-05-31T20:01:47.094+0000] {manager.py:878} INFO - 
================================================================================
DAG File Processing Stats

File Path                          PID    Runtime      # DAGs    # Errors  Last Runtime    Last Run
---------------------------------  -----  ---------  --------  ----------  --------------  -------------------
/opt/airflow/dags/retailco_dag.py                           1           0  0.32s           2026-05-31T20:01:23
================================================================================
[2026-05-31T20:02:17.644+0000] {manager.py:878} INFO - 
================================================================================
DAG File Processing Stats

File Path                          PID    Runtime      # DAGs    # Errors  Last Runtime    Last Run
---------------------------------  -----  ---------  --------  ----------  --------------  -------------------
/opt/airflow/dags/retailco_dag.py                           1           0  0.29s           2026-05-31T20:01:54
================================================================================
[2026-05-31T20:02:48.305+0000] {manager.py:878} INFO - 
================================================================================
DAG File Processing Stats

File Path                          PID    Runtime      # DAGs    # Errors  Last Runtime    Last Run
---------------------------------  -----  ---------  --------  ----------  --------------  -------------------
/opt/airflow/dags/retailco_dag.py                           1           0  0.37s           2026-05-31T20:02:25
================================================================================
[2026-05-31T20:03:18.862+0000] {manager.py:878} INFO - 
================================================================================
DAG File Processing Stats

File Path                          PID    Runtime      # DAGs    # Errors  Last Runtime    Last Run
---------------------------------  -----  ---------  --------  ----------  --------------  -------------------
/opt/airflow/dags/retailco_dag.py                           1           0  0.41s           2026-05-31T20:02:55
================================================================================
[2026-05-31T20:03:49.624+0000] {manager.py:878} INFO - 
================================================================================
DAG File Processing Stats

File Path                          PID    Runtime      # DAGs    # Errors  Last Runtime    Last Run
---------------------------------  -----  ---------  --------  ----------  --------------  -------------------
/opt/airflow/dags/retailco_dag.py                           1           0  0.40s           2026-05-31T20:03:26
================================================================================
[2026-05-31T20:04:20.063+0000] {manager.py:878} INFO - 
================================================================================
DAG File Processing Stats

File Path                          PID    Runtime      # DAGs    # Errors  Last Runtime    Last Run
---------------------------------  -----  ---------  --------  ----------  --------------  -------------------
/opt/airflow/dags/retailco_dag.py                           1           0  0.32s           2026-05-31T20:03:57
================================================================================
[2026-05-31T20:04:50.719+0000] {manager.py:878} INFO - 
================================================================================
DAG File Processing Stats

File Path                          PID    Runtime      # DAGs    # Errors  Last Runtime    Last Run
---------------------------------  -----  ---------  --------  ----------  --------------  -------------------
/opt/airflow/dags/retailco_dag.py                           1           0  0.44s           2026-05-31T20:04:27
================================================================================
[2026-05-31T20:05:21.295+0000] {manager.py:878} INFO - 
================================================================================
DAG File Processing Stats

File Path                          PID    Runtime      # DAGs    # Errors  Last Runtime    Last Run
---------------------------------  -----  ---------  --------  ----------  --------------  -------------------
/opt/airflow/dags/retailco_dag.py                           1           0  0.36s           2026-05-31T20:04:58
================================================================================
[2026-05-31T20:05:27.375+0000] {manager.py:737} INFO - Searching for files in /opt/airflow/dags
[2026-05-31T20:05:27.467+0000] {manager.py:740} INFO - There are 1 files in /opt/airflow/dags
[2026-05-31T20:05:51.903+0000] {manager.py:878} INFO - 
================================================================================
DAG File Processing Stats

File Path                          PID    Runtime      # DAGs    # Errors  Last Runtime    Last Run
---------------------------------  -----  ---------  --------  ----------  --------------  -------------------
/opt/airflow/dags/retailco_dag.py                           1           0  0.37s           2026-05-31T20:05:28
================================================================================
[2026-05-31T20:06:22.617+0000] {manager.py:878} INFO - 
================================================================================
DAG File Processing Stats

File Path                          PID    Runtime      # DAGs    # Errors  Last Runtime    Last Run
---------------------------------  -----  ---------  --------  ----------  --------------  -------------------
/opt/airflow/dags/retailco_dag.py                           1           0  0.32s           2026-05-31T20:05:59
================================================================================
[2026-05-31T20:06:52.650+0000] {manager.py:878} INFO - 
================================================================================
DAG File Processing Stats

File Path                          PID    Runtime      # DAGs    # Errors  Last Runtime    Last Run
---------------------------------  -----  ---------  --------  ----------  --------------  -------------------
/opt/airflow/dags/retailco_dag.py                           1           0  0.38s           2026-05-31T20:06:30
================================================================================
[2026-05-31T20:07:23.222+0000] {manager.py:878} INFO - 
================================================================================
DAG File Processing Stats

File Path                          PID    Runtime      # DAGs    # Errors  Last Runtime    Last Run
---------------------------------  -----  ---------  --------  ----------  --------------  -------------------
/opt/airflow/dags/retailco_dag.py                           1           0  0.43s           2026-05-31T20:07:00
================================================================================
[2026-05-31T20:07:53.641+0000] {manager.py:878} INFO - 
================================================================================
DAG File Processing Stats

File Path                          PID    Runtime      # DAGs    # Errors  Last Runtime    Last Run
---------------------------------  -----  ---------  --------  ----------  --------------  -------------------
/opt/airflow/dags/retailco_dag.py                           1           0  0.37s           2026-05-31T20:07:31
================================================================================
[2026-05-31T20:08:24.047+0000] {manager.py:878} INFO - 
================================================================================
DAG File Processing Stats

File Path                          PID    Runtime      # DAGs    # Errors  Last Runtime    Last Run
---------------------------------  -----  ---------  --------  ----------  --------------  -------------------
/opt/airflow/dags/retailco_dag.py                           1           0  0.32s           2026-05-31T20:08:02
================================================================================
[2026-05-31T20:08:54.767+0000] {manager.py:878} INFO - 
================================================================================
DAG File Processing Stats

File Path                          PID    Runtime      # DAGs    # Errors  Last Runtime    Last Run
---------------------------------  -----  ---------  --------  ----------  --------------  -------------------
/opt/airflow/dags/retailco_dag.py                           1           0  0.44s           2026-05-31T20:08:32
================================================================================
[2026-05-31T20:09:24.784+0000] {manager.py:878} INFO - 
================================================================================
DAG File Processing Stats

File Path                          PID    Runtime      # DAGs    # Errors  Last Runtime    Last Run
---------------------------------  -----  ---------  --------  ----------  --------------  -------------------
/opt/airflow/dags/retailco_dag.py                           1           0  0.45s           2026-05-31T20:09:03
================================================================================
[2026-05-31T20:09:54.853+0000] {manager.py:878} INFO - 
================================================================================
DAG File Processing Stats

File Path                          PID    Runtime      # DAGs    # Errors  Last Runtime    Last Run
---------------------------------  -----  ---------  --------  ----------  --------------  -------------------
/opt/airflow/dags/retailco_dag.py                           1           0  0.34s           2026-05-31T20:09:33
================================================================================
[2026-05-31T20:10:25.531+0000] {manager.py:878} INFO - 
================================================================================
DAG File Processing Stats

File Path                          PID    Runtime      # DAGs    # Errors  Last Runtime    Last Run
---------------------------------  -----  ---------  --------  ----------  --------------  -------------------
/opt/airflow/dags/retailco_dag.py                           1           0  0.32s           2026-05-31T20:10:04
================================================================================
[2026-05-31T20:10:27.561+0000] {manager.py:737} INFO - Searching for files in /opt/airflow/dags
[2026-05-31T20:10:27.663+0000] {manager.py:740} INFO - There are 1 files in /opt/airflow/dags
[2026-05-31T20:10:56.287+0000] {manager.py:878} INFO - 
================================================================================
DAG File Processing Stats

File Path                          PID    Runtime      # DAGs    # Errors  Last Runtime    Last Run
---------------------------------  -----  ---------  --------  ----------  --------------  -------------------
/opt/airflow/dags/retailco_dag.py                           1           0  0.31s           2026-05-31T20:10:35
================================================================================
[2026-05-31T20:11:26.370+0000] {manager.py:878} INFO - 
================================================================================
DAG File Processing Stats

File Path                          PID    Runtime      # DAGs    # Errors  Last Runtime    Last Run
---------------------------------  -----  ---------  --------  ----------  --------------  -------------------
/opt/airflow/dags/retailco_dag.py                           1           0  0.57s           2026-05-31T20:11:06
================================================================================
[2026-05-31T20:11:56.786+0000] {manager.py:878} INFO - 
================================================================================
DAG File Processing Stats

File Path                          PID    Runtime      # DAGs    # Errors  Last Runtime    Last Run
---------------------------------  -----  ---------  --------  ----------  --------------  -------------------
/opt/airflow/dags/retailco_dag.py                           1           0  0.42s           2026-05-31T20:11:36
================================================================================
[2026-05-31T20:12:26.915+0000] {manager.py:878} INFO - 
================================================================================
DAG File Processing Stats

File Path                          PID    Runtime      # DAGs    # Errors  Last Runtime    Last Run
---------------------------------  -----  ---------  --------  ----------  --------------  -------------------
/opt/airflow/dags/retailco_dag.py                           1           0  0.32s           2026-05-31T20:12:07
================================================================================
[2026-05-31T20:12:57.312+0000] {manager.py:878} INFO - 
================================================================================
DAG File Processing Stats

File Path                          PID    Runtime      # DAGs    # Errors  Last Runtime    Last Run
---------------------------------  -----  ---------  --------  ----------  --------------  -------------------
/opt/airflow/dags/retailco_dag.py                           1           0  0.34s           2026-05-31T20:12:38
================================================================================
[2026-05-31T20:13:27.940+0000] {manager.py:878} INFO - 
================================================================================
DAG File Processing Stats

File Path                          PID    Runtime      # DAGs    # Errors  Last Runtime    Last Run
---------------------------------  -----  ---------  --------  ----------  --------------  -------------------
/opt/airflow/dags/retailco_dag.py                           1           0  0.39s           2026-05-31T20:13:08
================================================================================
[2026-05-31T20:13:58.647+0000] {manager.py:878} INFO - 
================================================================================
DAG File Processing Stats

File Path                          PID    Runtime      # DAGs    # Errors  Last Runtime    Last Run
---------------------------------  -----  ---------  --------  ----------  --------------  -------------------
/opt/airflow/dags/retailco_dag.py                           1           0  0.35s           2026-05-31T20:13:39
================================================================================
[2026-05-31T20:14:29.141+0000] {manager.py:878} INFO - 
================================================================================
DAG File Processing Stats

File Path                          PID    Runtime      # DAGs    # Errors  Last Runtime    Last Run
---------------------------------  -----  ---------  --------  ----------  --------------  -------------------
/opt/airflow/dags/retailco_dag.py                           1           0  0.57s           2026-05-31T20:14:10
================================================================================
[2026-05-31T20:14:59.360+0000] {manager.py:878} INFO - 
================================================================================
DAG File Processing Stats

File Path                          PID    Runtime      # DAGs    # Errors  Last Runtime    Last Run
---------------------------------  -----  ---------  --------  ----------  --------------  -------------------
/opt/airflow/dags/retailco_dag.py                           1           0  0.44s           2026-05-31T20:14:41
================================================================================
[2026-05-31T20:15:27.707+0000] {manager.py:737} INFO - Searching for files in /opt/airflow/dags
[2026-05-31T20:15:27.808+0000] {manager.py:740} INFO - There are 1 files in /opt/airflow/dags
[2026-05-31T20:15:29.880+0000] {manager.py:878} INFO - 
================================================================================
DAG File Processing Stats

File Path                          PID    Runtime      # DAGs    # Errors  Last Runtime    Last Run
---------------------------------  -----  ---------  --------  ----------  --------------  -------------------
/opt/airflow/dags/retailco_dag.py                           1           0  0.33s           2026-05-31T20:15:11
================================================================================
[2026-05-31T20:16:00.439+0000] {manager.py:878} INFO - 
================================================================================
DAG File Processing Stats

File Path                          PID    Runtime      # DAGs    # Errors  Last Runtime    Last Run
---------------------------------  -----  ---------  --------  ----------  --------------  -------------------
/opt/airflow/dags/retailco_dag.py                           1           0  0.37s           2026-05-31T20:15:42
================================================================================
[2026-05-31T20:16:30.674+0000] {manager.py:878} INFO - 
================================================================================
DAG File Processing Stats

File Path                          PID    Runtime      # DAGs    # Errors  Last Runtime    Last Run
---------------------------------  -----  ---------  --------  ----------  --------------  -------------------
/opt/airflow/dags/retailco_dag.py                           1           0  0.61s           2026-05-31T20:16:13
================================================================================
[2026-05-31T20:17:01.212+0000] {manager.py:878} INFO - 
================================================================================
DAG File Processing Stats

File Path                          PID    Runtime      # DAGs    # Errors  Last Runtime    Last Run
---------------------------------  -----  ---------  --------  ----------  --------------  -------------------
/opt/airflow/dags/retailco_dag.py                           1           0  0.39s           2026-05-31T20:16:44
================================================================================
[2026-05-31T20:17:31.975+0000] {manager.py:878} INFO - 
================================================================================
DAG File Processing Stats

File Path                          PID    Runtime      # DAGs    # Errors  Last Runtime    Last Run
---------------------------------  -----  ---------  --------  ----------  --------------  -------------------
/opt/airflow/dags/retailco_dag.py                           1           0  0.35s           2026-05-31T20:17:14
================================================================================
[2026-05-31T20:18:02.518+0000] {manager.py:878} INFO - 
================================================================================
DAG File Processing Stats

File Path                          PID    Runtime      # DAGs    # Errors  Last Runtime    Last Run
---------------------------------  -----  ---------  --------  ----------  --------------  -------------------
/opt/airflow/dags/retailco_dag.py                           1           0  0.33s           2026-05-31T20:17:45
================================================================================
[2026-05-31T20:18:33.210+0000] {manager.py:878} INFO - 
================================================================================
DAG File Processing Stats

File Path                          PID    Runtime      # DAGs    # Errors  Last Runtime    Last Run
---------------------------------  -----  ---------  --------  ----------  --------------  -------------------
/opt/airflow/dags/retailco_dag.py                           1           0  0.32s           2026-05-31T20:18:16
================================================================================
[2026-05-31T20:19:03.731+0000] {manager.py:878} INFO - 
================================================================================
DAG File Processing Stats

File Path                          PID    Runtime      # DAGs    # Errors  Last Runtime    Last Run
---------------------------------  -----  ---------  --------  ----------  --------------  -------------------
/opt/airflow/dags/retailco_dag.py                           1           0  0.32s           2026-05-31T20:18:46
================================================================================
[2026-05-31T20:19:34.418+0000] {manager.py:878} INFO - 
================================================================================
DAG File Processing Stats

File Path                          PID    Runtime      # DAGs    # Errors  Last Runtime    Last Run
---------------------------------  -----  ---------  --------  ----------  --------------  -------------------
/opt/airflow/dags/retailco_dag.py                           1           0  0.30s           2026-05-31T20:19:17
================================================================================
[2026-05-31T20:20:04.946+0000] {manager.py:878} INFO - 
================================================================================
DAG File Processing Stats

File Path                          PID    Runtime      # DAGs    # Errors  Last Runtime    Last Run
---------------------------------  -----  ---------  --------  ----------  --------------  -------------------
/opt/airflow/dags/retailco_dag.py                           1           0  0.32s           2026-05-31T20:19:48
================================================================================
[2026-05-31T20:20:28.607+0000] {manager.py:737} INFO - Searching for files in /opt/airflow/dags
[2026-05-31T20:20:28.802+0000] {manager.py:740} INFO - There are 1 files in /opt/airflow/dags
[2026-05-31T20:20:34.960+0000] {manager.py:878} INFO - 
================================================================================
DAG File Processing Stats

File Path                          PID    Runtime      # DAGs    # Errors  Last Runtime    Last Run
---------------------------------  -----  ---------  --------  ----------  --------------  -------------------
/opt/airflow/dags/retailco_dag.py                           1           0  0.43s           2026-05-31T20:20:18
================================================================================
[2026-05-31T20:21:05.441+0000] {manager.py:878} INFO - 
================================================================================
DAG File Processing Stats

File Path                          PID    Runtime      # DAGs    # Errors  Last Runtime    Last Run
---------------------------------  -----  ---------  --------  ----------  --------------  -------------------
/opt/airflow/dags/retailco_dag.py                           1           0  0.39s           2026-05-31T20:20:49
================================================================================
[2026-05-31T20:21:35.885+0000] {manager.py:878} INFO - 
================================================================================
DAG File Processing Stats

File Path                          PID    Runtime      # DAGs    # Errors  Last Runtime    Last Run
---------------------------------  -----  ---------  --------  ----------  --------------  -------------------
/opt/airflow/dags/retailco_dag.py                           1           0  0.31s           2026-05-31T20:21:19
================================================================================
[2026-05-31T20:22:06.848+0000] {manager.py:878} INFO - 
================================================================================
DAG File Processing Stats

File Path                          PID    Runtime      # DAGs    # Errors  Last Runtime    Last Run
---------------------------------  -----  ---------  --------  ----------  --------------  -------------------
/opt/airflow/dags/retailco_dag.py                           1           0  0.41s           2026-05-31T20:21:50
================================================================================
[2026-05-31T20:22:37.302+0000] {manager.py:878} INFO - 
================================================================================
DAG File Processing Stats

File Path                          PID    Runtime      # DAGs    # Errors  Last Runtime    Last Run
---------------------------------  -----  ---------  --------  ----------  --------------  -------------------
/opt/airflow/dags/retailco_dag.py                           1           0  0.32s           2026-05-31T20:22:21
================================================================================
[2026-05-31T20:23:08.006+0000] {manager.py:878} INFO - 
================================================================================
DAG File Processing Stats

File Path                          PID    Runtime      # DAGs    # Errors  Last Runtime    Last Run
---------------------------------  -----  ---------  --------  ----------  --------------  -------------------
/opt/airflow/dags/retailco_dag.py                           1           0  0.31s           2026-05-31T20:22:51
================================================================================
[2026-05-31T20:23:38.464+0000] {manager.py:878} INFO - 
================================================================================
DAG File Processing Stats

File Path                          PID    Runtime      # DAGs    # Errors  Last Runtime    Last Run
---------------------------------  -----  ---------  --------  ----------  --------------  -------------------
/opt/airflow/dags/retailco_dag.py                           1           0  0.38s           2026-05-31T20:23:22
================================================================================
[2026-05-31T20:24:09.192+0000] {manager.py:878} INFO - 
================================================================================
DAG File Processing Stats

File Path                          PID    Runtime      # DAGs    # Errors  Last Runtime    Last Run
---------------------------------  -----  ---------  --------  ----------  --------------  -------------------
/opt/airflow/dags/retailco_dag.py                           1           0  0.33s           2026-05-31T20:23:53
================================================================================
[2026-05-31T20:24:39.682+0000] {manager.py:878} INFO - 
================================================================================
DAG File Processing Stats

File Path                          PID    Runtime      # DAGs    # Errors  Last Runtime    Last Run
---------------------------------  -----  ---------  --------  ----------  --------------  -------------------
/opt/airflow/dags/retailco_dag.py                           1           0  0.32s           2026-05-31T20:24:23
================================================================================
[2026-05-31T20:25:10.080+0000] {manager.py:878} INFO - 
================================================================================
DAG File Processing Stats

File Path                          PID    Runtime      # DAGs    # Errors  Last Runtime    Last Run
---------------------------------  -----  ---------  --------  ----------  --------------  -------------------
/opt/airflow/dags/retailco_dag.py                           1           0  0.30s           2026-05-31T20:24:54
================================================================================
[2026-05-31T20:25:28.666+0000] {manager.py:737} INFO - Searching for files in /opt/airflow/dags
[2026-05-31T20:25:28.781+0000] {manager.py:740} INFO - There are 1 files in /opt/airflow/dags
[2026-05-31T20:25:41.015+0000] {manager.py:878} INFO - 
================================================================================
DAG File Processing Stats

File Path                          PID    Runtime      # DAGs    # Errors  Last Runtime    Last Run
---------------------------------  -----  ---------  --------  ----------  --------------  -------------------
/opt/airflow/dags/retailco_dag.py                           1           0  0.38s           2026-05-31T20:25:24
================================================================================
[2026-05-31T20:26:11.629+0000] {manager.py:878} INFO - 
================================================================================
DAG File Processing Stats

File Path                          PID    Runtime      # DAGs    # Errors  Last Runtime    Last Run
---------------------------------  -----  ---------  --------  ----------  --------------  -------------------
/opt/airflow/dags/retailco_dag.py                           1           0  0.35s           2026-05-31T20:25:55
================================================================================
[2026-05-31T20:26:42.272+0000] {manager.py:878} INFO - 
================================================================================
DAG File Processing Stats

File Path                          PID    Runtime      # DAGs    # Errors  Last Runtime    Last Run
---------------------------------  -----  ---------  --------  ----------  --------------  -------------------
/opt/airflow/dags/retailco_dag.py                           1           0  0.31s           2026-05-31T20:26:26
================================================================================
[2026-05-31T20:27:12.802+0000] {manager.py:878} INFO - 
================================================================================
DAG File Processing Stats

File Path                          PID    Runtime      # DAGs    # Errors  Last Runtime    Last Run
---------------------------------  -----  ---------  --------  ----------  --------------  -------------------
/opt/airflow/dags/retailco_dag.py                           1           0  0.30s           2026-05-31T20:26:56
================================================================================
[2026-05-31T20:27:43.515+0000] {manager.py:878} INFO - 
================================================================================
DAG File Processing Stats

File Path                          PID    Runtime      # DAGs    # Errors  Last Runtime    Last Run
---------------------------------  -----  ---------  --------  ----------  --------------  -------------------
/opt/airflow/dags/retailco_dag.py                           1           0  0.32s           2026-05-31T20:27:27
================================================================================
[2026-05-31T20:28:14.049+0000] {manager.py:878} INFO - 
================================================================================
DAG File Processing Stats

File Path                          PID    Runtime      # DAGs    # Errors  Last Runtime    Last Run
---------------------------------  -----  ---------  --------  ----------  --------------  -------------------
/opt/airflow/dags/retailco_dag.py                           1           0  0.35s           2026-05-31T20:27:58
================================================================================
[2026-05-31T20:28:44.820+0000] {manager.py:878} INFO - 
================================================================================
DAG File Processing Stats

File Path                          PID    Runtime      # DAGs    # Errors  Last Runtime    Last Run
---------------------------------  -----  ---------  --------  ----------  --------------  -------------------
/opt/airflow/dags/retailco_dag.py                           1           0  0.47s           2026-05-31T20:28:28
================================================================================
[2026-05-31T20:29:15.452+0000] {manager.py:878} INFO - 
================================================================================
DAG File Processing Stats

File Path                          PID    Runtime      # DAGs    # Errors  Last Runtime    Last Run
---------------------------------  -----  ---------  --------  ----------  --------------  -------------------
/opt/airflow/dags/retailco_dag.py                           1           0  0.35s           2026-05-31T20:28:59
================================================================================
[2026-05-31T20:29:46.055+0000] {manager.py:878} INFO - 
================================================================================
DAG File Processing Stats

File Path                          PID    Runtime      # DAGs    # Errors  Last Runtime    Last Run
---------------------------------  -----  ---------  --------  ----------  --------------  -------------------
/opt/airflow/dags/retailco_dag.py                           1           0  0.31s           2026-05-31T20:29:30
================================================================================
[2026-05-31T20:30:16.732+0000] {manager.py:878} INFO - 
================================================================================
DAG File Processing Stats

File Path                          PID    Runtime      # DAGs    # Errors  Last Runtime    Last Run
---------------------------------  -----  ---------  --------  ----------  --------------  -------------------
/opt/airflow/dags/retailco_dag.py                           1           0  0.30s           2026-05-31T20:30:00
================================================================================
[2026-05-31T20:30:28.873+0000] {manager.py:737} INFO - Searching for files in /opt/airflow/dags
[2026-05-31T20:30:28.957+0000] {manager.py:740} INFO - There are 1 files in /opt/airflow/dags
[2026-05-31T20:30:47.243+0000] {manager.py:878} INFO - 
================================================================================
DAG File Processing Stats

File Path                          PID    Runtime      # DAGs    # Errors  Last Runtime    Last Run
---------------------------------  -----  ---------  --------  ----------  --------------  -------------------
/opt/airflow/dags/retailco_dag.py                           1           0  0.31s           2026-05-31T20:30:31
================================================================================
[2026-05-31T20:31:17.891+0000] {manager.py:878} INFO - 
================================================================================
DAG File Processing Stats

File Path                          PID    Runtime      # DAGs    # Errors  Last Runtime    Last Run
---------------------------------  -----  ---------  --------  ----------  --------------  -------------------
/opt/airflow/dags/retailco_dag.py                           1           0  0.31s           2026-05-31T20:31:01
================================================================================
[2026-05-31T20:31:48.379+0000] {manager.py:878} INFO - 
================================================================================
DAG File Processing Stats

File Path                          PID    Runtime      # DAGs    # Errors  Last Runtime    Last Run
---------------------------------  -----  ---------  --------  ----------  --------------  -------------------
/opt/airflow/dags/retailco_dag.py                           1           0  0.31s           2026-05-31T20:31:32
================================================================================
[2026-05-31T20:32:19.034+0000] {manager.py:878} INFO - 
================================================================================
DAG File Processing Stats

File Path                          PID    Runtime      # DAGs    # Errors  Last Runtime    Last Run
---------------------------------  -----  ---------  --------  ----------  --------------  -------------------
/opt/airflow/dags/retailco_dag.py                           1           0  0.28s           2026-05-31T20:32:02
================================================================================
[2026-05-31T20:32:49.539+0000] {manager.py:878} INFO - 
================================================================================
DAG File Processing Stats

File Path                          PID    Runtime      # DAGs    # Errors  Last Runtime    Last Run
---------------------------------  -----  ---------  --------  ----------  --------------  -------------------
/opt/airflow/dags/retailco_dag.py                           1           0  0.38s           2026-05-31T20:32:33
================================================================================
[2026-05-31T20:33:20.237+0000] {manager.py:878} INFO - 
================================================================================
DAG File Processing Stats

File Path                          PID    Runtime      # DAGs    # Errors  Last Runtime    Last Run
---------------------------------  -----  ---------  --------  ----------  --------------  -------------------
/opt/airflow/dags/retailco_dag.py                           1           0  0.35s           2026-05-31T20:33:04
================================================================================
[2026-05-31T20:33:50.772+0000] {manager.py:878} INFO - 
================================================================================
DAG File Processing Stats

File Path                          PID    Runtime      # DAGs    # Errors  Last Runtime    Last Run
---------------------------------  -----  ---------  --------  ----------  --------------  -------------------
/opt/airflow/dags/retailco_dag.py                           1           0  0.30s           2026-05-31T20:33:34
================================================================================
[2026-05-31T20:34:21.396+0000] {manager.py:878} INFO - 
================================================================================
DAG File Processing Stats

File Path                          PID    Runtime      # DAGs    # Errors  Last Runtime    Last Run
---------------------------------  -----  ---------  --------  ----------  --------------  -------------------
/opt/airflow/dags/retailco_dag.py                           1           0  0.29s           2026-05-31T20:34:05
================================================================================
[2026-05-31T20:34:51.885+0000] {manager.py:878} INFO - 
================================================================================
DAG File Processing Stats

File Path                          PID    Runtime      # DAGs    # Errors  Last Runtime    Last Run
---------------------------------  -----  ---------  --------  ----------  --------------  -------------------
/opt/airflow/dags/retailco_dag.py                           1           0  0.41s           2026-05-31T20:34:36
================================================================================
[2026-05-31T20:35:22.044+0000] {manager.py:878} INFO - 
================================================================================
DAG File Processing Stats

File Path                          PID    Runtime      # DAGs    # Errors  Last Runtime    Last Run
---------------------------------  -----  ---------  --------  ----------  --------------  -------------------
/opt/airflow/dags/retailco_dag.py                           1           0  0.32s           2026-05-31T20:35:06
================================================================================
[2026-05-31T20:35:29.146+0000] {manager.py:737} INFO - Searching for files in /opt/airflow/dags
[2026-05-31T20:35:29.236+0000] {manager.py:740} INFO - There are 1 files in /opt/airflow/dags
[2026-05-31T20:35:52.200+0000] {manager.py:878} INFO - 
================================================================================
DAG File Processing Stats

File Path                          PID    Runtime      # DAGs    # Errors  Last Runtime    Last Run
---------------------------------  -----  ---------  --------  ----------  --------------  -------------------
/opt/airflow/dags/retailco_dag.py                           1           0  0.32s           2026-05-31T20:35:37
================================================================================
[2026-05-31T20:36:22.679+0000] {manager.py:878} INFO - 
================================================================================
DAG File Processing Stats

File Path                          PID    Runtime      # DAGs    # Errors  Last Runtime    Last Run
---------------------------------  -----  ---------  --------  ----------  --------------  -------------------
/opt/airflow/dags/retailco_dag.py                           1           0  0.31s           2026-05-31T20:36:07
================================================================================
[2026-05-31T20:36:53.449+0000] {manager.py:878} INFO - 
================================================================================
DAG File Processing Stats

File Path                          PID    Runtime      # DAGs    # Errors  Last Runtime    Last Run
---------------------------------  -----  ---------  --------  ----------  --------------  -------------------
/opt/airflow/dags/retailco_dag.py                           1           0  0.27s           2026-05-31T20:36:38
================================================================================
[2026-05-31T20:37:24.009+0000] {manager.py:878} INFO - 
================================================================================
DAG File Processing Stats

File Path                          PID    Runtime      # DAGs    # Errors  Last Runtime    Last Run
---------------------------------  -----  ---------  --------  ----------  --------------  -------------------
/opt/airflow/dags/retailco_dag.py                           1           0  0.32s           2026-05-31T20:37:09
================================================================================
[2026-05-31T20:37:54.764+0000] {manager.py:878} INFO - 
================================================================================
DAG File Processing Stats

File Path                          PID    Runtime      # DAGs    # Errors  Last Runtime    Last Run
---------------------------------  -----  ---------  --------  ----------  --------------  -------------------
/opt/airflow/dags/retailco_dag.py                           1           0  0.31s           2026-05-31T20:37:39
================================================================================
[2026-05-31T20:38:25.293+0000] {manager.py:878} INFO - 
================================================================================
DAG File Processing Stats

File Path                          PID    Runtime      # DAGs    # Errors  Last Runtime    Last Run
---------------------------------  -----  ---------  --------  ----------  --------------  -------------------
/opt/airflow/dags/retailco_dag.py                           1           0  0.32s           2026-05-31T20:38:10
================================================================================
[2026-05-31T20:38:56.015+0000] {manager.py:878} INFO - 
================================================================================
DAG File Processing Stats

File Path                          PID    Runtime      # DAGs    # Errors  Last Runtime    Last Run
---------------------------------  -----  ---------  --------  ----------  --------------  -------------------
/opt/airflow/dags/retailco_dag.py                           1           0  0.28s           2026-05-31T20:38:40
================================================================================
[2026-05-31T20:39:26.508+0000] {manager.py:878} INFO - 
================================================================================
DAG File Processing Stats

File Path                          PID    Runtime      # DAGs    # Errors  Last Runtime    Last Run
---------------------------------  -----  ---------  --------  ----------  --------------  -------------------
/opt/airflow/dags/retailco_dag.py                           1           0  0.28s           2026-05-31T20:39:11
================================================================================
[2026-05-31T20:39:57.328+0000] {manager.py:878} INFO - 
================================================================================
DAG File Processing Stats

File Path                          PID    Runtime      # DAGs    # Errors  Last Runtime    Last Run
---------------------------------  -----  ---------  --------  ----------  --------------  -------------------
/opt/airflow/dags/retailco_dag.py                           1           0  0.34s           2026-05-31T20:39:42
================================================================================
[2026-05-31T20:40:27.970+0000] {manager.py:878} INFO - 
================================================================================
DAG File Processing Stats

File Path                          PID    Runtime      # DAGs    # Errors  Last Runtime    Last Run
---------------------------------  -----  ---------  --------  ----------  --------------  -------------------
/opt/airflow/dags/retailco_dag.py                           1           0  0.33s           2026-05-31T20:40:12
================================================================================
[2026-05-31T20:40:29.197+0000] {manager.py:737} INFO - Searching for files in /opt/airflow/dags
[2026-05-31T20:40:29.314+0000] {manager.py:740} INFO - There are 1 files in /opt/airflow/dags
[2026-05-31T20:40:58.857+0000] {manager.py:878} INFO - 
================================================================================
DAG File Processing Stats

File Path                          PID    Runtime      # DAGs    # Errors  Last Runtime    Last Run
---------------------------------  -----  ---------  --------  ----------  --------------  -------------------
/opt/airflow/dags/retailco_dag.py                           1           0  0.33s           2026-05-31T20:40:43
================================================================================
[2026-05-31T20:41:29.433+0000] {manager.py:878} INFO - 
================================================================================
DAG File Processing Stats

File Path                          PID    Runtime      # DAGs    # Errors  Last Runtime    Last Run
---------------------------------  -----  ---------  --------  ----------  --------------  -------------------
/opt/airflow/dags/retailco_dag.py                           1           0  0.36s           2026-05-31T20:41:14
================================================================================
[2026-05-31T20:42:00.250+0000] {manager.py:878} INFO - 
================================================================================
DAG File Processing Stats

File Path                          PID    Runtime      # DAGs    # Errors  Last Runtime    Last Run
---------------------------------  -----  ---------  --------  ----------  --------------  -------------------
/opt/airflow/dags/retailco_dag.py                           1           0  0.39s           2026-05-31T20:41:45
================================================================================
[2026-05-31T20:42:30.906+0000] {manager.py:878} INFO - 
================================================================================
DAG File Processing Stats

File Path                          PID    Runtime      # DAGs    # Errors  Last Runtime    Last Run
---------------------------------  -----  ---------  --------  ----------  --------------  -------------------
/opt/airflow/dags/retailco_dag.py                           1           0  0.33s           2026-05-31T20:42:15
================================================================================
[2026-05-31T20:43:01.660+0000] {manager.py:878} INFO - 
================================================================================
DAG File Processing Stats

File Path                          PID    Runtime      # DAGs    # Errors  Last Runtime    Last Run
---------------------------------  -----  ---------  --------  ----------  --------------  -------------------
/opt/airflow/dags/retailco_dag.py                           1           0  0.37s           2026-05-31T20:42:46
================================================================================
[2026-05-31T20:43:32.329+0000] {manager.py:878} INFO - 
================================================================================
DAG File Processing Stats

File Path                          PID    Runtime      # DAGs    # Errors  Last Runtime    Last Run
---------------------------------  -----  ---------  --------  ----------  --------------  -------------------
/opt/airflow/dags/retailco_dag.py                           1           0  0.35s           2026-05-31T20:43:17
================================================================================
[2026-05-31T20:44:03.068+0000] {manager.py:878} INFO - 
================================================================================
DAG File Processing Stats

File Path                          PID    Runtime      # DAGs    # Errors  Last Runtime    Last Run
---------------------------------  -----  ---------  --------  ----------  --------------  -------------------
/opt/airflow/dags/retailco_dag.py                           1           0  0.32s           2026-05-31T20:43:47
================================================================================
[2026-05-31T20:44:33.682+0000] {manager.py:878} INFO - 
================================================================================
DAG File Processing Stats

File Path                          PID    Runtime      # DAGs    # Errors  Last Runtime    Last Run
---------------------------------  -----  ---------  --------  ----------  --------------  -------------------
/opt/airflow/dags/retailco_dag.py                           1           0  0.32s           2026-05-31T20:44:18
================================================================================
[2026-05-31T20:45:04.397+0000] {manager.py:878} INFO - 
================================================================================
DAG File Processing Stats

File Path                          PID    Runtime      # DAGs    # Errors  Last Runtime    Last Run
---------------------------------  -----  ---------  --------  ----------  --------------  -------------------
/opt/airflow/dags/retailco_dag.py                           1           0  0.33s           2026-05-31T20:44:49
================================================================================
[2026-05-31T20:45:29.936+0000] {manager.py:737} INFO - Searching for files in /opt/airflow/dags
[2026-05-31T20:45:30.096+0000] {manager.py:740} INFO - There are 1 files in /opt/airflow/dags
[2026-05-31T20:45:35.204+0000] {manager.py:878} INFO - 
================================================================================
DAG File Processing Stats

File Path                          PID    Runtime      # DAGs    # Errors  Last Runtime    Last Run
---------------------------------  -----  ---------  --------  ----------  --------------  -------------------
/opt/airflow/dags/retailco_dag.py                           1           0  0.34s           2026-05-31T20:45:20
================================================================================
[2026-05-31T20:46:05.832+0000] {manager.py:878} INFO - 
================================================================================
DAG File Processing Stats

File Path                          PID    Runtime      # DAGs    # Errors  Last Runtime    Last Run
---------------------------------  -----  ---------  --------  ----------  --------------  -------------------
/opt/airflow/dags/retailco_dag.py                           1           0  0.31s           2026-05-31T20:45:50
================================================================================
[2026-05-31T20:46:36.571+0000] {manager.py:878} INFO - 
================================================================================
DAG File Processing Stats

File Path                          PID    Runtime      # DAGs    # Errors  Last Runtime    Last Run
---------------------------------  -----  ---------  --------  ----------  --------------  -------------------
/opt/airflow/dags/retailco_dag.py                           1           0  0.33s           2026-05-31T20:46:21
================================================================================
[2026-05-31T20:47:07.173+0000] {manager.py:878} INFO - 
================================================================================
DAG File Processing Stats

File Path                          PID    Runtime      # DAGs    # Errors  Last Runtime    Last Run
---------------------------------  -----  ---------  --------  ----------  --------------  -------------------
/opt/airflow/dags/retailco_dag.py                           1           0  0.30s           2026-05-31T20:46:52
================================================================================
[2026-05-31T20:47:37.969+0000] {manager.py:878} INFO - 
================================================================================
DAG File Processing Stats

File Path                          PID    Runtime      # DAGs    # Errors  Last Runtime    Last Run
---------------------------------  -----  ---------  --------  ----------  --------------  -------------------
/opt/airflow/dags/retailco_dag.py                           1           0  0.33s           2026-05-31T20:47:22
================================================================================
[2026-05-31T20:48:08.579+0000] {manager.py:878} INFO - 
================================================================================
DAG File Processing Stats

File Path                          PID    Runtime      # DAGs    # Errors  Last Runtime    Last Run
---------------------------------  -----  ---------  --------  ----------  --------------  -------------------
/opt/airflow/dags/retailco_dag.py                           1           0  0.30s           2026-05-31T20:47:53
================================================================================
[2026-05-31T20:48:39.325+0000] {manager.py:878} INFO - 
================================================================================
DAG File Processing Stats

File Path                          PID    Runtime      # DAGs    # Errors  Last Runtime    Last Run
---------------------------------  -----  ---------  --------  ----------  --------------  -------------------
/opt/airflow/dags/retailco_dag.py                           1           0  0.32s           2026-05-31T20:48:24
================================================================================
[2026-05-31T20:49:09.363+0000] {manager.py:878} INFO - 
================================================================================
DAG File Processing Stats

File Path                          PID    Runtime      # DAGs    # Errors  Last Runtime    Last Run
---------------------------------  -----  ---------  --------  ----------  --------------  -------------------
/opt/airflow/dags/retailco_dag.py                           1           0  0.48s           2026-05-31T20:48:55
================================================================================
[2026-05-31T20:49:39.853+0000] {manager.py:878} INFO - 
================================================================================
DAG File Processing Stats

File Path                          PID    Runtime      # DAGs    # Errors  Last Runtime    Last Run
---------------------------------  -----  ---------  --------  ----------  --------------  -------------------
/opt/airflow/dags/retailco_dag.py                           1           0  0.38s           2026-05-31T20:49:25
================================================================================
[2026-05-31T20:50:10.449+0000] {manager.py:878} INFO - 
================================================================================
DAG File Processing Stats

File Path                          PID    Runtime      # DAGs    # Errors  Last Runtime    Last Run
---------------------------------  -----  ---------  --------  ----------  --------------  -------------------
/opt/airflow/dags/retailco_dag.py                           1           0  0.33s           2026-05-31T20:49:56
================================================================================
[2026-05-31T20:50:30.061+0000] {manager.py:737} INFO - Searching for files in /opt/airflow/dags
[2026-05-31T20:50:30.186+0000] {manager.py:740} INFO - There are 1 files in /opt/airflow/dags
[2026-05-31T20:50:41.421+0000] {manager.py:878} INFO - 
================================================================================
DAG File Processing Stats

File Path                          PID    Runtime      # DAGs    # Errors  Last Runtime    Last Run
---------------------------------  -----  ---------  --------  ----------  --------------  -------------------
/opt/airflow/dags/retailco_dag.py                           1           0  0.29s           2026-05-31T20:50:27
================================================================================
[2026-05-31T20:51:12.068+0000] {manager.py:878} INFO - 
================================================================================
DAG File Processing Stats

File Path                          PID    Runtime      # DAGs    # Errors  Last Runtime    Last Run
---------------------------------  -----  ---------  --------  ----------  --------------  -------------------
/opt/airflow/dags/retailco_dag.py                           1           0  0.29s           2026-05-31T20:50:58
================================================================================
[2026-05-31T20:51:42.810+0000] {manager.py:878} INFO - 
================================================================================
DAG File Processing Stats

File Path                          PID    Runtime      # DAGs    # Errors  Last Runtime    Last Run
---------------------------------  -----  ---------  --------  ----------  --------------  -------------------
/opt/airflow/dags/retailco_dag.py                           1           0  0.32s           2026-05-31T20:51:28
================================================================================
[2026-05-31T20:52:13.421+0000] {manager.py:878} INFO - 
================================================================================
DAG File Processing Stats

File Path                          PID    Runtime      # DAGs    # Errors  Last Runtime    Last Run
---------------------------------  -----  ---------  --------  ----------  --------------  -------------------
/opt/airflow/dags/retailco_dag.py                           1           0  0.31s           2026-05-31T20:51:59
================================================================================
[2026-05-31T20:52:44.055+0000] {manager.py:878} INFO - 
================================================================================
DAG File Processing Stats

File Path                          PID    Runtime      # DAGs    # Errors  Last Runtime    Last Run
---------------------------------  -----  ---------  --------  ----------  --------------  -------------------
/opt/airflow/dags/retailco_dag.py                           1           0  0.31s           2026-05-31T20:52:30
================================================================================
[2026-05-31T20:53:14.621+0000] {manager.py:878} INFO - 
================================================================================
DAG File Processing Stats

File Path                          PID    Runtime      # DAGs    # Errors  Last Runtime    Last Run
---------------------------------  -----  ---------  --------  ----------  --------------  -------------------
/opt/airflow/dags/retailco_dag.py                           1           0  0.31s           2026-05-31T20:53:00
================================================================================
[2026-05-31T20:53:45.181+0000] {manager.py:878} INFO - 
================================================================================
DAG File Processing Stats

File Path                          PID    Runtime      # DAGs    # Errors  Last Runtime    Last Run
---------------------------------  -----  ---------  --------  ----------  --------------  -------------------
/opt/airflow/dags/retailco_dag.py                           1           0  0.30s           2026-05-31T20:53:31
================================================================================
[2026-05-31T20:54:15.743+0000] {manager.py:878} INFO - 
================================================================================
DAG File Processing Stats

File Path                          PID    Runtime      # DAGs    # Errors  Last Runtime    Last Run
---------------------------------  -----  ---------  --------  ----------  --------------  -------------------
/opt/airflow/dags/retailco_dag.py                           1           0  0.31s           2026-05-31T20:54:01
================================================================================
[2026-05-31T20:54:46.485+0000] {manager.py:878} INFO - 
================================================================================
DAG File Processing Stats

File Path                          PID    Runtime      # DAGs    # Errors  Last Runtime    Last Run
---------------------------------  -----  ---------  --------  ----------  --------------  -------------------
/opt/airflow/dags/retailco_dag.py                           1           0  0.35s           2026-05-31T20:54:32
================================================================================
[2026-05-31T20:55:17.153+0000] {manager.py:878} INFO - 
================================================================================
DAG File Processing Stats

File Path                          PID    Runtime      # DAGs    # Errors  Last Runtime    Last Run
---------------------------------  -----  ---------  --------  ----------  --------------  -------------------
/opt/airflow/dags/retailco_dag.py                           1           0  0.29s           2026-05-31T20:55:03
================================================================================
[2026-05-31T20:55:30.408+0000] {manager.py:737} INFO - Searching for files in /opt/airflow/dags
[2026-05-31T20:55:30.589+0000] {manager.py:740} INFO - There are 1 files in /opt/airflow/dags
[2026-05-31T20:55:47.293+0000] {manager.py:878} INFO - 
================================================================================
DAG File Processing Stats

File Path                          PID    Runtime      # DAGs    # Errors  Last Runtime    Last Run
---------------------------------  -----  ---------  --------  ----------  --------------  -------------------
/opt/airflow/dags/retailco_dag.py                           1           0  0.31s           2026-05-31T20:55:34
================================================================================
[2026-05-31T20:56:17.432+0000] {manager.py:878} INFO - 
================================================================================
DAG File Processing Stats

File Path                          PID    Runtime      # DAGs    # Errors  Last Runtime    Last Run
---------------------------------  -----  ---------  --------  ----------  --------------  -------------------
/opt/airflow/dags/retailco_dag.py                           1           0  0.29s           2026-05-31T20:56:04
================================================================================
[2026-05-31T20:56:48.219+0000] {manager.py:878} INFO - 
================================================================================
DAG File Processing Stats

File Path                          PID    Runtime      # DAGs    # Errors  Last Runtime    Last Run
---------------------------------  -----  ---------  --------  ----------  --------------  -------------------
/opt/airflow/dags/retailco_dag.py                           1           0  0.40s           2026-05-31T20:56:35
================================================================================
[2026-05-31T20:57:18.523+0000] {manager.py:878} INFO - 
================================================================================
DAG File Processing Stats

File Path                          PID    Runtime      # DAGs    # Errors  Last Runtime    Last Run
---------------------------------  -----  ---------  --------  ----------  --------------  -------------------
/opt/airflow/dags/retailco_dag.py                           1           0  1.82s           2026-05-31T20:57:07
================================================================================
[2026-05-31T20:57:49.217+0000] {manager.py:878} INFO - 
================================================================================
DAG File Processing Stats

File Path                          PID    Runtime      # DAGs    # Errors  Last Runtime    Last Run
---------------------------------  -----  ---------  --------  ----------  --------------  -------------------
/opt/airflow/dags/retailco_dag.py                           1           0  0.35s           2026-05-31T20:57:38
================================================================================
[2026-05-31T20:58:19.818+0000] {manager.py:878} INFO - 
================================================================================
DAG File Processing Stats

File Path                          PID    Runtime      # DAGs    # Errors  Last Runtime    Last Run
---------------------------------  -----  ---------  --------  ----------  --------------  -------------------
/opt/airflow/dags/retailco_dag.py                           1           0  0.32s           2026-05-31T20:58:08
================================================================================
[2026-05-31T20:58:50.518+0000] {manager.py:878} INFO - 
================================================================================
DAG File Processing Stats

File Path                          PID    Runtime      # DAGs    # Errors  Last Runtime    Last Run
---------------------------------  -----  ---------  --------  ----------  --------------  -------------------
/opt/airflow/dags/retailco_dag.py                           1           0  0.36s           2026-05-31T20:58:39
================================================================================
[2026-05-31T20:59:20.926+0000] {manager.py:878} INFO - 
================================================================================
DAG File Processing Stats

File Path                          PID    Runtime      # DAGs    # Errors  Last Runtime    Last Run
---------------------------------  -----  ---------  --------  ----------  --------------  -------------------
/opt/airflow/dags/retailco_dag.py                           1           0  0.94s           2026-05-31T20:59:10
================================================================================
[2026-05-31T20:59:51.399+0000] {manager.py:878} INFO - 
================================================================================
DAG File Processing Stats

File Path                          PID    Runtime      # DAGs    # Errors  Last Runtime    Last Run
---------------------------------  -----  ---------  --------  ----------  --------------  -------------------
/opt/airflow/dags/retailco_dag.py                           1           0  1.22s           2026-05-31T20:59:42
================================================================================
[2026-05-31T21:00:21.558+0000] {manager.py:878} INFO - 
================================================================================
DAG File Processing Stats

File Path                          PID    Runtime      # DAGs    # Errors  Last Runtime    Last Run
---------------------------------  -----  ---------  --------  ----------  --------------  -------------------
/opt/airflow/dags/retailco_dag.py                           1           0  0.63s           2026-05-31T21:00:13
================================================================================
[2026-05-31T21:00:30.700+0000] {manager.py:737} INFO - Searching for files in /opt/airflow/dags
[2026-05-31T21:00:30.802+0000] {manager.py:740} INFO - There are 1 files in /opt/airflow/dags
[2026-05-31T21:00:51.604+0000] {manager.py:878} INFO - 
================================================================================
DAG File Processing Stats

File Path                          PID    Runtime      # DAGs    # Errors  Last Runtime    Last Run
---------------------------------  -----  ---------  --------  ----------  --------------  -------------------
/opt/airflow/dags/retailco_dag.py                           1           0  0.33s           2026-05-31T21:00:44
================================================================================
[2026-05-31T21:01:22.074+0000] {manager.py:878} INFO - 
================================================================================
DAG File Processing Stats

File Path                          PID    Runtime      # DAGs    # Errors  Last Runtime    Last Run
---------------------------------  -----  ---------  --------  ----------  --------------  -------------------
/opt/airflow/dags/retailco_dag.py                           1           0  0.52s           2026-05-31T21:01:15
================================================================================
[2026-05-31T21:01:52.289+0000] {manager.py:878} INFO - 
================================================================================
DAG File Processing Stats

File Path                          PID    Runtime      # DAGs    # Errors  Last Runtime    Last Run
---------------------------------  -----  ---------  --------  ----------  --------------  -------------------
/opt/airflow/dags/retailco_dag.py                           1           0  0.32s           2026-05-31T21:01:46
================================================================================
[2026-05-31T21:02:22.728+0000] {manager.py:878} INFO - 
================================================================================
DAG File Processing Stats

File Path                          PID    Runtime      # DAGs    # Errors  Last Runtime    Last Run
---------------------------------  -----  ---------  --------  ----------  --------------  -------------------
/opt/airflow/dags/retailco_dag.py                           1           0  0.39s           2026-05-31T21:02:16
================================================================================
[2026-05-31T21:02:53.369+0000] {manager.py:878} INFO - 
================================================================================
DAG File Processing Stats

File Path                          PID    Runtime      # DAGs    # Errors  Last Runtime    Last Run
---------------------------------  -----  ---------  --------  ----------  --------------  -------------------
/opt/airflow/dags/retailco_dag.py                           1           0  0.35s           2026-05-31T21:02:47
================================================================================
[2026-05-31T21:03:23.902+0000] {manager.py:878} INFO - 
================================================================================
DAG File Processing Stats

File Path                          PID    Runtime      # DAGs    # Errors  Last Runtime    Last Run
---------------------------------  -----  ---------  --------  ----------  --------------  -------------------
/opt/airflow/dags/retailco_dag.py                           1           0  0.33s           2026-05-31T21:03:18
================================================================================
[2026-05-31T21:03:54.516+0000] {manager.py:878} INFO - 
================================================================================
DAG File Processing Stats

File Path                          PID    Runtime      # DAGs    # Errors  Last Runtime    Last Run
---------------------------------  -----  ---------  --------  ----------  --------------  -------------------
/opt/airflow/dags/retailco_dag.py                           1           0  0.43s           2026-05-31T21:03:48
================================================================================
[2026-05-31T21:04:25.228+0000] {manager.py:878} INFO - 
================================================================================
DAG File Processing Stats

File Path                          PID    Runtime      # DAGs    # Errors  Last Runtime    Last Run
---------------------------------  -----  ---------  --------  ----------  --------------  -------------------
/opt/airflow/dags/retailco_dag.py                           1           0  0.38s           2026-05-31T21:04:19
================================================================================
[2026-05-31T21:04:55.701+0000] {manager.py:878} INFO - 
================================================================================
DAG File Processing Stats

File Path                          PID    Runtime      # DAGs    # Errors  Last Runtime    Last Run
---------------------------------  -----  ---------  --------  ----------  --------------  -------------------
/opt/airflow/dags/retailco_dag.py                           1           0  0.31s           2026-05-31T21:04:49
================================================================================
[2026-05-31T21:05:26.400+0000] {manager.py:878} INFO - 
================================================================================
DAG File Processing Stats

File Path                          PID    Runtime      # DAGs    # Errors  Last Runtime    Last Run
---------------------------------  -----  ---------  --------  ----------  --------------  -------------------
/opt/airflow/dags/retailco_dag.py                           1           0  0.34s           2026-05-31T21:05:20
================================================================================
[2026-05-31T21:05:31.480+0000] {manager.py:737} INFO - Searching for files in /opt/airflow/dags
[2026-05-31T21:05:31.642+0000] {manager.py:740} INFO - There are 1 files in /opt/airflow/dags
[2026-05-31T21:05:57.055+0000] {manager.py:878} INFO - 
================================================================================
DAG File Processing Stats

File Path                          PID    Runtime      # DAGs    # Errors  Last Runtime    Last Run
---------------------------------  -----  ---------  --------  ----------  --------------  -------------------
/opt/airflow/dags/retailco_dag.py                           1           0  0.31s           2026-05-31T21:05:51
================================================================================
[2026-05-31T21:06:27.712+0000] {manager.py:878} INFO - 
================================================================================
DAG File Processing Stats

File Path                          PID    Runtime      # DAGs    # Errors  Last Runtime    Last Run
---------------------------------  -----  ---------  --------  ----------  --------------  -------------------
/opt/airflow/dags/retailco_dag.py                           1           0  0.32s           2026-05-31T21:06:21
================================================================================
[2026-05-31T21:06:58.221+0000] {manager.py:878} INFO - 
================================================================================
DAG File Processing Stats

File Path                          PID    Runtime      # DAGs    # Errors  Last Runtime    Last Run
---------------------------------  -----  ---------  --------  ----------  --------------  -------------------
/opt/airflow/dags/retailco_dag.py                           1           0  0.33s           2026-05-31T21:06:52
================================================================================
[2026-05-31T21:07:28.989+0000] {manager.py:878} INFO - 
================================================================================
DAG File Processing Stats

File Path                          PID    Runtime      # DAGs    # Errors  Last Runtime    Last Run
---------------------------------  -----  ---------  --------  ----------  --------------  -------------------
/opt/airflow/dags/retailco_dag.py                           1           0  0.45s           2026-05-31T21:07:23
================================================================================
[2026-05-31T21:07:59.689+0000] {manager.py:878} INFO - 
================================================================================
DAG File Processing Stats

File Path                          PID    Runtime      # DAGs    # Errors  Last Runtime    Last Run
---------------------------------  -----  ---------  --------  ----------  --------------  -------------------
/opt/airflow/dags/retailco_dag.py                           1           0  0.35s           2026-05-31T21:07:53
================================================================================
[2026-05-31T21:08:30.392+0000] {manager.py:878} INFO - 
================================================================================
DAG File Processing Stats

File Path                          PID    Runtime      # DAGs    # Errors  Last Runtime    Last Run
---------------------------------  -----  ---------  --------  ----------  --------------  -------------------
/opt/airflow/dags/retailco_dag.py                           1           0  0.30s           2026-05-31T21:08:24
================================================================================
[2026-05-31T21:09:01.008+0000] {manager.py:878} INFO - 
================================================================================
DAG File Processing Stats

File Path                          PID    Runtime      # DAGs    # Errors  Last Runtime    Last Run
---------------------------------  -----  ---------  --------  ----------  --------------  -------------------
/opt/airflow/dags/retailco_dag.py                           1           0  0.31s           2026-05-31T21:08:55
================================================================================
[2026-05-31T21:09:31.597+0000] {manager.py:878} INFO - 
================================================================================
DAG File Processing Stats

File Path                          PID    Runtime      # DAGs    # Errors  Last Runtime    Last Run
---------------------------------  -----  ---------  --------  ----------  --------------  -------------------
/opt/airflow/dags/retailco_dag.py                           1           0  0.47s           2026-05-31T21:09:25
================================================================================
[2026-05-31T21:10:01.611+0000] {manager.py:878} INFO - 
================================================================================
DAG File Processing Stats

File Path                          PID    Runtime      # DAGs    # Errors  Last Runtime    Last Run
---------------------------------  -----  ---------  --------  ----------  --------------  -------------------
/opt/airflow/dags/retailco_dag.py                           1           0  0.52s           2026-05-31T21:09:56
================================================================================
[2026-05-31T21:10:32.067+0000] {manager.py:737} INFO - Searching for files in /opt/airflow/dags
[2026-05-31T21:10:32.161+0000] {manager.py:740} INFO - There are 1 files in /opt/airflow/dags
[2026-05-31T21:10:32.219+0000] {manager.py:878} INFO - 
================================================================================
DAG File Processing Stats

File Path                          PID    Runtime      # DAGs    # Errors  Last Runtime    Last Run
---------------------------------  -----  ---------  --------  ----------  --------------  -------------------
/opt/airflow/dags/retailco_dag.py                           1           0  0.52s           2026-05-31T21:10:27
================================================================================
[2026-05-31T21:11:02.920+0000] {manager.py:878} INFO - 
================================================================================
DAG File Processing Stats

File Path                          PID    Runtime      # DAGs    # Errors  Last Runtime    Last Run
---------------------------------  -----  ---------  --------  ----------  --------------  -------------------
/opt/airflow/dags/retailco_dag.py                           1           0  0.36s           2026-05-31T21:10:57
================================================================================
[2026-05-31T21:11:33.427+0000] {manager.py:878} INFO - 
================================================================================
DAG File Processing Stats

File Path                          PID    Runtime      # DAGs    # Errors  Last Runtime    Last Run
---------------------------------  -----  ---------  --------  ----------  --------------  -------------------
/opt/airflow/dags/retailco_dag.py                           1           0  0.31s           2026-05-31T21:11:28
================================================================================
[2026-05-31T21:12:03.499+0000] {manager.py:878} INFO - 
================================================================================
DAG File Processing Stats

File Path                          PID    Runtime      # DAGs    # Errors  Last Runtime    Last Run
---------------------------------  -----  ---------  --------  ----------  --------------  -------------------
/opt/airflow/dags/retailco_dag.py                           1           0  0.44s           2026-05-31T21:11:59
================================================================================
[2026-05-31T21:12:33.567+0000] {manager.py:878} INFO - 
================================================================================
DAG File Processing Stats

File Path                          PID    Runtime      # DAGs    # Errors  Last Runtime    Last Run
---------------------------------  -----  ---------  --------  ----------  --------------  -------------------
/opt/airflow/dags/retailco_dag.py                           1           0  0.31s           2026-05-31T21:12:29
================================================================================
[2026-05-31T21:13:03.679+0000] {manager.py:878} INFO - 
================================================================================
DAG File Processing Stats

File Path                          PID    Runtime      # DAGs    # Errors  Last Runtime    Last Run
---------------------------------  -----  ---------  --------  ----------  --------------  -------------------
/opt/airflow/dags/retailco_dag.py                           1           0  0.38s           2026-05-31T21:13:00
================================================================================
[2026-05-31T21:13:34.133+0000] {manager.py:878} INFO - 
================================================================================
DAG File Processing Stats

File Path                          PID    Runtime      # DAGs    # Errors  Last Runtime    Last Run
---------------------------------  -----  ---------  --------  ----------  --------------  -------------------
/opt/airflow/dags/retailco_dag.py                           1           0  0.39s           2026-05-31T21:13:31
================================================================================
[2026-05-31T21:14:04.622+0000] {manager.py:878} INFO - 
================================================================================
DAG File Processing Stats

File Path                          PID    Runtime      # DAGs    # Errors  Last Runtime    Last Run
---------------------------------  -----  ---------  --------  ----------  --------------  -------------------
/opt/airflow/dags/retailco_dag.py                           1           0  0.34s           2026-05-31T21:14:01
================================================================================
[2026-05-31T21:14:35.050+0000] {manager.py:878} INFO - 
================================================================================
DAG File Processing Stats

File Path                          PID    Runtime      # DAGs    # Errors  Last Runtime    Last Run
---------------------------------  -----  ---------  --------  ----------  --------------  -------------------
/opt/airflow/dags/retailco_dag.py                           1           0  0.31s           2026-05-31T21:14:32
================================================================================
[2026-05-31T21:15:05.831+0000] {manager.py:878} INFO - 
================================================================================
DAG File Processing Stats

File Path                          PID    Runtime      # DAGs    # Errors  Last Runtime    Last Run
---------------------------------  -----  ---------  --------  ----------  --------------  -------------------
/opt/airflow/dags/retailco_dag.py                           1           0  0.40s           2026-05-31T21:15:02
================================================================================
[2026-05-31T21:15:32.290+0000] {manager.py:737} INFO - Searching for files in /opt/airflow/dags
[2026-05-31T21:15:32.379+0000] {manager.py:740} INFO - There are 1 files in /opt/airflow/dags
[2026-05-31T21:15:36.527+0000] {manager.py:878} INFO - 
================================================================================
DAG File Processing Stats

File Path                          PID    Runtime      # DAGs    # Errors  Last Runtime    Last Run
---------------------------------  -----  ---------  --------  ----------  --------------  -------------------
/opt/airflow/dags/retailco_dag.py                           1           0  0.30s           2026-05-31T21:15:33
================================================================================
[2026-05-31T21:16:07.182+0000] {manager.py:878} INFO - 
================================================================================
DAG File Processing Stats

File Path                          PID    Runtime      # DAGs    # Errors  Last Runtime    Last Run
---------------------------------  -----  ---------  --------  ----------  --------------  -------------------
/opt/airflow/dags/retailco_dag.py                           1           0  0.31s           2026-05-31T21:16:04
================================================================================
[2026-05-31T21:16:37.622+0000] {manager.py:878} INFO - 
================================================================================
DAG File Processing Stats

File Path                          PID    Runtime      # DAGs    # Errors  Last Runtime    Last Run
---------------------------------  -----  ---------  --------  ----------  --------------  -------------------
/opt/airflow/dags/retailco_dag.py                           1           0  0.30s           2026-05-31T21:16:34
================================================================================
[2026-05-31T21:17:08.425+0000] {manager.py:878} INFO - 
================================================================================
DAG File Processing Stats

File Path                          PID    Runtime      # DAGs    # Errors  Last Runtime    Last Run
---------------------------------  -----  ---------  --------  ----------  --------------  -------------------
/opt/airflow/dags/retailco_dag.py                           1           0  0.27s           2026-05-31T21:17:05
================================================================================
[2026-05-31T21:17:38.967+0000] {manager.py:878} INFO - 
================================================================================
DAG File Processing Stats

File Path                          PID    Runtime      # DAGs    # Errors  Last Runtime    Last Run
---------------------------------  -----  ---------  --------  ----------  --------------  -------------------
/opt/airflow/dags/retailco_dag.py                           1           0  0.50s           2026-05-31T21:17:36
================================================================================
[2026-05-31T21:18:09.721+0000] {manager.py:878} INFO - 
================================================================================
DAG File Processing Stats

File Path                          PID    Runtime      # DAGs    # Errors  Last Runtime    Last Run
---------------------------------  -----  ---------  --------  ----------  --------------  -------------------
/opt/airflow/dags/retailco_dag.py                           1           0  0.35s           2026-05-31T21:18:06
================================================================================
[2026-05-31T21:18:40.284+0000] {manager.py:878} INFO - 
================================================================================
DAG File Processing Stats

File Path                          PID    Runtime      # DAGs    # Errors  Last Runtime    Last Run
---------------------------------  -----  ---------  --------  ----------  --------------  -------------------
/opt/airflow/dags/retailco_dag.py                           1           0  0.53s           2026-05-31T21:18:37
================================================================================
[2026-05-31T21:19:10.684+0000] {manager.py:878} INFO - 
================================================================================
DAG File Processing Stats

File Path                          PID    Runtime      # DAGs    # Errors  Last Runtime    Last Run
---------------------------------  -----  ---------  --------  ----------  --------------  -------------------
/opt/airflow/dags/retailco_dag.py                           1           0  0.56s           2026-05-31T21:19:08
================================================================================
[2026-05-31T21:19:41.086+0000] {manager.py:878} INFO - 
================================================================================
DAG File Processing Stats

File Path                          PID    Runtime      # DAGs    # Errors  Last Runtime    Last Run
---------------------------------  -----  ---------  --------  ----------  --------------  -------------------
/opt/airflow/dags/retailco_dag.py                           1           0  0.33s           2026-05-31T21:19:39
================================================================================
[2026-05-31T21:20:11.834+0000] {manager.py:878} INFO - 
================================================================================
DAG File Processing Stats

File Path                          PID    Runtime      # DAGs    # Errors  Last Runtime    Last Run
---------------------------------  -----  ---------  --------  ----------  --------------  -------------------
/opt/airflow/dags/retailco_dag.py                           1           0  0.32s           2026-05-31T21:20:09
================================================================================
[2026-05-31T21:20:33.086+0000] {manager.py:737} INFO - Searching for files in /opt/airflow/dags
[2026-05-31T21:20:33.172+0000] {manager.py:740} INFO - There are 1 files in /opt/airflow/dags
[2026-05-31T21:20:42.378+0000] {manager.py:878} INFO - 
================================================================================
DAG File Processing Stats

File Path                          PID    Runtime      # DAGs    # Errors  Last Runtime    Last Run
---------------------------------  -----  ---------  --------  ----------  --------------  -------------------
/opt/airflow/dags/retailco_dag.py                           1           0  0.31s           2026-05-31T21:20:40
================================================================================
[2026-05-31T21:21:13.041+0000] {manager.py:878} INFO - 
================================================================================
DAG File Processing Stats

File Path                          PID    Runtime      # DAGs    # Errors  Last Runtime    Last Run
---------------------------------  -----  ---------  --------  ----------  --------------  -------------------
/opt/airflow/dags/retailco_dag.py                           1           0  0.31s           2026-05-31T21:21:11
================================================================================
[2026-05-31T21:21:43.487+0000] {manager.py:878} INFO - 
================================================================================
DAG File Processing Stats

File Path                          PID    Runtime      # DAGs    # Errors  Last Runtime    Last Run
---------------------------------  -----  ---------  --------  ----------  --------------  -------------------
/opt/airflow/dags/retailco_dag.py                           1           0  0.31s           2026-05-31T21:21:41
================================================================================
[2026-05-31T21:22:14.199+0000] {manager.py:878} INFO - 
================================================================================
DAG File Processing Stats

File Path                          PID    Runtime      # DAGs    # Errors  Last Runtime    Last Run
---------------------------------  -----  ---------  --------  ----------  --------------  -------------------
/opt/airflow/dags/retailco_dag.py                           1           0  0.34s           2026-05-31T21:22:12
================================================================================
[2026-05-31T21:22:44.798+0000] {manager.py:878} INFO - 
================================================================================
DAG File Processing Stats

File Path                          PID    Runtime      # DAGs    # Errors  Last Runtime    Last Run
---------------------------------  -----  ---------  --------  ----------  --------------  -------------------
/opt/airflow/dags/retailco_dag.py                           1           0  0.27s           2026-05-31T21:22:43
================================================================================
[2026-05-31T21:23:15.444+0000] {manager.py:878} INFO - 
================================================================================
DAG File Processing Stats

File Path                          PID    Runtime      # DAGs    # Errors  Last Runtime    Last Run
---------------------------------  -----  ---------  --------  ----------  --------------  -------------------
/opt/airflow/dags/retailco_dag.py                           1           0  0.33s           2026-05-31T21:23:13
================================================================================
[2026-05-31T21:23:45.473+0000] {manager.py:878} INFO - 
================================================================================
DAG File Processing Stats

File Path                          PID    Runtime      # DAGs    # Errors  Last Runtime    Last Run
---------------------------------  -----  ---------  --------  ----------  --------------  -------------------
/opt/airflow/dags/retailco_dag.py                           1           0  0.57s           2026-05-31T21:23:44
================================================================================
[2026-05-31T21:24:15.999+0000] {manager.py:878} INFO - 
================================================================================
DAG File Processing Stats

File Path                          PID    Runtime      # DAGs    # Errors  Last Runtime    Last Run
---------------------------------  -----  ---------  --------  ----------  --------------  -------------------
/opt/airflow/dags/retailco_dag.py                           1           0  0.34s           2026-05-31T21:24:15
================================================================================
[2026-05-31T21:24:46.527+0000] {manager.py:878} INFO - 
================================================================================
DAG File Processing Stats

File Path                          PID    Runtime      # DAGs    # Errors  Last Runtime    Last Run
---------------------------------  -----  ---------  --------  ----------  --------------  -------------------
/opt/airflow/dags/retailco_dag.py                           1           0  0.29s           2026-05-31T21:24:45
================================================================================
[2026-05-31T21:25:16.567+0000] {manager.py:878} INFO - 
================================================================================
DAG File Processing Stats

File Path                          PID    Runtime      # DAGs    # Errors  Last Runtime    Last Run
---------------------------------  -----  ---------  --------  ----------  --------------  -------------------
/opt/airflow/dags/retailco_dag.py                           1           0  0.54s           2026-05-31T21:25:16
================================================================================
[2026-05-31T21:25:33.491+0000] {manager.py:737} INFO - Searching for files in /opt/airflow/dags
[2026-05-31T21:25:33.613+0000] {manager.py:740} INFO - There are 1 files in /opt/airflow/dags
[2026-05-31T21:25:46.845+0000] {manager.py:878} INFO - 
================================================================================
DAG File Processing Stats

File Path                            PID  Runtime      # DAGs    # Errors  Last Runtime    Last Run
---------------------------------  -----  ---------  --------  ----------  --------------  -------------------
/opt/airflow/dags/retailco_dag.py   4674  0.01s             1           0  0.54s           2026-05-31T21:25:16
================================================================================
[2026-05-31T21:26:17.674+0000] {manager.py:878} INFO - 
================================================================================
DAG File Processing Stats

File Path                            PID  Runtime      # DAGs    # Errors  Last Runtime    Last Run
---------------------------------  -----  ---------  --------  ----------  --------------  -------------------
/opt/airflow/dags/retailco_dag.py   4679  0.01s             1           0  0.32s           2026-05-31T21:25:47
================================================================================
[2026-05-31T21:26:48.016+0000] {manager.py:878} INFO - 
================================================================================
DAG File Processing Stats

File Path                          PID    Runtime      # DAGs    # Errors  Last Runtime    Last Run
---------------------------------  -----  ---------  --------  ----------  --------------  -------------------
/opt/airflow/dags/retailco_dag.py                           1           0  0.37s           2026-05-31T21:26:18
================================================================================
[2026-05-31T21:27:18.138+0000] {manager.py:878} INFO - 
================================================================================
DAG File Processing Stats

File Path                          PID    Runtime      # DAGs    # Errors  Last Runtime    Last Run
---------------------------------  -----  ---------  --------  ----------  --------------  -------------------
/opt/airflow/dags/retailco_dag.py                           1           0  0.37s           2026-05-31T21:26:48
================================================================================
[2026-05-31T21:27:48.342+0000] {manager.py:878} INFO - 
================================================================================
DAG File Processing Stats

File Path                          PID    Runtime      # DAGs    # Errors  Last Runtime    Last Run
---------------------------------  -----  ---------  --------  ----------  --------------  -------------------
/opt/airflow/dags/retailco_dag.py                           1           0  0.30s           2026-05-31T21:27:19
================================================================================
[2026-05-31T21:28:18.963+0000] {manager.py:878} INFO - 
================================================================================
DAG File Processing Stats

File Path                          PID    Runtime      # DAGs    # Errors  Last Runtime    Last Run
---------------------------------  -----  ---------  --------  ----------  --------------  -------------------
/opt/airflow/dags/retailco_dag.py                           1           0  0.32s           2026-05-31T21:27:49
================================================================================
[2026-05-31T21:28:49.605+0000] {manager.py:878} INFO - 
================================================================================
DAG File Processing Stats

File Path                          PID    Runtime      # DAGs    # Errors  Last Runtime    Last Run
---------------------------------  -----  ---------  --------  ----------  --------------  -------------------
/opt/airflow/dags/retailco_dag.py                           1           0  0.30s           2026-05-31T21:28:20
================================================================================
[2026-05-31T21:29:20.306+0000] {manager.py:878} INFO - 
================================================================================
DAG File Processing Stats

File Path                          PID    Runtime      # DAGs    # Errors  Last Runtime    Last Run
---------------------------------  -----  ---------  --------  ----------  --------------  -------------------
/opt/airflow/dags/retailco_dag.py                           1           0  0.39s           2026-05-31T21:28:51
================================================================================
[2026-05-31T21:29:51.015+0000] {manager.py:878} INFO - 
================================================================================
DAG File Processing Stats

File Path                          PID    Runtime      # DAGs    # Errors  Last Runtime    Last Run
---------------------------------  -----  ---------  --------  ----------  --------------  -------------------
/opt/airflow/dags/retailco_dag.py                           1           0  0.45s           2026-05-31T21:29:21
================================================================================
[2026-05-31T21:30:21.742+0000] {manager.py:878} INFO - 
================================================================================
DAG File Processing Stats

File Path                          PID    Runtime      # DAGs    # Errors  Last Runtime    Last Run
---------------------------------  -----  ---------  --------  ----------  --------------  -------------------
/opt/airflow/dags/retailco_dag.py                           1           0  0.36s           2026-05-31T21:29:52
================================================================================
[2026-05-31T21:30:34.025+0000] {manager.py:737} INFO - Searching for files in /opt/airflow/dags
[2026-05-31T21:30:34.145+0000] {manager.py:740} INFO - There are 1 files in /opt/airflow/dags
[2026-05-31T21:30:52.547+0000] {manager.py:878} INFO - 
================================================================================
DAG File Processing Stats

File Path                          PID    Runtime      # DAGs    # Errors  Last Runtime    Last Run
---------------------------------  -----  ---------  --------  ----------  --------------  -------------------
/opt/airflow/dags/retailco_dag.py                           1           0  0.28s           2026-05-31T21:30:23
================================================================================
[2026-05-31T21:31:23.020+0000] {manager.py:878} INFO - 
================================================================================
DAG File Processing Stats

File Path                          PID    Runtime      # DAGs    # Errors  Last Runtime    Last Run
---------------------------------  -----  ---------  --------  ----------  --------------  -------------------
/opt/airflow/dags/retailco_dag.py                           1           0  0.29s           2026-05-31T21:30:53
================================================================================
[2026-05-31T21:31:53.794+0000] {manager.py:878} INFO - 
================================================================================
DAG File Processing Stats

File Path                          PID    Runtime      # DAGs    # Errors  Last Runtime    Last Run
---------------------------------  -----  ---------  --------  ----------  --------------  -------------------
/opt/airflow/dags/retailco_dag.py                           1           0  0.30s           2026-05-31T21:31:24
================================================================================
[2026-05-31T21:32:24.293+0000] {manager.py:878} INFO - 
================================================================================
DAG File Processing Stats

File Path                          PID    Runtime      # DAGs    # Errors  Last Runtime    Last Run
---------------------------------  -----  ---------  --------  ----------  --------------  -------------------
/opt/airflow/dags/retailco_dag.py                           1           0  0.32s           2026-05-31T21:31:55
================================================================================
[2026-05-31T21:32:55.087+0000] {manager.py:878} INFO - 
================================================================================
DAG File Processing Stats

File Path                          PID    Runtime      # DAGs    # Errors  Last Runtime    Last Run
---------------------------------  -----  ---------  --------  ----------  --------------  -------------------
/opt/airflow/dags/retailco_dag.py                           1           0  0.44s           2026-05-31T21:32:25
================================================================================
[2026-05-31T21:33:25.581+0000] {manager.py:878} INFO - 
================================================================================
DAG File Processing Stats

File Path                          PID    Runtime      # DAGs    # Errors  Last Runtime    Last Run
---------------------------------  -----  ---------  --------  ----------  --------------  -------------------
/opt/airflow/dags/retailco_dag.py                           1           0  0.35s           2026-05-31T21:32:56
================================================================================
[2026-05-31T21:33:55.643+0000] {manager.py:878} INFO - 
================================================================================
DAG File Processing Stats

File Path                          PID    Runtime      # DAGs    # Errors  Last Runtime    Last Run
---------------------------------  -----  ---------  --------  ----------  --------------  -------------------
/opt/airflow/dags/retailco_dag.py                           1           0  0.52s           2026-05-31T21:33:27
================================================================================
[2026-05-31T21:34:26.128+0000] {manager.py:878} INFO - 
================================================================================
DAG File Processing Stats

File Path                          PID    Runtime      # DAGs    # Errors  Last Runtime    Last Run
---------------------------------  -----  ---------  --------  ----------  --------------  -------------------
/opt/airflow/dags/retailco_dag.py                           1           0  0.32s           2026-05-31T21:33:57
================================================================================
[2026-05-31T21:34:56.680+0000] {manager.py:878} INFO - 
================================================================================
DAG File Processing Stats

File Path                          PID    Runtime      # DAGs    # Errors  Last Runtime    Last Run
---------------------------------  -----  ---------  --------  ----------  --------------  -------------------
/opt/airflow/dags/retailco_dag.py                           1           0  0.29s           2026-05-31T21:34:28
================================================================================
[2026-05-31T21:35:27.445+0000] {manager.py:878} INFO - 
================================================================================
DAG File Processing Stats

File Path                          PID    Runtime      # DAGs    # Errors  Last Runtime    Last Run
---------------------------------  -----  ---------  --------  ----------  --------------  -------------------
/opt/airflow/dags/retailco_dag.py                           1           0  0.45s           2026-05-31T21:34:59
================================================================================
[2026-05-31T21:35:34.727+0000] {manager.py:737} INFO - Searching for files in /opt/airflow/dags
[2026-05-31T21:35:34.817+0000] {manager.py:740} INFO - There are 1 files in /opt/airflow/dags
[2026-05-31T21:35:58.268+0000] {manager.py:878} INFO - 
================================================================================
DAG File Processing Stats

File Path                          PID    Runtime      # DAGs    # Errors  Last Runtime    Last Run
---------------------------------  -----  ---------  --------  ----------  --------------  -------------------
/opt/airflow/dags/retailco_dag.py                           1           0  0.32s           2026-05-31T21:35:29
================================================================================
[2026-05-31T21:36:28.556+0000] {manager.py:878} INFO - 
================================================================================
DAG File Processing Stats

File Path                          PID    Runtime      # DAGs    # Errors  Last Runtime    Last Run
---------------------------------  -----  ---------  --------  ----------  --------------  -------------------
/opt/airflow/dags/retailco_dag.py                           1           0  0.76s           2026-05-31T21:36:01
================================================================================
[2026-05-31T21:36:59.273+0000] {manager.py:878} INFO - 
================================================================================
DAG File Processing Stats

File Path                          PID    Runtime      # DAGs    # Errors  Last Runtime    Last Run
---------------------------------  -----  ---------  --------  ----------  --------------  -------------------
/opt/airflow/dags/retailco_dag.py                           1           0  0.38s           2026-05-31T21:36:32
================================================================================
[2026-05-31T21:37:29.954+0000] {manager.py:878} INFO - 
================================================================================
DAG File Processing Stats

File Path                          PID    Runtime      # DAGs    # Errors  Last Runtime    Last Run
---------------------------------  -----  ---------  --------  ----------  --------------  -------------------
/opt/airflow/dags/retailco_dag.py                           1           0  0.31s           2026-05-31T21:37:02
================================================================================
[2026-05-31T21:38:00.540+0000] {manager.py:878} INFO - 
================================================================================
DAG File Processing Stats

File Path                          PID    Runtime      # DAGs    # Errors  Last Runtime    Last Run
---------------------------------  -----  ---------  --------  ----------  --------------  -------------------
/opt/airflow/dags/retailco_dag.py                           1           0  0.46s           2026-05-31T21:37:33
================================================================================
[2026-05-31T21:38:31.353+0000] {manager.py:878} INFO - 
================================================================================
DAG File Processing Stats

File Path                          PID    Runtime      # DAGs    # Errors  Last Runtime    Last Run
---------------------------------  -----  ---------  --------  ----------  --------------  -------------------
/opt/airflow/dags/retailco_dag.py                           1           0  0.46s           2026-05-31T21:38:04
================================================================================
[2026-05-31T21:39:01.779+0000] {manager.py:878} INFO - 
================================================================================
DAG File Processing Stats

File Path                          PID    Runtime      # DAGs    # Errors  Last Runtime    Last Run
---------------------------------  -----  ---------  --------  ----------  --------------  -------------------
/opt/airflow/dags/retailco_dag.py                           1           0  0.34s           2026-05-31T21:38:34
================================================================================
[2026-05-31T21:39:32.102+0000] {manager.py:878} INFO - 
================================================================================
DAG File Processing Stats

File Path                          PID    Runtime      # DAGs    # Errors  Last Runtime    Last Run
---------------------------------  -----  ---------  --------  ----------  --------------  -------------------
/opt/airflow/dags/retailco_dag.py                           1           0  0.89s           2026-05-31T21:39:05
================================================================================
[2026-05-31T21:40:02.851+0000] {manager.py:878} INFO - 
================================================================================
DAG File Processing Stats

File Path                          PID    Runtime      # DAGs    # Errors  Last Runtime    Last Run
---------------------------------  -----  ---------  --------  ----------  --------------  -------------------
/opt/airflow/dags/retailco_dag.py                           1           0  0.36s           2026-05-31T21:39:36
================================================================================
[2026-05-31T21:40:33.336+0000] {manager.py:878} INFO - 
================================================================================
DAG File Processing Stats

File Path                          PID    Runtime      # DAGs    # Errors  Last Runtime    Last Run
---------------------------------  -----  ---------  --------  ----------  --------------  -------------------
/opt/airflow/dags/retailco_dag.py                           1           0  0.47s           2026-05-31T21:40:07
================================================================================
[2026-05-31T21:40:34.758+0000] {manager.py:737} INFO - Searching for files in /opt/airflow/dags
[2026-05-31T21:40:34.919+0000] {manager.py:740} INFO - There are 1 files in /opt/airflow/dags
[2026-05-31T21:41:03.827+0000] {manager.py:878} INFO - 
================================================================================
DAG File Processing Stats

File Path                          PID    Runtime      # DAGs    # Errors  Last Runtime    Last Run
---------------------------------  -----  ---------  --------  ----------  --------------  -------------------
/opt/airflow/dags/retailco_dag.py                           1           0  0.48s           2026-05-31T21:40:37
================================================================================
[2026-05-31T21:41:34.038+0000] {manager.py:878} INFO - 
================================================================================
DAG File Processing Stats

File Path                          PID    Runtime      # DAGs    # Errors  Last Runtime    Last Run
---------------------------------  -----  ---------  --------  ----------  --------------  -------------------
/opt/airflow/dags/retailco_dag.py                           1           0  0.33s           2026-05-31T21:41:08
================================================================================
[2026-05-31T21:42:04.465+0000] {manager.py:878} INFO - 
================================================================================
DAG File Processing Stats

File Path                          PID    Runtime      # DAGs    # Errors  Last Runtime    Last Run
---------------------------------  -----  ---------  --------  ----------  --------------  -------------------
/opt/airflow/dags/retailco_dag.py                           1           0  0.40s           2026-05-31T21:41:39
================================================================================
[2026-05-31T21:42:35.104+0000] {manager.py:878} INFO - 
================================================================================
DAG File Processing Stats

File Path                          PID    Runtime      # DAGs    # Errors  Last Runtime    Last Run
---------------------------------  -----  ---------  --------  ----------  --------------  -------------------
/opt/airflow/dags/retailco_dag.py                           1           0  0.31s           2026-05-31T21:42:09
================================================================================
[2026-05-31T21:43:05.727+0000] {manager.py:878} INFO - 
================================================================================
DAG File Processing Stats

File Path                          PID    Runtime      # DAGs    # Errors  Last Runtime    Last Run
---------------------------------  -----  ---------  --------  ----------  --------------  -------------------
/opt/airflow/dags/retailco_dag.py                           1           0  0.31s           2026-05-31T21:42:40
================================================================================
[2026-05-31T21:43:36.384+0000] {manager.py:878} INFO - 
================================================================================
DAG File Processing Stats

File Path                          PID    Runtime      # DAGs    # Errors  Last Runtime    Last Run
---------------------------------  -----  ---------  --------  ----------  --------------  -------------------
/opt/airflow/dags/retailco_dag.py                           1           0  0.30s           2026-05-31T21:43:11
================================================================================
[2026-05-31T21:44:06.889+0000] {manager.py:878} INFO - 
================================================================================
DAG File Processing Stats

File Path                          PID    Runtime      # DAGs    # Errors  Last Runtime    Last Run
---------------------------------  -----  ---------  --------  ----------  --------------  -------------------
/opt/airflow/dags/retailco_dag.py                           1           0  0.57s           2026-05-31T21:43:42
================================================================================
[2026-05-31T21:44:37.141+0000] {manager.py:878} INFO - 
================================================================================
DAG File Processing Stats

File Path                          PID    Runtime      # DAGs    # Errors  Last Runtime    Last Run
---------------------------------  -----  ---------  --------  ----------  --------------  -------------------
/opt/airflow/dags/retailco_dag.py                           1           0  0.37s           2026-05-31T21:44:12
================================================================================
[2026-05-31T21:45:07.517+0000] {manager.py:878} INFO - 
================================================================================
DAG File Processing Stats

File Path                          PID    Runtime      # DAGs    # Errors  Last Runtime    Last Run
---------------------------------  -----  ---------  --------  ----------  --------------  -------------------
/opt/airflow/dags/retailco_dag.py                           1           0  0.35s           2026-05-31T21:44:43
================================================================================
[2026-05-31T21:45:34.983+0000] {manager.py:737} INFO - Searching for files in /opt/airflow/dags
[2026-05-31T21:45:35.156+0000] {manager.py:740} INFO - There are 1 files in /opt/airflow/dags
[2026-05-31T21:45:38.258+0000] {manager.py:878} INFO - 
================================================================================
DAG File Processing Stats

File Path                          PID    Runtime      # DAGs    # Errors  Last Runtime    Last Run
---------------------------------  -----  ---------  --------  ----------  --------------  -------------------
/opt/airflow/dags/retailco_dag.py                           1           0  0.34s           2026-05-31T21:45:13
================================================================================
[2026-05-31T21:46:08.722+0000] {manager.py:878} INFO - 
================================================================================
DAG File Processing Stats

File Path                          PID    Runtime      # DAGs    # Errors  Last Runtime    Last Run
---------------------------------  -----  ---------  --------  ----------  --------------  -------------------
/opt/airflow/dags/retailco_dag.py                           1           0  0.33s           2026-05-31T21:45:44
================================================================================
[2026-05-31T21:46:39.210+0000] {manager.py:878} INFO - 
================================================================================
DAG File Processing Stats

File Path                          PID    Runtime      # DAGs    # Errors  Last Runtime    Last Run
---------------------------------  -----  ---------  --------  ----------  --------------  -------------------
/opt/airflow/dags/retailco_dag.py                           1           0  0.30s           2026-05-31T21:46:15
================================================================================
[2026-05-31T21:47:09.982+0000] {manager.py:878} INFO - 
================================================================================
DAG File Processing Stats

File Path                          PID    Runtime      # DAGs    # Errors  Last Runtime    Last Run
---------------------------------  -----  ---------  --------  ----------  --------------  -------------------
/opt/airflow/dags/retailco_dag.py                           1           0  0.30s           2026-05-31T21:46:45
================================================================================
[2026-05-31T21:47:40.530+0000] {manager.py:878} INFO - 
================================================================================
DAG File Processing Stats

File Path                          PID    Runtime      # DAGs    # Errors  Last Runtime    Last Run
---------------------------------  -----  ---------  --------  ----------  --------------  -------------------
/opt/airflow/dags/retailco_dag.py                           1           0  0.31s           2026-05-31T21:47:16
================================================================================
[2026-05-31T21:48:11.244+0000] {manager.py:878} INFO - 
================================================================================
DAG File Processing Stats

File Path                          PID    Runtime      # DAGs    # Errors  Last Runtime    Last Run
---------------------------------  -----  ---------  --------  ----------  --------------  -------------------
/opt/airflow/dags/retailco_dag.py                           1           0  0.32s           2026-05-31T21:47:47
================================================================================
[2026-05-31T21:48:41.826+0000] {manager.py:878} INFO - 
================================================================================
DAG File Processing Stats

File Path                          PID    Runtime      # DAGs    # Errors  Last Runtime    Last Run
---------------------------------  -----  ---------  --------  ----------  --------------  -------------------
/opt/airflow/dags/retailco_dag.py                           1           0  0.40s           2026-05-31T21:48:17
================================================================================
[2026-05-31T21:49:12.671+0000] {manager.py:878} INFO - 
================================================================================
DAG File Processing Stats

File Path                          PID    Runtime      # DAGs    # Errors  Last Runtime    Last Run
---------------------------------  -----  ---------  --------  ----------  --------------  -------------------
/opt/airflow/dags/retailco_dag.py                           1           0  0.43s           2026-05-31T21:48:48
================================================================================
[2026-05-31T21:49:43.274+0000] {manager.py:878} INFO - 
================================================================================
DAG File Processing Stats

File Path                          PID    Runtime      # DAGs    # Errors  Last Runtime    Last Run
---------------------------------  -----  ---------  --------  ----------  --------------  -------------------
/opt/airflow/dags/retailco_dag.py                           1           0  0.33s           2026-05-31T21:49:19
================================================================================
[2026-05-31T21:50:13.960+0000] {manager.py:878} INFO - 
================================================================================
DAG File Processing Stats

File Path                          PID    Runtime      # DAGs    # Errors  Last Runtime    Last Run
---------------------------------  -----  ---------  --------  ----------  --------------  -------------------
/opt/airflow/dags/retailco_dag.py                           1           0  0.33s           2026-05-31T21:49:49
================================================================================
[2026-05-31T21:50:35.443+0000] {manager.py:737} INFO - Searching for files in /opt/airflow/dags
[2026-05-31T21:50:35.549+0000] {manager.py:740} INFO - There are 1 files in /opt/airflow/dags
[2026-05-31T21:50:44.738+0000] {manager.py:878} INFO - 
================================================================================
DAG File Processing Stats

File Path                          PID    Runtime      # DAGs    # Errors  Last Runtime    Last Run
---------------------------------  -----  ---------  --------  ----------  --------------  -------------------
/opt/airflow/dags/retailco_dag.py                           1           0  0.34s           2026-05-31T21:50:20
================================================================================
[2026-05-31T21:51:15.288+0000] {manager.py:878} INFO - 
================================================================================
DAG File Processing Stats

File Path                          PID    Runtime      # DAGs    # Errors  Last Runtime    Last Run
---------------------------------  -----  ---------  --------  ----------  --------------  -------------------
/opt/airflow/dags/retailco_dag.py                           1           0  0.31s           2026-05-31T21:50:51
================================================================================
[2026-05-31T21:51:46.029+0000] {manager.py:878} INFO - 
================================================================================
DAG File Processing Stats

File Path                          PID    Runtime      # DAGs    # Errors  Last Runtime    Last Run
---------------------------------  -----  ---------  --------  ----------  --------------  -------------------
/opt/airflow/dags/retailco_dag.py                           1           0  0.38s           2026-05-31T21:51:21
================================================================================
[2026-05-31T21:52:16.679+0000] {manager.py:878} INFO - 
================================================================================
DAG File Processing Stats

File Path                          PID    Runtime      # DAGs    # Errors  Last Runtime    Last Run
---------------------------------  -----  ---------  --------  ----------  --------------  -------------------
/opt/airflow/dags/retailco_dag.py                           1           0  0.30s           2026-05-31T21:51:52
================================================================================
[2026-05-31T21:52:47.347+0000] {manager.py:878} INFO - 
================================================================================
DAG File Processing Stats

File Path                          PID    Runtime      # DAGs    # Errors  Last Runtime    Last Run
---------------------------------  -----  ---------  --------  ----------  --------------  -------------------
/opt/airflow/dags/retailco_dag.py                           1           0  0.31s           2026-05-31T21:52:23
================================================================================
[2026-05-31T21:53:17.936+0000] {manager.py:878} INFO - 
================================================================================
DAG File Processing Stats

File Path                          PID    Runtime      # DAGs    # Errors  Last Runtime    Last Run
---------------------------------  -----  ---------  --------  ----------  --------------  -------------------
/opt/airflow/dags/retailco_dag.py                           1           0  0.29s           2026-05-31T21:52:53
================================================================================
[2026-05-31T21:53:48.707+0000] {manager.py:878} INFO - 
================================================================================
DAG File Processing Stats

File Path                          PID    Runtime      # DAGs    # Errors  Last Runtime    Last Run
---------------------------------  -----  ---------  --------  ----------  --------------  -------------------
/opt/airflow/dags/retailco_dag.py                           1           0  0.33s           2026-05-31T21:53:24
================================================================================
[2026-05-31T21:54:19.302+0000] {manager.py:878} INFO - 
================================================================================
DAG File Processing Stats

File Path                          PID    Runtime      # DAGs    # Errors  Last Runtime    Last Run
---------------------------------  -----  ---------  --------  ----------  --------------  -------------------
/opt/airflow/dags/retailco_dag.py                           1           0  0.33s           2026-05-31T21:53:55
================================================================================
[2026-05-31T21:54:50.092+0000] {manager.py:878} INFO - 
================================================================================
DAG File Processing Stats

File Path                          PID    Runtime      # DAGs    # Errors  Last Runtime    Last Run
---------------------------------  -----  ---------  --------  ----------  --------------  -------------------
/opt/airflow/dags/retailco_dag.py                           1           0  0.29s           2026-05-31T21:54:25
================================================================================
[2026-05-31T21:55:20.674+0000] {manager.py:878} INFO - 
================================================================================
DAG File Processing Stats

File Path                          PID    Runtime      # DAGs    # Errors  Last Runtime    Last Run
---------------------------------  -----  ---------  --------  ----------  --------------  -------------------
/opt/airflow/dags/retailco_dag.py                           1           0  0.32s           2026-05-31T21:54:56
================================================================================
[2026-05-31T21:55:36.147+0000] {manager.py:737} INFO - Searching for files in /opt/airflow/dags
[2026-05-31T21:55:36.241+0000] {manager.py:740} INFO - There are 1 files in /opt/airflow/dags
[2026-06-01T00:55:46.640+0000] {manager.py:737} INFO - Searching for files in /opt/airflow/dags
[2026-06-01T00:55:49.065+0000] {manager.py:740} INFO - There are 1 files in /opt/airflow/dags
[2026-06-01T00:55:49.728+0000] {manager.py:878} INFO - 
================================================================================
DAG File Processing Stats

File Path                            PID  Runtime      # DAGs    # Errors  Last Runtime    Last Run
---------------------------------  -----  ---------  --------  ----------  --------------  -------------------
/opt/airflow/dags/retailco_dag.py   4969  0.03s             1           0  0.34s           2026-05-31T21:55:27
================================================================================
[2026-06-01T05:15:06.734+0000] {manager.py:737} INFO - Searching for files in /opt/airflow/dags
[2026-06-01T05:15:08.687+0000] {manager.py:740} INFO - There are 1 files in /opt/airflow/dags
[2026-06-01T05:15:08.802+0000] {manager.py:1203} ERROR - Processor for /opt/airflow/dags/retailco_dag.py with PID 4969 started at 2026-06-01T00:55:49.687350+00:00 has timed out, killing it.
[2026-06-01T05:15:20.418+0000] {manager.py:878} INFO - 
================================================================================
DAG File Processing Stats

File Path                          PID    Runtime      # DAGs    # Errors  Last Runtime    Last Run
---------------------------------  -----  ---------  --------  ----------  --------------  -------------------
/opt/airflow/dags/retailco_dag.py                           0           1  15559.11s       2026-06-01T05:15:08
================================================================================
[2026-06-01T05:15:50.911+0000] {manager.py:878} INFO - 
================================================================================
DAG File Processing Stats

File Path                          PID    Runtime      # DAGs    # Errors  Last Runtime    Last Run
---------------------------------  -----  ---------  --------  ----------  --------------  -------------------
/opt/airflow/dags/retailco_dag.py                           1           0  0.34s           2026-06-01T05:15:39
================================================================================
[2026-06-01T05:16:21.445+0000] {manager.py:878} INFO - 
================================================================================
DAG File Processing Stats

File Path                          PID    Runtime      # DAGs    # Errors  Last Runtime    Last Run
---------------------------------  -----  ---------  --------  ----------  --------------  -------------------
/opt/airflow/dags/retailco_dag.py                           1           0  0.17s           2026-06-01T05:16:09
================================================================================
[2026-06-01T05:16:51.873+0000] {manager.py:878} INFO - 
================================================================================
DAG File Processing Stats

File Path                          PID    Runtime      # DAGs    # Errors  Last Runtime    Last Run
---------------------------------  -----  ---------  --------  ----------  --------------  -------------------
/opt/airflow/dags/retailco_dag.py                           1           0  0.16s           2026-06-01T05:16:39
================================================================================
[2026-06-01T05:17:22.353+0000] {manager.py:878} INFO - 
================================================================================
DAG File Processing Stats

File Path                          PID    Runtime      # DAGs    # Errors  Last Runtime    Last Run
---------------------------------  -----  ---------  --------  ----------  --------------  -------------------
/opt/airflow/dags/retailco_dag.py                           1           0  0.31s           2026-06-01T05:17:10
================================================================================
[2026-06-01T05:17:53.102+0000] {manager.py:878} INFO - 
================================================================================
DAG File Processing Stats

File Path                          PID    Runtime      # DAGs    # Errors  Last Runtime    Last Run
---------------------------------  -----  ---------  --------  ----------  --------------  -------------------
/opt/airflow/dags/retailco_dag.py                           1           0  0.28s           2026-06-01T05:17:40
================================================================================
[2026-06-01T05:18:23.431+0000] {manager.py:878} INFO - 
================================================================================
DAG File Processing Stats

File Path                          PID    Runtime      # DAGs    # Errors  Last Runtime    Last Run
---------------------------------  -----  ---------  --------  ----------  --------------  -------------------
/opt/airflow/dags/retailco_dag.py                           1           0  0.17s           2026-06-01T05:18:11
================================================================================
[2026-06-01T05:18:53.939+0000] {manager.py:878} INFO - 
================================================================================
DAG File Processing Stats

File Path                          PID    Runtime      # DAGs    # Errors  Last Runtime    Last Run
---------------------------------  -----  ---------  --------  ----------  --------------  -------------------
/opt/airflow/dags/retailco_dag.py                           1           0  0.23s           2026-06-01T05:18:41
================================================================================
[2026-06-01T05:19:24.631+0000] {manager.py:878} INFO - 
================================================================================
DAG File Processing Stats

File Path                          PID    Runtime      # DAGs    # Errors  Last Runtime    Last Run
---------------------------------  -----  ---------  --------  ----------  --------------  -------------------
/opt/airflow/dags/retailco_dag.py                           1           0  0.28s           2026-06-01T05:19:12
================================================================================
[2026-06-01T05:19:55.012+0000] {manager.py:878} INFO - 
================================================================================
DAG File Processing Stats

File Path                          PID    Runtime      # DAGs    # Errors  Last Runtime    Last Run
---------------------------------  -----  ---------  --------  ----------  --------------  -------------------
/opt/airflow/dags/retailco_dag.py                           1           0  0.17s           2026-06-01T05:19:43
================================================================================
[2026-06-01T05:20:07.105+0000] {manager.py:737} INFO - Searching for files in /opt/airflow/dags
[2026-06-01T05:20:07.149+0000] {manager.py:740} INFO - There are 1 files in /opt/airflow/dags
[2026-06-01T05:20:25.356+0000] {manager.py:878} INFO - 
================================================================================
DAG File Processing Stats

File Path                          PID    Runtime      # DAGs    # Errors  Last Runtime    Last Run
---------------------------------  -----  ---------  --------  ----------  --------------  -------------------
/opt/airflow/dags/retailco_dag.py                           1           0  0.16s           2026-06-01T05:20:13
================================================================================
[2026-06-01T05:20:55.821+0000] {manager.py:878} INFO - 
================================================================================
DAG File Processing Stats

File Path                          PID    Runtime      # DAGs    # Errors  Last Runtime    Last Run
---------------------------------  -----  ---------  --------  ----------  --------------  -------------------
/opt/airflow/dags/retailco_dag.py                           1           0  0.17s           2026-06-01T05:20:43
================================================================================
[2026-06-01T05:21:26.140+0000] {manager.py:878} INFO - 
================================================================================
DAG File Processing Stats

File Path                          PID    Runtime      # DAGs    # Errors  Last Runtime    Last Run
---------------------------------  -----  ---------  --------  ----------  --------------  -------------------
/opt/airflow/dags/retailco_dag.py                           1           0  0.16s           2026-06-01T05:21:14
================================================================================
[2026-06-01T05:21:56.593+0000] {manager.py:878} INFO - 
================================================================================
DAG File Processing Stats

File Path                          PID    Runtime      # DAGs    # Errors  Last Runtime    Last Run
---------------------------------  -----  ---------  --------  ----------  --------------  -------------------
/opt/airflow/dags/retailco_dag.py                           1           0  0.18s           2026-06-01T05:21:44
================================================================================
[2026-06-01T05:22:26.932+0000] {manager.py:878} INFO - 
================================================================================
DAG File Processing Stats

File Path                          PID    Runtime      # DAGs    # Errors  Last Runtime    Last Run
---------------------------------  -----  ---------  --------  ----------  --------------  -------------------
/opt/airflow/dags/retailco_dag.py                           1           0  0.17s           2026-06-01T05:22:14
================================================================================
[2026-06-01T05:22:57.386+0000] {manager.py:878} INFO - 
================================================================================
DAG File Processing Stats

File Path                          PID    Runtime      # DAGs    # Errors  Last Runtime    Last Run
---------------------------------  -----  ---------  --------  ----------  --------------  -------------------
/opt/airflow/dags/retailco_dag.py                           1           0  0.18s           2026-06-01T05:22:45
================================================================================
[2026-06-01T05:23:27.841+0000] {manager.py:878} INFO - 
================================================================================
DAG File Processing Stats

File Path                          PID    Runtime      # DAGs    # Errors  Last Runtime    Last Run
---------------------------------  -----  ---------  --------  ----------  --------------  -------------------
/opt/airflow/dags/retailco_dag.py                           1           0  0.25s           2026-06-01T05:23:15
================================================================================
[2026-06-01T05:23:58.239+0000] {manager.py:878} INFO - 
================================================================================
DAG File Processing Stats

File Path                          PID    Runtime      # DAGs    # Errors  Last Runtime    Last Run
---------------------------------  -----  ---------  --------  ----------  --------------  -------------------
/opt/airflow/dags/retailco_dag.py                           1           0  0.16s           2026-06-01T05:23:46
================================================================================
[2026-06-01T05:24:28.632+0000] {manager.py:878} INFO - 
================================================================================
DAG File Processing Stats

File Path                          PID    Runtime      # DAGs    # Errors  Last Runtime    Last Run
---------------------------------  -----  ---------  --------  ----------  --------------  -------------------
/opt/airflow/dags/retailco_dag.py                           1           0  0.17s           2026-06-01T05:24:16
================================================================================
[2026-06-01T05:24:59.013+0000] {manager.py:878} INFO - 
================================================================================
DAG File Processing Stats

File Path                          PID    Runtime      # DAGs    # Errors  Last Runtime    Last Run
---------------------------------  -----  ---------  --------  ----------  --------------  -------------------
/opt/airflow/dags/retailco_dag.py                           1           0  0.17s           2026-06-01T05:24:47
================================================================================
[2026-06-01T05:25:07.226+0000] {manager.py:737} INFO - Searching for files in /opt/airflow/dags
[2026-06-01T05:25:07.263+0000] {manager.py:740} INFO - There are 1 files in /opt/airflow/dags
[2026-06-01T05:25:29.552+0000] {manager.py:878} INFO - 
================================================================================
DAG File Processing Stats

File Path                          PID    Runtime      # DAGs    # Errors  Last Runtime    Last Run
---------------------------------  -----  ---------  --------  ----------  --------------  -------------------
/opt/airflow/dags/retailco_dag.py                           1           0  0.17s           2026-06-01T05:25:17
================================================================================
[2026-06-01T05:25:59.792+0000] {manager.py:878} INFO - 
================================================================================
DAG File Processing Stats

File Path                          PID    Runtime      # DAGs    # Errors  Last Runtime    Last Run
---------------------------------  -----  ---------  --------  ----------  --------------  -------------------
/opt/airflow/dags/retailco_dag.py                           1           0  0.16s           2026-06-01T05:25:47
================================================================================
[2026-06-01T05:26:30.170+0000] {manager.py:878} INFO - 
================================================================================
DAG File Processing Stats

File Path                          PID    Runtime      # DAGs    # Errors  Last Runtime    Last Run
---------------------------------  -----  ---------  --------  ----------  --------------  -------------------
/opt/airflow/dags/retailco_dag.py                           1           0  0.17s           2026-06-01T05:26:18
================================================================================
[2026-06-01T05:27:00.446+0000] {manager.py:878} INFO - 
================================================================================
DAG File Processing Stats

File Path                          PID    Runtime      # DAGs    # Errors  Last Runtime    Last Run
---------------------------------  -----  ---------  --------  ----------  --------------  -------------------
/opt/airflow/dags/retailco_dag.py                           1           0  0.19s           2026-06-01T05:26:48
================================================================================
[2026-06-01T05:27:30.811+0000] {manager.py:878} INFO - 
================================================================================
DAG File Processing Stats

File Path                          PID    Runtime      # DAGs    # Errors  Last Runtime    Last Run
---------------------------------  -----  ---------  --------  ----------  --------------  -------------------
/opt/airflow/dags/retailco_dag.py                           1           0  0.18s           2026-06-01T05:27:18
================================================================================
[2026-06-01T05:28:01.080+0000] {manager.py:878} INFO - 
================================================================================
DAG File Processing Stats

File Path                          PID    Runtime      # DAGs    # Errors  Last Runtime    Last Run
---------------------------------  -----  ---------  --------  ----------  --------------  -------------------
/opt/airflow/dags/retailco_dag.py                           1           0  0.23s           2026-06-01T05:27:49
================================================================================
[2026-06-01T05:28:31.503+0000] {manager.py:878} INFO - 
================================================================================
DAG File Processing Stats

File Path                          PID    Runtime      # DAGs    # Errors  Last Runtime    Last Run
---------------------------------  -----  ---------  --------  ----------  --------------  -------------------
/opt/airflow/dags/retailco_dag.py                           1           0  0.20s           2026-06-01T05:28:19
================================================================================
[2026-06-01T05:29:01.784+0000] {manager.py:878} INFO - 
================================================================================
DAG File Processing Stats

File Path                          PID    Runtime      # DAGs    # Errors  Last Runtime    Last Run
---------------------------------  -----  ---------  --------  ----------  --------------  -------------------
/opt/airflow/dags/retailco_dag.py                           1           0  0.17s           2026-06-01T05:28:49
================================================================================
[2026-06-01T05:29:32.160+0000] {manager.py:878} INFO - 
================================================================================
DAG File Processing Stats

File Path                          PID    Runtime      # DAGs    # Errors  Last Runtime    Last Run
---------------------------------  -----  ---------  --------  ----------  --------------  -------------------
/opt/airflow/dags/retailco_dag.py                           1           0  0.18s           2026-06-01T05:29:20
================================================================================
[2026-06-01T05:30:02.408+0000] {manager.py:878} INFO - 
================================================================================
DAG File Processing Stats

File Path                          PID    Runtime      # DAGs    # Errors  Last Runtime    Last Run
---------------------------------  -----  ---------  --------  ----------  --------------  -------------------
/opt/airflow/dags/retailco_dag.py                           1           0  0.17s           2026-06-01T05:29:50
================================================================================
[2026-06-01T05:30:07.437+0000] {manager.py:737} INFO - Searching for files in /opt/airflow/dags
[2026-06-01T05:30:07.473+0000] {manager.py:740} INFO - There are 1 files in /opt/airflow/dags
[2026-06-01T05:30:32.419+0000] {manager.py:878} INFO - 
================================================================================
DAG File Processing Stats

File Path                          PID    Runtime      # DAGs    # Errors  Last Runtime    Last Run
---------------------------------  -----  ---------  --------  ----------  --------------  -------------------
/opt/airflow/dags/retailco_dag.py                           1           0  0.69s           2026-06-01T05:30:21
================================================================================
[2026-06-01T05:31:02.646+0000] {manager.py:878} INFO - 
================================================================================
DAG File Processing Stats

File Path                          PID    Runtime      # DAGs    # Errors  Last Runtime    Last Run
---------------------------------  -----  ---------  --------  ----------  --------------  -------------------
/opt/airflow/dags/retailco_dag.py                           1           0  0.21s           2026-06-01T05:30:51
================================================================================
[2026-06-01T05:31:33.088+0000] {manager.py:878} INFO - 
================================================================================
DAG File Processing Stats

File Path                          PID    Runtime      # DAGs    # Errors  Last Runtime    Last Run
---------------------------------  -----  ---------  --------  ----------  --------------  -------------------
/opt/airflow/dags/retailco_dag.py                           1           0  0.19s           2026-06-01T05:31:21
================================================================================
[2026-06-01T05:32:03.464+0000] {manager.py:878} INFO - 
================================================================================
DAG File Processing Stats

File Path                          PID    Runtime      # DAGs    # Errors  Last Runtime    Last Run
---------------------------------  -----  ---------  --------  ----------  --------------  -------------------
/opt/airflow/dags/retailco_dag.py                           1           0  0.16s           2026-06-01T05:31:52
================================================================================
[2026-06-01T05:32:33.914+0000] {manager.py:878} INFO - 
================================================================================
DAG File Processing Stats

File Path                          PID    Runtime      # DAGs    # Errors  Last Runtime    Last Run
---------------------------------  -----  ---------  --------  ----------  --------------  -------------------
/opt/airflow/dags/retailco_dag.py                           1           0  0.24s           2026-06-01T05:32:22
================================================================================
[2026-06-01T05:33:04.478+0000] {manager.py:878} INFO - 
================================================================================
DAG File Processing Stats

File Path                          PID    Runtime      # DAGs    # Errors  Last Runtime    Last Run
---------------------------------  -----  ---------  --------  ----------  --------------  -------------------
/opt/airflow/dags/retailco_dag.py                           1           0  0.19s           2026-06-01T05:32:53
================================================================================
[2026-06-01T05:33:34.994+0000] {manager.py:878} INFO - 
================================================================================
DAG File Processing Stats

File Path                          PID    Runtime      # DAGs    # Errors  Last Runtime    Last Run
---------------------------------  -----  ---------  --------  ----------  --------------  -------------------
/opt/airflow/dags/retailco_dag.py                           1           0  0.18s           2026-06-01T05:33:23
================================================================================
[2026-06-01T05:34:05.441+0000] {manager.py:878} INFO - 
================================================================================
DAG File Processing Stats

File Path                          PID    Runtime      # DAGs    # Errors  Last Runtime    Last Run
---------------------------------  -----  ---------  --------  ----------  --------------  -------------------
/opt/airflow/dags/retailco_dag.py                           1           0  0.15s           2026-06-01T05:33:54
================================================================================
[2026-06-01T05:34:36.045+0000] {manager.py:878} INFO - 
================================================================================
DAG File Processing Stats

File Path                          PID    Runtime      # DAGs    # Errors  Last Runtime    Last Run
---------------------------------  -----  ---------  --------  ----------  --------------  -------------------
/opt/airflow/dags/retailco_dag.py                           1           0  0.15s           2026-06-01T05:34:24
================================================================================
[2026-06-01T05:35:06.476+0000] {manager.py:878} INFO - 
================================================================================
DAG File Processing Stats

File Path                          PID    Runtime      # DAGs    # Errors  Last Runtime    Last Run
---------------------------------  -----  ---------  --------  ----------  --------------  -------------------
/opt/airflow/dags/retailco_dag.py                           1           0  0.17s           2026-06-01T05:34:55
================================================================================
[2026-06-01T05:35:07.482+0000] {manager.py:737} INFO - Searching for files in /opt/airflow/dags
[2026-06-01T05:35:07.526+0000] {manager.py:740} INFO - There are 1 files in /opt/airflow/dags
[2026-06-01T05:35:37.022+0000] {manager.py:878} INFO - 
================================================================================
DAG File Processing Stats

File Path                          PID    Runtime      # DAGs    # Errors  Last Runtime    Last Run
---------------------------------  -----  ---------  --------  ----------  --------------  -------------------
/opt/airflow/dags/retailco_dag.py                           1           0  0.18s           2026-06-01T05:35:26
================================================================================
[2026-06-01T05:36:07.570+0000] {manager.py:878} INFO - 
================================================================================
DAG File Processing Stats

File Path                          PID    Runtime      # DAGs    # Errors  Last Runtime    Last Run
---------------------------------  -----  ---------  --------  ----------  --------------  -------------------
/opt/airflow/dags/retailco_dag.py                           1           0  0.27s           2026-06-01T05:35:56
================================================================================
[2026-06-01T05:36:37.988+0000] {manager.py:878} INFO - 
================================================================================
DAG File Processing Stats

File Path                          PID    Runtime      # DAGs    # Errors  Last Runtime    Last Run
---------------------------------  -----  ---------  --------  ----------  --------------  -------------------
/opt/airflow/dags/retailco_dag.py                           1           0  0.16s           2026-06-01T05:36:27
================================================================================
[2026-06-01T05:37:08.478+0000] {manager.py:878} INFO - 
================================================================================
DAG File Processing Stats

File Path                          PID    Runtime      # DAGs    # Errors  Last Runtime    Last Run
---------------------------------  -----  ---------  --------  ----------  --------------  -------------------
/opt/airflow/dags/retailco_dag.py                           1           0  0.20s           2026-06-01T05:36:57
================================================================================
[2026-06-01T05:37:38.878+0000] {manager.py:878} INFO - 
================================================================================
DAG File Processing Stats

File Path                          PID    Runtime      # DAGs    # Errors  Last Runtime    Last Run
---------------------------------  -----  ---------  --------  ----------  --------------  -------------------
/opt/airflow/dags/retailco_dag.py                           1           0  0.26s           2026-06-01T05:37:27
================================================================================
[2026-06-01T05:38:09.326+0000] {manager.py:878} INFO - 
================================================================================
DAG File Processing Stats

File Path                          PID    Runtime      # DAGs    # Errors  Last Runtime    Last Run
---------------------------------  -----  ---------  --------  ----------  --------------  -------------------
/opt/airflow/dags/retailco_dag.py                           1           0  0.17s           2026-06-01T05:37:58
================================================================================
[2026-06-01T05:38:39.814+0000] {manager.py:878} INFO - 
================================================================================
DAG File Processing Stats

File Path                          PID    Runtime      # DAGs    # Errors  Last Runtime    Last Run
---------------------------------  -----  ---------  --------  ----------  --------------  -------------------
/opt/airflow/dags/retailco_dag.py                           1           0  0.26s           2026-06-01T05:38:28
================================================================================
[2026-06-01T05:39:10.288+0000] {manager.py:878} INFO - 
================================================================================
DAG File Processing Stats

File Path                          PID    Runtime      # DAGs    # Errors  Last Runtime    Last Run
---------------------------------  -----  ---------  --------  ----------  --------------  -------------------
/opt/airflow/dags/retailco_dag.py                           1           0  0.16s           2026-06-01T05:38:59
================================================================================
[2026-06-01T05:39:40.719+0000] {manager.py:878} INFO - 
================================================================================
DAG File Processing Stats

File Path                          PID    Runtime      # DAGs    # Errors  Last Runtime    Last Run
---------------------------------  -----  ---------  --------  ----------  --------------  -------------------
/opt/airflow/dags/retailco_dag.py                           1           0  0.17s           2026-06-01T05:39:29
================================================================================
[2026-06-01T05:40:08.145+0000] {manager.py:737} INFO - Searching for files in /opt/airflow/dags
[2026-06-01T05:40:08.183+0000] {manager.py:740} INFO - There are 1 files in /opt/airflow/dags
[2026-06-01T05:40:11.254+0000] {manager.py:878} INFO - 
================================================================================
DAG File Processing Stats

File Path                          PID    Runtime      # DAGs    # Errors  Last Runtime    Last Run
---------------------------------  -----  ---------  --------  ----------  --------------  -------------------
/opt/airflow/dags/retailco_dag.py                           1           0  0.18s           2026-06-01T05:40:00
================================================================================
[2026-06-01T05:40:41.684+0000] {manager.py:878} INFO - 
================================================================================
DAG File Processing Stats

File Path                          PID    Runtime      # DAGs    # Errors  Last Runtime    Last Run
---------------------------------  -----  ---------  --------  ----------  --------------  -------------------
/opt/airflow/dags/retailco_dag.py                           1           0  0.17s           2026-06-01T05:40:30
================================================================================
[2026-06-01T05:41:12.137+0000] {manager.py:878} INFO - 
================================================================================
DAG File Processing Stats

File Path                          PID    Runtime      # DAGs    # Errors  Last Runtime    Last Run
---------------------------------  -----  ---------  --------  ----------  --------------  -------------------
/opt/airflow/dags/retailco_dag.py                           1           0  0.17s           2026-06-01T05:41:01
================================================================================
[2026-06-01T05:41:42.554+0000] {manager.py:878} INFO - 
================================================================================
DAG File Processing Stats

File Path                          PID    Runtime      # DAGs    # Errors  Last Runtime    Last Run
---------------------------------  -----  ---------  --------  ----------  --------------  -------------------
/opt/airflow/dags/retailco_dag.py                           1           0  0.25s           2026-06-01T05:41:31
================================================================================
[2026-06-01T05:42:12.916+0000] {manager.py:878} INFO - 
================================================================================
DAG File Processing Stats

File Path                          PID    Runtime      # DAGs    # Errors  Last Runtime    Last Run
---------------------------------  -----  ---------  --------  ----------  --------------  -------------------
/opt/airflow/dags/retailco_dag.py                           1           0  0.16s           2026-06-01T05:42:01
================================================================================
[2026-06-01T05:42:43.380+0000] {manager.py:878} INFO - 
================================================================================
DAG File Processing Stats

File Path                          PID    Runtime      # DAGs    # Errors  Last Runtime    Last Run
---------------------------------  -----  ---------  --------  ----------  --------------  -------------------
/opt/airflow/dags/retailco_dag.py                           1           0  0.16s           2026-06-01T05:42:32
================================================================================
[2026-06-01T05:43:13.808+0000] {manager.py:878} INFO - 
================================================================================
DAG File Processing Stats

File Path                          PID    Runtime      # DAGs    # Errors  Last Runtime    Last Run
---------------------------------  -----  ---------  --------  ----------  --------------  -------------------
/opt/airflow/dags/retailco_dag.py                           1           0  0.18s           2026-06-01T05:43:02
================================================================================
[2026-06-01T05:43:44.206+0000] {manager.py:878} INFO - 
================================================================================
DAG File Processing Stats

File Path                          PID    Runtime      # DAGs    # Errors  Last Runtime    Last Run
---------------------------------  -----  ---------  --------  ----------  --------------  -------------------
/opt/airflow/dags/retailco_dag.py                           1           0  0.35s           2026-06-01T05:43:33
================================================================================
[2026-06-01T05:44:14.570+0000] {manager.py:878} INFO - 
================================================================================
DAG File Processing Stats

File Path                          PID    Runtime      # DAGs    # Errors  Last Runtime    Last Run
---------------------------------  -----  ---------  --------  ----------  --------------  -------------------
/opt/airflow/dags/retailco_dag.py                           1           0  0.16s           2026-06-01T05:44:03
================================================================================
[2026-06-01T05:44:45.117+0000] {manager.py:878} INFO - 
================================================================================
DAG File Processing Stats

File Path                          PID    Runtime      # DAGs    # Errors  Last Runtime    Last Run
---------------------------------  -----  ---------  --------  ----------  --------------  -------------------
/opt/airflow/dags/retailco_dag.py                           1           0  0.18s           2026-06-01T05:44:34
================================================================================
[2026-06-01T05:45:08.525+0000] {manager.py:737} INFO - Searching for files in /opt/airflow/dags
[2026-06-01T05:45:08.567+0000] {manager.py:740} INFO - There are 1 files in /opt/airflow/dags
[2026-06-01T05:45:15.649+0000] {manager.py:878} INFO - 
================================================================================
DAG File Processing Stats

File Path                          PID    Runtime      # DAGs    # Errors  Last Runtime    Last Run
---------------------------------  -----  ---------  --------  ----------  --------------  -------------------
/opt/airflow/dags/retailco_dag.py                           1           0  0.17s           2026-06-01T05:45:04
================================================================================
[2026-06-01T05:45:46.025+0000] {manager.py:878} INFO - 
================================================================================
DAG File Processing Stats

File Path                          PID    Runtime      # DAGs    # Errors  Last Runtime    Last Run
---------------------------------  -----  ---------  --------  ----------  --------------  -------------------
/opt/airflow/dags/retailco_dag.py                           1           0  0.17s           2026-06-01T05:45:35
================================================================================
[2026-06-01T05:46:16.413+0000] {manager.py:878} INFO - 
================================================================================
DAG File Processing Stats

File Path                          PID    Runtime      # DAGs    # Errors  Last Runtime    Last Run
---------------------------------  -----  ---------  --------  ----------  --------------  -------------------
/opt/airflow/dags/retailco_dag.py                           1           0  0.18s           2026-06-01T05:46:05
================================================================================
[2026-06-01T05:46:46.750+0000] {manager.py:878} INFO - 
================================================================================
DAG File Processing Stats

File Path                          PID    Runtime      # DAGs    # Errors  Last Runtime    Last Run
---------------------------------  -----  ---------  --------  ----------  --------------  -------------------
/opt/airflow/dags/retailco_dag.py                           1           0  0.18s           2026-06-01T05:46:35
================================================================================
[2026-06-01T05:47:17.123+0000] {manager.py:878} INFO - 
================================================================================
DAG File Processing Stats

File Path                          PID    Runtime      # DAGs    # Errors  Last Runtime    Last Run
---------------------------------  -----  ---------  --------  ----------  --------------  -------------------
/opt/airflow/dags/retailco_dag.py                           1           0  0.16s           2026-06-01T05:47:06
================================================================================
[2026-06-01T05:47:47.538+0000] {manager.py:878} INFO - 
================================================================================
DAG File Processing Stats

File Path                          PID    Runtime      # DAGs    # Errors  Last Runtime    Last Run
---------------------------------  -----  ---------  --------  ----------  --------------  -------------------
/opt/airflow/dags/retailco_dag.py                           1           0  0.16s           2026-06-01T05:47:36
================================================================================
[2026-06-01T05:48:17.991+0000] {manager.py:878} INFO - 
================================================================================
DAG File Processing Stats

File Path                          PID    Runtime      # DAGs    # Errors  Last Runtime    Last Run
---------------------------------  -----  ---------  --------  ----------  --------------  -------------------
/opt/airflow/dags/retailco_dag.py                           1           0  0.17s           2026-06-01T05:48:06
================================================================================
[2026-06-01T05:48:48.538+0000] {manager.py:878} INFO - 
================================================================================
DAG File Processing Stats

File Path                          PID    Runtime      # DAGs    # Errors  Last Runtime    Last Run
---------------------------------  -----  ---------  --------  ----------  --------------  -------------------
/opt/airflow/dags/retailco_dag.py                           1           0  0.17s           2026-06-01T05:48:37
================================================================================
[2026-06-01T05:49:18.864+0000] {manager.py:878} INFO - 
================================================================================
DAG File Processing Stats

File Path                          PID    Runtime      # DAGs    # Errors  Last Runtime    Last Run
---------------------------------  -----  ---------  --------  ----------  --------------  -------------------
/opt/airflow/dags/retailco_dag.py                           1           0  0.17s           2026-06-01T05:49:07
================================================================================
[2026-06-01T05:49:49.424+0000] {manager.py:878} INFO - 
================================================================================
DAG File Processing Stats

File Path                          PID    Runtime      # DAGs    # Errors  Last Runtime    Last Run
---------------------------------  -----  ---------  --------  ----------  --------------  -------------------
/opt/airflow/dags/retailco_dag.py                           1           0  0.22s           2026-06-01T05:49:38
================================================================================
[2026-06-01T05:50:08.632+0000] {manager.py:737} INFO - Searching for files in /opt/airflow/dags
[2026-06-01T05:50:08.679+0000] {manager.py:740} INFO - There are 1 files in /opt/airflow/dags
[2026-06-01T05:50:19.871+0000] {manager.py:878} INFO - 
================================================================================
DAG File Processing Stats

File Path                          PID    Runtime      # DAGs    # Errors  Last Runtime    Last Run
---------------------------------  -----  ---------  --------  ----------  --------------  -------------------
/opt/airflow/dags/retailco_dag.py                           1           0  0.22s           2026-06-01T05:50:08
================================================================================
[2026-06-01T05:50:50.281+0000] {manager.py:878} INFO - 
================================================================================
DAG File Processing Stats

File Path                          PID    Runtime      # DAGs    # Errors  Last Runtime    Last Run
---------------------------------  -----  ---------  --------  ----------  --------------  -------------------
/opt/airflow/dags/retailco_dag.py                           1           0  0.18s           2026-06-01T05:50:39
================================================================================
[2026-06-01T05:51:20.725+0000] {manager.py:878} INFO - 
================================================================================
DAG File Processing Stats

File Path                          PID    Runtime      # DAGs    # Errors  Last Runtime    Last Run
---------------------------------  -----  ---------  --------  ----------  --------------  -------------------
/opt/airflow/dags/retailco_dag.py                           1           0  0.17s           2026-06-01T05:51:09
================================================================================
[2026-06-01T05:51:51.234+0000] {manager.py:878} INFO - 
================================================================================
DAG File Processing Stats

File Path                          PID    Runtime      # DAGs    # Errors  Last Runtime    Last Run
---------------------------------  -----  ---------  --------  ----------  --------------  -------------------
/opt/airflow/dags/retailco_dag.py                           1           0  0.18s           2026-06-01T05:51:40
================================================================================
[2026-06-01T05:52:21.664+0000] {manager.py:878} INFO - 
================================================================================
DAG File Processing Stats

File Path                          PID    Runtime      # DAGs    # Errors  Last Runtime    Last Run
---------------------------------  -----  ---------  --------  ----------  --------------  -------------------
/opt/airflow/dags/retailco_dag.py                           1           0  0.19s           2026-06-01T05:52:10
================================================================================
[2026-06-01T05:52:52.109+0000] {manager.py:878} INFO - 
================================================================================
DAG File Processing Stats

File Path                          PID    Runtime      # DAGs    # Errors  Last Runtime    Last Run
---------------------------------  -----  ---------  --------  ----------  --------------  -------------------
/opt/airflow/dags/retailco_dag.py                           1           0  0.17s           2026-06-01T05:52:41
================================================================================
[2026-06-01T05:53:22.418+0000] {manager.py:878} INFO - 
================================================================================
DAG File Processing Stats

File Path                          PID    Runtime      # DAGs    # Errors  Last Runtime    Last Run
---------------------------------  -----  ---------  --------  ----------  --------------  -------------------
/opt/airflow/dags/retailco_dag.py                           1           0  0.16s           2026-06-01T05:53:11
================================================================================
[2026-06-01T05:53:52.799+0000] {manager.py:878} INFO - 
================================================================================
DAG File Processing Stats

File Path                          PID    Runtime      # DAGs    # Errors  Last Runtime    Last Run
---------------------------------  -----  ---------  --------  ----------  --------------  -------------------
/opt/airflow/dags/retailco_dag.py                           1           0  0.17s           2026-06-01T05:53:41
================================================================================
[2026-06-01T05:54:23.221+0000] {manager.py:878} INFO - 
================================================================================
DAG File Processing Stats

File Path                          PID    Runtime      # DAGs    # Errors  Last Runtime    Last Run
---------------------------------  -----  ---------  --------  ----------  --------------  -------------------
/opt/airflow/dags/retailco_dag.py                           1           0  0.24s           2026-06-01T05:54:12
================================================================================
[2026-06-01T05:54:53.636+0000] {manager.py:878} INFO - 
================================================================================
DAG File Processing Stats

File Path                          PID    Runtime      # DAGs    # Errors  Last Runtime    Last Run
---------------------------------  -----  ---------  --------  ----------  --------------  -------------------
/opt/airflow/dags/retailco_dag.py                           1           0  0.17s           2026-06-01T05:54:42
================================================================================
[2026-06-01T05:55:08.745+0000] {manager.py:737} INFO - Searching for files in /opt/airflow/dags
[2026-06-01T05:55:08.776+0000] {manager.py:740} INFO - There are 1 files in /opt/airflow/dags
[2026-06-01T05:55:23.953+0000] {manager.py:878} INFO - 
================================================================================
DAG File Processing Stats

File Path                          PID    Runtime      # DAGs    # Errors  Last Runtime    Last Run
---------------------------------  -----  ---------  --------  ----------  --------------  -------------------
/opt/airflow/dags/retailco_dag.py                           1           0  0.16s           2026-06-01T05:55:12
================================================================================
[2026-06-01T05:55:54.530+0000] {manager.py:878} INFO - 
================================================================================
DAG File Processing Stats

File Path                          PID    Runtime      # DAGs    # Errors  Last Runtime    Last Run
---------------------------------  -----  ---------  --------  ----------  --------------  -------------------
/opt/airflow/dags/retailco_dag.py                           1           0  1.50s           2026-06-01T05:55:44
================================================================================
[2026-06-01T05:56:25.082+0000] {manager.py:878} INFO - 
================================================================================
DAG File Processing Stats

File Path                          PID    Runtime      # DAGs    # Errors  Last Runtime    Last Run
---------------------------------  -----  ---------  --------  ----------  --------------  -------------------
/opt/airflow/dags/retailco_dag.py                           1           0  0.35s           2026-06-01T05:56:15
================================================================================
[2026-06-01T05:56:55.446+0000] {manager.py:878} INFO - 
================================================================================
DAG File Processing Stats

File Path                          PID    Runtime      # DAGs    # Errors  Last Runtime    Last Run
---------------------------------  -----  ---------  --------  ----------  --------------  -------------------
/opt/airflow/dags/retailco_dag.py                           1           0  0.17s           2026-06-01T05:56:45
================================================================================
[2026-06-01T05:57:25.784+0000] {manager.py:878} INFO - 
================================================================================
DAG File Processing Stats

File Path                          PID    Runtime      # DAGs    # Errors  Last Runtime    Last Run
---------------------------------  -----  ---------  --------  ----------  --------------  -------------------
/opt/airflow/dags/retailco_dag.py                           1           0  0.16s           2026-06-01T05:57:15
================================================================================
[2026-06-01T05:57:56.124+0000] {manager.py:878} INFO - 
================================================================================
DAG File Processing Stats

File Path                          PID    Runtime      # DAGs    # Errors  Last Runtime    Last Run
---------------------------------  -----  ---------  --------  ----------  --------------  -------------------
/opt/airflow/dags/retailco_dag.py                           1           0  0.17s           2026-06-01T05:57:46
================================================================================
[2026-06-01T05:58:26.622+0000] {manager.py:878} INFO - 
================================================================================
DAG File Processing Stats

File Path                          PID    Runtime      # DAGs    # Errors  Last Runtime    Last Run
---------------------------------  -----  ---------  --------  ----------  --------------  -------------------
/opt/airflow/dags/retailco_dag.py                           1           0  0.53s           2026-06-01T05:58:16
================================================================================
[2026-06-01T05:58:57.393+0000] {manager.py:878} INFO - 
================================================================================
DAG File Processing Stats

File Path                          PID    Runtime      # DAGs    # Errors  Last Runtime    Last Run
---------------------------------  -----  ---------  --------  ----------  --------------  -------------------
/opt/airflow/dags/retailco_dag.py                           1           0  0.17s           2026-06-01T05:58:47
================================================================================
[2026-06-01T05:59:27.850+0000] {manager.py:878} INFO - 
================================================================================
DAG File Processing Stats

File Path                          PID    Runtime      # DAGs    # Errors  Last Runtime    Last Run
---------------------------------  -----  ---------  --------  ----------  --------------  -------------------
/opt/airflow/dags/retailco_dag.py                           1           0  0.16s           2026-06-01T05:59:17
================================================================================
[2026-06-01T05:59:58.310+0000] {manager.py:878} INFO - 
================================================================================
DAG File Processing Stats

File Path                          PID    Runtime      # DAGs    # Errors  Last Runtime    Last Run
---------------------------------  -----  ---------  --------  ----------  --------------  -------------------
/opt/airflow/dags/retailco_dag.py                           1           0  0.27s           2026-06-01T05:59:48
================================================================================
[2026-06-01T06:00:09.418+0000] {manager.py:737} INFO - Searching for files in /opt/airflow/dags
[2026-06-01T06:00:09.482+0000] {manager.py:740} INFO - There are 1 files in /opt/airflow/dags
[2026-06-01T06:00:28.801+0000] {manager.py:878} INFO - 
================================================================================
DAG File Processing Stats

File Path                          PID    Runtime      # DAGs    # Errors  Last Runtime    Last Run
---------------------------------  -----  ---------  --------  ----------  --------------  -------------------
/opt/airflow/dags/retailco_dag.py                           1           0  0.18s           2026-06-01T06:00:18
================================================================================
[2026-06-01T06:00:59.256+0000] {manager.py:878} INFO - 
================================================================================
DAG File Processing Stats

File Path                          PID    Runtime      # DAGs    # Errors  Last Runtime    Last Run
---------------------------------  -----  ---------  --------  ----------  --------------  -------------------
/opt/airflow/dags/retailco_dag.py                           1           0  0.28s           2026-06-01T06:00:49
================================================================================
[2026-06-01T06:01:29.685+0000] {manager.py:878} INFO - 
================================================================================
DAG File Processing Stats

File Path                          PID    Runtime      # DAGs    # Errors  Last Runtime    Last Run
---------------------------------  -----  ---------  --------  ----------  --------------  -------------------
/opt/airflow/dags/retailco_dag.py                           1           0  0.16s           2026-06-01T06:01:19
================================================================================
[2026-06-01T06:02:00.109+0000] {manager.py:878} INFO - 
================================================================================
DAG File Processing Stats

File Path                          PID    Runtime      # DAGs    # Errors  Last Runtime    Last Run
---------------------------------  -----  ---------  --------  ----------  --------------  -------------------
/opt/airflow/dags/retailco_dag.py                           1           0  0.16s           2026-06-01T06:01:50
================================================================================
[2026-06-01T06:02:30.582+0000] {manager.py:878} INFO - 
================================================================================
DAG File Processing Stats

File Path                          PID    Runtime      # DAGs    # Errors  Last Runtime    Last Run
---------------------------------  -----  ---------  --------  ----------  --------------  -------------------
/opt/airflow/dags/retailco_dag.py                           1           0  0.18s           2026-06-01T06:02:20
================================================================================
[2026-06-01T06:03:01.033+0000] {manager.py:878} INFO - 
================================================================================
DAG File Processing Stats

File Path                          PID    Runtime      # DAGs    # Errors  Last Runtime    Last Run
---------------------------------  -----  ---------  --------  ----------  --------------  -------------------
/opt/airflow/dags/retailco_dag.py                           1           0  0.18s           2026-06-01T06:02:51
================================================================================
[2026-06-01T06:03:31.426+0000] {manager.py:878} INFO - 
================================================================================
DAG File Processing Stats

File Path                          PID    Runtime      # DAGs    # Errors  Last Runtime    Last Run
---------------------------------  -----  ---------  --------  ----------  --------------  -------------------
/opt/airflow/dags/retailco_dag.py                           1           0  0.18s           2026-06-01T06:03:21
================================================================================
[2026-06-01T06:04:01.827+0000] {manager.py:878} INFO - 
================================================================================
DAG File Processing Stats

File Path                          PID    Runtime      # DAGs    # Errors  Last Runtime    Last Run
---------------------------------  -----  ---------  --------  ----------  --------------  -------------------
/opt/airflow/dags/retailco_dag.py                           1           0  0.18s           2026-06-01T06:03:51
================================================================================
[2026-06-01T06:04:32.298+0000] {manager.py:878} INFO - 
================================================================================
DAG File Processing Stats

File Path                          PID    Runtime      # DAGs    # Errors  Last Runtime    Last Run
---------------------------------  -----  ---------  --------  ----------  --------------  -------------------
/opt/airflow/dags/retailco_dag.py                           1           0  0.23s           2026-06-01T06:04:22
================================================================================
[2026-06-01T06:05:02.815+0000] {manager.py:878} INFO - 
================================================================================
DAG File Processing Stats

File Path                          PID    Runtime      # DAGs    # Errors  Last Runtime    Last Run
---------------------------------  -----  ---------  --------  ----------  --------------  -------------------
/opt/airflow/dags/retailco_dag.py                           1           0  0.23s           2026-06-01T06:04:52
================================================================================
[2026-06-01T06:05:09.859+0000] {manager.py:737} INFO - Searching for files in /opt/airflow/dags
[2026-06-01T06:05:09.896+0000] {manager.py:740} INFO - There are 1 files in /opt/airflow/dags
[2026-06-01T06:05:33.190+0000] {manager.py:878} INFO - 
================================================================================
DAG File Processing Stats

File Path                          PID    Runtime      # DAGs    # Errors  Last Runtime    Last Run
---------------------------------  -----  ---------  --------  ----------  --------------  -------------------
/opt/airflow/dags/retailco_dag.py                           1           0  0.16s           2026-06-01T06:05:23
================================================================================
[2026-06-01T06:06:03.679+0000] {manager.py:878} INFO - 
================================================================================
DAG File Processing Stats

File Path                          PID    Runtime      # DAGs    # Errors  Last Runtime    Last Run
---------------------------------  -----  ---------  --------  ----------  --------------  -------------------
/opt/airflow/dags/retailco_dag.py                           1           0  0.30s           2026-06-01T06:05:53
================================================================================
[2026-06-01T06:06:34.208+0000] {manager.py:878} INFO - 
================================================================================
DAG File Processing Stats

File Path                          PID    Runtime      # DAGs    # Errors  Last Runtime    Last Run
---------------------------------  -----  ---------  --------  ----------  --------------  -------------------
/opt/airflow/dags/retailco_dag.py                           1           0  0.18s           2026-06-01T06:06:24
================================================================================
[2026-06-01T06:07:04.549+0000] {manager.py:878} INFO - 
================================================================================
DAG File Processing Stats

File Path                          PID    Runtime      # DAGs    # Errors  Last Runtime    Last Run
---------------------------------  -----  ---------  --------  ----------  --------------  -------------------
/opt/airflow/dags/retailco_dag.py                           1           0  0.16s           2026-06-01T06:06:54
================================================================================
[2026-06-01T06:07:35.012+0000] {manager.py:878} INFO - 
================================================================================
DAG File Processing Stats

File Path                          PID    Runtime      # DAGs    # Errors  Last Runtime    Last Run
---------------------------------  -----  ---------  --------  ----------  --------------  -------------------
/opt/airflow/dags/retailco_dag.py                           1           0  0.20s           2026-06-01T06:07:24
================================================================================
[2026-06-01T06:08:05.554+0000] {manager.py:878} INFO - 
================================================================================
DAG File Processing Stats

File Path                          PID    Runtime      # DAGs    # Errors  Last Runtime    Last Run
---------------------------------  -----  ---------  --------  ----------  --------------  -------------------
/opt/airflow/dags/retailco_dag.py                           1           0  0.18s           2026-06-01T06:07:55
================================================================================
[2026-06-01T06:08:36.063+0000] {manager.py:878} INFO - 
================================================================================
DAG File Processing Stats

File Path                          PID    Runtime      # DAGs    # Errors  Last Runtime    Last Run
---------------------------------  -----  ---------  --------  ----------  --------------  -------------------
/opt/airflow/dags/retailco_dag.py                           1           0  0.23s           2026-06-01T06:08:26
================================================================================
[2026-06-01T06:09:06.557+0000] {manager.py:878} INFO - 
================================================================================
DAG File Processing Stats

File Path                          PID    Runtime      # DAGs    # Errors  Last Runtime    Last Run
---------------------------------  -----  ---------  --------  ----------  --------------  -------------------
/opt/airflow/dags/retailco_dag.py                           1           0  0.16s           2026-06-01T06:08:56
================================================================================
[2026-06-01T06:09:36.964+0000] {manager.py:878} INFO - 
================================================================================
DAG File Processing Stats

File Path                          PID    Runtime      # DAGs    # Errors  Last Runtime    Last Run
---------------------------------  -----  ---------  --------  ----------  --------------  -------------------
/opt/airflow/dags/retailco_dag.py                           1           0  0.19s           2026-06-01T06:09:26
================================================================================
[2026-06-01T06:10:07.368+0000] {manager.py:878} INFO - 
================================================================================
DAG File Processing Stats

File Path                          PID    Runtime      # DAGs    # Errors  Last Runtime    Last Run
---------------------------------  -----  ---------  --------  ----------  --------------  -------------------
/opt/airflow/dags/retailco_dag.py                           1           0  0.17s           2026-06-01T06:09:57
================================================================================
[2026-06-01T06:10:10.412+0000] {manager.py:737} INFO - Searching for files in /opt/airflow/dags
[2026-06-01T06:10:10.468+0000] {manager.py:740} INFO - There are 1 files in /opt/airflow/dags
[2026-06-01T06:10:37.841+0000] {manager.py:878} INFO - 
================================================================================
DAG File Processing Stats

File Path                          PID    Runtime      # DAGs    # Errors  Last Runtime    Last Run
---------------------------------  -----  ---------  --------  ----------  --------------  -------------------
/opt/airflow/dags/retailco_dag.py                           1           0  0.17s           2026-06-01T06:10:27
================================================================================
[2026-06-01T06:11:08.242+0000] {manager.py:878} INFO - 
================================================================================
DAG File Processing Stats

File Path                          PID    Runtime      # DAGs    # Errors  Last Runtime    Last Run
---------------------------------  -----  ---------  --------  ----------  --------------  -------------------
/opt/airflow/dags/retailco_dag.py                           1           0  0.21s           2026-06-01T06:10:58
================================================================================
[2026-06-01T06:11:38.679+0000] {manager.py:878} INFO - 
================================================================================
DAG File Processing Stats

File Path                          PID    Runtime      # DAGs    # Errors  Last Runtime    Last Run
---------------------------------  -----  ---------  --------  ----------  --------------  -------------------
/opt/airflow/dags/retailco_dag.py                           1           0  0.16s           2026-06-01T06:11:28
================================================================================
[2026-06-01T06:12:09.031+0000] {manager.py:878} INFO - 
================================================================================
DAG File Processing Stats

File Path                          PID    Runtime      # DAGs    # Errors  Last Runtime    Last Run
---------------------------------  -----  ---------  --------  ----------  --------------  -------------------
/opt/airflow/dags/retailco_dag.py                           1           0  0.18s           2026-06-01T06:11:59
================================================================================
[2026-06-01T06:12:39.504+0000] {manager.py:878} INFO - 
================================================================================
DAG File Processing Stats

File Path                          PID    Runtime      # DAGs    # Errors  Last Runtime    Last Run
---------------------------------  -----  ---------  --------  ----------  --------------  -------------------
/opt/airflow/dags/retailco_dag.py                           1           0  0.18s           2026-06-01T06:12:29
================================================================================
[2026-06-01T06:13:09.881+0000] {manager.py:878} INFO - 
================================================================================
DAG File Processing Stats

File Path                          PID    Runtime      # DAGs    # Errors  Last Runtime    Last Run
---------------------------------  -----  ---------  --------  ----------  --------------  -------------------
/opt/airflow/dags/retailco_dag.py                           1           0  0.18s           2026-06-01T06:12:59
================================================================================
[2026-06-01T06:13:40.340+0000] {manager.py:878} INFO - 
================================================================================
DAG File Processing Stats

File Path                          PID    Runtime      # DAGs    # Errors  Last Runtime    Last Run
---------------------------------  -----  ---------  --------  ----------  --------------  -------------------
/opt/airflow/dags/retailco_dag.py                           1           0  0.17s           2026-06-01T06:13:30
================================================================================
[2026-06-01T06:14:10.686+0000] {manager.py:878} INFO - 
================================================================================
DAG File Processing Stats

File Path                          PID    Runtime      # DAGs    # Errors  Last Runtime    Last Run
---------------------------------  -----  ---------  --------  ----------  --------------  -------------------
/opt/airflow/dags/retailco_dag.py                           1           0  0.18s           2026-06-01T06:14:00
================================================================================
[2026-06-01T06:14:41.143+0000] {manager.py:878} INFO - 
================================================================================
DAG File Processing Stats

File Path                          PID    Runtime      # DAGs    # Errors  Last Runtime    Last Run
---------------------------------  -----  ---------  --------  ----------  --------------  -------------------
/opt/airflow/dags/retailco_dag.py                           1           0  0.18s           2026-06-01T06:14:31
================================================================================
[2026-06-01T06:15:10.477+0000] {manager.py:737} INFO - Searching for files in /opt/airflow/dags
[2026-06-01T06:15:10.508+0000] {manager.py:740} INFO - There are 1 files in /opt/airflow/dags
[2026-06-01T06:15:11.533+0000] {manager.py:878} INFO - 
================================================================================
DAG File Processing Stats

File Path                          PID    Runtime      # DAGs    # Errors  Last Runtime    Last Run
---------------------------------  -----  ---------  --------  ----------  --------------  -------------------
/opt/airflow/dags/retailco_dag.py                           1           0  0.16s           2026-06-01T06:15:01
================================================================================
[2026-06-01T06:15:41.917+0000] {manager.py:878} INFO - 
================================================================================
DAG File Processing Stats

File Path                          PID    Runtime      # DAGs    # Errors  Last Runtime    Last Run
---------------------------------  -----  ---------  --------  ----------  --------------  -------------------
/opt/airflow/dags/retailco_dag.py                           1           0  0.16s           2026-06-01T06:15:31
================================================================================
[2026-06-01T06:16:12.322+0000] {manager.py:878} INFO - 
================================================================================
DAG File Processing Stats

File Path                          PID    Runtime      # DAGs    # Errors  Last Runtime    Last Run
---------------------------------  -----  ---------  --------  ----------  --------------  -------------------
/opt/airflow/dags/retailco_dag.py                           1           0  0.17s           2026-06-01T06:16:02
================================================================================
[2026-06-01T06:16:42.721+0000] {manager.py:878} INFO - 
================================================================================
DAG File Processing Stats

File Path                          PID    Runtime      # DAGs    # Errors  Last Runtime    Last Run
---------------------------------  -----  ---------  --------  ----------  --------------  -------------------
/opt/airflow/dags/retailco_dag.py                           1           0  0.17s           2026-06-01T06:16:32
================================================================================
[2026-06-01T06:17:13.011+0000] {manager.py:878} INFO - 
================================================================================
DAG File Processing Stats

File Path                          PID    Runtime      # DAGs    # Errors  Last Runtime    Last Run
---------------------------------  -----  ---------  --------  ----------  --------------  -------------------
/opt/airflow/dags/retailco_dag.py                           1           0  0.32s           2026-06-01T06:17:03
================================================================================
[2026-06-01T06:17:43.671+0000] {manager.py:878} INFO - 
================================================================================
DAG File Processing Stats

File Path                          PID    Runtime      # DAGs    # Errors  Last Runtime    Last Run
---------------------------------  -----  ---------  --------  ----------  --------------  -------------------
/opt/airflow/dags/retailco_dag.py                           1           0  0.19s           2026-06-01T06:17:33
================================================================================
[2026-06-01T06:18:14.153+0000] {manager.py:878} INFO - 
================================================================================
DAG File Processing Stats

File Path                          PID    Runtime      # DAGs    # Errors  Last Runtime    Last Run
---------------------------------  -----  ---------  --------  ----------  --------------  -------------------
/opt/airflow/dags/retailco_dag.py                           1           0  0.23s           2026-06-01T06:18:04
================================================================================
[2026-06-01T06:18:44.563+0000] {manager.py:878} INFO - 
================================================================================
DAG File Processing Stats

File Path                          PID    Runtime      # DAGs    # Errors  Last Runtime    Last Run
---------------------------------  -----  ---------  --------  ----------  --------------  -------------------
/opt/airflow/dags/retailco_dag.py                           1           0  0.22s           2026-06-01T06:18:34
================================================================================
[2026-06-01T06:19:14.835+0000] {manager.py:878} INFO - 
================================================================================
DAG File Processing Stats

File Path                          PID    Runtime      # DAGs    # Errors  Last Runtime    Last Run
---------------------------------  -----  ---------  --------  ----------  --------------  -------------------
/opt/airflow/dags/retailco_dag.py                           1           0  0.17s           2026-06-01T06:19:04
================================================================================
[2026-06-01T06:19:45.337+0000] {manager.py:878} INFO - 
================================================================================
DAG File Processing Stats

File Path                          PID    Runtime      # DAGs    # Errors  Last Runtime    Last Run
---------------------------------  -----  ---------  --------  ----------  --------------  -------------------
/opt/airflow/dags/retailco_dag.py                           1           0  0.16s           2026-06-01T06:19:35
================================================================================
[2026-06-01T06:20:10.671+0000] {manager.py:737} INFO - Searching for files in /opt/airflow/dags
[2026-06-01T06:20:10.712+0000] {manager.py:740} INFO - There are 1 files in /opt/airflow/dags
[2026-06-01T06:20:15.799+0000] {manager.py:878} INFO - 
================================================================================
DAG File Processing Stats

File Path                          PID    Runtime      # DAGs    # Errors  Last Runtime    Last Run
---------------------------------  -----  ---------  --------  ----------  --------------  -------------------
/opt/airflow/dags/retailco_dag.py                           1           0  0.16s           2026-06-01T06:20:05
================================================================================
[2026-06-01T06:20:46.193+0000] {manager.py:878} INFO - 
================================================================================
DAG File Processing Stats

File Path                          PID    Runtime      # DAGs    # Errors  Last Runtime    Last Run
---------------------------------  -----  ---------  --------  ----------  --------------  -------------------
/opt/airflow/dags/retailco_dag.py                           1           0  0.19s           2026-06-01T06:20:36
================================================================================
[2026-06-01T06:21:16.557+0000] {manager.py:878} INFO - 
================================================================================
DAG File Processing Stats

File Path                          PID    Runtime      # DAGs    # Errors  Last Runtime    Last Run
---------------------------------  -----  ---------  --------  ----------  --------------  -------------------
/opt/airflow/dags/retailco_dag.py                           1           0  0.16s           2026-06-01T06:21:06
================================================================================
[2026-06-01T06:21:46.913+0000] {manager.py:878} INFO - 
================================================================================
DAG File Processing Stats

File Path                          PID    Runtime      # DAGs    # Errors  Last Runtime    Last Run
---------------------------------  -----  ---------  --------  ----------  --------------  -------------------
/opt/airflow/dags/retailco_dag.py                           1           0  0.16s           2026-06-01T06:21:36
================================================================================
[2026-06-01T06:22:17.351+0000] {manager.py:878} INFO - 
================================================================================
DAG File Processing Stats

File Path                          PID    Runtime      # DAGs    # Errors  Last Runtime    Last Run
---------------------------------  -----  ---------  --------  ----------  --------------  -------------------
/opt/airflow/dags/retailco_dag.py                           1           0  0.17s           2026-06-01T06:22:07
================================================================================
[2026-06-01T06:22:47.707+0000] {manager.py:878} INFO - 
================================================================================
DAG File Processing Stats

File Path                          PID    Runtime      # DAGs    # Errors  Last Runtime    Last Run
---------------------------------  -----  ---------  --------  ----------  --------------  -------------------
/opt/airflow/dags/retailco_dag.py                           1           0  0.21s           2026-06-01T06:22:37
================================================================================
[2026-06-01T06:23:18.166+0000] {manager.py:878} INFO - 
================================================================================
DAG File Processing Stats

File Path                          PID    Runtime      # DAGs    # Errors  Last Runtime    Last Run
---------------------------------  -----  ---------  --------  ----------  --------------  -------------------
/opt/airflow/dags/retailco_dag.py                           1           0  0.18s           2026-06-01T06:23:08
================================================================================
[2026-06-01T06:23:48.542+0000] {manager.py:878} INFO - 
================================================================================
DAG File Processing Stats

File Path                          PID    Runtime      # DAGs    # Errors  Last Runtime    Last Run
---------------------------------  -----  ---------  --------  ----------  --------------  -------------------
/opt/airflow/dags/retailco_dag.py                           1           0  0.15s           2026-06-01T06:23:38
================================================================================
[2026-06-01T06:24:19.060+0000] {manager.py:878} INFO - 
================================================================================
DAG File Processing Stats

File Path                          PID    Runtime      # DAGs    # Errors  Last Runtime    Last Run
---------------------------------  -----  ---------  --------  ----------  --------------  -------------------
/opt/airflow/dags/retailco_dag.py                           1           0  0.18s           2026-06-01T06:24:09
================================================================================
[2026-06-01T06:24:49.683+0000] {manager.py:878} INFO - 
================================================================================
DAG File Processing Stats

File Path                          PID    Runtime      # DAGs    # Errors  Last Runtime    Last Run
---------------------------------  -----  ---------  --------  ----------  --------------  -------------------
/opt/airflow/dags/retailco_dag.py                           1           0  0.18s           2026-06-01T06:24:39
================================================================================
[2026-06-01T06:25:10.911+0000] {manager.py:737} INFO - Searching for files in /opt/airflow/dags
[2026-06-01T06:25:10.942+0000] {manager.py:740} INFO - There are 1 files in /opt/airflow/dags
[2026-06-01T06:25:20.038+0000] {manager.py:878} INFO - 
================================================================================
DAG File Processing Stats

File Path                          PID    Runtime      # DAGs    # Errors  Last Runtime    Last Run
---------------------------------  -----  ---------  --------  ----------  --------------  -------------------
/opt/airflow/dags/retailco_dag.py                           1           0  0.15s           2026-06-01T06:25:10
================================================================================
[2026-06-01T06:25:50.607+0000] {manager.py:878} INFO - 
================================================================================
DAG File Processing Stats

File Path                          PID    Runtime      # DAGs    # Errors  Last Runtime    Last Run
---------------------------------  -----  ---------  --------  ----------  --------------  -------------------
/opt/airflow/dags/retailco_dag.py                           1           0  0.17s           2026-06-01T06:25:40
================================================================================
[2026-06-01T06:26:21.053+0000] {manager.py:878} INFO - 
================================================================================
DAG File Processing Stats

File Path                          PID    Runtime      # DAGs    # Errors  Last Runtime    Last Run
---------------------------------  -----  ---------  --------  ----------  --------------  -------------------
/opt/airflow/dags/retailco_dag.py                           1           0  0.17s           2026-06-01T06:26:11
================================================================================
[2026-06-01T06:26:51.593+0000] {manager.py:878} INFO - 
================================================================================
DAG File Processing Stats

File Path                          PID    Runtime      # DAGs    # Errors  Last Runtime    Last Run
---------------------------------  -----  ---------  --------  ----------  --------------  -------------------
/opt/airflow/dags/retailco_dag.py                           1           0  0.16s           2026-06-01T06:26:41
================================================================================
[2026-06-01T06:27:21.965+0000] {manager.py:878} INFO - 
================================================================================
DAG File Processing Stats

File Path                          PID    Runtime      # DAGs    # Errors  Last Runtime    Last Run
---------------------------------  -----  ---------  --------  ----------  --------------  -------------------
/opt/airflow/dags/retailco_dag.py                           1           0  0.16s           2026-06-01T06:27:11
================================================================================
[2026-06-01T06:27:52.499+0000] {manager.py:878} INFO - 
================================================================================
DAG File Processing Stats

File Path                          PID    Runtime      # DAGs    # Errors  Last Runtime    Last Run
---------------------------------  -----  ---------  --------  ----------  --------------  -------------------
/opt/airflow/dags/retailco_dag.py                           1           0  0.29s           2026-06-01T06:27:42
================================================================================
[2026-06-01T06:28:23.139+0000] {manager.py:878} INFO - 
================================================================================
DAG File Processing Stats

File Path                          PID    Runtime      # DAGs    # Errors  Last Runtime    Last Run
---------------------------------  -----  ---------  --------  ----------  --------------  -------------------
/opt/airflow/dags/retailco_dag.py                           1           0  0.26s           2026-06-01T06:28:13
================================================================================
[2026-06-01T06:28:53.709+0000] {manager.py:878} INFO - 
================================================================================
DAG File Processing Stats

File Path                          PID    Runtime      # DAGs    # Errors  Last Runtime    Last Run
---------------------------------  -----  ---------  --------  ----------  --------------  -------------------
/opt/airflow/dags/retailco_dag.py                           1           0  0.16s           2026-06-01T06:28:43
================================================================================
[2026-06-01T06:29:24.069+0000] {manager.py:878} INFO - 
================================================================================
DAG File Processing Stats

File Path                          PID    Runtime      # DAGs    # Errors  Last Runtime    Last Run
---------------------------------  -----  ---------  --------  ----------  --------------  -------------------
/opt/airflow/dags/retailco_dag.py                           1           0  0.17s           2026-06-01T06:29:14
================================================================================
[2026-06-01T06:29:54.661+0000] {manager.py:878} INFO - 
================================================================================
DAG File Processing Stats

File Path                          PID    Runtime      # DAGs    # Errors  Last Runtime    Last Run
---------------------------------  -----  ---------  --------  ----------  --------------  -------------------
/opt/airflow/dags/retailco_dag.py                           1           0  0.18s           2026-06-01T06:29:44
================================================================================
[2026-06-01T06:30:10.926+0000] {manager.py:737} INFO - Searching for files in /opt/airflow/dags
[2026-06-01T06:30:11.061+0000] {manager.py:740} INFO - There are 1 files in /opt/airflow/dags
[2026-06-01T06:30:25.276+0000] {manager.py:878} INFO - 
================================================================================
DAG File Processing Stats

File Path                          PID    Runtime      # DAGs    # Errors  Last Runtime    Last Run
---------------------------------  -----  ---------  --------  ----------  --------------  -------------------
/opt/airflow/dags/retailco_dag.py                           1           0  0.17s           2026-06-01T06:30:15
================================================================================
[2026-06-01T06:30:55.743+0000] {manager.py:878} INFO - 
================================================================================
DAG File Processing Stats

File Path                          PID    Runtime      # DAGs    # Errors  Last Runtime    Last Run
---------------------------------  -----  ---------  --------  ----------  --------------  -------------------
/opt/airflow/dags/retailco_dag.py                           1           0  0.17s           2026-06-01T06:30:45
================================================================================
[2026-06-01T06:31:26.127+0000] {manager.py:878} INFO - 
================================================================================
DAG File Processing Stats

File Path                          PID    Runtime      # DAGs    # Errors  Last Runtime    Last Run
---------------------------------  -----  ---------  --------  ----------  --------------  -------------------
/opt/airflow/dags/retailco_dag.py                           1           0  0.20s           2026-06-01T06:31:16
================================================================================
[2026-06-01T06:31:56.729+0000] {manager.py:878} INFO - 
================================================================================
DAG File Processing Stats

File Path                          PID    Runtime      # DAGs    # Errors  Last Runtime    Last Run
---------------------------------  -----  ---------  --------  ----------  --------------  -------------------
/opt/airflow/dags/retailco_dag.py                           1           0  0.19s           2026-06-01T06:31:46
================================================================================
[2026-06-01T06:32:27.195+0000] {manager.py:878} INFO - 
================================================================================
DAG File Processing Stats

File Path                          PID    Runtime      # DAGs    # Errors  Last Runtime    Last Run
---------------------------------  -----  ---------  --------  ----------  --------------  -------------------
/opt/airflow/dags/retailco_dag.py                           1           0  0.16s           2026-06-01T06:32:17
================================================================================
[2026-06-01T06:32:57.803+0000] {manager.py:878} INFO - 
================================================================================
DAG File Processing Stats

File Path                          PID    Runtime      # DAGs    # Errors  Last Runtime    Last Run
---------------------------------  -----  ---------  --------  ----------  --------------  -------------------
/opt/airflow/dags/retailco_dag.py                           1           0  0.29s           2026-06-01T06:32:47
================================================================================
[2026-06-01T06:33:28.304+0000] {manager.py:878} INFO - 
================================================================================
DAG File Processing Stats

File Path                          PID    Runtime      # DAGs    # Errors  Last Runtime    Last Run
---------------------------------  -----  ---------  --------  ----------  --------------  -------------------
/opt/airflow/dags/retailco_dag.py                           1           0  0.18s           2026-06-01T06:33:18
================================================================================
[2026-06-01T06:33:58.801+0000] {manager.py:878} INFO - 
================================================================================
DAG File Processing Stats

File Path                          PID    Runtime      # DAGs    # Errors  Last Runtime    Last Run
---------------------------------  -----  ---------  --------  ----------  --------------  -------------------
/opt/airflow/dags/retailco_dag.py                           1           0  0.17s           2026-06-01T06:33:48
================================================================================
[2026-06-01T06:34:29.332+0000] {manager.py:878} INFO - 
================================================================================
DAG File Processing Stats

File Path                          PID    Runtime      # DAGs    # Errors  Last Runtime    Last Run
---------------------------------  -----  ---------  --------  ----------  --------------  -------------------
/opt/airflow/dags/retailco_dag.py                           1           0  0.19s           2026-06-01T06:34:19
================================================================================
[2026-06-01T06:34:59.905+0000] {manager.py:878} INFO - 
================================================================================
DAG File Processing Stats

File Path                          PID    Runtime      # DAGs    # Errors  Last Runtime    Last Run
---------------------------------  -----  ---------  --------  ----------  --------------  -------------------
/opt/airflow/dags/retailco_dag.py                           1           0  0.17s           2026-06-01T06:34:49
================================================================================
[2026-06-01T06:35:10.983+0000] {manager.py:737} INFO - Searching for files in /opt/airflow/dags
[2026-06-01T06:35:11.018+0000] {manager.py:740} INFO - There are 1 files in /opt/airflow/dags
[2026-06-01T06:35:30.372+0000] {manager.py:878} INFO - 
================================================================================
DAG File Processing Stats

File Path                          PID    Runtime      # DAGs    # Errors  Last Runtime    Last Run
---------------------------------  -----  ---------  --------  ----------  --------------  -------------------
/opt/airflow/dags/retailco_dag.py                           1           0  0.17s           2026-06-01T06:35:20
================================================================================
[2026-06-01T06:36:00.993+0000] {manager.py:878} INFO - 
================================================================================
DAG File Processing Stats

File Path                          PID    Runtime      # DAGs    # Errors  Last Runtime    Last Run
---------------------------------  -----  ---------  --------  ----------  --------------  -------------------
/opt/airflow/dags/retailco_dag.py                           1           0  0.20s           2026-06-01T06:35:50
================================================================================
[2026-06-01T06:36:31.464+0000] {manager.py:878} INFO - 
================================================================================
DAG File Processing Stats

File Path                          PID    Runtime      # DAGs    # Errors  Last Runtime    Last Run
---------------------------------  -----  ---------  --------  ----------  --------------  -------------------
/opt/airflow/dags/retailco_dag.py                           1           0  0.17s           2026-06-01T06:36:21
================================================================================
[2026-06-01T06:37:02.031+0000] {manager.py:878} INFO - 
================================================================================
DAG File Processing Stats

File Path                          PID    Runtime      # DAGs    # Errors  Last Runtime    Last Run
---------------------------------  -----  ---------  --------  ----------  --------------  -------------------
/opt/airflow/dags/retailco_dag.py                           1           0  0.17s           2026-06-01T06:36:52
================================================================================
[2026-06-01T06:37:32.429+0000] {manager.py:878} INFO - 
================================================================================
DAG File Processing Stats

File Path                          PID    Runtime      # DAGs    # Errors  Last Runtime    Last Run
---------------------------------  -----  ---------  --------  ----------  --------------  -------------------
/opt/airflow/dags/retailco_dag.py                           1           0  0.17s           2026-06-01T06:37:22
================================================================================
[2026-06-01T06:38:02.907+0000] {manager.py:878} INFO - 
================================================================================
DAG File Processing Stats

File Path                          PID    Runtime      # DAGs    # Errors  Last Runtime    Last Run
---------------------------------  -----  ---------  --------  ----------  --------------  -------------------
/opt/airflow/dags/retailco_dag.py                           1           0  0.16s           2026-06-01T06:37:52
================================================================================
[2026-06-01T06:38:33.317+0000] {manager.py:878} INFO - 
================================================================================
DAG File Processing Stats

File Path                          PID    Runtime      # DAGs    # Errors  Last Runtime    Last Run
---------------------------------  -----  ---------  --------  ----------  --------------  -------------------
/opt/airflow/dags/retailco_dag.py                           1           0  0.20s           2026-06-01T06:38:23
================================================================================
[2026-06-01T06:39:03.695+0000] {manager.py:878} INFO - 
================================================================================
DAG File Processing Stats

File Path                          PID    Runtime      # DAGs    # Errors  Last Runtime    Last Run
---------------------------------  -----  ---------  --------  ----------  --------------  -------------------
/opt/airflow/dags/retailco_dag.py                           1           0  0.24s           2026-06-01T06:38:53
================================================================================
[2026-06-01T06:39:34.002+0000] {manager.py:878} INFO - 
================================================================================
DAG File Processing Stats

File Path                          PID    Runtime      # DAGs    # Errors  Last Runtime    Last Run
---------------------------------  -----  ---------  --------  ----------  --------------  -------------------
/opt/airflow/dags/retailco_dag.py                           1           0  0.21s           2026-06-01T06:39:24
================================================================================
[2026-06-01T06:40:04.431+0000] {manager.py:878} INFO - 
================================================================================
DAG File Processing Stats

File Path                          PID    Runtime      # DAGs    # Errors  Last Runtime    Last Run
---------------------------------  -----  ---------  --------  ----------  --------------  -------------------
/opt/airflow/dags/retailco_dag.py                           1           0  0.45s           2026-06-01T06:39:54
================================================================================
[2026-06-01T06:40:11.476+0000] {manager.py:737} INFO - Searching for files in /opt/airflow/dags
[2026-06-01T06:40:11.511+0000] {manager.py:740} INFO - There are 1 files in /opt/airflow/dags
[2026-06-01T06:40:35.048+0000] {manager.py:878} INFO - 
================================================================================
DAG File Processing Stats

File Path                          PID    Runtime      # DAGs    # Errors  Last Runtime    Last Run
---------------------------------  -----  ---------  --------  ----------  --------------  -------------------
/opt/airflow/dags/retailco_dag.py                           1           0  0.28s           2026-06-01T06:40:25
================================================================================
[2026-06-01T06:41:05.804+0000] {manager.py:878} INFO - 
================================================================================
DAG File Processing Stats

File Path                          PID    Runtime      # DAGs    # Errors  Last Runtime    Last Run
---------------------------------  -----  ---------  --------  ----------  --------------  -------------------
/opt/airflow/dags/retailco_dag.py                           1           0  0.61s           2026-06-01T06:40:56
================================================================================
[2026-06-01T06:41:36.664+0000] {manager.py:878} INFO - 
================================================================================
DAG File Processing Stats

File Path                          PID    Runtime      # DAGs    # Errors  Last Runtime    Last Run
---------------------------------  -----  ---------  --------  ----------  --------------  -------------------
/opt/airflow/dags/retailco_dag.py                           1           0  1.51s           2026-06-01T06:41:28
================================================================================
[2026-06-01T06:42:07.037+0000] {manager.py:878} INFO - 
================================================================================
DAG File Processing Stats

File Path                          PID    Runtime      # DAGs    # Errors  Last Runtime    Last Run
---------------------------------  -----  ---------  --------  ----------  --------------  -------------------
/opt/airflow/dags/retailco_dag.py                           1           0  0.31s           2026-06-01T06:41:59
================================================================================
[2026-06-01T06:42:37.799+0000] {manager.py:878} INFO - 
================================================================================
DAG File Processing Stats

File Path                          PID    Runtime      # DAGs    # Errors  Last Runtime    Last Run
---------------------------------  -----  ---------  --------  ----------  --------------  -------------------
/opt/airflow/dags/retailco_dag.py                           1           0  0.24s           2026-06-01T06:42:29
================================================================================
[2026-06-01T06:43:08.113+0000] {manager.py:878} INFO - 
================================================================================
DAG File Processing Stats

File Path                          PID    Runtime      # DAGs    # Errors  Last Runtime    Last Run
---------------------------------  -----  ---------  --------  ----------  --------------  -------------------
/opt/airflow/dags/retailco_dag.py                           1           0  0.18s           2026-06-01T06:43:00
================================================================================
[2026-06-01T06:43:38.451+0000] {manager.py:878} INFO - 
================================================================================
DAG File Processing Stats

File Path                          PID    Runtime      # DAGs    # Errors  Last Runtime    Last Run
---------------------------------  -----  ---------  --------  ----------  --------------  -------------------
/opt/airflow/dags/retailco_dag.py                           1           0  0.20s           2026-06-01T06:43:30
================================================================================
[2026-06-01T06:44:08.804+0000] {manager.py:878} INFO - 
================================================================================
DAG File Processing Stats

File Path                          PID    Runtime      # DAGs    # Errors  Last Runtime    Last Run
---------------------------------  -----  ---------  --------  ----------  --------------  -------------------
/opt/airflow/dags/retailco_dag.py                           1           0  0.16s           2026-06-01T06:44:00
================================================================================
[2026-06-01T06:44:39.073+0000] {manager.py:878} INFO - 
================================================================================
DAG File Processing Stats

File Path                          PID    Runtime      # DAGs    # Errors  Last Runtime    Last Run
---------------------------------  -----  ---------  --------  ----------  --------------  -------------------
/opt/airflow/dags/retailco_dag.py                           1           0  0.20s           2026-06-01T06:44:31
================================================================================
[2026-06-01T06:45:09.547+0000] {manager.py:878} INFO - 
================================================================================
DAG File Processing Stats

File Path                          PID    Runtime      # DAGs    # Errors  Last Runtime    Last Run
---------------------------------  -----  ---------  --------  ----------  --------------  -------------------
/opt/airflow/dags/retailco_dag.py                           1           0  0.16s           2026-06-01T06:45:01
================================================================================
[2026-06-01T06:45:11.563+0000] {manager.py:737} INFO - Searching for files in /opt/airflow/dags
[2026-06-01T06:45:11.625+0000] {manager.py:740} INFO - There are 1 files in /opt/airflow/dags
[2026-06-01T06:45:40.010+0000] {manager.py:878} INFO - 
================================================================================
DAG File Processing Stats

File Path                          PID    Runtime      # DAGs    # Errors  Last Runtime    Last Run
---------------------------------  -----  ---------  --------  ----------  --------------  -------------------
/opt/airflow/dags/retailco_dag.py                           1           0  0.21s           2026-06-01T06:45:32
================================================================================
[2026-06-01T06:46:10.435+0000] {manager.py:878} INFO - 
================================================================================
DAG File Processing Stats

File Path                          PID    Runtime      # DAGs    # Errors  Last Runtime    Last Run
---------------------------------  -----  ---------  --------  ----------  --------------  -------------------
/opt/airflow/dags/retailco_dag.py                           1           0  0.25s           2026-06-01T06:46:02
================================================================================
[2026-06-01T06:46:40.776+0000] {manager.py:878} INFO - 
================================================================================
DAG File Processing Stats

File Path                          PID    Runtime      # DAGs    # Errors  Last Runtime    Last Run
---------------------------------  -----  ---------  --------  ----------  --------------  -------------------
/opt/airflow/dags/retailco_dag.py                           1           0  0.17s           2026-06-01T06:46:32
================================================================================
[2026-06-01T06:47:11.191+0000] {manager.py:878} INFO - 
================================================================================
DAG File Processing Stats

File Path                          PID    Runtime      # DAGs    # Errors  Last Runtime    Last Run
---------------------------------  -----  ---------  --------  ----------  --------------  -------------------
/opt/airflow/dags/retailco_dag.py                           1           0  0.21s           2026-06-01T06:47:03
================================================================================
[2026-06-01T06:47:41.662+0000] {manager.py:878} INFO - 
================================================================================
DAG File Processing Stats

File Path                          PID    Runtime      # DAGs    # Errors  Last Runtime    Last Run
---------------------------------  -----  ---------  --------  ----------  --------------  -------------------
/opt/airflow/dags/retailco_dag.py                           1           0  0.29s           2026-06-01T06:47:33
================================================================================
[2026-06-01T06:48:12.167+0000] {manager.py:878} INFO - 
================================================================================
DAG File Processing Stats

File Path                          PID    Runtime      # DAGs    # Errors  Last Runtime    Last Run
---------------------------------  -----  ---------  --------  ----------  --------------  -------------------
/opt/airflow/dags/retailco_dag.py                           1           0  0.31s           2026-06-01T06:48:04
================================================================================
[2026-06-01T06:48:42.555+0000] {manager.py:878} INFO - 
================================================================================
DAG File Processing Stats

File Path                          PID    Runtime      # DAGs    # Errors  Last Runtime    Last Run
---------------------------------  -----  ---------  --------  ----------  --------------  -------------------
/opt/airflow/dags/retailco_dag.py                           1           0  0.17s           2026-06-01T06:48:34
================================================================================
[2026-06-01T06:49:12.918+0000] {manager.py:878} INFO - 
================================================================================
DAG File Processing Stats

File Path                          PID    Runtime      # DAGs    # Errors  Last Runtime    Last Run
---------------------------------  -----  ---------  --------  ----------  --------------  -------------------
/opt/airflow/dags/retailco_dag.py                           1           0  0.30s           2026-06-01T06:49:05
================================================================================
[2026-06-01T06:49:43.399+0000] {manager.py:878} INFO - 
================================================================================
DAG File Processing Stats

File Path                          PID    Runtime      # DAGs    # Errors  Last Runtime    Last Run
---------------------------------  -----  ---------  --------  ----------  --------------  -------------------
/opt/airflow/dags/retailco_dag.py                           1           0  0.17s           2026-06-01T06:49:35
================================================================================
[2026-06-01T06:50:11.744+0000] {manager.py:737} INFO - Searching for files in /opt/airflow/dags
[2026-06-01T06:50:11.792+0000] {manager.py:740} INFO - There are 1 files in /opt/airflow/dags
[2026-06-01T06:50:13.834+0000] {manager.py:878} INFO - 
================================================================================
DAG File Processing Stats

File Path                          PID    Runtime      # DAGs    # Errors  Last Runtime    Last Run
---------------------------------  -----  ---------  --------  ----------  --------------  -------------------
/opt/airflow/dags/retailco_dag.py                           1           0  0.17s           2026-06-01T06:50:05
================================================================================
[2026-06-01T06:50:44.180+0000] {manager.py:878} INFO - 
================================================================================
DAG File Processing Stats

File Path                          PID    Runtime      # DAGs    # Errors  Last Runtime    Last Run
---------------------------------  -----  ---------  --------  ----------  --------------  -------------------
/opt/airflow/dags/retailco_dag.py                           1           0  1.08s           2026-06-01T06:50:37
================================================================================
[2026-06-01T06:51:14.485+0000] {manager.py:878} INFO - 
================================================================================
DAG File Processing Stats

File Path                          PID    Runtime      # DAGs    # Errors  Last Runtime    Last Run
---------------------------------  -----  ---------  --------  ----------  --------------  -------------------
/opt/airflow/dags/retailco_dag.py                           1           0  0.58s           2026-06-01T06:51:08
================================================================================
[2026-06-01T06:51:44.553+0000] {manager.py:878} INFO - 
================================================================================
DAG File Processing Stats

File Path                          PID    Runtime      # DAGs    # Errors  Last Runtime    Last Run
---------------------------------  -----  ---------  --------  ----------  --------------  -------------------
/opt/airflow/dags/retailco_dag.py                           1           0  0.19s           2026-06-01T06:51:38
================================================================================
[2026-06-01T06:52:14.793+0000] {manager.py:878} INFO - 
================================================================================
DAG File Processing Stats

File Path                          PID    Runtime      # DAGs    # Errors  Last Runtime    Last Run
---------------------------------  -----  ---------  --------  ----------  --------------  -------------------
/opt/airflow/dags/retailco_dag.py                           1           0  0.22s           2026-06-01T06:52:08
================================================================================
[2026-06-01T06:52:45.163+0000] {manager.py:878} INFO - 
================================================================================
DAG File Processing Stats

File Path                          PID    Runtime      # DAGs    # Errors  Last Runtime    Last Run
---------------------------------  -----  ---------  --------  ----------  --------------  -------------------
/opt/airflow/dags/retailco_dag.py                           1           0  0.18s           2026-06-01T06:52:39
================================================================================
[2026-06-01T06:53:15.525+0000] {manager.py:878} INFO - 
================================================================================
DAG File Processing Stats

File Path                          PID    Runtime      # DAGs    # Errors  Last Runtime    Last Run
---------------------------------  -----  ---------  --------  ----------  --------------  -------------------
/opt/airflow/dags/retailco_dag.py                           1           0  0.32s           2026-06-01T06:53:09
================================================================================
[2026-06-01T06:53:46.011+0000] {manager.py:878} INFO - 
================================================================================
DAG File Processing Stats

File Path                          PID    Runtime      # DAGs    # Errors  Last Runtime    Last Run
---------------------------------  -----  ---------  --------  ----------  --------------  -------------------
/opt/airflow/dags/retailco_dag.py                           1           0  0.27s           2026-06-01T06:53:40
================================================================================
[2026-06-01T06:54:16.450+0000] {manager.py:878} INFO - 
================================================================================
DAG File Processing Stats

File Path                          PID    Runtime      # DAGs    # Errors  Last Runtime    Last Run
---------------------------------  -----  ---------  --------  ----------  --------------  -------------------
/opt/airflow/dags/retailco_dag.py                           1           0  0.24s           2026-06-01T06:54:10
================================================================================
[2026-06-01T06:54:46.815+0000] {manager.py:878} INFO - 
================================================================================
DAG File Processing Stats

File Path                          PID    Runtime      # DAGs    # Errors  Last Runtime    Last Run
---------------------------------  -----  ---------  --------  ----------  --------------  -------------------
/opt/airflow/dags/retailco_dag.py                           1           0  0.17s           2026-06-01T06:54:40
================================================================================
[2026-06-01T06:55:12.147+0000] {manager.py:737} INFO - Searching for files in /opt/airflow/dags
[2026-06-01T06:55:12.192+0000] {manager.py:740} INFO - There are 1 files in /opt/airflow/dags
[2026-06-01T06:55:17.249+0000] {manager.py:878} INFO - 
================================================================================
DAG File Processing Stats

File Path                          PID    Runtime      # DAGs    # Errors  Last Runtime    Last Run
---------------------------------  -----  ---------  --------  ----------  --------------  -------------------
/opt/airflow/dags/retailco_dag.py                           1           0  0.16s           2026-06-01T06:55:11
================================================================================
[2026-06-01T06:55:47.541+0000] {manager.py:878} INFO - 
================================================================================
DAG File Processing Stats

File Path                          PID    Runtime      # DAGs    # Errors  Last Runtime    Last Run
---------------------------------  -----  ---------  --------  ----------  --------------  -------------------
/opt/airflow/dags/retailco_dag.py                           1           0  0.18s           2026-06-01T06:55:41
================================================================================
[2026-06-01T06:56:17.986+0000] {manager.py:878} INFO - 
================================================================================
DAG File Processing Stats

File Path                          PID    Runtime      # DAGs    # Errors  Last Runtime    Last Run
---------------------------------  -----  ---------  --------  ----------  --------------  -------------------
/opt/airflow/dags/retailco_dag.py                           1           0  0.30s           2026-06-01T06:56:12
================================================================================
[2026-06-01T06:56:48.424+0000] {manager.py:878} INFO - 
================================================================================
DAG File Processing Stats

File Path                          PID    Runtime      # DAGs    # Errors  Last Runtime    Last Run
---------------------------------  -----  ---------  --------  ----------  --------------  -------------------
/opt/airflow/dags/retailco_dag.py                           1           0  0.20s           2026-06-01T06:56:42
================================================================================
[2026-06-01T06:57:18.798+0000] {manager.py:878} INFO - 
================================================================================
DAG File Processing Stats

File Path                          PID    Runtime      # DAGs    # Errors  Last Runtime    Last Run
---------------------------------  -----  ---------  --------  ----------  --------------  -------------------
/opt/airflow/dags/retailco_dag.py                           1           0  0.16s           2026-06-01T06:57:12
================================================================================
